sku_id,description,category,demand_units,sales_revenue,sales_lines,active_demand_days
84077,WORLD WAR 2 GLIDERS ASSTD DESIGNS,UNMAPPED,106250,24445.61,1024,470
85123A,CREAM HANGING HEART T-LIGHT HOLDER,UNMAPPED,98724,261168.73,5616,603
85099B,JUMBO BAG RED RETROSPOT,UNMAPPED,97183,182680.98,4072,590
21212,PACK OF 72 RETROSPOT CAKE CASES,UNMAPPED,94884,51825.15,3181,594
22197,POPCORN HOLDER,UNMAPPED,88993,79520.20,2373,563
23843,"PAPER CRAFT , LITTLE BIRDIE",UNMAPPED,80995,168469.60,1,1
84879,ASSORTED COLOUR BIRD ORNAMENT,UNMAPPED,80090,129324.49,2849,582
23166,MEDIUM CERAMIC TOP STORAGE JAR,UNMAPPED,78033,81700.92,250,125
17003,BROCADE RING PURSE,UNMAPPED,70379,14766.42,463,302
21977,PACK OF 60 PINK PAISLEY CAKE CASES,UNMAPPED,56061,28081.73,2025,565
84991,60 TEATIME FAIRY CAKE CASES,UNMAPPED,54028,27041.21,2179,559
15036,ASSORTED COLOURS SILK FAN,UNMAPPED,44392,32967.03,993,433
22492,MINI PAINT SET VINTAGE,UNMAPPED,43546,27817.59,732,361
84755,COLOUR GLASS T-LIGHT HOLDER HANGING,UNMAPPED,40439,25205.13,1273,490
20725,LUNCH BAG RED RETROSPOT,UNMAPPED,40317,71106.29,3090,594
21213,PACK OF 72 SKULL CAKE CASES,UNMAPPED,40263,21390.76,1505,538
22178,VICTORIAN GLASS HANGING T-LIGHT,UNMAPPED,40081,52382.82,1841,560
22386,JUMBO BAG PINK POLKADOT,UNMAPPED,39437,76324.62,2269,537
22616,PACK OF 12 LONDON TISSUES,UNMAPPED,39351,12460.16,842,371
21232,STRAWBERRY CERAMIC TRINKET POT,UNMAPPED,37998,49300.57,2479,567
85099F,JUMBO BAG STRAWBERRY,UNMAPPED,37165,69002.13,1879,552
84568,GIRLS ALPHABET IRON ON PATCHES,UNMAPPED,37066,7788.67,310,223
84946,ANTIQUE SILVER T-LIGHT GLASS,UNMAPPED,36696,49210.40,1787,539
21915,RED HARMONICA IN BOX,UNMAPPED,36517,42664.54,1036,415
22086,PAPER CHAIN KIT 50'S CHRISTMAS,UNMAPPED,35113,117760.29,2069,307
84992,72 SWEETHEART FAIRY CAKE CASES,UNMAPPED,34797,17259.85,1502,518
22952,60 CAKE CASES VINTAGE CHRISTMAS,UNMAPPED,33988,19240.05,1173,216
71459,HANGING JAM JAR T-LIGHT HOLDERS,UNMAPPED,32989,26738.79,1019,443
21982,PACK OF 12 SUKI TISSUES,UNMAPPED,32553,10395.88,733,367
20724,RED RETROSPOT CHARLOTTE BAG,UNMAPPED,32207,35190.21,2061,566
22355,CHARLOTTE BAG SUKI DESIGN,UNMAPPED,31975,45377.56,1759,557
23084,RABBIT NIGHT LIGHT,UNMAPPED,31673,66870.03,1030,140
84347,ROTATING SILVER ANGELS T-LIGHT HLDR,UNMAPPED,31522,71300.40,784,259
21980,PACK OF 12 RED RETROSPOT TISSUES,UNMAPPED,31337,8650.14,680,389
21975,PACK OF 60 DINOSAUR CAKE CASES,UNMAPPED,31332,15236.62,1329,516
21080,SET/20 RED RETROSPOT PAPER NAPKINS,UNMAPPED,31078,25416.93,2157,584
85099C,JUMBO BAG BAROQUE BLACK WHITE,UNMAPPED,30657,59142.78,1901,560
16014,SMALL CHINESE STYLE SCISSOR,UNMAPPED,29355,9513.10,93,87
21931,JUMBO STORAGE BAG SUKI,UNMAPPED,29183,61537.55,2353,579
21731,RED TOADSTOOL LED NIGHT LIGHT,UNMAPPED,29054,48315.84,1555,523
47566,PARTY BUNTING,UNMAPPED,28248,148318.28,2708,542
22469,HEART OF WICKER SMALL,UNMAPPED,27999,48935.11,2204,420
22151,PLACE SETTING WHITE HEART,UNMAPPED,27562,11609.19,736,399
22411,JUMBO SHOPPER VINTAGE RED PAISLEY,UNMAPPED,27282,57318.71,2210,540
21790,VINTAGE SNAP CARDS,UNMAPPED,27244,23506.17,1913,560
84970S,HANGING HEART ZINC T-LIGHT HOLDER,UNMAPPED,26817,22578.30,1532,531
21498,RED RETROSPOT WRAP,UNMAPPED,26751,10851.92,803,427
20727,LUNCH BAG BLACK SKULL.,UNMAPPED,26678,45655.27,2402,579
22423,REGENCY CAKESTAND 3 TIER,UNMAPPED,26495,330590.32,3954,514
21981,PACK OF 12 WOODLAND TISSUES,UNMAPPED,26304,7129.46,565,317
37410,BLACK AND WHITE PAISLEY FLOWER MUG,UNMAPPED,25743,3288.65,34,26
21929,JUMBO BAG PINK VINTAGE PAISLEY,UNMAPPED,25608,49651.99,1631,523
21985,PACK OF 12 HEARTS DESIGN TISSUES,UNMAPPED,25523,8972.11,932,444
21984,PACK OF 12 PINK PAISLEY TISSUES,UNMAPPED,25383,7023.95,443,308
21181,PLEASE ONE PERSON METAL SIGN,UNMAPPED,25156,50117.14,1834,414
22383,LUNCH BAG SUKI DESIGN,UNMAPPED,25059,43254.35,2437,543
84212,"ASSORTED FLOWER COLOUR ""LEIS""",UNMAPPED,24794,11961.49,278,211
20728,LUNCH BAG CARS BLUE,UNMAPPED,24596,42270.30,2091,572
20719,WOODLAND CHARLOTTE BAG,UNMAPPED,24482,27598.42,1585,536
21928,JUMBO BAG SCANDINAVIAN BLUE PAISLEY,UNMAPPED,24273,46202.52,1554,522
84270,UNKNOWN,UNMAPPED,22943,4824.30,477,215
20713,JUMBO BAG OWLS,UNMAPPED,22700,40667.05,1334,446
20971,PINK BLUE FELT CRAFT TRINKET BOX,UNMAPPED,22260,28580.97,1163,473
20726,LUNCH BAG WOODLAND,UNMAPPED,22120,38506.74,1952,570
84978,HANGING HEART JAR T-LIGHT HOLDER,UNMAPPED,21689,28475.96,1440,527
84945,MULTI COLOUR SILVER T-LIGHT HOLDER,UNMAPPED,21607,17746.71,662,339
22417,PACK OF 60 SPACEBOY CAKE CASES,UNMAPPED,21451,11159.90,1125,472
20668,DISCO BALL CHRISTMAS DECORATION,UNMAPPED,21306,2454.88,374,206
22629,SPACEBOY LUNCH BOX,UNMAPPED,20807,37955.50,1379,405
22384,LUNCH BAG PINK POLKADOT,UNMAPPED,20785,34088.79,2139,544
84598,BOYS ALPHABET IRON ON PATCHES,UNMAPPED,20775,4350.14,217,178
21175,GIN AND TONIC DIET METAL SIGN,UNMAPPED,20676,43851.48,1671,525
23203,JUMBO BAG VINTAGE DOILY,UNMAPPED,20585,42030.34,1243,183
20972,PINK CREAM FELT CRAFT TRINKET BOX,UNMAPPED,20496,24785.31,1411,511
21166,COOK WITH WINE METAL SIGN,UNMAPPED,20363,38138.86,1438,465
22382,LUNCH BAG SPACEBOY DESIGN,UNMAPPED,20249,34071.97,2174,540
22356,CHARLOTTE BAG PINK POLKADOT,UNMAPPED,20021,20871.90,1605,539
84836,ZINC METAL HEART DECORATION,UNMAPPED,19847,24289.33,1435,532
72741,GRAND CHOCOLATECANDLE,UNMAPPED,19712,27239.46,923,442
22910,PAPER CHAIN KIT VINTAGE CHRISTMAS,UNMAPPED,19648,58652.70,1448,213
21094,SET/6 RED SPOTTY PAPER PLATES,UNMAPPED,19633,15334.03,990,463
21231,SWEETHEART CERAMIC TRINKET BOX,UNMAPPED,19428,24128.86,1510,471
84692,BOX OF 24 COCKTAIL PARASOLS,UNMAPPED,19110,9336.68,1148,495
22759,check,UNMAPPED,19093,15866.56,815,313
84016,FLAG OF ST GEORGE CAR FLAG,UNMAPPED,19000,3791.67,68,45
21137,BLACK RECORD COVER FRAME,UNMAPPED,18739,65189.29,636,346
20914,SET/5 RED RETROSPOT LID GLASS BOWLS,UNMAPPED,18672,52508.56,2067,567
22558,CLOTHES PEGS RETROSPOT PACK 24,UNMAPPED,18609,19513.17,1213,362
20723,STRAWBERRY CHARLOTTE BAG,UNMAPPED,18296,20401.05,1387,522
20975,12 PENCILS SMALL TUBE RED RETROSPOT,UNMAPPED,18152,11848.71,932,392
22909,SET OF 20 VINTAGE CHRISTMAS NAPKINS,UNMAPPED,18144,15275.82,1117,207
22630,DOLLY GIRL LUNCH BOX,UNMAPPED,18122,33380.83,1350,406
22489,PACK OF 12 TRADITIONAL CRAYONS,UNMAPPED,17926,7548.67,796,371
22693,GROW A FLYTRAP OR SUNFLOWER IN TIN,UNMAPPED,17875,20469.08,351,205
22470,HEART OF WICKER LARGE,UNMAPPED,17784,53506.13,2001,424
21326,AGED GLASS SILVER T-LIGHT HOLDER,UNMAPPED,17770,11593.86,654,365
20712,JUMBO BAG WOODLAND ANIMALS,UNMAPPED,17710,37499.37,1428,494
84970L,SINGLE HEART ZINC T-LIGHT HOLDER,UNMAPPED,17633,17664.18,1152,486
21791,VINTAGE HEADS AND TAILS CARD GAME,UNMAPPED,17609,22858.60,1333,493
22029,SPACEBOY BIRTHDAY CARD,UNMAPPED,17602,7280.76,1104,487
21733,RED HANGING HEART T-LIGHT HOLDER,UNMAPPED,17575,50346.49,1793,519
22585,PACK OF 6 BIRDY GIFT TAGS,UNMAPPED,17558,21977.30,1125,393
21497,FANCY FONTS BIRTHDAY WRAP,UNMAPPED,17500,6978.00,485,325
22961,JAM MAKING SET PRINTED,UNMAPPED,17353,26888.43,1205,293
22077,6 RIBBONS RUSTIC CHARM,UNMAPPED,17262,31513.11,1781,508
21704,BAG 250g SWIRLY MARBLES,UNMAPPED,17175,13235.16,574,323
22385,JUMBO BAG SPACEBOY DESIGN,UNMAPPED,17070,32433.50,1261,461
82482,WOODEN PICTURE FRAME WHITE FINISH,UNMAPPED,16914,41837.60,2026,517
22090,PAPER BUNTING RETROSPOT,UNMAPPED,16722,50431.90,1721,544
22294,HEART FILIGREE DOVE SMALL,UNMAPPED,16671,20629.38,894,426
16156S,WRAP PINK FAIRY CAKES,UNMAPPED,16661,6558.62,419,283
21086,SET/6 RED SPOTTY PAPER CUPS,UNMAPPED,16658,10781.81,854,412
21088,SET/6 FRUIT SALAD PAPER CUPS,UNMAPPED,16615,1816.73,137,107
85152,HAND OVER THE CHOCOLATE SIGN,UNMAPPED,16375,31483.70,1473,514
22189,CREAM HEART CARD HOLDER,UNMAPPED,16186,49300.94,1304,477
79321,CHILLI LIGHTS,UNMAPPED,15988,80540.88,1156,441
21500,PINK POLKADOT WRAP,UNMAPPED,15950,6443.00,492,336
22659,LUNCH BOX I LOVE LONDON,UNMAPPED,15942,29563.81,1098,392
21096,SET/6 FRUIT SALAD PAPER PLATES,UNMAPPED,15919,2711.71,143,107
82494L,WOODEN FRAME ANTIQUE WHITE,UNMAPPED,15846,46967.09,2088,528
84947,ANTIQUE SILVER TEA GLASS ENGRAVED,UNMAPPED,15834,18744.17,699,376
22379,RECYCLING BAG RETROSPOT,UNMAPPED,15765,34640.84,1583,511
21967,PACK OF 12 SKULL TISSUES,UNMAPPED,15657,4401.44,486,298
85175,UNKNOWN,UNMAPPED,15586,6606.26,445,289
22326,ROUND SNACK BOXES SET OF4 WOODLAND,UNMAPPED,15461,44257.74,1406,487
22551,PLASTERS IN TIN SPACEBOY,UNMAPPED,15441,25912.87,1314,446
40016,CHINESE DRAGON PAPER LANTERNS,UNMAPPED,15435,5487.31,245,194
21121,SET/10 RED POLKADOT PARTY CANDLES,UNMAPPED,15407,18442.70,883,457
22457,NATURAL SLATE HEART CHALKBOARD,UNMAPPED,15373,47288.23,2059,464
16033,UNKNOWN,UNMAPPED,15241,1544.52,51,46
71477,COLOURED GLASS STAR T-LIGHT HOLDER,UNMAPPED,15158,44680.75,830,360
21787,RAIN PONCHO RETROSPOT,UNMAPPED,15138,11926.08,477,293
21210,SET OF 72 RETROSPOT PAPER DOILIES,UNMAPPED,15118,21727.19,1165,470
21499,BLUE POLKADOT WRAP,UNMAPPED,15052,6059.84,460,320
21829,adjustment,UNMAPPED,15047,3242.18,413,282
23199,JUMBO BAG APPLES,UNMAPPED,14908,30450.69,986,198
22560,TRADITIONAL MODELLING CLAY,UNMAPPED,14836,17861.71,754,369
21918,SET 12 KIDS COLOUR CHALK STICKS,UNMAPPED,14608,6013.14,796,414
22865,HAND WARMER OWL DESIGN,UNMAPPED,14588,31416.04,1257,196
21703,BAG 125g SWIRLY MARBLES,UNMAPPED,14577,5646.47,577,348
21976,PACK OF 60 MUSHROOM CAKE CASES,UNMAPPED,14570,7792.37,965,475
22045,SPACEBOY GIFT WRAP,UNMAPPED,14542,5981.64,473,312
22969,HOMEMADE JAM SCENTED CANDLES,UNMAPPED,14461,21501.99,709,271
84826,ASSTD DESIGN 3D PAPER STICKERS,UNMAPPED,14274,869.08,54,45
21877,HOME SWEET HOME MUG,UNMAPPED,14054,15954.75,757,411
22577,WOODEN HEART CHRISTMAS SCANDINAVIAN,UNMAPPED,14023,7154.53,860,222
75049L,LARGE CIRCULAR MIRROR MOBILE,UNMAPPED,13977,13153.80,353,231
21085,SET/6 WOODLAND PAPER CUPS,UNMAPPED,13731,1872.68,68,53
22083,PAPER CHAIN KIT RETROSPOT,UNMAPPED,13716,40412.82,1409,526
22297,HEART IVORY TRELLIS SMALL,UNMAPPED,13715,17702.62,989,441
21091,SET/6 WOODLAND PAPER PLATES,UNMAPPED,13700,1868.70,48,38
37340,MULTICOLOUR SPRING FLOWER MUG,UNMAPPED,13665,3881.33,205,147
22554,PLASTERS IN TIN WOODLAND ANIMALS,UNMAPPED,13588,22853.72,1292,445
22556,PLASTERS IN TIN CIRCUS PARADE,UNMAPPED,13585,22334.08,1216,438
21986,PACK OF 12 PINK POLKADOT TISSUES,UNMAPPED,13476,4786.13,473,302
22740,adjustment,UNMAPPED,13434,11395.31,302,152
21930,JUMBO STORAGE BAG SKULLS,UNMAPPED,13390,27368.08,1337,514
23201,JUMBO BAG ALPHABET,UNMAPPED,13366,27850.83,911,198
20718,RED RETROSPOT SHOPPER BAG,UNMAPPED,13353,17457.35,1218,512
22578,WOODEN STAR CHRISTMAS SCANDINAVIAN,UNMAPPED,13302,6419.24,803,185
21099,SET/6 STRAWBERRY PAPER CUPS,UNMAPPED,13290,1516.64,34,30
23209,LUNCH BAG VINTAGE DOILY,UNMAPPED,13270,21418.82,1115,182
20974,12 PENCILS SMALL TUBE SKULL,UNMAPPED,13267,8686.54,851,416
82580,BATHROOM METAL SIGN,UNMAPPED,13249,7458.52,1349,538
16161P,WRAP ENGLISH ROSE,UNMAPPED,13228,5435.40,441,283
82583,HOT BATHS METAL SIGN,UNMAPPED,13133,27981.99,1204,472
22699,ROSES REGENCY TEACUP AND SAUCER,UNMAPPED,13071,38249.50,1438,377
21914,BLUE HARMONICA IN BOX,UNMAPPED,12983,17725.36,978,374
21108,FAIRY CAKE FLANNEL ASSORTED COLOUR,UNMAPPED,12962,25407.27,615,329
22328,ROUND SNACK BOXES SET OF 4 FRUITS,UNMAPPED,12960,36170.31,1169,482
22534,MAGIC DRAWING SLATE SPACEBOY,UNMAPPED,12954,5514.79,602,319
21092,SET/6 STRAWBERRY PAPER PLATES,UNMAPPED,12846,1571.50,28,26
22147,FELTCRAFT BUTTERFLY HEARTS,UNMAPPED,12828,17893.58,1171,466
21889,WOODEN BOX OF DOMINOES,UNMAPPED,12806,17095.66,1143,442
22866,HAND WARMER SCOTTY DOG DESIGN,UNMAPPED,12786,28266.87,1133,180
22149,check,UNMAPPED,12754,26218.97,1409,490
22030,SWALLOWS GREETING CARD,UNMAPPED,12735,5197.84,693,372
22610,PENS ASSORTED FUNNY FACE,UNMAPPED,12680,5107.54,288,201
82600,N0 SINGING METAL SIGN,UNMAPPED,12678,25736.19,1209,482
20711,JUMBO BAG TOYS,UNMAPPED,12650,25719.13,1058,456
22993,SET OF 4 PANTRY JELLY MOULDS,UNMAPPED,12649,16478.48,1090,244
79000,MOROCCAN TEA GLASS,UNMAPPED,12643,9759.91,438,278
21314,SMALL GLASS HEART TRINKET POT,UNMAPPED,12572,24641.39,1073,476
22595,GINGHAM HEART DECORATION,UNMAPPED,12535,10544.32,806,301
22348,TEA BAG PLATE RED RETROSPOT,UNMAPPED,12532,10583.12,973,449
21495,SKULLS AND CROSSBONES WRAP,UNMAPPED,12465,5119.30,376,275
22998,TRAVEL CARD WALLET KEEP CALM,UNMAPPED,12366,5262.82,538,215
22418,10 COLOUR SPACEBOY PEN,UNMAPPED,12314,10417.73,590,314
85220,SMALL FAIRY CAKE FRIDGE MAGNETS,UNMAPPED,12236,6875.00,5,5
21122,SET/10 PINK POLKADOT PARTY CANDLES,UNMAPPED,12209,14844.78,819,440
21891,TRADITIONAL WOODEN SKIPPING ROPE,UNMAPPED,12147,15547.75,862,381
23206,LUNCH BAG APPLE DESIGN,UNMAPPED,12147,20852.58,1053,198
22467,GUMBALL COAT RACK,UNMAPPED,12092,28059.48,1117,383
23310,BUBBLEGUM RING ASSORTED,UNMAPPED,12050,4997.28,246,123
23307,SET OF 60 PANTRY DESIGN CAKE CASES,UNMAPPED,12049,6371.89,641,157
84949,SILVER HANGING T-LIGHT HOLDER,UNMAPPED,11945,19015.80,703,385
22867,HAND WARMER BIRD DESIGN,UNMAPPED,11875,26117.63,1087,184
22114,HOT WATER BOTTLE TEA AND SYMPATHY,UNMAPPED,11822,59189.14,1599,355
22561,WOODEN SCHOOL COLOURING SET,UNMAPPED,11643,19524.27,923,401
84378,SET OF 3 HEART COOKIE CUTTERS,UNMAPPED,11637,15388.44,1264,482
22555,PLASTERS IN TIN STRONGMAN,UNMAPPED,11549,18680.32,982,410
85110,BLACK SILVER FLOWER T-LIGHT HOLDER,UNMAPPED,11520,1138.04,23,21
21871,SAVE THE PLANET MUG,UNMAPPED,11498,13654.89,787,395
15056N,EDWARDIAN PARASOL NATURAL,UNMAPPED,11459,60145.85,1156,485
35961,FOLKART ZINC HEART CHRISTMAS DEC,UNMAPPED,11430,9514.78,646,372
18007,ESSENTIAL BALM 3.5g TIN IN ENVELOPE,UNMAPPED,11396,1043.22,74,62
84988,SET OF 72 PINK HEART PAPER DOILIES,UNMAPPED,11305,12913.24,1024,479
22027,TEA PARTY BIRTHDAY CARD,UNMAPPED,11297,4806.49,847,445
21672,WHITE SPOT RED CERAMIC DRAWER KNOB,UNMAPPED,11120,14411.13,827,430
22112,CHOCOLATE HOT WATER BOTTLE,UNMAPPED,11066,57981.94,1746,438
23202,JUMBO BAG VINTAGE LEAF,UNMAPPED,11041,21810.43,887,184
84997D,CHILDRENS CUTLERY POLKADOT PINK,UNMAPPED,11024,42972.52,1186,492
21916,SET 12 RETRO WHITE CHALK STICKS,UNMAPPED,11011,4751.06,725,407
22951,60 CAKE CASES DOLLY GIRL DESIGN,UNMAPPED,10993,5785.97,643,283
20993,JAZZ HEARTS MEMO PAD,UNMAPPED,10967,1334.11,32,26
21390,FILIGRIS HEART WITH BUTTERFLY,UNMAPPED,10937,13552.97,605,347
21506,"FANCY FONT BIRTHDAY CARD,",UNMAPPED,10878,4534.49,667,387
21385,IVORY HANGING DECORATION HEART,UNMAPPED,10847,9358.94,710,383
22666,RECIPE BOX PANTRY YELLOW DESIGN,UNMAPPED,10728,33682.62,1679,414
22139,RETROSPOT TEA SET CERAMIC 11 PC,UNMAPPED,10692,52843.01,2111,530
22444,UNKNOWN,UNMAPPED,10678,13856.60,460,215
22528,GARDENERS KNEELING PAD,UNMAPPED,10655,7623.41,564,157
22741,FUNKY DIVA PEN,UNMAPPED,10652,9173.03,293,194
84029E,RED WOOLLY HOTTIE WHITE HEART.,UNMAPPED,10641,42994.24,1164,334
17084R,ASSORTED INCENSE PACK,UNMAPPED,10625,1968.45,66,64
16047,POP ART PEN CASE & PENS,UNMAPPED,10612,1054.70,31,28
21669,BLUE STRIPE CERAMIC DRAWER KNOB,UNMAPPED,10578,13839.18,819,411
21136,PAINTED METAL PEARS ASSORTED,UNMAPPED,10496,17451.45,747,395
20676,RED RETROSPOT BOWL,UNMAPPED,10476,13105.70,973,476
22188,BLACK HEART CARD HOLDER,UNMAPPED,10418,28112.03,568,329
84380,SET OF 3 BUTTERFLY COOKIE CUTTERS,UNMAPPED,10405,14076.34,1123,469
23077,DOUGHNUT LIP GLOSS,UNMAPPED,10395,13695.77,344,157
16237,SLEEPING CAT ERASERS,UNMAPPED,10385,2233.15,585,337
22557,PLASTERS IN TIN VINTAGE PAISLEY,UNMAPPED,10369,17401.30,1156,432
21668,RED STRIPE CERAMIC DRAWER KNOB,UNMAPPED,10357,13912.17,833,432
POST,POSTAGE,UNMAPPED,10313,125682.42,1858,514
22632,HAND WARMER RED RETROSPOT,UNMAPPED,10295,20540.33,804,152
23344,JUMBO BAG 50'S CHRISTMAS,UNMAPPED,10285,23772.07,722,136
15034,PAPER POCKET TRAVELING FAN,UNMAPPED,10153,1416.26,256,201
22734,SET OF 6 RIBBONS VINTAGE CHRISTMAS,UNMAPPED,10131,26763.75,785,184
48138,DOORMAT UNION FLAG,UNMAPPED,10079,67010.31,1670,520
16046,TEATIME PEN CASE & PENS,UNMAPPED,10077,1223.50,63,55
21673,WHITE SPOT BLUE CERAMIC DRAWER KNOB,UNMAPPED,10077,13272.39,770,424
22530,MAGIC DRAWING SLATE DOLLY GIRL,UNMAPPED,10065,4257.09,474,263
22333,RETROSPOT PARTY BAG + STICKER SET,UNMAPPED,10030,15639.65,702,411
21124,SET/10 BLUE POLKADOT PARTY CANDLES,UNMAPPED,10029,12172.79,641,389
16161U,WRAP SUKI AND FRIENDS,UNMAPPED,10026,4084.92,318,242
23343,JUMBO BAG VINTAGE CHRISTMAS,UNMAPPED,9978,13972.71,488,121
22662,LUNCH BAG DOLLY GIRL DESIGN,UNMAPPED,9951,16213.61,1005,370
20973,12 PENCIL SMALL TUBE WOODLAND,UNMAPPED,9925,6773.95,682,299
22652,TRAVEL SEWING KIT,UNMAPPED,9912,16794.05,846,324
84050,check,UNMAPPED,9867,14525.00,723,358
21900,"KEY FOB , SHED",UNMAPPED,9845,5529.14,852,432
82484,WOOD BLACK BOARD ANT WHITE FINISH,UNMAPPED,9831,56745.73,1177,438
21174,POTTERING IN THE SHED METAL SIGN,UNMAPPED,9830,19593.81,1148,504
22697,GREEN REGENCY TEACUP AND SAUCER,UNMAPPED,9799,30425.05,1368,382
20685,DOORMAT RED RETROSPOT,UNMAPPED,9790,66417.47,1732,537
22111,SCOTTIE DOG HOT WATER BOTTLE,UNMAPPED,9776,49771.94,1727,407
22219,LOVEBIRD HANGING DECORATION WHITE,UNMAPPED,9771,9270.48,1170,515
84997B,CHILDRENS CUTLERY RETROSPOT RED,UNMAPPED,9771,38810.64,1119,486
22959,WRAP CHRISTMAS VILLAGE,UNMAPPED,9763,3981.96,287,126
22130,PARTY CONE CHRISTMAS DECORATION,UNMAPPED,9737,10991.21,432,193
22296,HEART IVORY TRELLIS LARGE,UNMAPPED,9719,16027.56,854,404
15056BL,EDWARDIAN PARASOL BLACK,UNMAPPED,9710,48723.77,957,443
21908,CHOCOLATE THIS WAY METAL SIGN,UNMAPPED,9678,19125.98,983,486
47591D,PINK FAIRY CAKE CHILDRENS APRON,UNMAPPED,9643,18716.67,1222,480
M,Manual,UNMAPPED,9641,339241.29,858,381
62018,SOMBRERO,UNMAPPED,9567,12450.85,127,108
21671,RED SPOT CERAMIC DRAWER KNOB,UNMAPPED,9488,12339.32,730,393
21238,RED RETROSPOT CUP,UNMAPPED,9477,8164.00,913,444
22752,SET 7 BABUSHKA NESTING BOXES,UNMAPPED,9459,28139.45,701,290
22791,T-LIGHT GLASS FLUTED ANTIQUE,UNMAPPED,9458,11728.69,435,200
22950,36 DOILIES VINTAGE CHRISTMAS,UNMAPPED,9385,11452.64,364,117
22138,BAKING SET 9 PIECE RETROSPOT,UNMAPPED,9383,45882.01,1928,515
22544,MINI JIGSAW SPACEBOY,UNMAPPED,9382,3756.52,342,237
22988,SOLDIERS EGG CUP,UNMAPPED,9377,11238.45,453,189
21165,BEWARE OF THE CAT METAL SIGN,UNMAPPED,9360,15167.38,984,442
16045,POPART WOODEN PENCILS ASST,UNMAPPED,9312,429.44,75,62
22381,TOY TIDY PINK POLKADOT,UNMAPPED,9265,19619.54,1111,469
21868,POTTING SHED TEA MUG,UNMAPPED,9235,11163.64,892,399
22727,ALARM CLOCK BAKELIKE RED,UNMAPPED,9234,36543.77,1380,348
84997C,CHILDRENS CUTLERY POLKADOT BLUE,UNMAPPED,9151,35699.23,1041,480
22536,MAGIC DRAWING SLATE PURDEY,UNMAPPED,9139,3586.24,375,242
21156,RETROSPOT CHILDRENS APRON,UNMAPPED,9137,17002.28,935,441
22960,JAM MAKING SET WITH JARS,UNMAPPED,9130,38380.11,1162,299
85160A,WHITE BIRD GARDEN DESIGN MUG,UNMAPPED,9063,1622.79,36,34
22158,3 HEARTS HANGING DECORATION RUSTIC,UNMAPPED,8991,29198.28,733,247
22754,SMALL RED BABUSHKA NOTEBOOK,UNMAPPED,8924,3044.86,498,237
22646,CERAMIC STRAWBERRY CAKE MONEY BANK,UNMAPPED,8918,12654.71,895,367
22621,TRADITIONAL KNITTING NANCY,UNMAPPED,8902,13784.32,896,343
21169,YOU'RE CONFUSING ME METAL SIGN,UNMAPPED,8901,14262.61,787,364
22084,PAPER CHAIN KIT EMPIRE,UNMAPPED,8880,25163.56,828,334
21670,BLUE SPOT CERAMIC DRAWER KNOB,UNMAPPED,8868,12074.40,774,433
10002,INFLATABLE POLITICAL GLOBE,UNMAPPED,8851,6942.26,368,226
23301,GARDENERS KNEELING PAD KEEP CALM,UNMAPPED,8807,16327.35,920,174
22755,SMALL PURPLE BABUSHKA NOTEBOOK,UNMAPPED,8776,2997.63,508,243
21098,CHRISTMAS TOILET ROLL,UNMAPPED,8696,13263.93,619,199
21509,COWBOYS AND INDIANS BIRTHDAY CARD,UNMAPPED,8696,3587.22,629,365
22907,PACK OF 20 NAPKINS PANTRY DESIGN,UNMAPPED,8686,7279.03,853,325
22704,WRAP RED APPLES,UNMAPPED,8678,3564.76,295,209
22335,HEART DECORATION PAINTED ZINC,UNMAPPED,8666,5644.77,524,314
22065,CHRISTMAS PUDDING TRINKET POT,UNMAPPED,8653,6273.84,472,202
23298,SPOTTY BUNTING,UNMAPPED,8637,43148.18,1163,185
21989,PACK OF 20 SKULL PAPER NAPKINS,UNMAPPED,8552,6790.70,662,388
22633,HAND WARMER UNION JACK,UNMAPPED,8541,17576.67,900,153
23232,WRAP VINTAGE LEAF DESIGN,UNMAPPED,8526,3436.92,239,154
22440,BALLOON WATER BOMB PACK OF 35,UNMAPPED,8523,3399.41,300,210
35970,ZINC FOLKART SLEIGH BELLS,UNMAPPED,8514,15072.58,714,233
22087,PAPER BUNTING WHITE LACE,UNMAPPED,8494,25389.10,872,329
85150,LADIES & GENTLEMEN METAL SIGN,UNMAPPED,8480,20237.72,1117,440
23293,SET OF 12 FAIRY CAKE BAKING CASES,UNMAPPED,8471,6989.54,554,128
22295,HEART FILIGREE DOVE LARGE,UNMAPPED,8413,13873.54,725,345
82581,TOILET METAL SIGN,UNMAPPED,8399,4649.00,921,466
85184D,S/4 BLUE ROUND DECOUPAGE BOXES,UNMAPPED,8313,4552.69,68,59
23309,SET OF 60 I LOVE LONDON CAKE CASES,UNMAPPED,8275,4495.85,422,152
16162L,THE KING GIFT BAG,UNMAPPED,8254,570.43,32,27
22047,EMPIRE GIFT WRAP,UNMAPPED,8250,3351.00,261,200
21559,STRAWBERRY LUNCH BOX WITH CUTLERY,UNMAPPED,8230,20345.53,1243,494
21507,ELEPHANT BIRTHDAY CARD,UNMAPPED,8223,3455.41,585,356
22966,GINGERBREAD MAN COOKIE CUTTER,UNMAPPED,8219,10131.26,747,238
22661,CHARLOTTE BAG DOLLY GIRL DESIGN,UNMAPPED,8199,6620.45,638,308
22698,PINK REGENCY TEACUP AND SAUCER,UNMAPPED,8194,24374.62,1040,323
22620,4 TRADITIONAL SPINNING TOPS,UNMAPPED,8182,11073.45,858,357
21481,FAWN BLUE HOT WATER BOTTLE,UNMAPPED,8175,25613.45,1065,354
20979,36 PENCILS TUBE RED RETROSPOT,UNMAPPED,8156,10271.81,711,399
84987,SET OF 36 TEATIME PAPER DOILIES,UNMAPPED,8138,11864.15,816,438
22531,MAGIC DRAWING SLATE CIRCUS PARADE,UNMAPPED,8136,3507.76,411,258
84670,UNKNOWN,UNMAPPED,8105,2128.72,192,129
21154,RED RETROSPOT OVEN GLOVE,UNMAPPED,8095,11694.95,921,457
21830,ASSORTED CREEPY CRAWLIES,UNMAPPED,8090,3185.60,260,195
23076,ICE CREAM SUNDAE LIP GLOSS,UNMAPPED,8076,9935.76,277,150
22367,CHILDRENS APRON SPACEBOY DESIGN,UNMAPPED,8063,15778.67,1164,484
21917,SET 12 KIDS WHITE CHALK STICKS,UNMAPPED,8010,3324.22,471,307
23204,CHARLOTTE BAG APPLES DESIGN,UNMAPPED,7976,7741.94,586,186
23230,WRAP ALPHABET DESIGN,UNMAPPED,7976,3217.92,235,152
22464,HANGING METAL HEART LANTERN,UNMAPPED,7853,12985.31,798,409
23207,LUNCH BAG ALPHABET DESIGN,UNMAPPED,7830,13325.55,756,196
21988,PACK OF 6 SKULL PAPER PLATES,UNMAPPED,7829,5820.10,424,291
21892,TRADITIONAL WOODEN CATCH CUP GAME,UNMAPPED,7826,10151.28,839,393
22553,PLASTERS IN TIN SKULLS,UNMAPPED,7818,13013.15,1109,418
22150,3 STRIPEY MICE FELTCRAFT,UNMAPPED,7815,14486.55,957,439
21936,RED RETROSPOT PICNIC BAG,UNMAPPED,7805,22741.31,1052,429
20677,PINK POLKADOT BOWL,UNMAPPED,7775,9798.06,770,422
48194,DOORMAT HEARTS,UNMAPPED,7738,48726.56,1357,526
22432,WATERING CAN PINK BUNNY,UNMAPPED,7737,6730.42,524,302
22757,LARGE RED BABUSHKA NOTEBOOK,UNMAPPED,7696,3070.18,314,174
21172,PARTY METAL SIGN,UNMAPPED,7686,11382.16,988,437
22243,5 HOOK HANGER RED MAGIC TOADSTOOL,UNMAPPED,7678,11860.25,395,244
22726,ALARM CLOCK BAKELIKE GREEN,UNMAPPED,7672,32609.32,1286,308
22945,CHRISTMAS METAL TAGS ASSORTED,UNMAPPED,7641,7365.70,346,155
21786,POLKADOT RAIN HAT,UNMAPPED,7615,3049.03,462,292
21754,HOME BUILDING BLOCK WORD,UNMAPPED,7595,46516.99,2087,572
21485,RETROSPOT HEART HOT WATER BOTTLE,UNMAPPED,7593,37078.67,1411,397
21240,BLUE POLKADOT CUP,UNMAPPED,7581,6535.74,772,426
84375,SET OF 20 KIDS COOKIE CUTTERS,UNMAPPED,7576,15753.18,804,388
21392,RED POLKADOT PUDDING BOWL,UNMAPPED,7545,1478.13,49,46
22041,"RECORD FRAME 7"" SINGLE SIZE",UNMAPPED,7540,18650.87,560,316
84520B,PACK 20 ENGLISH ROSE PAPER NAPKINS,UNMAPPED,7500,6579.02,743,302
22720,SET OF 3 CAKE TINS PANTRY DESIGN,UNMAPPED,7497,38108.89,1394,263
22771,CLEAR DRAWER KNOB ACRYLIC EDWARDIAN,UNMAPPED,7489,10147.08,520,269
82582,AREA PATROLLED METAL SIGN,UNMAPPED,7481,15110.98,803,422
47566B,TEA TIME PARTY BUNTING,UNMAPPED,7461,27564.75,885,380
22758,LARGE PURPLE BABUSHKA NOTEBOOK,UNMAPPED,7437,2618.35,319,195
22491,PACK OF 12 COLOURED PENCILS,UNMAPPED,7423,5950.00,395,253
21239,PINK POLKADOT CUP,UNMAPPED,7369,6438.39,757,413
21519,GIN & TONIC DIET GREETING CARD,UNMAPPED,7356,3149.93,554,352
22273,FELTCRAFT DOLL MOLLY,UNMAPPED,7355,20150.99,820,405
22753,SMALL YELLOW BABUSHKA NOTEBOOK,UNMAPPED,7332,1915.21,411,218
22198,LARGE POPCORN HOLDER,UNMAPPED,7331,12759.61,654,273
48187,DOORMAT NEW ENGLAND,UNMAPPED,7314,46405.40,1284,491
22712,CARD DOLLY GIRL,UNMAPPED,7295,3002.42,509,285
23231,WRAP VINTAGE DOILY,UNMAPPED,7277,3008.34,260,166
22082,RIBBON REEL STRIPES DESIGN,UNMAPPED,7267,12192.05,976,435
21078,SET/20 STRAWBERRY PAPER NAPKINS,UNMAPPED,7211,6181.25,755,377
21082,SET/20 FRUIT SALAD PAPER NAPKINS,UNMAPPED,7187,1960.45,167,130
22710,WRAP I LOVE LONDON,UNMAPPED,7184,2821.28,173,140
22579,WOODEN TREE CHRISTMAS SCANDINAVIAN,UNMAPPED,7167,3797.28,576,162
23200,JUMBO BAG PEARS,UNMAPPED,7167,14188.96,599,180
37370,RETRO COFFEE MUGS ASSORTED,UNMAPPED,7163,10821.29,500,274
21935,SUKI SHOULDER BAG,UNMAPPED,7133,13103.21,923,431
84406B,CREAM CUPID HEARTS COAT HANGER,UNMAPPED,7133,23093.95,853,410
22154,ANGEL DECORATION 3 BUTTONS,UNMAPPED,7114,3073.32,329,163
84029G,KNITTED UNION FLAG HOT WATER BOTTLE,UNMAPPED,7110,29533.87,1033,362
22037,ROBOT BIRTHDAY CARD,UNMAPPED,7104,3035.70,636,344
22352,LUNCH BOX WITH CUTLERY RETROSPOT,UNMAPPED,7092,17830.71,1124,478
22609,PENS ASSORTED SPACEBALL,UNMAPPED,7087,2414.54,202,150
21242,RED RETROSPOT PLATE,UNMAPPED,7085,11917.73,658,392
20991,JAZZ HEARTS MAGNETIC MEMO PAD,UNMAPPED,7084,884.56,32,23
21974,SET OF 36 PAISLEY FLOWER DOILIES,UNMAPPED,7046,10622.15,810,423
21621,VINTAGE UNION JACK BUNTING,UNMAPPED,7000,60286.04,1308,494
22413,METAL SIGN TAKE IT OR LEAVE IT,UNMAPPED,6976,19728.24,888,437
21479,WHITE SKULL HOT WATER BOTTLE,UNMAPPED,6975,31079.80,951,233
21523,DOORMAT FANCY FONT HOME SWEET HOME,UNMAPPED,6959,46083.71,1128,462
21810,CHRISTMAS HANGING STAR WITH BELL,UNMAPPED,6959,4374.41,360,150
82552,WASHROOM METAL SIGN,UNMAPPED,6955,9527.16,800,411
22488,NATURAL SLATE RECTANGLE CHALKBOARD,UNMAPPED,6905,11788.06,811,401
22834,HAND WARMER BABUSHKA DESIGN,UNMAPPED,6900,11287.63,613,190
23170,REGENCY TEA PLATE ROSES,UNMAPPED,6857,11097.25,445,158
22816,CARD MOTORBIKE SANTA,UNMAPPED,6856,2950.93,439,164
22419,LIPSTICK PEN RED,UNMAPPED,6847,3242.59,519,274
47503E,ASS FLORAL PRINT SCISSORS,UNMAPPED,6842,1186.90,25,25
23078,ICE CREAM PEN LIP GLOSS,UNMAPPED,6831,8553.34,257,146
48185,DOORMAT FAIRY CAKE,UNMAPPED,6824,45723.84,989,460
72008,UNKNOWN,UNMAPPED,6820,1531.40,222,139
21875,KINGS CHOICE MUG,UNMAPPED,6818,7882.08,416,284
23300,GARDENERS KNEELING PAD CUP OF TEA,UNMAPPED,6809,11785.99,766,174
84832,ZINC WILLIE WINKIE CANDLE STICK,UNMAPPED,6805,6134.70,645,355
21535,RED RETROSPOT SMALL MILK JUG,UNMAPPED,6777,16837.00,1134,474
22161,HEART DECORATION RUSTIC HANGING,UNMAPPED,6726,2738.28,508,290
21508,VINTAGE KID DOLLY CARD,UNMAPPED,6716,2808.62,541,337
21313,GLASS HEART T-LIGHT HOLDER,UNMAPPED,6711,5771.11,417,282
22983,CARD BILLBOARD FONT,UNMAPPED,6695,2843.55,552,280
51014A,"FEATHER PEN,HOT PINK",UNMAPPED,6681,4556.50,377,241
21899,GARAGE KEY FOB,UNMAPPED,6678,4322.47,633,379
21155,RED RETROSPOT PEG BAG,UNMAPPED,6665,16343.09,976,423
22064,PINK DOUGHNUT TRINKET POT,UNMAPPED,6607,10592.66,707,388
22196,SMALL HEART MEASURING SPOONS,UNMAPPED,6586,6141.19,1006,454
85049A,TRADITIONAL CHRISTMAS RIBBONS,UNMAPPED,6585,9566.02,731,276
85049E,SCANDINAVIAN REDS RIBBONS,UNMAPPED,6585,9346.72,910,396
22437,SET OF 9 BLACK SKULL BALLOONS,UNMAPPED,6536,5457.97,453,298
22549,PICTURE DOMINOES,UNMAPPED,6521,9718.41,722,347
47556B,TEA TIME TEA TOWELS,UNMAPPED,6505,13714.66,457,228
84971S,SMALL HEART FLOWERS HOOK,UNMAPPED,6495,5503.27,469,317
20675,BLUE POLKADOT BOWL,UNMAPPED,6465,8067.83,698,401
21987,PACK OF 6 SKULL PAPER CUPS,UNMAPPED,6417,3988.06,393,288
22602,RETROSPOT WOODEN HEART DECORATION,UNMAPPED,6383,5415.59,549,249
22596,CHRISTMAS STAR WISH LIST CHALKBOARD,UNMAPPED,6379,6471.20,447,165
22046,TEA PARTY WRAPPING PAPER,UNMAPPED,6375,2613.50,208,171
21811,UNKNOWN,UNMAPPED,6367,4577.18,400,212
21429,RED GINGHAM ROSE JEWELLERY BOX,UNMAPPED,6361,11342.25,1016,385
21700,BIG DOUGHNUT FRIDGE MAGNETS,UNMAPPED,6361,7028.51,529,310
23245,SET OF 3 REGENCY CAKE TINS,UNMAPPED,6345,31118.55,876,156
22028,PENNY FARTHING BIRTHDAY CARD,UNMAPPED,6344,2665.13,508,321
21874,GIN AND TONIC MUG,UNMAPPED,6332,8209.17,617,361
85160B,BLACK BIRD GARDEN DESIGN MUG,UNMAPPED,6315,1048.83,39,35
20996,JAZZ HEARTS ADDRESS BOOK,UNMAPPED,6311,1686.79,336,228
23208,LUNCH BAG VINTAGE LEAF DESIGN,UNMAPPED,6308,10441.91,677,190
85061W,WHITE JEWELLED HEART DECORATION,UNMAPPED,6306,5451.49,483,317
20717,STRAWBERRY SHOPPER BAG,UNMAPPED,6296,7767.48,765,432
22818,CARD CHRISTMAS VILLAGE,UNMAPPED,6290,2720.86,404,163
16044,UNKNOWN,UNMAPPED,6289,389.22,4,4
20983,12 PENCILS TALL TUBE RED RETROSPOT,UNMAPPED,6280,5469.08,654,370
22631,CIRCUS PARADE LUNCH BOX,UNMAPPED,6275,12241.85,674,326
37413,ICON MUG REVOLUTIONARY,UNMAPPED,6271,284.49,84,60
72232,FENG SHUI PILLAR CANDLE,UNMAPPED,6268,1190.92,119,105
22900,SET 2 TEA TOWELS I LOVE LONDON,UNMAPPED,6256,19834.04,743,291
23171,REGENCY TEA PLATE GREEN,UNMAPPED,6247,10051.99,383,154
22152,PLACE SETTING WHITE STAR,UNMAPPED,6241,2642.28,249,174
17096,ASSORTED LAQUERED INCENSE HOLDERS,UNMAPPED,6240,1117.09,76,68
21833,CAMOUFLAGE LED TORCH,UNMAPPED,6239,10681.67,445,264
84596B,SMALL DOLLY MIX DESIGN ORANGE BOWL,UNMAPPED,6231,4099.77,740,370
22728,ALARM CLOCK BAKELIKE PINK,UNMAPPED,6215,24257.31,980,336
22756,LARGE YELLOW BABUSHKA NOTEBOOK,UNMAPPED,6204,1393.45,217,141
21623,VINTAGE UNION JACK MEMOBOARD,UNMAPPED,6202,45402.18,533,311
85014B,RED RETROSPOT UMBRELLA,UNMAPPED,6194,31268.00,935,426
37423,WHITE WITH BLACK CATS PLATE,UNMAPPED,6168,843.88,70,56
22540,MINI JIGSAW CIRCUS PARADE,UNMAPPED,6162,2410.29,190,146
21901,"KEY FOB , BACK DOOR",UNMAPPED,6159,4061.51,708,389
22156,HEART DECORATION WITH PEARLS,UNMAPPED,6156,5537.57,594,348
20992,JAZZ HEARTS PURSE NOTEBOOK,UNMAPPED,6151,3220.40,451,274
20679,EDWARDIAN PARASOL RED,UNMAPPED,6149,30020.97,716,385
23308,SET OF 60 VINTAGE LEAF CAKE CASES,UNMAPPED,6139,3272.61,389,150
23295,SET OF 12 MINI LOAF BAKING CASES,UNMAPPED,6134,5073.45,450,127
21843,RED RETROSPOT CAKE STAND,UNMAPPED,6130,64918.30,1530,523
21983,PACK OF 12 BLUE PAISLEY TISSUES,UNMAPPED,6118,1875.02,327,257
22338,STAR DECORATION PAINTED ZINC,UNMAPPED,6087,2151.99,271,137
22713,CARD I LOVE LONDON,UNMAPPED,6084,2616.12,370,239
21870,I CAN ONLY PLEASE ONE PERSON MUG,UNMAPPED,6083,7627.49,634,318
21544,SKULLS WATER TRANSFER TATTOOS,UNMAPPED,6064,5052.21,508,320
20984,12 PENCILS TALL TUBE POSY,UNMAPPED,6045,1940.96,253,162
84950,ASSORTED COLOUR T-LIGHT HOLDER,UNMAPPED,6041,4199.27,275,216
85199S,SMALL HANGING IVORY/RED WOOD BIRD,UNMAPPED,6022,2789.28,498,297
22227,HANGING HEART MIRROR DECORATION,UNMAPPED,6021,4344.17,664,387
21035,SET/2 RED RETROSPOT TEA TOWELS,UNMAPPED,5994,18644.78,936,444
21135,VICTORIAN METAL POSTCARD SPRING,UNMAPPED,5985,8567.24,416,293
21164,HOME SWEET HOME METAL SIGN,UNMAPPED,5981,16626.41,723,402
22722,SET OF 6 SPICE TINS PANTRY DESIGN,UNMAPPED,5973,24459.96,849,203
47599A,PINK PARTY BAGS,UNMAPPED,5968,11180.57,374,269
21746,SMALL RED RETROSPOT WINDMILL,UNMAPPED,5965,7468.34,496,301
21749,LARGE RED RETROSPOT WINDMILL,UNMAPPED,5945,10980.98,287,202
22563,HAPPY STENCIL CRAFT,UNMAPPED,5942,6923.85,544,303
22155,STAR DECORATION RUSTIC,UNMAPPED,5925,2671.81,355,176
22537,MAGIC DRAWING SLATE DINOSAUR,UNMAPPED,5909,2420.91,360,241
21592,RETROSPOT CIGAR BOX MATCHES,UNMAPPED,5876,6552.46,487,283
23205,CHARLOTTE BAG VINTAGE ALPHABET,UNMAPPED,5857,5726.38,470,176
23167,SMALL CERAMIC TOP STORAGE JAR,UNMAPPED,5847,4476.01,238,127
16235,RECYCLED PENCIL WITH RABBIT ERASER,UNMAPPED,5827,1333.95,314,220
23355,HOT WATER BOTTLE KEEP CALM,UNMAPPED,5816,28718.80,796,94
22986,WRAP GINGHAM ROSE,UNMAPPED,5795,2389.90,204,151
72351B,SET/6 PINK BUTTERFLY T-LIGHTS,UNMAPPED,5785,11184.89,506,325
22571,ROCKING HORSE RED CHRISTMAS,UNMAPPED,5780,5135.24,521,192
20759,CHRYSANTHEMUM POCKET BOOK,UNMAPPED,5777,891.13,63,50
22663,JUMBO BAG DOLLY GIRL DESIGN,UNMAPPED,5764,11465.29,691,321
22113,GREY HEART HOT WATER BOTTLE,UNMAPPED,5763,22025.93,1027,266
47590B,PINK HAPPY BIRTHDAY BUNTING,UNMAPPED,5751,29504.36,888,425
22608,PENS ASSORTED FUNKY JEWELED,UNMAPPED,5735,1573.81,170,124
20756,GREEN FERN POCKET BOOK,UNMAPPED,5728,851.56,64,50
22614,PACK OF 12 SPACEBOY TISSUES,UNMAPPED,5726,1954.30,373,231
22908,PACK OF 20 NAPKINS RED APPLES,UNMAPPED,5706,4524.00,495,264
22153,ANGEL DECORATION STARS ON DRESS,UNMAPPED,5705,2469.16,293,167
22570,UNKNOWN,UNMAPPED,5678,20901.10,813,361
21114,LAVENDER SCENTED FABRIC HEART,UNMAPPED,5666,7306.14,505,313
21876,POTTERING MUG,UNMAPPED,5663,7351.25,624,354
22539,MINI JIGSAW DOLLY GIRL,UNMAPPED,5654,2268.13,249,180
21243,PINK POLKADOT PLATE,UNMAPPED,5644,9287.70,505,321
21755,LOVE BUILDING BLOCK WORD,UNMAPPED,5643,34836.02,1717,548
82551,LAUNDRY 15C METAL SIGN,UNMAPPED,5643,8081.14,757,417
47503A,ASS FLORAL PRINT MULTI SCREWDRIVER,UNMAPPED,5625,1405.51,203,142
82578,KITCHEN METAL SIGN,UNMAPPED,5595,3129.24,712,403
21878,PACK OF 6 SANDCASTLE FLAGS ASSORTED,UNMAPPED,5586,4586.48,410,237
20760,GARDEN PATH POCKET BOOK,UNMAPPED,5581,1313.66,83,64
22567,20 DOLLY PEGS RETROSPOT,UNMAPPED,5561,6955.83,510,301
22645,CERAMIC HEART FAIRY CAKE MONEY BANK,UNMAPPED,5561,9925.13,748,333
22569,FELTCRAFT CUSHION BUTTERFLY,UNMAPPED,5521,20104.43,793,356
23284,DOORMAT KEEP CALM AND COME IN,UNMAPPED,5500,38133.64,735,146
22568,FELTCRAFT CUSHION OWL,UNMAPPED,5487,20244.97,880,392
85178,VICTORIAN SEWING KIT,UNMAPPED,5478,6024.52,319,216
16259,PIECE OF CAMO STATIONERY SET,UNMAPPED,5473,766.09,55,51
22507,MEMO BOARD RETROSPOT DESIGN,UNMAPPED,5455,25603.46,902,410
22303,COFFEE MUG APPLES DESIGN,UNMAPPED,5439,12701.63,541,349
20758,ABSTRACT CIRCLES POCKET BOOK,UNMAPPED,5425,953.42,97,75
22593,CHRISTMAS GINGHAM STAR,UNMAPPED,5420,4823.90,417,184
37351,ORANGE FLOWER MUG,UNMAPPED,5404,612.51,11,11
22024,RAINY LADIES BIRTHDAY CARD,UNMAPPED,5391,2257.00,439,298
22711,WRAP CIRCUS PARADE,UNMAPPED,5377,2210.34,181,145
21844,RED RETROSPOT MUG,UNMAPPED,5374,15329.44,496,330
84997A,CHILDRENS CUTLERY POLKADOT GREEN,UNMAPPED,5364,20882.48,675,369
21902,"KEY FOB , FRONT DOOR",UNMAPPED,5359,3408.03,490,304
20757,RED DAISY POCKET BOOK,UNMAPPED,5347,890.70,79,64
22708,WRAP DOLLY GIRL,UNMAPPED,5325,2140.50,159,128
22466,FAIRY TALE COTTAGE NIGHT LIGHT,UNMAPPED,5312,9857.18,397,245
22835,HOT WATER BOTTLE I AM SO POORLY,UNMAPPED,5302,27082.84,1018,269
21186,WHITE DOVE HONEYCOMB PAPER GARLAND,UNMAPPED,5297,8532.17,377,191
22714,CARD BIRTHDAY COWBOY,UNMAPPED,5277,2157.91,359,244
20729,UNKNOWN,UNMAPPED,5271,1778.12,122,73
47559B,TEA TIME OVEN GLOVE,UNMAPPED,5270,6823.15,755,402
22804,PINK HANGING HEART T-LIGHT HOLDER,UNMAPPED,5261,14075.80,682,296
46000S,POLYESTER FILLER PAD 40x40cm,UNMAPPED,5261,5032.95,390,269
21524,DOORMAT SPOTTY HOME SWEET HOME,UNMAPPED,5257,35955.44,1155,498
21218,RED SPOTTY BISCUIT TIN,UNMAPPED,5256,20800.31,902,438
22601,CHRISTMAS RETROSPOT ANGEL WOOD,UNMAPPED,5250,4547.19,422,188
37424,WHITE WITH BLACK CATS MUG,UNMAPPED,5249,1134.68,108,86
21393,UNKNOWN,UNMAPPED,5247,1172.81,45,41
22131,FOOD CONTAINER SET 3 LOVE HEART,UNMAPPED,5243,9914.89,711,387
22992,REVOLVER WOODEN RULER,UNMAPPED,5233,10373.99,356,162
22584,PACK OF 6 PANETTONE GIFT BOXES,UNMAPPED,5222,13287.78,595,316
22716,CARD CIRCUS PARADE,UNMAPPED,5218,2211.41,447,278
23233,WRAP POPPIES DESIGN,UNMAPPED,5175,2105.50,159,111
22851,SET 20 NAPKINS FAIRY CAKES DESIGN,UNMAPPED,5167,4193.68,532,283
21907,I'M ON HOLIDAY METAL SIGN,UNMAPPED,5163,10866.22,777,406
22329,ROUND CONTAINER SET OF 5 RETROSPOT,UNMAPPED,5159,8430.45,613,360
22144,CHRISTMAS CRAFT LITTLE FRIENDS,UNMAPPED,5157,12382.47,719,174
20754,RETROSPOT RED WASHING UP GLOVES,UNMAPPED,5151,10444.82,859,416
20755,BLUE PAISLEY POCKET BOOK,UNMAPPED,5145,1089.73,122,97
47503F,UNKNOWN,UNMAPPED,5139,729.95,14,11
22174,PHOTO CUBE,UNMAPPED,5136,10374.33,567,306
22195,LARGE HEART MEASURING SPOONS,UNMAPPED,5127,9144.24,824,393
21069,VINTAGE BILLBOARD TEA MUG,UNMAPPED,5105,5404.36,283,210
21381,MINI WOODEN HAPPY BIRTHDAY GARLAND,UNMAPPED,5104,8568.00,543,356
84536A,ENGLISH ROSE NOTEBOOK A7 SIZE,UNMAPPED,5102,2309.70,637,381
15039,SANDALWOOD FAN,UNMAPPED,5101,4345.62,308,222
21872,GLAMOROUS MUG,UNMAPPED,5092,5163.80,332,239
23144,ZINC T-LIGHT HOLDER STARS SMALL,UNMAPPED,5089,4197.83,275,143
22574,HEART WOODEN CHRISTMAS DECORATION,UNMAPPED,5074,4629.17,420,175
22173,METAL 4 HOOK HANGER FRENCH CHATEAU,UNMAPPED,5053,15411.90,1007,415
21244,BLUE POLKADOT PLATE,UNMAPPED,5050,8279.07,450,300
23286,BLUE VINTAGE SPOT BEAKER,UNMAPPED,5048,4747.62,222,117
21380,WOODEN HAPPY BIRTHDAY GARLAND,UNMAPPED,5031,14593.32,656,379
22079,RIBBON REEL HEARTS DESIGN,UNMAPPED,5028,8457.84,690,381
23581,JUMBO BAG PAISLEY PARK,UNMAPPED,5020,11581.83,345,40
22301,COFFEE MUG CAT + BIRD DESIGN,UNMAPPED,5012,12124.78,648,364
22812,PACK 3 BOXES CHRISTMAS PANETTONE,UNMAPPED,4986,10734.43,477,149
48188,DOORMAT WELCOME PUPPIES,UNMAPPED,4980,28639.10,701,390
23296,SET OF 6 TEA TIME BAKING CASES,UNMAPPED,4979,5985.55,382,121
22023,EMPIRE BIRTHDAY CARD,UNMAPPED,4975,2076.77,431,285
22302,COFFEE MUG PEARS DESIGN,UNMAPPED,4970,10492.45,403,271
22380,TOY TIDY SPACEBOY,UNMAPPED,4966,10217.66,692,375
15044A,PINK PAPER PARASOL,UNMAPPED,4964,13210.85,250,189
22059,CERAMIC STRAWBERRY DESIGN MUG,UNMAPPED,4940,6639.03,477,307
22055,MINI CAKE STAND HANGING STRAWBERY,UNMAPPED,4930,8179.19,748,363
22435,SET OF 9 HEART SHAPED BALLOONS,UNMAPPED,4915,6185.22,547,319
21504,SKULLS GREETING CARD,UNMAPPED,4913,2005.02,330,230
22573,STAR WOODEN CHRISTMAS DECORATION,UNMAPPED,4907,4403.83,409,172
82483,WOOD 2 DRAWER CABINET WHITE FINISH,UNMAPPED,4896,29003.37,1133,451
22694,WICKER STAR,UNMAPPED,4893,10958.60,870,274
21679,SKULLS STICKERS,UNMAPPED,4871,4034.51,371,255
22944,CHRISTMAS METAL POSTCARD WITH BELLS,UNMAPPED,4870,3577.99,163,94
22271,FELTCRAFT DOLL ROSIE,UNMAPPED,4866,13921.73,794,395
22600,CHRISTMAS RETROSPOT STAR WOOD,UNMAPPED,4860,4209.90,436,185
22644,CERAMIC CHERRY CAKE MONEY BANK,UNMAPPED,4858,7069.88,615,311
20982,12 PENCILS TALL TUBE SKULLS,UNMAPPED,4851,4243.80,585,324
22667,RECIPE BOX RETROSPOT,UNMAPPED,4845,13586.35,858,322
11001,ASSTD DESIGN RACING CAR PEN,UNMAPPED,4829,7408.65,256,192
20829,GLITTER HANGING BUTTERFLY STRING,UNMAPPED,4820,9825.02,491,317
23285,PINK VINTAGE SPOT BEAKER,UNMAPPED,4807,4572.41,192,106
21484,CHICK GREY HOT WATER BOTTLE,UNMAPPED,4804,18171.14,877,337
23582,VINTAGE DOILY JUMBO BAG RED,UNMAPPED,4802,10206.41,262,39
22996,TRAVEL CARD WALLET VINTAGE TICKET,UNMAPPED,4801,2094.93,415,191
23243,SET OF TEA COFFEE SUGAR TINS PANTRY,UNMAPPED,4800,23489.42,471,150
21067,UNKNOWN,UNMAPPED,4795,3830.67,271,197
22855,FINE WICKER HEART,UNMAPPED,4795,5979.24,433,179
22594,CHRISTMAS GINGHAM TREE,UNMAPPED,4791,4377.33,413,180
22460,EMBOSSED GLASS TEALIGHT HOLDER,UNMAPPED,4771,6283.87,378,252
71053,WHITE MOROCCAN METAL LANTERN,UNMAPPED,4769,18906.77,744,389
22242,5 HOOK HANGER MAGIC TOADSTOOL,UNMAPPED,4766,7559.91,372,217
22244,3 HOOK HANGER MAGIC GARDEN,UNMAPPED,4760,9101.96,432,264
47590A,BLUE HAPPY BIRTHDAY BUNTING,UNMAPPED,4753,24185.03,691,353
84596F,SMALL MARSHMALLOWS PINK BOWL,UNMAPPED,4739,3243.32,623,350
22493,PAINT YOUR OWN CANVAS SET,UNMAPPED,4738,7608.12,431,260
23005,TRAVEL CARD WALLET I LOVE LONDON,UNMAPPED,4733,2126.55,244,123
48184,DOORMAT ENGLISH ROSE,UNMAPPED,4732,31142.63,858,421
84990,UNKNOWN,UNMAPPED,4732,2062.19,208,140
82486,3 DRAWER ANTIQUE WHITE WOOD CABINET,UNMAPPED,4728,38052.33,1288,503
22421,LIPSTICK PEN FUSCHIA,UNMAPPED,4723,2351.86,417,253
22985,WRAP BILLBOARD FONTS DESIGN,UNMAPPED,4722,1895.24,136,111
20981,12 PENCILS TALL TUBE WOODLAND,UNMAPPED,4718,4069.16,515,323
23321,SMALL WHITE HEART OF WICKER,UNMAPPED,4716,8438.54,644,152
21033,JUMBO BAG CHARLIE AND LOLA TOYS,UNMAPPED,4689,10132.11,576,298
22336,DOVE DECORATION PAINTED ZINC,UNMAPPED,4661,2234.96,222,136
85014A,BLACK/BLUE POLKADOT UMBRELLA,UNMAPPED,4656,22213.70,714,386
37352,UNKNOWN,UNMAPPED,4648,504.55,9,8
22245,"HOOK, 1 HANGER ,MAGIC GARDEN",UNMAPPED,4633,3988.85,418,257
16218,CARTOON PENCIL SHARPENERS,UNMAPPED,4629,448.13,98,84
23288,GREEN VINTAGE SPOT BEAKER,UNMAPPED,4625,4444.23,186,109
21430,SET/3 RED GINGHAM ROSE STORAGE BOX,UNMAPPED,4621,18044.97,817,352
17109B,FLOWER FAIRY INCENSE LAVENDER,UNMAPPED,4614,896.34,18,15
22597,MUSICAL ZINC HEART DECORATION,UNMAPPED,4613,2766.08,297,156
21934,SKULL SHOULDER BAG,UNMAPPED,4597,8275.22,727,397
22533,MAGIC DRAWING SLATE BAKE A CAKE,UNMAPPED,4579,1783.36,237,171
22604,SET OF 4 NAPKIN CHARMS CUTLERY,UNMAPPED,4577,4957.62,252,172
22456,NATURAL SLATE CHALKBOARD LARGE,UNMAPPED,4573,21583.20,838,392
22564,ALPHABET STENCIL CRAFT,UNMAPPED,4570,5221.40,344,223
16169E,WRAP 50'S CHRISTMAS,UNMAPPED,4563,1892.46,150,83
85078,SCANDINAVIAN 3 HEARTS NAPKIN RING,UNMAPPED,4558,1052.02,165,124
22053,EMPIRE DESIGN ROSETTE,UNMAPPED,4551,4020.89,87,75
37448,CERAMIC CAKE DESIGN SPOTTED MUG,UNMAPPED,4550,6827.21,545,308
22465,HANGING METAL STAR LANTERN,UNMAPPED,4522,7284.24,478,275
22535,MAGIC DRAWING SLATE BUNNIES,UNMAPPED,4502,1862.49,302,210
21803,CHRISTMAS TREE STAR DECORATION,UNMAPPED,4483,1938.96,324,186
22637,PIGGY BANK RETROSPOT,UNMAPPED,4480,11492.82,600,322
22962,JAM JAR WITH PINK LID,UNMAPPED,4466,3640.93,356,196
22738,RIBBON REEL SNOWY VILLAGE,UNMAPPED,4447,8012.57,500,173
70006,LOVE HEART POCKET WARMER,UNMAPPED,4438,4139.56,296,160
22670,FRENCH WC SIGN BLUE METAL,UNMAPPED,4432,5510.57,432,248
20828,GLITTER BUTTERFLY CLIPS,UNMAPPED,4423,10940.48,624,366
21642,ASSORTED TUTTI FRUTTI PEN,UNMAPPED,4413,2575.18,261,180
22088,UNKNOWN,UNMAPPED,4400,13076.88,627,320
23294,SET OF 6 SNACK LOAF BAKING CASES,UNMAPPED,4392,3607.81,358,118
47504E,ENGLISH ROSE SCISSORS,UNMAPPED,4387,931.86,48,43
21802,CHRISTMAS TREE HEART DECORATION,UNMAPPED,4377,1917.20,325,188
22772,PINK DRAWER KNOB ACRYLIC EDWARDIAN,UNMAPPED,4377,5914.92,316,205
22546,MINI JIGSAW PURDEY,UNMAPPED,4375,1760.80,182,144
22766,PHOTO FRAME CORNICE,UNMAPPED,4367,12864.25,645,288
21215,IVORY PAPER CUP CAKE CASES,UNMAPPED,4349,2533.88,295,232
22241,GARLAND WOODEN HAPPY EASTER,UNMAPPED,4349,5862.42,479,201
22970,LONDON BUS COFFEE MUG,UNMAPPED,4334,10140.60,319,174
22142,CHRISTMAS CRAFT WHITE FAIRY,UNMAPPED,4326,6445.39,517,148
16053,POPART COL BALLPOINT PEN ASST,UNMAPPED,4313,185.73,10,10
23297,SET 40 HEART SHAPE PETIT FOUR CASES,UNMAPPED,4303,6792.23,163,58
21179,NO JUNK MAIL METAL SIGN,UNMAPPED,4284,3517.90,514,280
51014C,"FEATHER PEN,COAL BLACK",UNMAPPED,4284,2752.33,268,204
21714,CITRONELLA CANDLE GARDEN POT,UNMAPPED,4283,6182.39,526,279
85172,HYACINTH BULB T-LIGHT CANDLES,UNMAPPED,4271,2274.56,153,130
21071,UNKNOWN,UNMAPPED,4270,4998.32,478,289
20731,UNKNOWN,UNMAPPED,4264,1252.92,77,71
22617,BAKING SET SPACEBOY DESIGN,UNMAPPED,4252,20546.99,949,397
48111,DOORMAT 3 SMILEY CATS,UNMAPPED,4250,25970.00,723,377
22398,MAGNETS PACK OF 4 SWALLOWS,UNMAPPED,4240,3687.48,439,265
10135,COLOURING PENCILS BROWN TUBE,UNMAPPED,4226,4566.21,327,228
22706,WRAP COWBOYS,UNMAPPED,4222,1693.24,125,104
22436,12 COLOURED PARTY BALLOONS,UNMAPPED,4216,2687.05,295,208
21558,SKULL LUNCH BOX WITH CUTLERY,UNMAPPED,4214,10810.66,777,377
22639,SET OF 4 NAPKIN CHARMS HEARTS,UNMAPPED,4211,4021.12,282,182
85109,PINK BOUDOIR T-LIGHT HOLDER,UNMAPPED,4211,475.43,20,18
46000M,POLYESTER FILLER PAD 45x45cm,UNMAPPED,4205,3901.35,366,246
21818,GLITTER HEART DECORATION,UNMAPPED,4196,2549.45,310,169
72756,UNKNOWN,UNMAPPED,4194,5459.48,132,26
23240,SET OF 4 KNICK KNACK TINS DOILY,UNMAPPED,4177,17000.17,546,154
22080,RIBBON REEL POLKADOTS,UNMAPPED,4168,6512.44,526,294
21937,STRAWBERRY PICNIC BAG,UNMAPPED,4162,12038.82,663,289
48173C,DOORMAT BLACK FLOCK,UNMAPPED,4161,24256.47,540,325
16216,LETTER SHAPE PENCIL SHARPENER,UNMAPPED,4158,371.64,89,77
22332,SKULLS PARTY BAG + STICKER SET,UNMAPPED,4158,6520.55,385,279
22603,CHRISTMAS RETROSPOT TREE WOOD,UNMAPPED,4143,3552.09,396,171
22748,POPPY'S PLAYHOUSE KITCHEN,UNMAPPED,4142,10161.40,752,277
22035,VINTAGE CARAVAN GREETING CARD,UNMAPPED,4139,1731.24,365,254
20978,36 PENCILS TUBE SKULLS,UNMAPPED,4117,5438.57,565,330
22300,COFFEE MUG DOG + BALL DESIGN,UNMAPPED,4117,9891.40,531,324
21933,PINK VINTAGE PAISLEY PICNIC BAG,UNMAPPED,4116,9087.63,632,317
21287,SCENTED VELVET LOUNGE CANDLE,UNMAPPED,4107,1860.00,93,79
22619,SET OF 6 SOLDIER SKITTLES,UNMAPPED,4091,15620.09,720,327
22979,PANTRY WASHING UP BRUSH,UNMAPPED,4090,6391.82,383,189
21531,RED RETROSPOT SUGAR JAM BOWL,UNMAPPED,4079,10174.12,786,415
23103,JINGLE BELL HEART DECORATION,UNMAPPED,4072,6846.16,376,133
21068,VINTAGE BILLBOARD LOVE/HATE MUG,UNMAPPED,4066,4224.63,376,252
21394,UNKNOWN,UNMAPPED,4048,1864.63,152,113
22399,MAGNETS PACK OF 4 CHILDHOOD MEMORY,UNMAPPED,4042,4734.60,279,201
21718,RED METAL BEACH SPADE,UNMAPPED,4030,5250.30,470,292
22026,BANQUET BIRTHDAY CARD,UNMAPPED,4029,1717.47,366,266
22212,FOUR HOOK WHITE LOVEBIRDS,UNMAPPED,4024,8642.30,840,445
22739,RIBBON REEL CHRISTMAS SOCK BAUBLE,UNMAPPED,4021,7357.44,607,189
22502,PICNIC BASKET WICKER SMALL,UNMAPPED,4012,60880.30,941,311
23353,6 GIFT TAGS VINTAGE CHRISTMAS,UNMAPPED,4007,3510.05,331,94
21034,REX CASH+CARRY JUMBO SHOPPER,UNMAPPED,4004,3801.90,1997,547
23378,PACK OF 12 50'S CHRISTMAS TISSUES,UNMAPPED,3997,1840.08,183,74
22078,RIBBON REEL LACE DESIGN,UNMAPPED,3988,8449.94,488,318
23439,HAND WARMER RED LOVE HEART,UNMAPPED,3986,8855.51,412,86
21591,COSY HOUR CIGAR BOX MATCHES,UNMAPPED,3978,6003.08,380,190
22562,MONSTERS STENCIL CRAFT,UNMAPPED,3978,4682.30,396,243
22745,POPPY'S PLAYHOUSE BEDROOM,UNMAPPED,3976,9764.64,712,262
22025,RING OF ROSES BIRTHDAY CARD,UNMAPPED,3970,1641.64,289,220
17091J,VANILLA INCENSE IN TIN,UNMAPPED,3964,2204.35,183,144
23493,VINTAGE DOILY TRAVEL SEWING KIT,UNMAPPED,3964,8497.98,424,68
37446,MINI CAKE STAND WITH HANGING CAKES,UNMAPPED,3952,5332.25,419,243
22895,SET OF 2 TEA TOWELS APPLE AND PEARS,UNMAPPED,3947,8648.49,417,238
22813,PACK 3 BOXES BIRD PANETTONE,UNMAPPED,3945,7663.83,378,204
85049G,CHOCOLATE BOX RIBBONS,UNMAPPED,3944,5000.06,576,334
21955,DOORMAT UNION JACK GUNS AND ROSES,UNMAPPED,3923,23734.40,738,373
22128,PARTY CONES CANDY ASSORTED,UNMAPPED,3923,4759.59,197,157
22299,PIG KEYRING WITH LIGHT & SOUND,UNMAPPED,3912,4430.82,202,147
47587A,UNKNOWN,UNMAPPED,3907,1099.88,28,26
22185,SLATE TILE NATURAL HANGING,UNMAPPED,3896,6224.72,466,293
21216,"SET 3 RETROSPOT TEA,COFFEE,SUGAR",UNMAPPED,3891,20169.00,811,407
22439,6 ROCKET BALLOONS,UNMAPPED,3891,2599.01,370,249
22991,GIRAFFE WOODEN RULER,UNMAPPED,3887,7604.89,279,159
85062,PEARL CRYSTAL PUMPKIN T-LIGHT HLDR,UNMAPPED,3886,6363.28,346,257
21932,SCANDINAVIAN PAISLEY PICNIC BAG,UNMAPPED,3871,8498.61,653,329
35953,FOLKART STAR CHRISTMAS DECORATIONS,UNMAPPED,3868,2007.22,158,86
23263,SET OF 3 WOODEN HEART DECORATIONS,UNMAPPED,3863,5147.19,474,136
23172,REGENCY TEA PLATE PINK,UNMAPPED,3861,6344.41,305,139
85198,ASSORTED FARMYARD ANIMALS IN BUCKET,UNMAPPED,3859,1469.50,53,44
79163,BLACK CHAMPAGNE GLASS,UNMAPPED,3848,1240.83,67,58
21819,GLITTER CHRISTMAS STAR,UNMAPPED,3847,2247.14,257,129
10133,COLOURING PENCILS BROWN TUBE,UNMAPPED,3837,2373.26,289,188
21494,ROTATING LEAVES T-LIGHT HOLDER,UNMAPPED,3833,6449.00,507,264
16011,ANIMAL STICKERS,UNMAPPED,3812,799.32,112,105
23318,BOX OF 6 MINI VINTAGE CRACKERS,UNMAPPED,3809,9162.41,382,98
84508A,CAMOUFLAGE DESIGN TEDDY,UNMAPPED,3809,8091.48,109,99
22963,JAM JAR WITH GREEN LID,UNMAPPED,3798,3079.41,324,186
20977,36 PENCILS TUBE WOODLAND,UNMAPPED,3792,5069.99,489,303
22274,FELTCRAFT DOLL EMILY,UNMAPPED,3773,10770.07,661,355
22505,MEMO BOARD COTTAGE DESIGN,UNMAPPED,3773,18034.63,751,381
22732,3D VINTAGE CHRISTMAS STICKERS,UNMAPPED,3773,5001.84,342,158
21584,RETROSPOT SMALL TUBE MATCHES,UNMAPPED,3769,6070.05,369,238
72351A,SET/6 TURQUOISE BUTTERFLY T-LIGHTS,UNMAPPED,3765,7523.57,431,306
22749,FELTCRAFT PRINCESS CHARLOTTE DOLL,UNMAPPED,3759,15354.35,696,286
22378,WALL TIDY RETROSPOT,UNMAPPED,3749,6826.51,547,329
23182,TOILET SIGN OCCUPIED OR VACANT,UNMAPPED,3741,3688.21,437,189
23354,6 GIFT TAGS 50'S CHRISTMAS,UNMAPPED,3740,3429.40,330,95
79164,BLACK WINE GLASS,UNMAPPED,3738,3196.01,95,79
21912,VINTAGE SNAKES & LADDERS,UNMAPPED,3736,14651.33,832,413
22705,WRAP GREEN PEARS,UNMAPPED,3733,1567.86,151,126
17021,NAMASTE SWAGAT INCENSE,UNMAPPED,3720,984.24,83,70
23275,SET OF 3 HANGING OWLS OLLIE BEAK,UNMAPPED,3720,4521.72,334,124
23319,BOX OF 6 MINI 50'S CRACKERS,UNMAPPED,3720,9219.53,411,104
22615,PACK OF 12 CIRCUS PARADE TISSUES,UNMAPPED,3718,1145.88,189,154
21716,BOYS VINTAGE TIN SEASIDE BUCKET,UNMAPPED,3709,9397.07,499,301
17039,INLAID WOOD INCENSE HOLDER,UNMAPPED,3707,837.88,43,39
22730,ALARM CLOCK BAKELIKE IVORY,UNMAPPED,3702,14867.27,749,294
21622,VINTAGE UNION JACK CUSHION COVER,UNMAPPED,3699,19936.94,632,305
84929,ASSTD FRUIT+FLOWERS FRIDGE MAGNETS,UNMAPPED,3696,1007.52,94,83
20750,RED RETROSPOT MINI CASES,UNMAPPED,3688,26866.63,914,448
22938,CUPCAKE LACE PAPER SET 6,UNMAPPED,3687,6891.25,275,183
21281,VINTAGE KITCHEN PRINT SEAFOOD,UNMAPPED,3680,1716.80,67,63
22141,CHRISTMAS CRAFT TREE TOP ANGEL,UNMAPPED,3675,8895.21,584,146
20775,DAISY NOTEBOOK,UNMAPPED,3664,926.54,114,91
22331,WOODLAND PARTY BAG + STICKER SET,UNMAPPED,3661,6011.57,442,303
20777,CHRYSANTHEMUM NOTEBOOK,UNMAPPED,3660,1262.70,170,131
23503,PLAYING CARDS KEEP CALM & CARRY ON,UNMAPPED,3643,4860.55,342,68
22775,PURPLE DRAWERKNOB ACRYLIC EDWARDIAN,UNMAPPED,3633,5190.03,291,197
22377,BOTTLE BAG RETROSPOT,UNMAPPED,3618,6920.11,436,276
20778,UNKNOWN,UNMAPPED,3613,944.36,92,76
21207,SKULL AND CROSSBONES GARLAND,UNMAPPED,3601,5597.42,283,222
35957,SMALLFOLKART BAUBLE CHRISTMAS DEC,UNMAPPED,3600,1254.90,149,100
22499,WOODEN UNION JACK BUNTING,UNMAPPED,3596,21826.52,779,358
22837,UNKNOWN,UNMAPPED,3595,16455.18,467,104
22668,PINK BABY BUNTING,UNMAPPED,3587,10898.05,579,302
22581,WOOD STOCKING CHRISTMAS SCANDISPOT,UNMAPPED,3565,2852.63,390,162
23215,JINGLE BELL HEART ANTIQUE SILVER,UNMAPPED,3564,7038.40,213,93
85221,ASSORTED COLOUR SILK COIN PURSE,UNMAPPED,3558,1685.46,48,38
22094,RED RETROSPOT TISSUE BOX,UNMAPPED,3557,2649.05,342,238
21715,GIRLS VINTAGE TIN SEASIDE BUCKET,UNMAPPED,3553,8987.24,491,304
22642,SET OF 4 NAPKIN CHARMS STARS,UNMAPPED,3549,2348.47,147,102
21355,TOAST ITS - I LOVE YOU,UNMAPPED,3542,4218.05,347,202
21279,VINTAGE KITCHEN PRINT FRUITS,UNMAPPED,3541,1621.83,102,91
23306,SET OF 36 PANTRY PAPER DOILIES,UNMAPPED,3538,4123.38,281,123
23351,ROLL WRAP 50'S CHRISTMAS,UNMAPPED,3535,4875.65,358,90
20961,STRAWBERRY BATH SPONGE,UNMAPPED,3530,4687.65,518,310
22089,PAPER BUNTING VINTAGE PAISLEY,UNMAPPED,3530,10303.35,562,339
22548,adjustment,UNMAPPED,3530,4404.31,441,255
20774,GREEN FERN NOTEBOOK,UNMAPPED,3526,962.48,122,98
21888,BINGO SET,UNMAPPED,3526,13862.17,831,393
22052,VINTAGE CARAVAN GIFT WRAP,UNMAPPED,3525,1460.50,128,107
84536B,FAIRY CAKES NOTEBOOK A7 SIZE,UNMAPPED,3522,1567.97,408,275
22339,CHRISTMAS TREE PAINTED ZINC,UNMAPPED,3521,1385.46,151,95
22892,SET OF SALT AND PEPPER TOADSTOOLS,UNMAPPED,3520,4322.06,295,175
23192,BUNDLE OF 3 ALPHABET EXERCISE BOOKS,UNMAPPED,3516,6114.24,351,152
21260,FIRST AID TIN,UNMAPPED,3512,11564.43,538,323
17164B,ASS COL SMALL SAND GECKO P'WEIGHT,UNMAPPED,3503,646.56,84,69
22049,WRAP CHRISTMAS SCREEN PRINT,UNMAPPED,3500,1015.75,115,72
47599B,BLUE PARTY BAGS,UNMAPPED,3492,6662.54,289,230
22940,FELTCRAFT CHRISTMAS FAIRY,UNMAPPED,3491,15282.81,598,194
21890,S/6 WOODEN SKITTLES IN COTTON BAG,UNMAPPED,3490,10451.60,555,321
22792,FLUTED ANTIQUE CANDLE HOLDER,UNMAPPED,3489,3241.13,262,165
22920,HERB MARKER BASIL,UNMAPPED,3478,2199.19,254,153
23188,VINTAGE 2 METRE FOLDING RULER,UNMAPPED,3471,6447.77,337,127
22127,PARTY CONES CARNIVAL ASSORTED,UNMAPPED,3468,4153.11,159,116
22341,LOVE GARLAND PAINTED ZINC,UNMAPPED,3467,5698.89,242,190
22904,CALENDAR PAPER CUT DESIGN,UNMAPPED,3467,10755.05,467,227
48116,DOORMAT MULTICOLOUR STRIPE,UNMAPPED,3462,20712.63,499,301
16048,TEATIME ROUND PENCIL SHARPENER,UNMAPPED,3461,537.06,106,88
20963,APPLE BATH SPONGE,UNMAPPED,3459,4676.15,515,303
21590,UNKNOWN,UNMAPPED,3457,4141.28,296,170
85199L,LARGE HANGING IVORY & RED WOOD BIRD,UNMAPPED,3455,2285.02,275,207
22545,MINI JIGSAW BUNNIES,UNMAPPED,3451,1421.06,185,146
51014L,"FEATHER PEN,LIGHT PINK",UNMAPPED,3445,2222.35,227,177
23326,HANGING MINI COLOURED BOTTLES,UNMAPPED,3442,2237.08,76,50
22733,3D TRADITIONAL CHRISTMAS STICKERS,UNMAPPED,3441,4425.49,344,147
85227,SET OF 6 3D KIT CARDS FOR KIDS,UNMAPPED,3440,3086.44,454,273
22572,ROCKING HORSE GREEN CHRISTMAS,UNMAPPED,3439,3087.18,373,163
21903,MAN FLU METAL SIGN,UNMAPPED,3436,6908.87,407,293
22066,LOVE HEART TRINKET POT,UNMAPPED,3436,2729.16,281,207
22815,CARD PSYCHEDELIC APPLES,UNMAPPED,3433,1468.53,340,216
22402,MAGNETS PACK OF 4 VINTAGE COLLAGE,UNMAPPED,3431,3012.78,254,183
20674,GREEN POLKADOT BOWL,UNMAPPED,3412,4348.52,466,330
21801,CHRISTMAS TREE DECORATION WITH BELL,UNMAPPED,3403,1467.66,260,155
22817,CARD SUKI BIRTHDAY,UNMAPPED,3392,1434.90,355,212
23583,LUNCH BAG PAISLEY PARK,UNMAPPED,3385,5497.33,332,40
22171,3 HOOK PHOTO SHELF ANTIQUE WHITE,UNMAPPED,3377,23709.46,666,385
21788,KIDS RAIN MAC BLUE,UNMAPPED,3375,2725.09,213,173
22431,WATERING CAN BLUE ELEPHANT,UNMAPPED,3375,6771.52,630,337
22906,12 MESSAGE CARDS WITH ENVELOPES,UNMAPPED,3370,6214.83,465,219
16219,HOUSE SHAPE PENCIL SHARPENER,UNMAPPED,3357,499.55,128,107
21533,RETROSPOT LARGE MILK JUG,UNMAPPED,3357,16614.87,965,467
21588,RETROSPOT GIANT TUBE MATCHES,UNMAPPED,3351,7748.55,289,199
22819,"BIRTHDAY CARD, RETRO SPOT",UNMAPPED,3351,1418.12,331,203
22984,CARD GINGHAM ROSE,UNMAPPED,3349,1370.73,214,159
21527,RED RETROSPOT TRADITIONAL TEAPOT,UNMAPPED,3348,24968.47,840,321
22132,RED LOVE HEART SHAPE CUP,UNMAPPED,3345,2989.81,389,262
23198,PANTRY MAGNETIC SHOPPING LIST,UNMAPPED,3342,5062.60,485,140
20773,BLUE PAISLEY NOTEBOOK,UNMAPPED,3339,963.98,120,97
22109,FULL ENGLISH BREAKFAST PLATE,UNMAPPED,3339,13750.11,650,338
21280,VINTAGE KITCHEN PRINT VEGETABLES,UNMAPPED,3338,1800.44,71,69
21832,CHOCOLATE CALCULATOR,UNMAPPED,3338,5836.76,464,264
21992,check,UNMAPPED,3333,6744.80,663,348
22050,PINK PAISLEY ROSE GIFT WRAP,UNMAPPED,3325,1354.00,116,103
22898,CHILDRENS APRON APPLES DESIGN,UNMAPPED,3318,6604.16,474,260
22719,UNKNOWN,UNMAPPED,3304,1987.83,241,143
22343,PARTY PIZZA DISH RED RETROSPOT,UNMAPPED,3297,1985.74,188,147
17033,UNKNOWN,UNMAPPED,3292,867.84,70,56
23168,CLASSIC CAFE SUGAR DISPENSER,UNMAPPED,3291,4558.67,342,146
84032B,CHARLIE + LOLA RED HOT WATER BOTTLE,UNMAPPED,3285,7699.25,604,274
22915,ASSORTED BOTTLE TOP MAGNETS,UNMAPPED,3281,1474.52,195,133
23367,SET 12 COLOUR PENCILS SPACEBOY,UNMAPPED,3278,2491.20,285,68
22737,RIBBON REEL CHRISTMAS PRESENT,UNMAPPED,3266,5840.43,503,174
20776,ABSTRACT CIRCLES NOTEBOOK,UNMAPPED,3265,832.66,86,58
23546,WRAP PAISLEY PARK,UNMAPPED,3250,1365.00,120,81
22543,MINI JIGSAW BAKE A CAKE,UNMAPPED,3247,1281.49,118,99
22129,PARTY CONES CANDY DECORATION,UNMAPPED,3246,3095.12,175,133
16049,UNKNOWN,UNMAPPED,3243,560.48,33,29
20969,RED FLORAL FELTCRAFT SHOULDER BAG,UNMAPPED,3237,12066.52,615,344
22148,EASTER CRAFT 4 CHICKS,UNMAPPED,3237,6480.29,305,148
84032A,CHARLIE+LOLA PINK HOT WATER BOTTLE,UNMAPPED,3234,8624.10,666,299
21807,WHITE CHRISTMAS STAR DECORATION,UNMAPPED,3225,1422.45,178,109
23349,ROLL WRAP VINTAGE CHRISTMAS,UNMAPPED,3221,4342.60,343,91
22427,ENAMEL FLOWER JUG CREAM,UNMAPPED,3217,19273.28,808,316
21650,ASSORTED TUTTI FRUTTI BRACELET,UNMAPPED,3204,1163.80,207,150
22291,HANGING CHICK CREAM DECORATION,UNMAPPED,3193,4412.93,269,160
22624,IVORY KITCHEN SCALES,UNMAPPED,3184,27282.73,1229,411
22091,EMPIRE TISSUE BOX,UNMAPPED,3179,2485.86,324,228
47503K,ASSORTED FLORAL SECATEURS,UNMAPPED,3177,1389.44,43,36
22051,BLUE SCANDINAVIAN PAISLEY WRAP,UNMAPPED,3175,1317.50,116,107
22651,GENTLEMAN SHIRT REPAIR KIT,UNMAPPED,3175,2720.86,272,178
23000,TRAVEL CARD WALLET TRANSPORT,UNMAPPED,3169,1368.28,279,166
21413,PERIWINKLE T-LIGHT HOLDER,UNMAPPED,3162,1131.14,52,49
23175,REGENCY MILK JUG PINK,UNMAPPED,3162,9587.15,332,135
85232B,UNKNOWN,UNMAPPED,3161,15587.00,568,255
21422,PORCELAIN ROSE SMALL,UNMAPPED,3160,2619.17,148,129
16008,SMALL FOLDING SCISSOR(POINTED EDGE),UNMAPPED,3141,422.96,85,71
22576,SWALLOW WOODEN CHRISTMAS DECORATION,UNMAPPED,3132,2835.08,347,157
48129,DOORMAT TOPIARY,UNMAPPED,3130,19608.91,547,350
22750,FELTCRAFT PRINCESS LOLA DOLL,UNMAPPED,3125,11697.60,652,269
17109C,FLOWER FAIRY INCENSE ROSE,UNMAPPED,3124,661.23,15,12
22599,CHRISTMAS MUSICAL ZINC STAR,UNMAPPED,3119,1976.88,191,110
23165,LARGE CERAMIC TOP STORAGE JAR,UNMAPPED,3114,5141.06,283,131
22575,METAL MERRY CHRISTMAS WREATH,UNMAPPED,3113,6699.71,343,153
21090,SET/6 COLLAGE PAPER PLATES,UNMAPPED,3107,1729.09,279,194
22207,FRYING PAN UNION FLAG,UNMAPPED,3103,13298.57,480,296
22353,LUNCH BOX WITH CUTLERY FAIRY CAKES,UNMAPPED,3100,7917.89,500,227
85066,CREAM SWEETHEART MINI CHEST,UNMAPPED,3095,38599.98,941,456
21809,CHRISTMAS HANGING TREE WITH BELL,UNMAPPED,3087,2427.89,214,132
22075,6 RIBBONS ELEGANT CHRISTMAS,UNMAPPED,3079,4660.69,363,199
20682,RED RETROSPOT CHILDRENS UMBRELLA,UNMAPPED,3074,10171.31,597,352
22327,ROUND SNACK BOXES SET OF 4 SKULLS,UNMAPPED,3074,9943.55,665,376
23322,LARGE WHITE HEART OF WICKER,UNMAPPED,3069,8878.21,572,148
21770,OPEN CLOSED METAL SIGN,UNMAPPED,3063,14807.30,654,292
20749,ASSORTED COLOUR MINI CASES,UNMAPPED,3062,22097.61,770,410
35004C,SET OF 3 COLOURED FLYING DUCKS,UNMAPPED,3062,16218.10,380,218
22057,CERAMIC PLATE STRAWBERRY DESIGN,UNMAPPED,3060,4011.73,260,182
51008,AFGHAN SLIPPER SOCK PAIR,UNMAPPED,3059,8378.80,83,66
23174,REGENCY SUGAR BOWL GREEN,UNMAPPED,3055,12342.43,324,143
22613,PACK OF 20 SPACEBOY NAPKINS,UNMAPPED,3051,2419.76,280,203
82001S,SILVER RECORD COVER FRAME,UNMAPPED,3051,11464.38,261,189
85006,SET 4 NURSERY DES ROUND BOXES,UNMAPPED,3049,1289.31,37,37
23376,PACK OF 12 VINTAGE CHRISTMAS TISSUE,UNMAPPED,3039,1384.91,159,71
22653,BUTTON BOX,UNMAPPED,3031,5618.21,384,230
22643,SET OF 4 NAPKIN CHARMS LEAVES,UNMAPPED,3024,1006.24,97,79
23157,SET OF 6 NATIVITY MAGNETS,UNMAPPED,3009,5143.06,171,84
20966,SANDWICH BATH SPONGE,UNMAPPED,3008,4265.24,425,236
22729,ALARM CLOCK BAKELIKE ORANGE,UNMAPPED,3006,11864.00,621,281
79323W,WHITE CHERRY LIGHTS,UNMAPPED,3004,18048.72,350,106
23313,VINTAGE CHRISTMAS BUNTING,UNMAPPED,2990,15798.66,408,104
22319,HAIRCLIPS FORTIES FABRIC ASSORTED,UNMAPPED,2987,1698.04,174,141
85049C,ROMANTIC PINKS RIBBONS,UNMAPPED,2983,3748.75,511,340
22095,LADS ONLY TISSUE BOX,UNMAPPED,2978,3123.03,292,185
21561,DINOSAUR LUNCH BOX WITH CUTLERY,UNMAPPED,2970,7303.91,526,338
21395,BLUE POLKADOT BEAKER,UNMAPPED,2968,1401.60,115,95
22638,SET OF 4 NAPKIN CHARMS CROWNS,UNMAPPED,2965,735.23,75,60
22665,RECIPE BOX BLUE SKETCHBOOK DESIGN,UNMAPPED,2964,9589.84,713,304
22731,3D CHRISTMAS STAMPS STICKERS,UNMAPPED,2958,3965.62,269,139
79029,UNKNOWN,UNMAPPED,2946,5473.82,350,150
85230F,JASMINE VOTIVE CANDLE,UNMAPPED,2946,725.70,62,54
22622,BOX OF VINTAGE ALPHABET BLOCKS,UNMAPPED,2945,29450.11,574,300
21648,ASSORTED TUTTI FRUTTI SMALL PURSE,UNMAPPED,2940,3956.48,233,165
21084,SET/6 COLLAGE PAPER CUPS,UNMAPPED,2929,1008.81,227,157
85216,ASSORTED CAKES FRIDGE MAGNETS,UNMAPPED,2929,2154.22,189,141
22640,SET OF 4 NAPKIN CHARMS 3 KEYS,UNMAPPED,2923,765.39,90,78
21789,KIDS RAIN MAC PINK,UNMAPPED,2920,2437.07,221,178
DOT,DOTCOM POSTAGE,UNMAPPED,2920,309854.11,1422,441
22501,PICNIC BASKET WICKER LARGE,UNMAPPED,2918,30339.36,776,294
21077,SET/20 WOODLAND PAPER NAPKINS,UNMAPPED,2915,2058.10,196,118
22746,POPPY'S PLAYHOUSE LIVINGROOM,UNMAPPED,2910,6699.25,571,247
85015,SET OF 12 VINTAGE POSTCARD SET,UNMAPPED,2908,2750.00,254,197
85111,SILVER GLITTER FLOWER VOTIVE HOLDER,UNMAPPED,2907,954.15,78,67
21217,RED RETROSPOT ROUND CAKE TINS,UNMAPPED,2904,29769.24,930,447
16012,FOOD/DRINK SPONGE STICKERS,UNMAPPED,2901,608.01,84,73
22999,TRAVEL CARD WALLET VINTAGE LEAF,UNMAPPED,2894,1252.59,225,146
37447,CERAMIC CAKE DESIGN SPOTTED PLATE,UNMAPPED,2891,4540.85,366,253
22115,METAL SIGN EMPIRE TEA,UNMAPPED,2889,5695.10,503,318
85217,UNKNOWN,UNMAPPED,2884,1981.85,166,117
21428,SET3 BOOK BOX GREEN GINGHAM FLOWER,UNMAPPED,2883,11762.93,466,292
23507,MINI PLAYING CARDS BUFFALO BILL,UNMAPPED,2882,1155.67,127,56
22508,DOORSTOP RETROSPOT HEART,UNMAPPED,2880,11561.95,704,366
21491,UNKNOWN,UNMAPPED,2879,5367.01,251,89
22098,BOUDOIR SQUARE TISSUE BOX,UNMAPPED,2865,1952.04,319,225
22532,MAGIC DRAWING SLATE LEAP FROG,UNMAPPED,2862,1101.10,180,136
21680,WOODLAND STICKERS,UNMAPPED,2860,2483.68,270,198
22641,SET OF 4 NAPKIN CHARMS INSTRUMENT,UNMAPPED,2860,704.90,70,64
22672,FRENCH BATHROOM SIGN BLUE METAL,UNMAPPED,2850,4736.11,376,222
21993,FLORAL FOLK STATIONERY SET,UNMAPPED,2849,5216.88,580,313
22588,CARD HOLDER GINGHAM HEART,UNMAPPED,2849,7776.84,490,225
23210,WHITE ROCKING HORSE HAND PAINTED,UNMAPPED,2849,3551.53,202,87
22350,ILLUSTRATED CAT BOWL,UNMAPPED,2843,7883.44,337,246
23328,SET 6 SCHOOL MILK BOTTLES IN CRATE,UNMAPPED,2841,13269.49,409,105
23571,TRADITIONAL NAUGHTS & CROSSES,UNMAPPED,2841,6406.91,262,43
20751,FUNKY WASHING UP GLOVES ASSORTED,UNMAPPED,2839,6023.26,494,314
22566,FELTCRAFT HAIRBAND PINK AND PURPLE,UNMAPPED,2836,2373.82,302,208
84691,PACK 20 DOLLY PEGS,UNMAPPED,2832,2225.50,238,140
85212,MINI PAINTED GARDEN DECORATION,UNMAPPED,2831,1096.56,121,108
22040,BOTANICAL ROSE GIFT WRAP,UNMAPPED,2815,1144.30,94,86
22048,BIRTHDAY BANQUET GIFT WRAP,UNMAPPED,2815,1166.30,102,91
22989,SET 2 PANTRY DESIGN TEA TOWELS,UNMAPPED,2811,8999.27,378,191
21163,DO NOT TOUCH MY STUFF DOOR HANGER,UNMAPPED,2800,1757.92,264,189
22709,WRAP WEDDING DAY,UNMAPPED,2799,1099.58,77,65
22285,HANGING HEN ON NEST DECORATION,UNMAPPED,2793,4248.01,270,185
22774,RED DRAWER KNOB ACRYLIC EDWARDIAN,UNMAPPED,2791,3591.06,185,130
21563,RED HEART SHAPE LOVE BUCKET,UNMAPPED,2786,6875.71,365,265
21824,PAINTED METAL STAR WITH HOLLY BELLS,UNMAPPED,2782,2351.46,220,117
84509F,SET OF 4 NEW ENGLAND PLACEMATS,UNMAPPED,2781,2456.10,46,41
22292,HANGING CHICK YELLOW DECORATION,UNMAPPED,2779,3773.74,227,159
22433,WATERING CAN GREEN DINOSAUR,UNMAPPED,2778,5186.28,425,264
85038,6 CHOCOLATE LOVE HEART T-LIGHTS,UNMAPPED,2778,5803.58,394,244
21447,12 IVORY ROSE PEG PLACE SETTINGS,UNMAPPED,2776,3842.63,341,248
21278,VINTAGE KITCHEN PRINT PUDDINGS,UNMAPPED,2775,1654.45,120,100
22899,CHILDREN'S APRON DOLLY GIRL,UNMAPPED,2774,5769.76,425,243
22478,BIRDHOUSE GARDEN MARKER,UNMAPPED,2772,3848.41,317,221
23570,TRADITIONAL PICK UP STICKS GAME,UNMAPPED,2772,4931.87,286,43
17084N,FAIRY DREAMS INCENSE,UNMAPPED,2768,640.26,187,156
21806,WHITE CHRISTMAS HEART DECORATION,UNMAPPED,2767,1179.43,133,82
23173,REGENCY TEAPOT ROSES,UNMAPPED,2766,24879.13,421,162
22494,EMERGENCY FIRST AID TIN,UNMAPPED,2765,3730.92,471,316
22347,UNKNOWN,UNMAPPED,2762,3119.18,117,77
22964,3 PIECE SPACEBOY COOKIE CUTTER SET,UNMAPPED,2761,5768.83,412,212
21123,SET/10 IVORY POLKADOT PARTY CANDLES,UNMAPPED,2751,3393.06,256,194
79063D,"RETRO PILL BOX , REVOLUTIONARY",UNMAPPED,2749,35.14,12,11
85176,SEWING SUSAN 21 NEEDLE SET,UNMAPPED,2748,2293.00,306,228
22422,TOOTHPASTE TUBE PEN,UNMAPPED,2743,1760.94,359,227
21201,TROPICAL HONEYCOMB PAPER GARLAND,UNMAPPED,2741,6517.16,242,193
21539,check,UNMAPPED,2733,13551.64,722,396
21713,CITRONELLA CANDLE FLOWERPOT,UNMAPPED,2733,5145.44,396,245
22814,CARD PARTY GAMES,UNMAPPED,2728,1147.77,295,195
47504K,ENGLISH ROSE GARDEN SECATEURS,UNMAPPED,2726,3096.08,318,224
23506,MINI PLAYING CARDS SPACEBOY,UNMAPPED,2723,1129.12,151,58
22893,MINI CAKE STAND T-LIGHT HOLDER,UNMAPPED,2721,1306.09,183,129
84535B,FAIRY CAKES NOTEBOOK A6 SIZE,UNMAPPED,2718,1747.76,335,249
22715,CARD WEDDING DAY,UNMAPPED,2717,1133.93,218,164
37444A,UNKNOWN,UNMAPPED,2715,563.43,46,45
23350,ROLL WRAP VINTAGE SPOT,UNMAPPED,2712,3445.08,311,95
23154,SET OF 4 JAM JAR MAGNETS,UNMAPPED,2701,5842.88,240,145
21745,GAOLERS KEYS DECORATIVE GARDEN,UNMAPPED,2699,9201.49,492,323
85042,ANTIQUE LILY FAIRY LIGHTS,UNMAPPED,2695,12234.56,299,171
85048,15CM CHRISTMAS GLASS BALL 20 LIGHTS,UNMAPPED,2685,21201.13,522,197
21586,KINGS CHOICE GIANT TUBE MATCHES,UNMAPPED,2679,6018.75,245,167
23445,ICE CREAM BUBBLES,UNMAPPED,2668,2161.24,102,64
21041,RED RETROSPOT OVEN GLOVE DOUBLE,UNMAPPED,2666,9049.29,530,276
23320,GIANT 50'S CHRISTMAS CRACKER,UNMAPPED,2661,7053.57,338,98
85040B,SET/4 BLUE FLOWER CANDLES IN BOWL,UNMAPPED,2661,3837.30,261,189
16236,KITTY PENCIL ERASERS,UNMAPPED,2652,593.29,265,197
22358,KINGS CHOICE TEA CADDY,UNMAPPED,2651,8393.61,610,351
22625,RED KITCHEN SCALES,UNMAPPED,2647,22911.55,958,381
22441,GROW YOUR OWN BASIL IN ENAMEL MUG,UNMAPPED,2645,5729.57,477,276
21702,SET 5 MINI GATEAUX FRIDGE MAGNETS,UNMAPPED,2636,918.68,8,6
23158,SET OF 5 LUCKY CAT MAGNETS,UNMAPPED,2633,5513.83,255,140
23346,SPACEBOY BEAKER,UNMAPPED,2628,3112.34,186,96
23508,MINI PLAYING CARDS DOLLY GIRL,UNMAPPED,2627,1163.45,128,60
20956,PORCELAIN T-LIGHT HOLDERS ASSORTED,UNMAPPED,2626,3083.82,242,169
22941,CHRISTMAS LIGHTS 10 REINDEER,UNMAPPED,2615,21727.58,484,135
22110,BIRD HOUSE HOT WATER BOTTLE,UNMAPPED,2609,8563.76,524,266
22360,GLASS JAR ENGLISH CONFECTIONERY,UNMAPPED,2609,7535.50,433,277
22718,CARD CAT AND TREE,UNMAPPED,2605,1141.36,264,193
21949,SET OF 6 STRAWBERRY CHOPSTICKS,UNMAPPED,2598,3164.18,270,188
21158,MOODY GIRL DOOR HANGER,UNMAPPED,2587,1792.66,321,224
22349,DOG BOWL CHASING BALL DESIGN,UNMAPPED,2575,10551.67,370,255
22809,SET OF 6 T-LIGHTS SANTA,UNMAPPED,2568,7664.72,382,145
21245,GREEN POLKADOT PLATE,UNMAPPED,2567,4268.36,308,231
17038,PORCELAIN BUDAH INCENSE HOLDER,UNMAPPED,2559,254.51,55,55
23497,CLASSIC CHROME BICYCLE BELL,UNMAPPED,2558,3656.02,200,37
21577,SAVE THE PLANET COTTON TOTE BAG,UNMAPPED,2556,5716.52,466,299
22268,DECORATION SITTING BUNNY,UNMAPPED,2554,1271.29,245,168
22607,WOODEN ROUNDERS GARDEN SET,UNMAPPED,2553,22906.54,750,294
22366,DOORMAT AIRMAIL,UNMAPPED,2550,17242.30,575,348
21911,UNKNOWN,UNMAPPED,2548,4080.85,347,207
22434,BALLOON PUMP WITH 10 BALLOONS,UNMAPPED,2547,4733.49,287,203
22690,DOORMAT HOME SWEET HOME BLUE,UNMAPPED,2545,15836.35,442,255
22997,TRAVEL CARD WALLET UNION JACK,UNMAPPED,2545,1094.93,223,138
84937,UNKNOWN,UNMAPPED,2545,5394.54,125,78
15056P,EDWARDIAN PARASOL PINK,UNMAPPED,2544,12806.76,384,275
22266,EASTER DECORATION HANGING BUNNY,UNMAPPED,2542,1040.11,170,124
21100,CHARLIE AND LOLA CHARLOTTE BAG,UNMAPPED,2540,3795.00,270,173
22085,PAPER CHAIN KIT SKULLS,UNMAPPED,2538,6883.87,231,190
21705,BAG 500g SWIRLY MARBLES,UNMAPPED,2534,3145.71,228,143
22654,DELUXE SEWING KIT,UNMAPPED,2534,16971.27,602,275
23177,TREASURE ISLAND BOOK BOX,UNMAPPED,2532,5521.29,270,154
22321,BIRD DECORATION RED RETROSPOT,UNMAPPED,2528,2339.95,305,234
22736,RIBBON REEL MAKING SNOWMEN,UNMAPPED,2527,4538.28,414,166
22582,PACK OF 6 SWEETIE GIFT BOXES,UNMAPPED,2522,6324.77,302,203
21845,DAIRY MAID STRIPE MUG,UNMAPPED,2521,3758.41,158,131
23510,MINI PLAYING CARDS GYMKHANA,UNMAPPED,2521,1118.80,125,59
84596G,SMALL CHOCOLATES PINK BOWL,UNMAPPED,2519,1453.16,355,247
22725,ALARM CLOCK BAKELIKE CHOCOLATE,UNMAPPED,2518,10324.92,556,267
82599,UNKNOWN,UNMAPPED,2507,5479.44,512,277
84828,JUNGLE POPSICLES ICE LOLLY MOULDS,UNMAPPED,2503,3315.18,355,248
23121,PACK OF 6 COCKTAIL PARASOL STRAWS,UNMAPPED,2501,1000.44,116,75
23340,VINTAGE CHRISTMAS CAKE FRILL,UNMAPPED,2500,4034.08,152,75
22956,36 FOIL HEART CAKE CASES,UNMAPPED,2494,4878.90,264,156
23236,STORAGE TIN VINTAGE DOILY,UNMAPPED,2493,7059.97,330,125
20970,PINK FLORAL FELTCRAFT SHOULDER BAG,UNMAPPED,2490,9387.29,577,325
22406,MONEY BOX KINGS CHOICE DESIGN,UNMAPPED,2487,3149.35,219,165
40001,WHITE BAMBOO RIBS LAMPSHADE,UNMAPPED,2484,1911.65,121,110
21880,RED RETROSPOT TAPE,UNMAPPED,2483,1289.83,330,234
23545,WRAP RED VINTAGE DOILY,UNMAPPED,2480,1025.60,85,62
21823,amazon adjust,UNMAPPED,2478,2447.72,227,122
84510A,SET OF 4 ENGLISH ROSE COASTERS,UNMAPPED,2477,3439.84,535,343
21354,TOAST ITS - BEST MUM,UNMAPPED,2476,2979.46,218,161
22337,ANGEL DECORATION PAINTED ZINC,UNMAPPED,2473,1522.52,149,96
72732,UNKNOWN,UNMAPPED,2472,0.00,1,1
22284,HEN HOUSE DECORATION,UNMAPPED,2465,4017.74,305,211
37503,TEA TIME CAKE STAND IN GIFT BOX,UNMAPPED,2465,25428.33,523,180
22133,PINK LOVE HEART SHAPE CUP,UNMAPPED,2464,2258.61,328,233
22978,PANTRY ROLLING PIN,UNMAPPED,2464,9564.98,238,146
23374,RED SPOT PAPER GIFT BAG,UNMAPPED,2456,1962.83,131,69
21990,MODERN FLORAL STATIONERY SET,UNMAPPED,2453,4530.54,500,279
23345,DOLLY GIRL BEAKER,UNMAPPED,2451,2886.25,176,97
22400,MAGNETS PACK OF 4 HOME SWEET HOME,UNMAPPED,2450,2049.56,237,174
21292,SMALL STRIPES CHOCOLATE GIFT BAG,UNMAPPED,2449,1427.11,91,79
16238,PARTY TIME PENCIL ERASERS,UNMAPPED,2447,559.54,237,181
85230E,STRAWBRY SCENTED VOTIVE CANDLE,UNMAPPED,2445,628.41,66,61
37450,CERAMIC CAKE BOWL + HANGING CAKES,UNMAPPED,2444,7023.14,398,259
21328,BALLOONS WRITING SET,UNMAPPED,2441,4612.63,649,345
21167,WHITE SAGE INCENSE,UNMAPPED,2440,587.52,114,97
22529,MAGIC DRAWING SLATE GO TO THE FAIR,UNMAPPED,2437,984.03,156,123
22971,QUEENS GUARD COFFEE MUG,UNMAPPED,2431,5849.29,274,169
23290,SPACEBOY CHILDRENS BOWL,UNMAPPED,2430,2890.35,214,118
21578,WOODLAND DESIGN COTTON TOTE BAG,UNMAPPED,2421,5062.86,386,258
22477,WATERING CAN GARDEN MARKER,UNMAPPED,2414,3356.74,277,204
21291,SMALL POLKADOT CHOCOLATE GIFT BAG,UNMAPPED,2411,2077.93,153,126
22072,RED RETROSPOT TEA CUP AND SAUCER,UNMAPPED,2406,9231.01,526,309
21211,SET OF 72 SKULL PAPER DOILIES,UNMAPPED,2405,3365.64,238,181
22717,CARD DOG AND BALL,UNMAPPED,2405,1018.42,215,166
22943,CHRISTMAS LIGHTS 10 VINTAGE BAUBLES,UNMAPPED,2405,11696.64,359,132
21162,TOXIC AREA DOOR HANGER,UNMAPPED,2402,1655.88,287,195
22412,METAL SIGN NEIGHBOURHOOD WITCH,UNMAPPED,2401,5140.82,406,275
21058,PARTY INVITES WOODLAND,UNMAPPED,2396,2055.59,279,207
72818,CHRISTMAS DECOUPAGE CANDLE,UNMAPPED,2395,1283.13,134,80
21488,RED WHITE SCARF HOT WATER BOTTLE,UNMAPPED,2392,9784.58,365,150
22773,GREEN DRAWER KNOB ACRYLIC EDWARDIAN,UNMAPPED,2392,3171.11,231,162
23311,VINTAGE CHRISTMAS STOCKING,UNMAPPED,2390,6488.20,347,99
37449,CERAMIC CAKE STAND + HANGING CAKES,UNMAPPED,2389,22333.30,479,282
21896,POTTING SHED TWINE,UNMAPPED,2387,4944.04,293,219
22669,RED BABY BUNTING,UNMAPPED,2386,7613.94,441,245
23109,PACK OF SIX LED TEA LIGHTS,UNMAPPED,2386,6835.02,272,121
22170,PICTURE FRAME WOOD TRIPLE PORTRAIT,UNMAPPED,2385,15645.27,575,348
47568,ENGLISH ROSE DESIGN PEG BAG,UNMAPPED,2384,4983.02,411,167
22995,TRAVEL CARD WALLET SUKI,UNMAPPED,2381,1058.64,268,149
22304,COFFEE MUG BLUE PAISLEY DESIGN,UNMAPPED,2380,4689.56,167,144
23368,SET 12 COLOUR PENCILS DOLLY GIRL,UNMAPPED,2379,1679.55,236,66
21399,BLUE POLKADOT COFFEE MUG,UNMAPPED,2378,1550.44,118,94
22674,FRENCH TOILET SIGN BLUE METAL,UNMAPPED,2377,2956.33,300,203
22217,T-LIGHT HOLDER HANGING LACE,UNMAPPED,2374,2814.81,216,164
22224,WHITE LOVEBIRD LANTERN,UNMAPPED,2373,7527.94,404,274
20985,HEART CALCULATOR,UNMAPPED,2370,3047.99,300,218
22480,RED TEA TOWEL CLASSIC DESIGN,UNMAPPED,2368,2863.06,267,180
22798,ANTIQUE GLASS DRESSING TABLE POT,UNMAPPED,2367,7336.09,356,204
21272,UNKNOWN,UNMAPPED,2366,3109.83,346,250
22208,WOOD STAMP SET THANK YOU,UNMAPPED,2366,3036.95,441,259
22076,6 RIBBONS EMPIRE,UNMAPPED,2365,3490.19,380,251
22980,PANTRY SCRUBBING BRUSH,UNMAPPED,2363,3910.01,294,157
21161,KEEP OUT BOYS DOOR HANGER,UNMAPPED,2360,1806.05,211,156
23356,LOVE HOT WATER BOTTLE,UNMAPPED,2359,13334.32,486,92
22134,MINI LADLE LOVE HEART RED,UNMAPPED,2354,1043.58,299,223
23089,GLASS BON BON JAR,UNMAPPED,2354,4215.78,228,127
85204,HANGING WOOD AND FELT FLOWER,UNMAPPED,2353,460.90,157,133
21883,STARS GIFT TAPE,UNMAPPED,2348,1199.48,226,162
47593B,SCOTTIE DOGS BABY BIB,UNMAPPED,2347,1325.97,362,259
21294,ETCHED GLASS COASTER,UNMAPPED,2346,1653.75,142,123
22093,MOTORING TISSUE BOX,UNMAPPED,2346,1429.87,278,186
23380,PACK OF 12 VINTAGE DOILY TISSUES,UNMAPPED,2344,983.50,123,59
85071B,RED CHARLIE+LOLA PERSONAL DOORSIGN,UNMAPPED,2340,1316.48,167,124
23187,FRENCH STYLE STORAGE JAR BONBONS,UNMAPPED,2338,695.06,75,54
10123G,ARMY CAMO WRAPPING TAPE,UNMAPPED,2334,165.56,19,16
85049D,UNKNOWN,UNMAPPED,2334,2927.88,411,260
22365,DOORMAT RESPECTABLE HOUSE,UNMAPPED,2333,15289.79,447,292
84847,UNKNOWN,UNMAPPED,2333,1149.73,51,47
85206A,UNKNOWN,UNMAPPED,2331,3982.91,323,121
23211,RED ROCKING HORSE HAND PAINTED,UNMAPPED,2329,2930.57,162,82
23032,DRAWER KNOB CRACKLE GLAZE IVORY,UNMAPPED,2328,3853.68,203,104
23082,SET 6 PAPER TABLE LANTERN HEARTS,UNMAPPED,2328,8558.76,303,135
22580,ADVENT CALENDAR GINGHAM SACK,UNMAPPED,2326,13141.08,497,187
21126,SET OF 6 GIRLS CELEBRATION CANDLES,UNMAPPED,2325,2349.22,289,220
21403,BLUE EGG SPOON,UNMAPPED,2319,523.07,157,134
22482,BLUE TEA TOWEL CLASSIC DESIGN,UNMAPPED,2319,2739.43,218,153
47567B,TEA TIME KITCHEN APRON,UNMAPPED,2319,11721.99,356,241
16016,LARGE CHINESE STYLE SCISSOR,UNMAPPED,2314,1870.70,106,98
22623,BOX OF VINTAGE JIGSAW BLOCKS,UNMAPPED,2313,12432.28,544,283
22649,STRAWBERRY FAIRY CAKE TEAPOT,UNMAPPED,2308,11541.78,498,271
22063,CERAMIC BOWL WITH STRAWBERRY DESIGN,UNMAPPED,2303,6356.06,365,254
72586,SET OF 6 HALLOWEEN GHOST T-LIGHTS,UNMAPPED,2303,1010.10,183,132
21107,CREAM SLICE FLANNEL PINK SPOT,UNMAPPED,2302,6624.77,315,213
21389,IVORY HANGING DECORATION BIRD,UNMAPPED,2299,2008.09,268,188
21012,ANTIQUE ALL GLASS CANDLESTICK,UNMAPPED,2297,4293.70,301,212
22520,CHILDS GARDEN TROWEL BLUE,UNMAPPED,2297,2011.28,379,200
84792,ENCHANTED BIRD COATHANGER 5 HOOK,UNMAPPED,2297,10119.51,521,342
23212,HEART WREATH DECORATION WITH BELL,UNMAPPED,2296,2860.89,191,89
21398,RED POLKADOT COFFEE MUG,UNMAPPED,2295,2231.90,126,100
22429,ENAMEL MEASURING JUG CREAM,UNMAPPED,2294,9844.04,634,334
21259,VICTORIAN SEWING BOX SMALL,UNMAPPED,2293,13843.92,656,371
21948,SET OF 6 CAKE CHOPSTICKS,UNMAPPED,2293,2921.36,269,209
23159,SET OF 5 PANCAKE DAY MAGNETS,UNMAPPED,2293,4713.52,224,137
22521,CHILDS GARDEN TROWEL PINK,UNMAPPED,2289,1987.93,377,186
21066,VINTAGE RED MUG,UNMAPPED,2284,1494.67,131,113
23119,PACK OF 6 LARGE FRUIT STRAWS,UNMAPPED,2282,1401.70,151,90
79323P,PINK CHERRY LIGHTS,UNMAPPED,2281,13787.93,266,95
85184C,SET 4 VALENTINE DECOUPAGE HEART BOX,UNMAPPED,2281,4927.06,354,224
22169,FAMILY ALBUM WHITE PICTURE FRAME,UNMAPPED,2277,19507.60,702,402
22896,PEG BAG APPLES DESIGN,UNMAPPED,2276,5230.55,370,238
23334,IVORY WICKER HEART SMALL,UNMAPPED,2271,1491.75,136,73
22305,COFFEE MUG PINK PAISLEY DESIGN,UNMAPPED,2267,4711.53,144,128
22751,FELTCRAFT PRINCESS OLIVIA DOLL,UNMAPPED,2264,8445.97,470,233
21439,BASKET OF TOADSTOOLS,UNMAPPED,2259,2837.54,243,188
17091A,LAVENDER INCENSE IN TIN,UNMAPPED,2253,1285.89,119,99
23122,PARTY CHARMS 50 PIECES,UNMAPPED,2251,1726.09,136,84
23366,SET 12 COLOURING PENCILS DOILY,UNMAPPED,2249,1667.95,198,64
84030E,ENGLISH ROSE HOT WATER BOTTLE,UNMAPPED,2242,10021.55,538,237
85017B,ENVELOPE 50 BLOSSOM IMAGES,UNMAPPED,2242,1390.39,319,236
35471D,SET OF 3 BIRD LIGHT PINK FEATHER,UNMAPPED,2241,1591.86,356,230
22522,CHILDS GARDEN FORK BLUE,UNMAPPED,2240,1905.81,340,206
23090,VINTAGE GLASS T-LIGHT HOLDER,UNMAPPED,2237,1870.03,152,83
22334,DINOSAUR PARTY BAG + STICKER SET,UNMAPPED,2232,3552.36,269,213
22810,SET OF 6 T-LIGHTS SNOWMEN,UNMAPPED,2232,6729.13,333,141
21658,UNKNOWN,UNMAPPED,2228,9271.89,529,298
22354,RETROSPOT PADDED SEAT CUSHION,UNMAPPED,2228,8454.56,281,207
22675,FRENCH KITCHEN SIGN BLUE METAL,UNMAPPED,2227,2754.95,273,174
21640,ASSORTED TUTTI FRUTTI FOB NOTEBOOK,UNMAPPED,2225,2049.40,214,163
21112,SWISS ROLL TOWEL PINK SPOTS,UNMAPPED,2222,5484.26,190,149
21805,WHITE CHRISTMAS TREE DECORATION,UNMAPPED,2221,957.63,105,66
23155,KNICKERBOCKERGLORY MAGNET ASSORTED,UNMAPPED,2221,1904.77,135,91
23108,SET OF 10 LED DOLLY LIGHTS,UNMAPPED,2219,13290.52,373,147
20730,STRAWBERRY CANDY BAG,UNMAPPED,2218,1011.70,102,61
21192,WHITE BELL HONEYCOMB PAPER,UNMAPPED,2215,3885.64,223,148
21241,GREEN POLKADOT CUP,UNMAPPED,2213,1869.07,261,162
22805,BLUE DRAWER KNOB ACRYLIC EDWARDIAN,UNMAPPED,2207,3008.82,231,169
90167,UNKNOWN,UNMAPPED,2207,1801.17,112,89
35954,check,UNMAPPED,2205,850.49,113,84
21383,PACK OF 12 STICKY BUNNIES,UNMAPPED,2204,1590.43,329,197
22043,CHRISTMAS CARD SCREEN PRINT,UNMAPPED,2203,619.25,127,93
23191,BUNDLE OF 3 RETRO NOTE BOOKS,UNMAPPED,2201,3628.89,287,143
84989A,75 GREEN FAIRY CAKE CASES,UNMAPPED,2195,1243.99,197,162
22994,TRAVEL CARD WALLET RETROSPOT,UNMAPPED,2194,956.94,219,135
23247,BISCUIT TIN 50'S CHRISTMAS,UNMAPPED,2194,6681.25,309,105
72349B,SET/6 PURPLE BUTTERFLY T-LIGHTS,UNMAPPED,2194,4898.40,403,254
23035,DRAWER KNOB CERAMIC IVORY,UNMAPPED,2191,3199.99,192,110
72802C,VANILLA SCENT CANDLE JEWELLED BOX,UNMAPPED,2186,6055.85,273,198
22523,CHILDS GARDEN FORK PINK,UNMAPPED,2184,1882.29,359,206
35160,UNKNOWN,UNMAPPED,2182,1590.64,57,54
23292,SPACEBOY CHILDRENS CUP,UNMAPPED,2181,2703.33,223,118
84975,HEART SHAPED MIRROR,UNMAPPED,2180,3266.40,216,141
21224,SET/4 SKULL BADGES,UNMAPPED,2171,2691.91,316,233
22061,LARGE CAKE STAND HANGING STRAWBERY,UNMAPPED,2171,19121.37,521,326
21866,UNION JACK FLAG LUGGAGE TAG,UNMAPPED,2168,3591.50,460,309
23100,SILVER BELLS TABLE DECORATION,UNMAPPED,2166,2739.38,263,107
23176,ABC TREASURE BOOK BOX,UNMAPPED,2165,4693.08,227,142
23241,TREASURE TIN GYMKHANA DESIGN,UNMAPPED,2165,4669.55,366,142
35924,HANGING FAIRY CAKE DECORATION,UNMAPPED,2164,4049.40,192,143
22364,GLASS JAR DIGESTIVE BISCUITS,UNMAPPED,2161,6498.61,349,244
21397,BLUE POLKADOT EGG CUP,UNMAPPED,2157,2017.74,180,135
22707,WRAP MONSTER FUN,UNMAPPED,2157,905.94,83,77
22074,6 RIBBONS SHIMMERING PINKS,UNMAPPED,2156,2216.34,291,195
22897,OVEN MITT APPLES DESIGN,UNMAPPED,2156,2894.75,300,193
21206,STRAWBERRY HONEYCOMB GARLAND,UNMAPPED,2155,3067.90,240,196
22948,METAL DECORATION NAUGHTY CHILDREN,UNMAPPED,2155,2164.69,186,138
22692,DOORMAT WELCOME TO OUR HOME,UNMAPPED,2154,15965.95,614,311
22187,GREEN CHRISTMAS TREE CARD HOLDER,UNMAPPED,2152,6820.70,367,164
16043,POP ART PUSH DOWN RUBBER,UNMAPPED,2145,180.30,13,13
17129D,CLEAR COLOUR GLASS GEMS IN BAG,UNMAPPED,2145,1351.18,41,32
23148,MINIATURE ANTIQUE ROSE HOOK IVORY,UNMAPPED,2139,1816.31,254,130
22315,200 RED + WHITE BENDY STRAWS,UNMAPPED,2137,2749.51,390,267
22231,JIGSAW TREE WITH BIRDHOUSE,UNMAPPED,2135,2712.48,301,211
85049B,LUSH GREENS RIBBONS,UNMAPPED,2135,2663.24,346,212
22073,RED RETROSPOT STORAGE JAR,UNMAPPED,2129,8457.89,491,280
21677,HEARTS STICKERS,UNMAPPED,2125,1859.38,279,209
21143,ANTIQUE GLASS HEART DECORATION,UNMAPPED,2124,4149.15,189,117
21125,SET 6 FOOTBALL CELEBRATION CANDLES,UNMAPPED,2123,2211.38,253,192
22099,CARAVAN SQUARE TISSUE BOX,UNMAPPED,2123,1585.46,300,214
85230B,CINNAMON SCENTED VOTIVE CANDLE,UNMAPPED,2120,561.04,68,60
21587,COSY HOUR GIANT TUBE MATCHES,UNMAPPED,2119,5173.05,272,114
23002,TRAVEL CARD WALLET SKULLS,UNMAPPED,2119,914.37,194,130
22311,OFFICE MUG WARMER BLACK+SILVER,UNMAPPED,2116,6755.56,302,199
85040A,S/4 PINK FLOWER CANDLES IN BOWL,UNMAPPED,2116,3809.64,449,296
23256,CHILDRENS CUTLERY SPACEBOY,UNMAPPED,2113,8667.07,372,172
22587,FELTCRAFT HAIRBAND RED AND BLUE,UNMAPPED,2112,1841.19,316,206
22420,LIPSTICK PEN BABY PINK,UNMAPPED,2111,1014.75,240,168
85049F,BABY BOOM RIBBONS,UNMAPPED,2110,2634.00,319,225
21159,MOODY BOY DOOR HANGER,UNMAPPED,2105,1445.37,251,194
22261,FELT EGG COSY WHITE RABBIT,UNMAPPED,2105,2024.35,254,164
10125,MINI FUNKY DESIGN TAPES,UNMAPPED,2103,1715.78,173,124
23434,3 RAFFIA RIBBONS 50'S CHRISTMAS,UNMAPPED,2095,1884.17,200,71
21411,GINGHAM HEART DOORSTOP RED,UNMAPPED,2090,8352.94,629,356
22357,KINGS CHOICE BISCUIT TIN,UNMAPPED,2089,9352.41,467,292
23333,IVORY WICKER HEART MEDIUM,UNMAPPED,2089,2695.45,243,91
22586,FELTCRAFT HAIRBAND PINK AND BLUE,UNMAPPED,2087,1815.14,300,203
22565,FELTCRAFT HAIRBANDS PINK AND WHITE,UNMAPPED,2086,1902.19,282,202
23145,ZINC T-LIGHT HOLDER STAR LARGE,UNMAPPED,2084,1979.48,170,112
84754,S/15 SILVER GLASS BAUBLES IN BAG,UNMAPPED,2083,2634.59,224,127
21329,DINOSAURS WRITING SET,UNMAPPED,2082,3760.66,561,317
16169K,WRAP FOLK ART,UNMAPPED,2075,658.75,60,52
22922,FRIDGE MAGNETS US DINER ASSORTED,UNMAPPED,2073,1789.20,113,89
85114B,IVORY ENCHANTED FOREST PLACEMAT,UNMAPPED,2073,3804.81,243,190
35015,JACOBS LADDER SMALL,UNMAPPED,2072,134.08,39,34
85049H,URBAN BLACK RIBBONS,UNMAPPED,2066,2067.18,338,240
85132C,CHARLIE AND LOLA FIGURES TINS,UNMAPPED,2066,5865.04,307,180
22097,SWALLOW SQUARE TISSUE BOX,UNMAPPED,2064,1281.75,250,189
22550,HOLIDAY FUN LUDO,UNMAPPED,2061,7669.64,429,271
16169M,WRAP DAISY CARPET,UNMAPPED,2060,640.95,60,54
23332,IVORY WICKER HEART LARGE,UNMAPPED,2059,3542.71,296,94
85231B,CINAMMON SET OF 9 T-LIGHTS,UNMAPPED,2058,1884.42,393,247
85118,HEART T-LIGHT HOLDER,UNMAPPED,2054,1133.68,81,69
23266,SET OF 3 WOODEN STOCKING DECORATION,UNMAPPED,2053,2743.82,337,108
21747,SMALL SKULL WINDMILL,UNMAPPED,2049,2452.35,154,128
72807C,SET/3 VANILLA SCENTED CANDLE IN BOX,UNMAPPED,2043,9001.15,392,251
85053,FRENCH ENAMEL CANDLEHOLDER,UNMAPPED,2037,4363.28,386,236
37444B,UNKNOWN,UNMAPPED,2036,409.60,30,27
22747,POPPY'S PLAYHOUSE BATHROOM,UNMAPPED,2035,4487.20,406,204
21070,VINTAGE BILLBOARD MUG,UNMAPPED,2034,2083.46,232,174
22293,HANGING CHICK GREEN DECORATION,UNMAPPED,2034,2860.20,230,167
23101,SILVER STARS TABLE DECORATION,UNMAPPED,2031,1739.63,214,98
22262,FELT EGG COSY CHICKEN,UNMAPPED,2026,1947.82,319,206
16169N,WRAP BLUE RUSSIAN FOLKART,UNMAPPED,2025,626.25,56,49
85131A,BEADED PEARL HEART WHITE ON STICK,UNMAPPED,2025,1619.23,200,153
22179,SET 10 NIGHT OWL LIGHTS,UNMAPPED,2023,14418.61,569,353
23280,FOLDING BUTTERFLY MIRROR HOT PINK,UNMAPPED,2023,1614.16,158,108
21384,UNKNOWN,UNMAPPED,2019,1810.19,154,85
85224,ASSORTED COLOUR SILK GLASSES CASE,UNMAPPED,2015,1120.96,65,55
22264,FELT FARM ANIMAL WHITE BUNNY,UNMAPPED,2014,1152.22,170,113
21214,UNKNOWN,UNMAPPED,2010,2920.82,204,123
21873,IF YOU CAN'T STAND THE HEAT MUG,UNMAPPED,2010,2360.01,199,160
22949,SET OF 36 DOLLY GIRL PAPER DOILIES,UNMAPPED,2010,2858.19,177,128
21785,RAIN PONCHO,UNMAPPED,2005,1514.63,101,81
20653,CHERRY BLOSSOM LUGGAGE TAG,UNMAPPED,2004,528.77,81,70
22186,RED STAR CARD HOLDER,UNMAPPED,2004,5431.40,346,176
23004,TRAVEL CARD WALLET PANTRY,UNMAPPED,2002,903.16,224,141
22917,HERB MARKER ROSEMARY,UNMAPPED,1996,1386.65,253,157
85218,S/5 MINI ICE CREAM FRIDGE MAGNETS,UNMAPPED,1992,625.20,2,2
85230A,OPIUM SCENTED VOTIVE CANDLE,UNMAPPED,1992,497.04,48,46
22136,LOVE HEART SOCK HANGER,UNMAPPED,1989,3322.22,270,198
23186,FRENCH STYLE STORAGE JAR CAFE,UNMAPPED,1982,819.46,71,55
22236,CAKE STAND 3 TIER MAGIC GARDEN,UNMAPPED,1980,13965.52,423,257
22547,MINI JIGSAW DINOSAUR,UNMAPPED,1980,846.82,192,150
22592,CARDHOLDER HOLLY WREATH METAL,UNMAPPED,1980,7956.84,306,152
23436,VINTAGE CHRISTMAS GIFT BAG LARGE,UNMAPPED,1979,2367.39,114,68
16015,MEDIUM CHINESE STYLE SCISSOR,UNMAPPED,1972,711.38,66,61
22416,SET OF 36 SPACEBOY PAPER DOILIES,UNMAPPED,1970,2763.36,176,153
22191,IVORY DINER WALL CLOCK,UNMAPPED,1967,16216.05,623,347
23264,SET OF 3 WOODEN SLEIGH DECORATIONS,UNMAPPED,1963,2690.81,314,104
35971,ROSE FOLKART HEART DECORATIONS,UNMAPPED,1963,1947.74,225,180
22916,HERB MARKER THYME,UNMAPPED,1962,1363.38,254,161
22361,GLASS JAR DAISY FRESH COTTON WOOL,UNMAPPED,1954,6036.26,504,306
22524,CHILDRENS GARDEN GLOVES BLUE,UNMAPPED,1952,2713.23,301,177
35095B,RED VICTORIAN FABRIC OVAL BOX,UNMAPPED,1952,766.64,177,147
21564,PINK HEART SHAPE LOVE BUCKET,UNMAPPED,1951,4524.50,295,231
22525,CHILDRENS GARDEN GLOVES PINK,UNMAPPED,1950,2748.79,331,179
22117,METAL SIGN HER DINNER IS SERVED,UNMAPPED,1949,5207.73,231,179
22044,CHRISTMAS CARD STACK OF PRESENTS,UNMAPPED,1946,550.28,90,60
22479,DAISY GARDEN MARKER,UNMAPPED,1939,2691.19,215,165
23437,50'S CHRISTMAS GIFT BAG LARGE,UNMAPPED,1939,2373.63,131,66
23234,BISCUIT TIN VINTAGE CHRISTMAS,UNMAPPED,1938,5079.78,279,109
22286,DECORATION WOBBLY RABBIT METAL,UNMAPPED,1937,2200.75,195,140
84849B,FAIRY SOAP SOAP HOLDER,UNMAPPED,1936,3244.14,294,216
17164D,ASS COL SMALL SAND FROG P'WEIGHT,UNMAPPED,1934,447.00,32,24
21007,UNKNOWN,UNMAPPED,1932,914.67,49,34
23083,SET 6 PAPER TABLE LANTERN STARS,UNMAPPED,1932,7250.90,249,102
21421,PORCELAIN ROSE LARGE,UNMAPPED,1928,2144.48,110,86
20733,GOLD MINI TAPE MEASURE,UNMAPPED,1927,1452.20,295,202
23504,PLAYING CARDS JUBILEE UNION JACK,UNMAPPED,1927,2848.89,217,63
21327,SKULLS WRITING SET,UNMAPPED,1926,3378.51,500,313
72225C,LAVENDER SCENT CAKE CANDLE,UNMAPPED,1926,466.38,38,37
22918,HERB MARKER PARSLEY,UNMAPPED,1925,1322.86,252,156
23193,BUFFALO BILL TREASURE BOOK BOX,UNMAPPED,1922,4079.28,175,121
85014D,UNKNOWN,UNMAPPED,1919,6664.45,91,49
22902,TOTE BAG I LOVE LONDON,UNMAPPED,1916,3506.56,202,142
23399,HOME SWEET HOME HANGING HEART,UNMAPPED,1914,1745.55,234,81
22193,RED DINER WALL CLOCK,UNMAPPED,1911,16117.98,618,327
22101,MIRROR MOSAIC VOTIVE HOLDER,UNMAPPED,1909,2790.27,117,97
21541,DINOSAURS WATER TRANSFER TATTOOS,UNMAPPED,1907,1636.24,203,133
85071A,BLUE CHARLIE+LOLA PERSONAL DOORSIGN,UNMAPPED,1907,1415.69,149,107
20960,WATERMELON BATH SPONGE,UNMAPPED,1902,2550.84,220,152
17001,HEAVENS SCENT FRAGRANCE OILS ASSTD,UNMAPPED,1895,299.35,24,22
22396,MAGNETS PACK OF 4 RETRO PHOTO,UNMAPPED,1895,1427.08,185,147
22276,WASH BAG VINTAGE ROSE PAISLEY,UNMAPPED,1889,4884.86,374,245
23196,VINTAGE LEAF MAGNETIC NOTEPAD,UNMAPPED,1884,2842.24,305,119
22483,RED GINGHAM TEDDY BEAR,UNMAPPED,1883,5440.51,351,240
22972,CHILDREN'S SPACEBOY MUG,UNMAPPED,1882,3219.74,244,155
20657,TROPICAL LUGGAGE TAG,UNMAPPED,1881,726.47,120,97
21542,UNKNOWN,UNMAPPED,1879,1600.75,192,127
23287,RED VINTAGE SPOT BEAKER,UNMAPPED,1879,1603.39,200,107
21452,TOADSTOOL MONEY BOX,UNMAPPED,1876,5731.33,419,270
23382,BOX OF 6 CHRISTMAS CAKE DECORATIONS,UNMAPPED,1875,7356.18,221,48
22583,PACK OF 6 HANDBAG GIFT BOXES,UNMAPPED,1873,4955.75,361,223
22251,BIRDHOUSE DECORATION MAGIC GARDEN,UNMAPPED,1871,2317.64,301,213
23229,VINTAGE DONKEY TAIL GAME,UNMAPPED,1869,6739.71,256,115
23147,SINGLE ANTIQUE ROSE HOOK IVORY,UNMAPPED,1868,2752.20,265,139
85041,UNKNOWN,UNMAPPED,1865,2489.87,96,63
23552,BICYCLE PUNCTURE REPAIR KIT,UNMAPPED,1863,3881.91,123,13
21945,STRAWBERRIES DESIGN FLANNEL,UNMAPPED,1862,1307.10,242,167
84944,SET OF 6 KASHMIR FOLKART BAUBLES,UNMAPPED,1860,3153.88,202,124
23365,SET 12 COLOUR PENCILS LOVE LONDON,UNMAPPED,1857,1463.08,173,56
22676,FRENCH BLUE METAL DOOR SIGN 1,UNMAPPED,1856,2464.98,316,206
84006,MAGIC TREE -PAPER FLOWERS,UNMAPPED,1856,1738.07,212,144
22067,CHOC TRUFFLE GOLD TRINKET POT,UNMAPPED,1855,3019.32,254,199
23550,WRAP ALPHABET POSTER,UNMAPPED,1855,763.10,64,48
21864,UNION JACK FLAG PASSPORT COVER,UNMAPPED,1853,4431.54,417,274
21014,SWISS CHALET TREE DECORATION,UNMAPPED,1850,928.09,194,122
23238,SET OF 4 KNICK KNACK TINS LONDON,UNMAPPED,1849,7771.61,278,132
21171,BATHROOM METAL SIGN,UNMAPPED,1845,2578.27,261,179
22265,EASTER DECORATION NATURAL CHICK,UNMAPPED,1843,1207.80,177,122
21357,UNKNOWN,UNMAPPED,1842,1827.76,220,142
22102,MIRROR MOSAIC T-LIGHT HOLDER,UNMAPPED,1842,1191.69,59,54
22965,3 TRADITIONAl BISCUIT CUTTERS SET,UNMAPPED,1842,3834.04,262,175
21011,GLITTER SNOW PEAR TREE DECORATION,UNMAPPED,1840,1373.80,126,73
22371,AIRLINE BAG VINTAGE TOKYO 78,UNMAPPED,1840,8936.80,693,368
23551,PACK OF 12 PAISLEY PARK TISSUES,UNMAPPED,1840,839.84,138,70
23268,UNKNOWN,UNMAPPED,1839,2018.14,94,55
84012,MAGIC SHEEP WOOL GROWING FROM PAPER,UNMAPPED,1838,2628.47,180,130
22070,SMALL RED RETROSPOT MUG IN BOX,UNMAPPED,1835,5701.49,324,239
23194,GYMKHANA TREASURE BOOK BOX,UNMAPPED,1835,4077.37,217,131
23163,REGENCY SUGAR TONGS,UNMAPPED,1832,4515.22,209,132
22199,FRYING PAN RED RETROSPOT,UNMAPPED,1828,7480.35,407,283
22605,WOODEN CROQUET GARDEN SET,UNMAPPED,1828,23426.82,644,315
35649,VINTAGE BEAD COSMETIC BAG,UNMAPPED,1826,1362.90,54,48
22175,PINK OWL SOFT TOY,UNMAPPED,1824,5278.31,365,259
21336,GOLD WASHBAG,UNMAPPED,1823,527.56,43,42
72484,UNKNOWN,UNMAPPED,1823,991.38,67,42
23501,KEY RING BASEBALL BOOT UNION JACK,UNMAPPED,1821,2217.87,114,46
85177,BASKET OF FLOWERS SEWING KIT,UNMAPPED,1820,1514.78,143,127
85194L,HANGING SPRING FLOWER EGG LARGE,UNMAPPED,1818,1560.63,147,100
22342,HOME GARLAND PAINTED ZINC,UNMAPPED,1817,2521.25,230,196
85116,BLACK CANDELABRA T-LIGHT HOLDER,UNMAPPED,1817,2206.24,182,139
21973,SET OF 36 MUSHROOM PAPER DOILIES,UNMAPPED,1810,2420.03,211,163
23438,RED SPOT GIFT BAG LARGE,UNMAPPED,1809,2209.92,109,65
35095A,BLUE VICTORIAN FABRIC OVAL BOX,UNMAPPED,1809,725.56,166,138
21826,UNKNOWN,UNMAPPED,1804,2326.87,251,168
90057,DIAMANTE RING ASSORTED IN BOX.,UNMAPPED,1804,2675.88,37,33
84249D,FAIRY CAKE GREETINGS CARD,UNMAPPED,1803,347.30,66,54
21503,TOYBOX WRAP,UNMAPPED,1801,740.42,64,58
22919,HERB MARKER MINT,UNMAPPED,1800,1255.44,251,152
23352,ROLL WRAP 50'S RED CHRISTMAS,UNMAPPED,1800,2459.20,213,77
22340,NOEL GARLAND PAINTED ZINC,UNMAPPED,1799,1511.05,184,106
23480,MINI LIGHTS WOODLAND MUSHROOMS,UNMAPPED,1799,6719.14,219,44
23330,DECORATIVE WICKER HEART MEDIUM,UNMAPPED,1794,2286.97,223,91
20832,RED FLOCK LOVE HEART PHOTO FRAME,UNMAPPED,1791,1122.65,160,126
22598,CHRISTMAS MUSICAL ZINC TREE,UNMAPPED,1790,1131.85,146,92
21944,KITTENS DESIGN FLANNEL,UNMAPPED,1789,1106.01,205,142
84818,DANISH ROSE PHOTO FRAME,UNMAPPED,1788,2382.25,214,167
20886,BOX OF 9 PEBBLE CANDLES,UNMAPPED,1787,3540.22,314,232
22650,CERAMIC PIRATE CHEST MONEY BANK,UNMAPPED,1787,2717.88,286,197
21906,PHARMACIE FIRST AID TIN,UNMAPPED,1786,12879.46,426,284
21675,BUTTERFLIES STICKERS,UNMAPPED,1782,1576.84,269,201
21340,CLASSIC METAL BIRDCAGE PLANT HOLDER,UNMAPPED,1776,19194.13,424,256
22957,SET 3 PAPER VINTAGE CHICK PAPER EGG,UNMAPPED,1775,5014.65,216,80
21624,VINTAGE UNION JACK DOORSTOP,UNMAPPED,1771,10641.15,405,267
21634,ASSORTED MINI MADRAS NOTEBOOK,UNMAPPED,1771,1507.74,69,64
22921,HERB MARKER CHIVES,UNMAPPED,1771,1226.72,221,138
23265,SET OF 3 WOODEN TREE DECORATIONS,UNMAPPED,1769,2404.79,305,103
23329,DECORATIVE WICKER HEART LARGE,UNMAPPED,1767,3038.19,250,93
18097C,WHITE TALL PORCELAIN T-LIGHT HOLDER,UNMAPPED,1763,3924.92,212,162
21666,RIDGED GLASS T-LIGHT HOLDER,UNMAPPED,1760,1105.15,86,78
85194S,HANGING SPRING FLOWER EGG SMALL,UNMAPPED,1760,889.46,133,105
23006,TRAVEL CARD WALLET FLOWER MEADOW,UNMAPPED,1758,762.75,173,119
84341B,SMALL PINK MAGIC CHRISTMAS TREE,UNMAPPED,1757,922.18,125,90
84884A,ANT WHITE WIRE HEART SPIRAL,UNMAPPED,1757,6659.17,347,256
79030G,TUMBLER NEW ENGLAND,UNMAPPED,1751,1462.95,121,90
16169P,WRAP GREEN RUSSIAN FOLKART,UNMAPPED,1750,533.75,48,46
22103,MIRROR MOSAIC T-LIGHT HOLDER ROUND,UNMAPPED,1746,1760.64,71,64
37327,adjustment,UNMAPPED,1745,1051.69,94,74
22628,PICNIC BOXES SET OF 3 RETROSPOT,UNMAPPED,1744,8367.80,351,224
22310,IVORY KNITTED MUG COSY,UNMAPPED,1739,3113.94,226,171
22042,CHRISTMAS CARD SINGING ANGEL,UNMAPPED,1738,627.19,129,87
35832,UNKNOWN,UNMAPPED,1738,5341.85,191,74
22468,BABUSHKA LIGHTS STRING OF 10,UNMAPPED,1736,11542.60,413,258
22779,WOODEN OWLS LIGHT GARLAND,UNMAPPED,1735,6631.35,196,141
23327,HANGING CLEAR MINI BOTTLE,UNMAPPED,1734,1051.14,42,29
23271,CHRISTMAS TABLE SILVER CANDLE SPIKE,UNMAPPED,1731,1496.89,106,59
16168M,FUNKY MONKEY GIFT BAG MEDIUM,UNMAPPED,1730,512.38,102,90
22157,ANGEL DECORATION WITH LACE PADDED,UNMAPPED,1729,1451.40,129,77
37479B,UNKNOWN,UNMAPPED,1729,1095.85,36,32
84880,WHITE WIRE EGG HOLDER,UNMAPPED,1729,9894.99,377,244
22228,BUNNY WOODEN PAINTED WITH BIRD,UNMAPPED,1727,1456.60,278,182
35598D,PINK/WHITE CHRISTMAS TREE 60CM,UNMAPPED,1727,1312.20,103,82
85183B,CHARLIE & LOLA WASTEPAPER BIN FLORA,UNMAPPED,1725,2731.76,172,139
22403,MAGNETS PACK OF 4 VINTAGE LABELS,UNMAPPED,1715,1195.89,212,165
23161,REGENCY CAKE FORK,UNMAPPED,1715,2145.30,98,76
85226A,UNKNOWN,UNMAPPED,1715,933.07,152,102
23251,VINTAGE RED ENAMEL TRIM MUG,UNMAPPED,1712,2105.75,120,84
21774,DECORATIVE CATS BATHROOM BOTTLE,UNMAPPED,1711,2129.81,370,269
22776,SWEETHEART 3 TIER CAKE STAND,UNMAPPED,1708,17530.46,692,275
23371,SET 36 COLOUR PENCILS SPACEBOY,UNMAPPED,1705,2304.78,186,65
23254,CHILDRENS CUTLERY DOLLY GIRL,UNMAPPED,1703,6903.11,301,150
23190,BUNDLE OF 3 SCHOOL EXERCISE BOOKS,UNMAPPED,1702,2761.90,203,120
21015,DARK BIRD HOUSE TREE DECORATION,UNMAPPED,1700,771.73,188,116
72760B,VINTAGE CREAM 3 BASKET CAKE STAND,UNMAPPED,1699,16409.02,496,285
21402,RED EGG SPOON,UNMAPPED,1698,333.42,152,134
85197,SET OF 12 MINI BUNNIES IN A BUCKET,UNMAPPED,1698,959.46,78,57
21684,SMALL MEDINA STAMPED METAL BOWL,UNMAPPED,1696,1357.61,105,95
22634,CHILDS BREAKFAST SET SPACEBOY,UNMAPPED,1688,15946.55,501,286
22671,FRENCH LAUNDRY SIGN BLUE METAL,UNMAPPED,1688,2811.34,247,180
21817,GLITTER CHRISTMAS TREE,UNMAPPED,1687,1077.19,135,86
22409,MONEY BOX BISCUITS DESIGN,UNMAPPED,1686,2290.46,165,135
23120,PACK OF 6 SMALL FRUIT STRAWS,UNMAPPED,1685,682.39,105,71
21614,UNKNOWN,UNMAPPED,1684,4538.17,200,147
85016,SET OF 6 VINTAGE NOTELETS KIT,UNMAPPED,1684,2033.33,168,132
23213,STAR WREATH DECORATION WITH BELL,UNMAPPED,1682,2138.42,155,77
85230G,ORANGE VOTIVE CANDLE,UNMAPPED,1680,425.76,46,44
20734,SILVER MINI TAPE MEASURE,UNMAPPED,1677,1470.62,123,104
37444C,UNKNOWN,UNMAPPED,1676,673.72,56,48
21947,SET OF 6 HEART CHOPSTICKS,UNMAPPED,1675,2302.81,304,214
21942,SKULLS DESIGN FLANNEL,UNMAPPED,1672,1136.28,221,149
15044B,BLUE PAPER PARASOL,UNMAPPED,1670,4644.13,189,150
23135,SMALL ZINC HEART WALL ORGANISER,UNMAPPED,1669,5416.18,47,39
22096,PINK PAISLEY SQUARE TISSUE BOX,UNMAPPED,1667,938.86,185,138
21641,ASSORTED TUTTI FRUTTI KEYRING BALL,UNMAPPED,1666,946.31,111,98
23156,SET OF 5 MINI GROCERY MAGNETS,UNMAPPED,1665,3423.29,207,128
47580,TEA TIME DES TEA COSY,UNMAPPED,1662,4298.60,347,255
21249,WOODLAND HEIGHT CHART STICKERS,UNMAPPED,1661,4770.53,259,211
22635,CHILDS BREAKFAST SET DOLLY GIRL,UNMAPPED,1660,15795.01,487,263
22821,GIFT BAG PSYCHEDELIC APPLES,UNMAPPED,1660,1047.45,186,136
84849D,HOT BATHS SOAP HOLDER,UNMAPPED,1659,2618.27,262,204
22230,JIGSAW TREE WITH WATERING CAN,UNMAPPED,1657,1134.64,196,158
85039B,S/4 IVORY MINI ROSE CANDLE IN BOWL,UNMAPPED,1657,2191.96,269,193
20748,KENSINGTON COFFEE SET,UNMAPPED,1652,14266.98,185,129
22036,DINOSAUR BIRTHDAY CARD,UNMAPPED,1649,695.11,135,97
21773,DECORATIVE ROSE BATHROOM BOTTLE,UNMAPPED,1642,1899.40,310,233
22405,MONEY BOX POCKET MONEY DESIGN,UNMAPPED,1642,1993.38,221,160
23227,FILIGREE HEART BUTTERFLY WHITE,UNMAPPED,1642,2070.06,117,88
85107,CUT GLASS T-LIGHT HOLDER OCTAGON,UNMAPPED,1642,2274.79,74,64
21110,LARGE CAKE TOWEL PINK SPOTS,UNMAPPED,1640,7729.37,333,227
23498,CLASSIC BICYCLE CLIPS,UNMAPPED,1640,2372.68,102,13
47480,HANGING PHOTO CLIP ROPE LADDER,UNMAPPED,1638,2713.98,150,126
21414,SCALLOP SHELL SOAP DISH,UNMAPPED,1637,870.89,37,34
22249,DECORATION WHITE CHICK MAGIC GARDEN,UNMAPPED,1636,1434.66,248,154
22974,CHILDRENS DOLLY GIRL MUG,UNMAPPED,1636,2795.81,212,150
84509A,SET OF 4 ENGLISH ROSE PLACEMATS,UNMAPPED,1636,6742.53,479,315
22487,WHITE WOOD GARDEN PLANT LADDER,UNMAPPED,1634,16373.70,901,409
23291,DOLLY GIRL CHILDRENS CUP,UNMAPPED,1634,2059.03,196,108
37342,UNKNOWN,UNMAPPED,1630,1731.40,133,99
22034,ROBIN CHRISTMAS CARD,UNMAPPED,1629,673.49,95,62
23500,KEY RING BASEBALL BOOT ASSORTED,UNMAPPED,1626,2038.33,102,43
22135,MINI LADLE LOVE HEART PINK,UNMAPPED,1624,806.15,317,223
22780,LIGHT GARLAND BUTTERFILES PINK,UNMAPPED,1623,6167.59,181,134
23289,DOLLY GIRL CHILDRENS BOWL,UNMAPPED,1622,2013.70,192,107
22306,SILVER MUG BONE CHINA TREE OF LIFE,UNMAPPED,1621,2316.20,165,111
22636,CHILDS BREAKFAST SET CIRCUS PARADE,UNMAPPED,1619,13437.03,494,278
79191C,RETRO PLASTIC ELEPHANT TRAY,UNMAPPED,1619,1293.76,158,130
22322,BIRD DECORATION GREEN POLKADOT,UNMAPPED,1617,1528.21,272,199
79067,CORONA MEXICAN TRAY,UNMAPPED,1616,6380.20,399,209
21905,MORE BUTTER METAL SIGN,UNMAPPED,1615,2141.07,263,208
20707,CRAZY DAISY HEART DECORATION,UNMAPPED,1613,1243.68,200,150
22627,MINT KITCHEN SCALES,UNMAPPED,1613,14016.80,663,326
21756,BATH BUILDING BLOCK WORD,UNMAPPED,1612,9944.65,584,322
21556,CERAMIC STRAWBERRY MONEY BOX,UNMAPPED,1611,4244.41,299,209
20738,GREEN MINI TAPE MEASURE,UNMAPPED,1610,1301.72,74,63
21204,DAISIES HONEYCOMB GARLAND,UNMAPPED,1608,2682.99,207,169
23373,VINTAGE CHRISTMAS PAPER GIFT BAG,UNMAPPED,1608,1313.39,100,59
22033,BOTANICAL ROSE GREETING CARD,UNMAPPED,1603,681.93,128,108
21846,PINK DIAMANTE PEN IN GIFT BOX,UNMAPPED,1601,3803.40,265,187
20714,UNKNOWN,UNMAPPED,1600,649.82,29,15
22677,FRENCH BLUE METAL DOOR SIGN 2,UNMAPPED,1600,2143.03,286,187
22795,SWEETHEART RECIPE BOOK STAND,UNMAPPED,1597,11175.81,502,214
85064,CREAM SWEETHEART LETTER RACK,UNMAPPED,1597,7493.06,281,152
15044D,RED PAPER PARASOL,UNMAPPED,1596,4559.65,229,181
21059,PARTY INVITES DINOSAURS,UNMAPPED,1596,1348.56,221,188
23331,DECORATIVE WICKER HEART SMALL,UNMAPPED,1596,1062.28,114,66
72817,UNKNOWN,UNMAPPED,1596,1671.28,219,114
21356,TOAST ITS - FAIRY FLOWER,UNMAPPED,1592,2014.16,354,245
22955,36 FOIL STAR CAKE CASES,UNMAPPED,1592,2885.26,193,121
22702,BLACK AND WHITE CAT BOWL,UNMAPPED,1589,3156.32,95,83
22923,FRIDGE MAGNETS LES ENFANTS ASSORTED,UNMAPPED,1589,1314.89,91,71
22559,SEASIDE FLYING DISC,UNMAPPED,1587,1986.87,207,151
22210,WOOD STAMP SET BEST WISHES,UNMAPPED,1586,1898.42,295,196
20658,RED RETROSPOT LUGGAGE TAG,UNMAPPED,1584,2251.36,358,240
22318,FIVE HEART HANGING DECORATION,UNMAPPED,1583,4983.98,393,275
17129F,BLUE GLASS GEMS IN BAG,UNMAPPED,1580,1684.58,146,132
22344,PARTY PIZZA DISH PINK POLKADOT,UNMAPPED,1580,807.32,133,108
23681,LUNCH BAG RED VINTAGE DOILY,UNMAPPED,1576,2525.04,133,30
23547,WRAP FLOWER SHOP,UNMAPPED,1575,661.50,62,48
85196,UNKNOWN,UNMAPPED,1575,831.04,72,46
16156N,"WRAP, FRIENDSHIP ON GREEN",UNMAPPED,1572,619.50,57,48
21879,HEARTS GIFT TAPE,UNMAPPED,1567,664.84,153,103
23169,CLASSIC GLASS COOKIE JAR,UNMAPPED,1562,6662.84,316,147
37495,FAIRY CAKE BIRTHDAY CANDLE SET,UNMAPPED,1560,5732.60,331,233
21717,UNKNOWN,UNMAPPED,1559,4039.63,177,112
22081,RIBBON REEL FLORA + FAUNA,UNMAPPED,1559,2761.04,304,217
72802B,OCEAN SCENT CANDLE IN JEWELLED BOX,UNMAPPED,1559,4258.97,213,172
85206B,PINK FELT EASTER EGG BASKET,UNMAPPED,1558,2477.30,185,70
22260,FELT EGG COSY BLUE RABBIT,UNMAPPED,1557,1594.77,246,162
21257,VICTORIAN SEWING BOX MEDIUM,UNMAPPED,1556,13968.48,534,321
22784,LANTERN CREAM GAZEBO,UNMAPPED,1551,7727.14,373,209
23370,SET 36 COLOURING PENCILS DOILY,UNMAPPED,1550,2151.60,153,62
21284,RETROSPOT CANDLE SMALL,UNMAPPED,1547,1668.72,140,114
21330,WOODLAND ANIMAL WRITING SET,UNMAPPED,1547,2454.07,204,121
23348,UNKNOWN,UNMAPPED,1545,1633.81,176,84
35923,CANDY HEART HANGING DECORATION,UNMAPPED,1545,1023.77,113,93
21203,BUTTERFLIES HONEYCOMB GARLAND,UNMAPPED,1539,2527.00,148,103
22181,SNOWSTORM PHOTO FRAME FRIDGE MAGNET,UNMAPPED,1538,1291.38,140,121
20716,UNKNOWN,UNMAPPED,1537,1925.04,250,186
21609,SET 12 LAVENDER BOTANICAL T-LIGHTS,UNMAPPED,1537,4186.29,220,178
84596L,BISCUITS SMALL BOWL LIGHT BLUE,UNMAPPED,1537,1016.42,256,178
23221,REINDEER HEART DECORATION SILVER,UNMAPPED,1536,1363.04,149,77
23302,KNEELING MAT HOUSEWORK DESIGN,UNMAPPED,1536,2181.42,233,119
22121,NOEL WOODEN BLOCK LETTERS,UNMAPPED,1535,9167.61,448,188
18098C,PORCELAIN BUTTERFLY OIL BURNER,UNMAPPED,1534,4710.74,382,199
22211,WOOD STAMP SET FLOWERS,UNMAPPED,1531,2022.35,297,200
22424,ENAMEL BREAD BIN CREAM,UNMAPPED,1531,20886.89,742,366
22458,CAST IRON HOOK GARDEN FORK,UNMAPPED,1531,3790.47,174,126
22071,SMALL WHITE RETROSPOT MUG IN BOX,UNMAPPED,1530,4355.88,260,200
16052,TEATIME PUSH DOWN RUBBER,UNMAPPED,1528,281.32,36,34
84839,SWEETHEART KEY CABINET,UNMAPPED,1523,8747.05,394,187
21445,UNKNOWN,UNMAPPED,1522,1887.23,149,114
84993A,75 GREEN PETIT FOUR CASES,UNMAPPED,1522,691.32,208,175
21643,ASSORTED TUTTI FRUTTI MIRROR,UNMAPPED,1521,2127.94,204,154
22250,DECORATION BUTTERFLY MAGIC GARDEN,UNMAPPED,1521,1382.96,263,187
22269,EGG CUP NATURAL CHICKEN,UNMAPPED,1521,1357.70,206,166
16225,RATTLE SNAKE EGGS,UNMAPPED,1520,1271.66,166,127
20652,BLUE POLKADOT LUGGAGE TAG,UNMAPPED,1520,1027.29,175,133
84763,ZINC FINISH 15CM PLANTER POTS,UNMAPPED,1517,1903.00,171,144
20735,BLACK MINI TAPE MEASURE,UNMAPPED,1516,1540.29,203,153
21258,VICTORIAN SEWING BOX LARGE,UNMAPPED,1516,21386.56,531,255
22744,MAKE YOUR OWN MONSOON CARD KIT,UNMAPPED,1515,4245.17,305,186
84199,GLOW IN DARK DOLPHINS,UNMAPPED,1514,121.08,74,62
85039A,SET/4 RED MINI ROSE CANDLE IN BOWL,UNMAPPED,1512,1873.82,295,202
85183A,CHARLIE & LOLA WASTEPAPER BIN BLUE,UNMAPPED,1512,2275.75,143,116
84842,HELLO SAILOR BATHROOM SET,UNMAPPED,1505,744.15,35,34
22743,MAKE YOUR OWN FLOWERPOWER CARD KIT,UNMAPPED,1502,4542.50,358,197
20752,BLUE POLKADOT WASHING UP GLOVES,UNMAPPED,1500,2868.20,358,247
22924,FRIDGE MAGNETS LA VIE EN ROSE,UNMAPPED,1500,1323.42,96,81
21626,VINTAGE UNION JACK PENNANT,UNMAPPED,1496,3017.07,206,153
23381,PACK OF 12 VINTAGE LEAF TISSUES,UNMAPPED,1496,562.88,81,51
23228,FILIGREE HEART BIRD WHITE,UNMAPPED,1492,1960.00,126,83
84459B,UNKNOWN,UNMAPPED,1492,2341.77,219,145
22146,EASTER CRAFT IVY WREATH WITH CHICK,UNMAPPED,1489,2633.13,111,54
22222,CAKE PLATE LOVEBIRD WHITE,UNMAPPED,1489,6160.84,403,278
79190B,RETRO PLASTIC POLKA TRAY,UNMAPPED,1485,603.08,136,123
21431,GREEN GINGHAM FLOWER JEWELLERY BOX,UNMAPPED,1483,2511.36,279,163
85231G,amazon,UNMAPPED,1481,1291.09,264,192
85213,MINI ZINC GARDEN DECORATIONS,UNMAPPED,1480,829.00,82,72
21191,LARGE WHITE HONEYCOMB PAPER BELL,UNMAPPED,1479,3408.61,202,141
23197,SKETCHBOOK MAGNETIC SHOPPING LIST,UNMAPPED,1478,2303.50,250,114
35400,WOODEN BOX ADVENT CALENDAR,UNMAPPED,1477,13999.10,429,117
21209,MULTICOLOUR HONEYCOMB FAN,UNMAPPED,1476,1368.04,137,125
35004B,SET OF 3 BLACK FLYING DUCKS,UNMAPPED,1474,6809.65,276,202
21042,RED RETROSPOT APRON,UNMAPPED,1473,8717.31,403,262
85186A,EASTER BUNNY GARLAND OF FLOWERS,UNMAPPED,1473,685.87,160,108
22267,EASTER DECORATION EGG BUNNY,UNMAPPED,1472,1291.47,121,94
23242,TREASURE TIN BUFFALO BILL,UNMAPPED,1470,3024.63,217,114
23323,WHITE WICKER STAR,UNMAPPED,1469,3146.78,302,115
22345,PARTY PIZZA DISH BLUE POLKADOT,UNMAPPED,1466,710.60,130,102
47421,ASSORTED COLOUR LIZARD SUCTION HOOK,UNMAPPED,1463,572.70,81,66
85203,HANGING WOOD AND FELT BUTTERFLY,UNMAPPED,1463,665.91,231,168
22438,BALLOON ART MAKE YOUR OWN FLOWERS,UNMAPPED,1459,1913.22,177,128
85174,S/4 CACTI CANDLES,UNMAPPED,1459,7193.46,365,247
22695,WICKER WREATH SMALL,UNMAPPED,1457,2070.15,230,144
21063,PARTY INVITES JAZZ HEARTS,UNMAPPED,1456,1256.27,238,192
20846,ZINC HEART LATTICE T-LIGHT HOLDER,UNMAPPED,1453,1956.81,173,135
21145,UNKNOWN,UNMAPPED,1452,1256.21,52,48
22459,UNKNOWN,UNMAPPED,1451,3389.74,176,129
23160,REGENCY TEA SPOON,UNMAPPED,1450,1794.48,76,64
23431,NATURAL HANGING QUILTED HEARTS,UNMAPPED,1449,1171.23,74,48
21884,CAKES AND BOWS GIFT TAPE,UNMAPPED,1448,663.61,161,130
85060,WOOD FAN WITH FLOWER DESIGN,UNMAPPED,1448,1745.62,88,66
21922,UNION STRIPE WITH FRINGE HAMMOCK,UNMAPPED,1445,11199.18,391,234
22538,MINI JIGSAW GO TO THE FAIR,UNMAPPED,1443,610.43,86,80
85131D,BEADED CRYSTAL HEART PINK ON STICK,UNMAPPED,1443,1092.71,267,179
85032A,ROMANTIC IMAGES GIFT WRAP SET,UNMAPPED,1441,1323.51,161,120
22279,POCKET BAG BLUE PAISLEY RED SPOT,UNMAPPED,1440,2104.62,217,160
21401,BLUE PUDDING SPOON,UNMAPPED,1437,315.70,122,101
22735,RIBBON REEL SOCKS AND MITTENS,UNMAPPED,1434,2541.38,235,122
79323LP,LIGHT PINK CHERRY LIGHTS,UNMAPPED,1433,8481.19,170,83
22686,FRENCH BLUE METAL DOOR SIGN No,UNMAPPED,1432,1857.39,228,175
21651,HANGING GLASS ETCHED TEALIGHT,UNMAPPED,1431,2200.36,126,102
22519,CHILDS GARDEN BRUSH PINK,UNMAPPED,1431,2968.77,265,151
82597,UNKNOWN,UNMAPPED,1431,2569.66,220,154
22664,TOY TIDY DOLLY GIRL DESIGN,UNMAPPED,1429,2954.19,266,185
15060B,FAIRY CAKE DESIGN UMBRELLA,UNMAPPED,1428,6486.79,455,293
22192,BLUE DINER WALL CLOCK,UNMAPPED,1427,12104.80,545,320
85114C,RED ENCHANTED FOREST PLACEMAT,UNMAPPED,1424,2875.70,209,156
23312,VINTAGE CHRISTMAS GIFT SACK,UNMAPPED,1423,5964.15,218,92
21200,MULTICOLOUR HONEYCOMB PAPER GARLAND,UNMAPPED,1421,2065.16,127,107
22678,FRENCH BLUE METAL DOOR SIGN 3,UNMAPPED,1421,1875.53,255,185
22696,WICKER WREATH LARGE,UNMAPPED,1421,2790.83,296,175
21391,FRENCH LAVENDER SCENT HEART,UNMAPPED,1417,1811.89,178,142
22272,FELTCRAFT DOLL MARIA,UNMAPPED,1416,3848.34,305,197
21655,UNKNOWN,UNMAPPED,1415,2277.50,90,68
22209,WOOD STAMP SET HAPPY BIRTHDAY,UNMAPPED,1415,1753.94,259,194
84247G,"DECOUPAGE,GREETING CARD,",UNMAPPED,1414,602.67,107,93
21289,LARGE STRIPES CHOCOLATE GIFT BAG,UNMAPPED,1413,1549.31,102,92
22021,BLUE FELT EASTER EGG BASKET,UNMAPPED,1413,2430.31,238,107
23162,REGENCY TEA STRAINER,UNMAPPED,1412,5143.69,176,107
35951,UNKNOWN,UNMAPPED,1409,717.99,47,37
85222,UNKNOWN,UNMAPPED,1407,1579.68,53,42
21471,STRAWBERRY RAFFIA FOOD COVER,UNMAPPED,1406,5095.63,319,225
22430,ENAMEL WATERING CAN CREAM,UNMAPPED,1406,6761.38,364,233
20681,PINK POLKADOT CHILDRENS UMBRELLA,UNMAPPED,1405,4757.15,343,207
22454,MEASURING TAPE BABUSHKA RED,UNMAPPED,1405,3933.63,181,135
37471,MULTICOLOUR POLKADOT PLATE,UNMAPPED,1405,197.85,10,10
22203,MILK PAN RED RETROSPOT,UNMAPPED,1404,5469.51,396,274
79066K,RETRO MOD TRAY,UNMAPPED,1403,1242.96,257,206
22518,CHILDS GARDEN BRUSH BLUE,UNMAPPED,1402,2899.80,271,158
22190,LOCAL CAFE MUG,UNMAPPED,1400,2591.67,245,173
22277,COSMETIC BAG VINTAGE ROSE PAISLEY,UNMAPPED,1400,2927.49,252,201
85186C,BUNNY EGG GARLAND,UNMAPPED,1400,658.19,156,104
22254,FELT TOADSTOOL LARGE,UNMAPPED,1398,1792.21,150,121
21061,PARTY INVITES FOOTBALL,UNMAPPED,1396,1046.56,165,146
22216,T-LIGHT HOLDER WHITE LACE,UNMAPPED,1396,1215.83,121,97
21593,SWALLOW CIGAR BOX MATCHES,UNMAPPED,1391,1629.31,96,66
23372,SET 36 COLOUR PENCILS DOLLY GIRL,UNMAPPED,1389,1750.29,151,61
21532,UNKNOWN,UNMAPPED,1388,1419.71,93,75
72800E,4 IVORY DINNER CANDLES SILVER FLOCK,UNMAPPED,1388,2613.82,294,199
23534,WALL ART STOP FOR TEA,UNMAPPED,1387,8608.90,261,58
22359,GLASS JAR KINGS CHOICE,UNMAPPED,1384,4052.18,208,162
22700,BLACK AND WHITE DOG BOWL,UNMAPPED,1384,3155.40,98,81
22591,CARDHOLDER GINGHAM CHRISTMAS TREE,UNMAPPED,1383,3854.15,210,120
21116,OWL DOORSTOP,UNMAPPED,1382,7900.01,549,325
72801G,4 BURGUNDY WINE DINNER CANDLES,UNMAPPED,1380,821.22,69,64
21111,"SWISS ROLL TOWEL, CHOCOLATE SPOTS",UNMAPPED,1379,3187.16,216,163
84559A,3D SHEET OF DOG STICKERS,UNMAPPED,1378,1285.87,271,202
22807,SET OF 6 T-LIGHTS TOADSTOOLS,UNMAPPED,1375,4086.56,299,184
23028,DRAWER KNOB CRACKLE GLAZE BLUE,UNMAPPED,1369,2377.13,138,69
84507B,STRIPES DESIGN MONKEY DOLL,UNMAPPED,1369,1764.03,117,98
22680,FRENCH BLUE METAL DOOR SIGN 5,UNMAPPED,1368,1820.45,238,172
22410,MONEY BOX HOUSEKEEPING DESIGN,UNMAPPED,1363,1667.46,198,153
22426,ENAMEL WASH BOWL CREAM,UNMAPPED,1361,5133.30,380,252
22973,CHILDREN'S CIRCUS PARADE MUG,UNMAPPED,1361,2314.33,156,120
85093,CANDY SPOT EGG WARMER HARE,UNMAPPED,1361,1091.21,153,112
21637,ASSORTED SANSKRIT MINI NOTEBOOK,UNMAPPED,1358,1741.72,93,75
22451,SILK PURSE BABUSHKA RED,UNMAPPED,1358,4496.99,248,158
85035C,ROSE 3 WICK MORRIS BOX CANDLE,UNMAPPED,1358,2710.79,205,132
85132A,CHARLIE + LOLA BISCUITS TINS,UNMAPPED,1358,5287.20,260,150
20665,RED RETROSPOT PURSE,UNMAPPED,1356,4256.34,350,251
23225,CHERUB HEART DECORATION SILVER,UNMAPPED,1355,1176.17,88,61
22820,GIFT BAG BIRTHDAY,UNMAPPED,1353,845.13,111,84
23029,DRAWER KNOB CRACKLE GLAZE GREEN,UNMAPPED,1352,2303.92,156,93
23377,PACK OF 12 DOLLY GIRL TISSUES,UNMAPPED,1351,592.45,134,65
16169C,WRAP BLUE REINDEER,UNMAPPED,1350,567.00,43,32
21463,MIRRORED DISCO BALL,UNMAPPED,1349,7484.81,302,227
21706,FOLDING UMBRELLA RED/WHITE POLKADOT,UNMAPPED,1348,5026.21,254,199
21187,WHITE BELL HONEYCOMB PAPER GARLAND,UNMAPPED,1344,2243.78,148,106
51020A,adjustment,UNMAPPED,1344,463.31,51,47
72816,SET/3 CHRISTMAS DECOUPAGE CANDLES,UNMAPPED,1344,1671.52,136,92
22258,FELT FARM ANIMAL RABBIT,UNMAPPED,1342,1291.05,133,90
23375,50'S CHRISTMAS PAPER GIFT BAG,UNMAPPED,1342,1100.69,103,65
22287,DECORATION WOBBLY CHICKEN,UNMAPPED,1340,1435.75,121,100
22145,UNKNOWN,UNMAPPED,1338,2752.66,204,92
22476,EMPIRE UNION JACK TV DINNER TRAY,UNMAPPED,1333,5218.61,271,196
21881,CUTE CATS TAPE,UNMAPPED,1332,554.95,118,96
22309,TEA COSY RED STRIPE,UNMAPPED,1331,3459.08,267,202
23483,HANGING BUTTERFLY T-LIGHT HOLDER,UNMAPPED,1328,1636.36,74,42
48189,adjustment,UNMAPPED,1326,8470.28,278,180
85114A,BLACK ENCHANTED FOREST PLACEMAT,UNMAPPED,1326,2296.54,120,104
22449,SILK PURSE BABUSHKA PINK,UNMAPPED,1324,4374.45,313,203
23535,WALL ART BICYCLE SAFETY,UNMAPPED,1324,8440.24,216,57
21540,DAIRY MAID BUTTER DISH,UNMAPPED,1323,2394.95,87,71
22840,ROUND CAKE TIN VINTAGE RED,UNMAPPED,1323,10023.65,402,211
21538,DAIRY MAID PUDDING BOWL,UNMAPPED,1322,1924.51,52,42
21894,POTTING SHED SEED ENVELOPES,UNMAPPED,1320,1836.14,249,194
22673,FRENCH GARDEN SIGN BLUE METAL,UNMAPPED,1320,1667.50,196,144
85032D,YULETIDE IMAGES GIFT WRAP SET,UNMAPPED,1319,1327.68,135,102
84821,DANISH ROSE DELUXE COASTER,UNMAPPED,1318,742.50,75,66
22589,CARDHOLDER GINGHAM STAR,UNMAPPED,1317,3626.78,241,133
85034C,3 ROSE MORRIS BOXED CANDLES,UNMAPPED,1314,2604.15,204,113
21039,RED RETROSPOT SHOPPING BAG,UNMAPPED,1313,3423.65,228,179
16168S,UNKNOWN,UNMAPPED,1312,126.83,12,9
23499,SET 12 VINTAGE DOILY CHALK,UNMAPPED,1312,586.23,113,40
22288,HANGING METAL RABBIT DECORATION,UNMAPPED,1310,1525.99,125,93
23217,LAUREL HEART ANTIQUE SILVER,UNMAPPED,1309,1613.82,99,66
70007,HI TEC ALPINE HAND WARMER,UNMAPPED,1306,1684.58,207,134
21199,PINK HEART CONFETTI IN TUBE,UNMAPPED,1305,1495.70,150,130
23549,WRAP BIRD GARDEN,UNMAPPED,1305,548.10,52,41
22346,PARTY PIZZA DISH GREEN POLKADOT,UNMAPPED,1300,612.61,104,86
22801,ANTIQUE GLASS PEDESTAL BOWL,UNMAPPED,1300,5277.95,306,178
22200,FRYING PAN PINK POLKADOT,UNMAPPED,1298,5784.92,360,249
21407,BROWN CHECK CAT DOORSTOP,UNMAPPED,1294,5883.33,455,292
84611B,UNKNOWN,UNMAPPED,1294,41.65,5,5
21743,STAR PORTABLE TABLE LIGHT,UNMAPPED,1288,3767.08,185,118
22445,PENCIL CASE LIFE IS BEAUTIFUL,UNMAPPED,1287,3948.86,285,197
85071C,"CHARLIE+LOLA""EXTREMELY BUSY"" SIGN",UNMAPPED,1285,837.23,142,116
22679,FRENCH BLUE METAL DOOR SIGN 4,UNMAPPED,1284,1695.68,237,174
21198,WHITE HEART CONFETTI IN TUBE,UNMAPPED,1282,1472.30,119,107
20866,BLUE ROSE FABRIC MIRROR,UNMAPPED,1280,1368.91,191,135
23281,FOLDING BUTTERFLY MIRROR RED,UNMAPPED,1280,1000.82,104,80
84558A,3D DOG PICTURE PLAYING CARDS,UNMAPPED,1280,3753.28,223,156
23031,DRAWER KNOB CRACKLE GLAZE PINK,UNMAPPED,1278,2152.30,155,97
21060,PARTY INVITES BALLOON GIRL,UNMAPPED,1276,952.55,151,135
23432,PRETTY HANGING QUILTED HEARTS,UNMAPPED,1276,1088.36,74,45
23426,METAL SIGN DROP YOUR PANTS,UNMAPPED,1275,3444.43,208,76
23102,SILVER HEARTS TABLE DECORATION,UNMAPPED,1274,1075.03,159,91
20871,OPULENT VELVET SET/3 CANDLES,UNMAPPED,1273,1978.05,129,79
22481,BLACK TEA TOWEL CLASSIC DESIGN,UNMAPPED,1272,1309.81,224,165
17109D,Adjustment,UNMAPPED,1271,598.31,40,36
22452,MEASURING TAPE BABUSHKA PINK,UNMAPPED,1271,3358.10,257,176
23270,SET OF 2 CERAMIC PAINTED HEARTS,UNMAPPED,1270,1646.32,129,82
22163,HEART STRING MEMO HOLDER HANGING,UNMAPPED,1269,2235.12,202,140
21927,BLUE/CREAM STRIPE CUSHION COVER,UNMAPPED,1268,1728.24,194,154
79323G,GOLD CHERRY LIGHTS,UNMAPPED,1268,2007.88,62,44
21869,UNKNOWN,UNMAPPED,1265,1469.58,113,65
84459A,PINK METAL CHICKEN HEART,UNMAPPED,1263,2041.69,204,154
21419,CONCH SHELL,UNMAPPED,1259,577.69,19,17
21446,12 RED ROSE PEG PLACE SETTINGS,UNMAPPED,1258,1669.83,240,186
21644,ASSORTED TUTTI FRUTTI HEART BOX,UNMAPPED,1258,1461.47,145,119
23433,HANGING QUILTED PATCHWORK APPLES,UNMAPPED,1258,1108.58,89,58
22316,200 BENDY SKULL STRAWS,UNMAPPED,1257,1432.82,119,108
84466,TOP SECRET PEN SET,UNMAPPED,1256,1348.36,73,49
37482B,CUBIC MUG BLUE POLKA DOT,UNMAPPED,1252,1145.26,10,10
85169A,IVORY LOVE BIRD CANDLE,UNMAPPED,1252,1385.82,155,121
22859,EASTER TIN BUNNY BOUQUET,UNMAPPED,1250,2085.75,167,93
23189,SET OF 12 FORK CANDLES,UNMAPPED,1249,3507.51,142,79
21115,ROSE CARAVAN DOORSTOP,UNMAPPED,1247,7955.84,433,291
23226,FILIGREE HEART DAISY WHITE,UNMAPPED,1247,1596.67,99,73
21653,GLASS ETCHED T-LIGHT HOLDER LARGE,UNMAPPED,1246,2565.67,115,93
22541,MINI JIGSAW LEAP FROG,UNMAPPED,1245,503.92,67,58
22975,SPACEBOY CHILDRENS EGG CUP,UNMAPPED,1245,1679.66,195,135
72598,SET/12 TAPER CANDLES,UNMAPPED,1244,1145.76,161,135
22107,PIZZA PLATE IN BOX,UNMAPPED,1240,4840.59,373,225
21382,SET/4 SPRING FLOWER DECORATION,UNMAPPED,1238,1665.66,153,116
22789,T-LIGHT HOLDER SWEETHEART HANGING,UNMAPPED,1238,2419.54,200,132
21396,RED SPOTTY EGG CUP,UNMAPPED,1236,1205.25,79,55
22218,CAKE STAND LACE WHITE,UNMAPPED,1236,5365.66,266,170
23543,WALL ART KEEP CALM,UNMAPPED,1236,7010.76,105,42
22312,OFFICE MUG WARMER POLKADOT,UNMAPPED,1233,4254.05,272,197
72799E,IVORY PILLAR CANDLE SILVER FLOCK,UNMAPPED,1232,2600.64,179,134
84559B,3D SHEET OF CAT STICKERS,UNMAPPED,1231,1119.09,222,166
22857,ASSORTED EASTER GIFT TAGS,UNMAPPED,1230,1048.28,66,50
84279P,CHERRY BLOSSOM DECORATIVE FLASK,UNMAPPED,1229,4476.67,301,230
22844,VINTAGE CREAM DOG FOOD CONTAINER,UNMAPPED,1227,11593.28,501,254
23086,ZINC STAR T-LIGHT HOLDER,UNMAPPED,1225,1451.43,47,38
22942,CHRISTMAS LIGHTS 10 SANTAS,UNMAPPED,1221,9466.41,247,110
22162,HEART GARLAND RUSTIC PADDED,UNMAPPED,1220,3737.90,266,175
23379,PACK OF 12 RED APPLE TISSUES,UNMAPPED,1220,465.36,77,53
47469,ASSORTED SHAPES PHOTO CLIP SILVER,UNMAPPED,1220,594.28,36,28
20986,BLUE CALCULATOR RULER,UNMAPPED,1217,1530.95,209,154
75131,METAL TUBE CHIME ON BAMBOO,UNMAPPED,1217,1543.03,68,61
37502,TEA TIME MUG IN GIFT BOX,UNMAPPED,1213,2599.79,175,105
44234,ASSORTED CIRCULAR MOBILE,UNMAPPED,1213,260.39,61,54
16054,POPART RECT PENCIL SHARPENER ASST,UNMAPPED,1210,159.00,39,35
85106,CUT GLASS HEXAGON T-LIGHT HOLDER,UNMAPPED,1210,2271.24,61,52
85202,HANGING WOOD AND FELT HEART,UNMAPPED,1208,570.09,218,163
82567,"AIRLINE LOUNGE,METAL SIGN",UNMAPPED,1207,2498.98,489,330
35810A,ENAMEL PINK COFFEE CONTAINER,UNMAPPED,1205,1604.74,172,139
51020B,STRIPY DESIGN SHOWER CAP,UNMAPPED,1204,488.12,61,58
23267,SET OF 4 SANTA PLACE SETTINGS,UNMAPPED,1202,1531.95,111,71
21925,UNION STRIPE CUSHION COVER,UNMAPPED,1201,1562.33,169,123
23505,PLAYING CARDS I LOVE LONDON,UNMAPPED,1200,1651.29,117,56
84519A,TOMATO CHARLIE+LOLA COASTER SET,UNMAPPED,1200,2788.45,203,160
22307,GOLD MUG BONE CHINA TREE OF LIFE,UNMAPPED,1199,1804.11,119,90
79337,UNKNOWN,UNMAPPED,1195,502.03,22,22
21676,FLOWERS STICKERS,UNMAPPED,1193,893.72,159,134
22414,DOORMAT NEIGHBOURHOOD WITCH,UNMAPPED,1192,7203.57,225,181
85189,HANGING BUTTERFLY EGG,UNMAPPED,1192,967.95,70,49
22104,MIRROR MOSAIC CANDLE PLATE,UNMAPPED,1187,968.08,99,91
35964,FOLKART CLIP ON STARS,UNMAPPED,1187,689.76,134,92
82613D,METAL SIGN CUPCAKE SINGLE HOOK,UNMAPPED,1186,1281.86,271,196
22176,amazon,UNMAPPED,1185,3542.73,261,204
22255,FELT TOADSTOOL SMALL,UNMAPPED,1185,1127.11,145,117
22681,FRENCH BLUE METAL DOOR SIGN 6,UNMAPPED,1185,1559.52,198,157
22247,BUNNY DECORATION MAGIC GARDEN,UNMAPPED,1184,1022.79,187,129
85034B,3 WHITE CHOC MORRIS BOXED CANDLES,UNMAPPED,1184,2614.93,155,99
21654,RIDGED GLASS FINGER BOWL,UNMAPPED,1183,820.21,83,75
23360,SET 8 CANDLES VINTAGE DOILY,UNMAPPED,1182,2286.40,116,71
84510B,UNKNOWN,UNMAPPED,1182,1483.20,158,89
23274,STAR T-LIGHT HOLDER WILLIE WINKIE,UNMAPPED,1180,2005.00,120,70
23250,VINTAGE RED TRIM ENAMEL BOWL,UNMAPPED,1179,1531.03,110,76
22682,FRENCH BLUE METAL DOOR SIGN 7,UNMAPPED,1178,1521.86,189,144
47422,ASSORTED MONKEY SUCTION CUP HOOK,UNMAPPED,1177,458.34,71,62
23691,WRAP KEEP CALM BIRTHDAY,UNMAPPED,1175,481.50,38,21
21109,LARGE CAKE TOWEL CHOCOLATE SPOTS,UNMAPPED,1173,4476.49,227,151
23134,UNKNOWN,UNMAPPED,1173,6431.11,40,36
21581,SKULLS DESIGN COTTON TOTE BAG,UNMAPPED,1172,1890.74,204,149
22967,SET 3 SONG BIRD PAPER EGGS ASSORTED,UNMAPPED,1171,3271.41,138,69
84748,FOLK FELT HANGING MULTICOL GARLAND,UNMAPPED,1170,1781.12,94,69
21615,4 LAVENDER BOTANICAL DINNER CANDLES,UNMAPPED,1168,2308.67,172,113
84912A,UNKNOWN,UNMAPPED,1168,3012.00,235,183
21469,POLKA DOT RAFFIA FOOD COVER,UNMAPPED,1165,3482.01,210,171
22723,SET OF 6 HERB TINS SKETCHBOOK,UNMAPPED,1164,4262.82,298,177
22854,CREAM SWEETHEART EGG HOLDER,UNMAPPED,1160,5624.50,246,155
22122,SET OF 2 FANCY FONT TEA TOWELS,UNMAPPED,1159,3290.08,197,124
84596E,UNKNOWN,UNMAPPED,1159,1205.61,221,146
22768,FAMILY PHOTO FRAME CORNICE,UNMAPPED,1158,11064.72,356,215
22847,BREAD BIN DINER STYLE IVORY,UNMAPPED,1158,18352.74,483,215
85017A,ENVELOPE 50 ROMANTIC IMAGES,UNMAPPED,1157,792.15,175,124
22968,ROSE COTTAGE KEEPSAKE BOX,UNMAPPED,1155,11184.82,308,146
22982,PANTRY PASTRY BRUSH,UNMAPPED,1154,1543.77,212,129
23113,PANTRY CHOPPING BOARD,UNMAPPED,1154,5868.50,57,39
21616,4 PEAR BOTANICAL DINNER CANDLES,UNMAPPED,1152,2458.58,196,121
22038,BOTANICAL LAVENDER GIFT WRAP,UNMAPPED,1150,481.00,45,45
22683,FRENCH BLUE METAL DOOR SIGN 8,UNMAPPED,1150,1501.66,200,157
40003,WHITE BAMBOO RIBS LAMPSHADE,UNMAPPED,1150,1257.02,60,57
20803,SMALL PINK GLASS SUNDAE DISH,UNMAPPED,1149,874.46,84,74
21386,IVORY HANGING DECORATION EGG,UNMAPPED,1148,680.78,110,85
22689,UNKNOWN,UNMAPPED,1148,8366.72,273,143
22498,WOODEN REGATTA BUNTING,UNMAPPED,1147,6933.74,384,261
35809A,ENAMEL PINK TEA CONTAINER,UNMAPPED,1147,1708.32,188,140
84247L,FAWN AND MUSHROOM GREETING CARD,UNMAPPED,1145,498.21,111,92
21867,PINK UNION JACK LUGGAGE TAG,UNMAPPED,1144,1562.87,301,220
35958,UNKNOWN,UNMAPPED,1143,984.63,85,65
84493,BLUE/PINK NEST STRIPE BOX,UNMAPPED,1142,111.12,5,5
84924D,LA PALMIERA METAL SIGN CALENDAR,UNMAPPED,1136,272.61,16,16
21725,SWEETIES STICKERS,UNMAPPED,1135,1036.43,174,140
22858,EASTER TIN KEEPSAKE,UNMAPPED,1135,1877.34,140,76
21619,4 VANILLA BOTANICAL CANDLES,UNMAPPED,1131,2069.02,213,128
21777,UNKNOWN,UNMAPPED,1131,9075.51,369,201
21358,TOAST ITS - HAPPY BIRTHDAY,UNMAPPED,1129,1398.71,222,178
21913,VINTAGE SEASIDE JIGSAW PUZZLES,UNMAPPED,1129,4302.48,299,230
84078A,SET/4 WHITE RETRO STORAGE CUBES,UNMAPPED,1128,43844.96,328,242
22800,ANTIQUE TALL SWIRLGLASS TRINKET POT,UNMAPPED,1127,4586.40,268,177
22976,CIRCUS PARADE CHILDRENS EGG CUP,UNMAPPED,1127,1465.26,150,119
22031,BOTANICAL LAVENDER BIRTHDAY CARD,UNMAPPED,1125,493.99,142,118
72799F,IVORY PILLAR CANDLE GOLD FLOCK,UNMAPPED,1125,2082.74,106,84
84912B,GREEN ROSE WASHBAG,UNMAPPED,1125,3072.64,261,199
37379B,BLUE CHERRY BLOSSOM CUP & SAUCER,UNMAPPED,1122,181.50,3,3
21589,SWALLOW GIANT TUBE MATCHES,UNMAPPED,1119,2583.45,89,64
21730,GLASS STAR FROSTED T-LIGHT HOLDER,UNMAPPED,1118,5534.17,298,183
21486,PINK HEART DOTS HOT WATER BOTTLE,UNMAPPED,1116,3638.67,297,148
23389,SPACEBOY MINI BACKPACK,UNMAPPED,1115,4751.49,239,74
22068,BLACK PIRATE TREASURE CHEST,UNMAPPED,1112,1979.82,278,206
22314,OFFICE MUG WARMER CHOC+BLUE,UNMAPPED,1110,3888.48,254,181
37343,POLKADOT MUG PINK,UNMAPPED,1110,1759.04,104,93
22232,JIGSAW TOADSTOOLS 3 PIECE,UNMAPPED,1109,1318.99,158,128
22472,TV DINNER TRAY DOLLY GIRL,UNMAPPED,1109,5160.32,252,180
23126,FELTCRAFT GIRL AMELIE KIT,UNMAPPED,1109,5532.04,293,150
22930,BAKING MOULD HEART MILK CHOCOLATE,UNMAPPED,1108,2846.80,191,124
21518,BANK ACCOUNT GREETING CARD,UNMAPPED,1107,469.28,109,96
22863,SOAP DISH BROCANTE,UNMAPPED,1107,3166.61,170,133
21828,EIGHT PIECE SNAKE SET,UNMAPPED,1105,1396.62,183,149
23369,SET 36 COLOUR PENCILS LOVE LONDON,UNMAPPED,1105,1581.06,129,58
21991,BOHEMIAN COLLAGE STATIONERY SET,UNMAPPED,1103,1927.54,292,196
21470,FLOWER VINE RAFFIA FOOD COVER,UNMAPPED,1102,4190.93,322,243
22485,SET OF 2 WOODEN MARKET CRATES,UNMAPPED,1101,14677.84,420,282
47591C,UNKNOWN,UNMAPPED,1101,2029.27,166,112
85017C,adjustment,UNMAPPED,1101,719.67,123,95
21351,CINAMMON & ORANGE WREATH,UNMAPPED,1099,3702.75,179,97
84031A,CHARLIE+LOLA RED HOT WATER BOTTLE,UNMAPPED,1099,4420.65,317,190
84510F,SET OF 4 NEW ENGLAND COASTERS,UNMAPPED,1099,432.75,38,35
20801,UNKNOWN,UNMAPPED,1098,1422.00,116,83
20867,PINK ROSE FABRIC MIRROR,UNMAPPED,1098,1093.14,155,115
21620,SET OF 4 ROSE BOTANICAL CANDLES,UNMAPPED,1093,2206.73,228,139
40018F,CHERRY DESIGN PAPERLANTERNS,UNMAPPED,1092,2100.33,119,81
22685,FRENCH BLUE METAL DOOR SIGN 0,UNMAPPED,1091,1395.84,166,132
21721,CANDY SHOP STICKER SHEET,UNMAPPED,1090,990.50,146,119
22514,CHILDS GARDEN SPADE BLUE,UNMAPPED,1090,2202.92,240,167
77101A,UNKNOWN,UNMAPPED,1086,1255.97,90,81
22215,CAKE STAND WHITE TWO TIER LACE,UNMAPPED,1085,8809.93,359,243
72807B,SET/3 OCEAN SCENT CANDLE JEWEL BOX,UNMAPPED,1085,4866.81,248,186
22202,UNKNOWN,UNMAPPED,1084,4336.25,271,181
47585A,PINK FAIRY CAKE CUSHION COVER,UNMAPPED,1084,2612.88,148,118
21208,PASTEL COLOUR HONEYCOMB FAN,UNMAPPED,1083,976.91,123,106
90058B,CRYSTAL STUD EARRINGS ASSORTED COL,UNMAPPED,1082,509.08,29,29
22246,MAGIC GARDEN FELT GARLAND,UNMAPPED,1081,2287.95,189,148
84926E,FLOWERS TILE COASTER,UNMAPPED,1081,471.57,52,46
22606,WOODEN SKITTLES GARDEN SET,UNMAPPED,1079,14881.94,380,229
21400,RED PUDDING SPOON,UNMAPPED,1078,213.07,91,81
21726,MULTI HEARTS STICKERS,UNMAPPED,1077,930.99,158,128
22905,CALENDAR IN SEASON DESIGN,UNMAPPED,1077,2957.17,195,134
72045D,UNKNOWN,UNMAPPED,1076,918.65,9,6
23548,WRAP MAGIC FOREST,UNMAPPED,1075,451.50,43,33
85231L,UNKNOWN,UNMAPPED,1075,838.35,119,68
20663,QUEEN OF THE SKIES HOLIDAY PURSE,UNMAPPED,1074,369.41,44,40
23080,RED METAL BOX TOP SECRET,UNMAPPED,1074,9117.62,261,130
16161M,WRAP PINK FLOCK,UNMAPPED,1073,439.00,40,38
23012,GLASS APOTHECARY BOTTLE PERFUME,UNMAPPED,1071,4197.11,248,122
84535A,ENGLISH ROSE NOTEBOOK A6 SIZE,UNMAPPED,1071,346.93,67,43
35920,FOUR RABBIT EASTER DECORATIONS,UNMAPPED,1070,296.34,24,22
17013D,ORIGAMI ROSE INCENSE IN TUBE,UNMAPPED,1068,572.40,31,31
21720,CAKE SHOP STICKER SHEET,UNMAPPED,1068,929.81,112,93
21910,WAY OUT METAL SIGN,UNMAPPED,1066,1398.18,111,92
47591B,SCOTTIES CHILDRENS APRON,UNMAPPED,1064,1729.65,288,188
16258A,SWIRLY CIRCULAR RUBBERS IN BAG,UNMAPPED,1063,375.93,103,87
23509,MINI PLAYING CARDS FUN FAIR,UNMAPPED,1062,451.46,66,45
16202B,PASTEL BLUE PHOTO ALBUM,UNMAPPED,1059,528.56,23,23
22647,CERAMIC LOVE HEART MONEY BANK,UNMAPPED,1059,919.63,83,74
84817,DANISH ROSE DECORATIVE PLATE,UNMAPPED,1059,937.44,80,70
21333,CLASSIC WHITE FRAME,UNMAPPED,1057,3192.09,222,160
21472,UNKNOWN,UNMAPPED,1057,4077.82,288,192
84580,MOUSE TOY WITH PINK T-SHIRT,UNMAPPED,1057,4051.94,449,278
20967,GREY FLORAL FELTCRAFT SHOULDER BAG,UNMAPPED,1056,3997.34,301,187
23530,WALL ART ONLY ONE PERSON,UNMAPPED,1056,4436.27,87,45
21972,SET OF 36 DINOSAUR PAPER DOILIES,UNMAPPED,1055,1560.82,171,138
85047,WHITE BEADED GARLAND STRING 20LIGHT,UNMAPPED,1055,6664.33,242,143
21009,UNKNOWN,UNMAPPED,1053,1494.99,107,57
21062,PARTY INVITES SPACEMAN,UNMAPPED,1053,875.87,137,123
23237,SET OF 4 KNICK KNACK TINS LEAF,UNMAPPED,1053,4274.39,177,103
21882,SKULLS TAPE,UNMAPPED,1052,499.44,121,99
22515,CHILDS GARDEN SPADE PINK,UNMAPPED,1052,2129.74,213,153
23404,HOME SWEET HOME BLACKBOARD,UNMAPPED,1052,4561.76,170,75
20802,SMALL GLASS SUNDAE DISH CLEAR,UNMAPPED,1051,1596.81,116,103
85200,UNKNOWN,UNMAPPED,1051,1319.09,107,69
72038P,PRICE'S CANDLE PEACH,UNMAPPED,1050,116.50,9,9
20770,ABSTRACT CIRCLE JOURNAL,UNMAPPED,1045,2190.59,202,161
21248,DOOR HANGER MUM + DADS ROOM,UNMAPPED,1043,1299.55,158,140
35648,VINTAGE BEAD PINK PURSE,UNMAPPED,1041,1270.93,146,121
23096,PETIT TRAY CHIC,UNMAPPED,1033,1736.69,146,92
22283,6 EGG HOUSE PAINTED WOOD,UNMAPPED,1032,8533.09,382,277
21579,LOLITA DESIGN COTTON TOTE BAG,UNMAPPED,1029,1560.85,137,113
22374,AIRLINE BAG VINTAGE JET SET RED,UNMAPPED,1029,5099.84,435,286
21426,WOODLAND STORAGE BOX SMALL,UNMAPPED,1028,1647.07,101,94
47504H,ENGLISH ROSE SPIRIT LEVEL,UNMAPPED,1028,1113.07,140,111
84827,ASS DES PHONE SPONGE CRAFT STICKER,UNMAPPED,1027,489.79,31,26
21467,CHERRY CROCHET FOOD COVER,UNMAPPED,1025,3263.75,256,195
84569D,PACK 6 HEART/ICE-CREAM PATCHES,UNMAPPED,1023,1287.54,181,143
79030D,TUMBLER BAROQUE,UNMAPPED,1022,711.64,62,57
21324,UNKNOWN,UNMAPPED,1021,2845.71,179,133
22811,SET OF 6 T-LIGHTS CACTI,UNMAPPED,1021,2884.13,141,103
21638,ASSORTED TUTTI FRUTTI NOTEBOOK,UNMAPPED,1020,2220.94,145,122
22684,FRENCH BLUE METAL DOOR SIGN 9,UNMAPPED,1020,1342.44,170,136
22721,SET OF 3 CAKE TINS SKETCHBOOK,UNMAPPED,1020,4671.81,298,174
23132,SMALL IVORY HEART WALL ORGANISER,UNMAPPED,1020,5138.60,152,105
84989B,75 BLACK FAIRY CAKE CASES,UNMAPPED,1019,522.95,63,51
20941,FROG CANDLE,UNMAPPED,1018,896.28,126,98
22120,WELCOME WOODEN BLOCK LETTERS,UNMAPPED,1018,10314.19,367,258
85173,SET/6 FROG PRINCE T-LIGHT CANDLES,UNMAPPED,1018,1826.07,151,124
16161C,UNKNOWN,UNMAPPED,1016,45.00,4,2
16258B,DAISY ERASERS IN BAG,UNMAPPED,1016,221.06,16,10
22278,OVERNIGHT BAG VINTAGE ROSE PAISLEY,UNMAPPED,1016,5959.53,388,262
22947,UNKNOWN,UNMAPPED,1016,12704.15,211,110
23061,VINTAGE EMBOSSED HEART,UNMAPPED,1015,1332.68,117,88
79320,FLAMINGO LIGHTS,UNMAPPED,1015,4357.38,152,106
21636,MADRAS NOTEBOOK MEDIUM,UNMAPPED,1014,985.74,101,84
23255,CHILDRENS CUTLERY CIRCUS PARADE,UNMAPPED,1014,4097.22,158,105
21219,SET/4 BADGES BALLOON GIRL,UNMAPPED,1013,1303.27,178,147
22248,DECORATION PINK CHICK MAGIC GARDEN,UNMAPPED,1013,901.50,179,133
23299,FOOD COVER WITH BEADS SET 2,UNMAPPED,1012,3772.88,146,93
23526,WALL ART DOG LICENCE,UNMAPPED,1012,6021.40,144,53
79062D,"RETRO TIN ASHTRAY,REVOLUTIONARY",UNMAPPED,1012,19.40,5,5
16254,TRANSPARENT ACRYLIC TAPE DISPENSER,UNMAPPED,1011,305.66,42,33
23283,DOORMAT VINTAGE LEAF,UNMAPPED,1011,7003.38,234,110
21698,MOCK LOBSTER FRIDGE MAGNET,UNMAPPED,1010,399.01,113,100
21822,GLITTER CHRISTMAS TREE WITH BELLS,UNMAPPED,1010,1343.70,146,92
21926,RED/CREAM STRIPE CUSHION COVER,UNMAPPED,1009,1325.27,147,115
21285,RETROSPOT CANDLE MEDIUM,UNMAPPED,1007,1362.62,99,75
22229,BUNNY WOODEN PAINTED WITH FLOWER,UNMAPPED,1007,845.30,189,140
21286,RETROSPOT CANDLE LARGE,UNMAPPED,1006,1623.01,101,80
21537,RED RETROSPOT PUDDING BOWL,UNMAPPED,1006,4338.71,264,189
21808,"CHRISTMAS GARLAND STARS,TREES",UNMAPPED,1006,2715.53,147,99
20800,LARGE GLASS SUNDAE DISH CLEAR,UNMAPPED,1005,303.96,5,5
21707,FOLDING UMBRELLA BLACKBLUE POLKADOT,UNMAPPED,1005,4184.95,172,143
22100,SKULLS SQUARE TISSUE BOX,UNMAPPED,1005,709.50,128,109
85226C,BLUE PULL BACK RACING CAR,UNMAPPED,1005,522.31,86,68
22767,TRIPLE PHOTO FRAME CORNICE,UNMAPPED,1004,9478.23,297,185
22742,MAKE YOUR OWN PLAYTIME CARD KIT,UNMAPPED,1002,2475.30,182,141
85162B,UNKNOWN,UNMAPPED,1002,1905.15,14,13
22612,TEA COSY VINTAGE UNION JACK,UNMAPPED,1001,3984.99,111,74
47021G,SET/6 BEAD COASTERS GAUZE BAG GOLD,UNMAPPED,1001,541.96,72,63
84279B,CHERRY BLOSSOM DECORATIVE FLASK,UNMAPPED,1001,3076.92,217,151
22845,VINTAGE CREAM CAT FOOD CONTAINER,UNMAPPED,1000,6764.60,397,228
22977,DOLLY GIRL CHILDRENS EGG CUP,UNMAPPED,999,1313.86,141,109
21195,PINK HONEYCOMB PAPER BALL,UNMAPPED,997,2122.66,151,116
21724,PANDA AND BUNNIES STICKER SHEET,UNMAPPED,996,888.34,179,144
21051,RIBBONS PURSE,UNMAPPED,994,1486.16,131,104
23220,REINDEER HEART DECORATION GOLD,UNMAPPED,993,869.15,104,60
85035B,CHOCOLATE 3 WICK MORRIS BOX CANDLE,UNMAPPED,992,2590.11,137,110
17084P,DRAGONS BLOOD INCENSE,UNMAPPED,990,222.75,70,63
23131,MISTLETOE HEART WREATH CREAM,UNMAPPED,990,3835.98,117,85
23359,SET OF 12 T-LIGHTS VINTAGE DOILY,UNMAPPED,990,1866.46,79,60
72728,ROSE SCENT CANDLES IN GLASS,UNMAPPED,990,523.15,56,46
21016,LIGHT BIRD HOUSE TREE DECORATION,UNMAPPED,989,582.85,88,53
22180,RETROSPOT LAMP,UNMAPPED,987,10103.38,412,288
21363,HOME SMALL WOOD LETTERS,UNMAPPED,985,5296.48,408,261
21656,RIDGED GLASS POSY VASE,UNMAPPED,985,1614.54,140,116
22313,OFFICE MUG WARMER PINK,UNMAPPED,985,3146.07,139,113
72800B,4 PURPLE FLOCK DINNER CANDLES,UNMAPPED,985,1276.78,94,80
21625,VINTAGE UNION JACK APRON,UNMAPPED,984,7037.62,336,251
20990,SPRING FLOWER CHOPSTICKS SET/5,UNMAPPED,982,1706.14,107,74
21288,STRIPEY CHOCOLATE NESTING BOXES,UNMAPPED,982,2557.47,224,174
47570B,UNKNOWN,UNMAPPED,982,9791.67,235,170
85032B,BLOSSOM IMAGES GIFT WRAP SET,UNMAPPED,982,953.34,152,116
22032,BOTANICAL LILY GREETING CARD,UNMAPPED,980,418.12,111,91
23034,DRAWER KNOB CERAMIC BLACK,UNMAPPED,979,1448.67,90,69
16051,UNKNOWN,UNMAPPED,977,84.69,5,5
72802A,ROSE SCENT CANDLE IN JEWELLED BOX,UNMAPPED,977,3864.87,188,154
22165,"DIAMANTE HEART SHAPED WALL MIRROR,",UNMAPPED,976,7673.73,275,196
22946,WOODEN ADVENT CALENDAR CREAM,UNMAPPED,976,15060.57,276,146
23531,WALL ART BIG LOVE,UNMAPPED,976,5538.26,113,49
16161G,WRAP BAD HAIR DAY,UNMAPPED,975,97.50,33,32
16169F,WRAP BLIZZARD,UNMAPPED,975,409.50,34,26
84924F,PSYCHEDELIC METAL SIGN CALENDAR,UNMAPPED,975,274.55,10,10
22474,SPACEBOY TV DINNER TRAY,UNMAPPED,974,4746.53,258,179
22778,GLASS CLOCHE SMALL,UNMAPPED,974,3844.46,202,138
21442,GREEN BIRDHOUSE DECORATION,UNMAPPED,973,704.97,136,119
21318,GLASS CHALICE BLUE SMALL,UNMAPPED,972,900.42,94,73
22937,BAKING MOULD CHOCOLATE CUPCAKES,UNMAPPED,972,2563.24,164,103
20772,GARDEN PATH JOURNAL,UNMAPPED,970,1848.73,162,126
84969,BOX OF 6 ASSORTED COLOUR TEASPOONS,UNMAPPED,970,4279.93,342,244
21645,ASSORTED TUTTI FRUTTI ROUND BOX,UNMAPPED,969,1642.65,135,96
23273,HEART T-LIGHT HOLDER WILLIE WINKIE,UNMAPPED,969,1649.05,113,74
22069,BROWN PIRATE TREASURE CHEST,UNMAPPED,968,2164.63,269,183
15044C,PURPLE PAPER PARASOL,UNMAPPED,967,3027.26,232,181
21432,SET OF 3 CASES WOODLAND DESIGN,UNMAPPED,965,5435.91,241,156
22253,6 CROCHET STRAWBERRIES,UNMAPPED,964,1158.28,89,59
23056,FLOWERS CHANDELIER T-LIGHT HOLDER,UNMAPPED,963,2898.12,40,34
23130,MISTLETOE HEART WREATH GREEN,UNMAPPED,962,3988.98,184,95
72225D,VANILLA SCENT CAKE CANDLE,UNMAPPED,962,219.46,11,11
21530,DAIRY MAID TOASTRACK,UNMAPPED,961,1361.56,166,138
85068,CREAM SWEETHEART SHELF + HOOKS,UNMAPPED,960,6647.24,199,119
84327A,PINK JUMPER LARRY THE LAMB,UNMAPPED,959,1820.27,123,87
21520,BOOZE & WOMEN GREETING CARD,UNMAPPED,957,411.63,108,99
22252,BIRDCAGE DECORATION TEALIGHT HOLDER,UNMAPPED,956,1175.56,116,100
84968D,SET OF 16 VINTAGE RED CUTLERY,UNMAPPED,956,5494.08,111,89
21424,WOODLAND STORAGE BOX LARGE,UNMAPPED,955,2861.64,142,120
21448,12 DAISY PEGS IN WOOD BOX,UNMAPPED,955,1640.17,215,171
23569,TRADTIONAL ALPHABET STAMP SET,UNMAPPED,954,4717.66,196,41
84927D,LA PALMIERA TILE HOOK,UNMAPPED,953,211.29,28,27
85215,ASSORTED CHEESE FRIDGE MAGNETS,UNMAPPED,951,643.89,68,60
16156L,WRAP CAROUSEL,UNMAPPED,950,399.00,36,34
23129,HEART SHAPED HOLLY WREATH,UNMAPPED,950,3999.50,172,83
22233,JIGSAW RABBIT AND BIRDHOUSE,UNMAPPED,949,1210.11,167,133
85131B,BEADED CRYSTAL HEART GREEN ON STICK,UNMAPPED,948,730.74,216,160
22275,WEEKEND BAG VINTAGE ROSE PAISLEY,UNMAPPED,947,7875.33,320,173
79160,HEART SHAPE WIRELESS DOORBELL,UNMAPPED,944,1973.07,215,154
85188A,GREEN METAL SWINGING BUNNY,UNMAPPED,944,824.97,105,75
85054,FRENCH ENAMEL POT W LID,UNMAPPED,943,2495.02,209,172
22495,SET OF 2 ROUND TINS CAMEMBERT,UNMAPPED,940,2682.32,239,175
22687,DOORMAT CHRISTMAS VILLAGE,UNMAPPED,940,5784.67,154,86
22933,BAKING MOULD EASTER EGG MILK CHOC,UNMAPPED,940,2585.92,123,76
21534,DAIRY MAID LARGE MILK JUG,UNMAPPED,939,4768.64,346,262
23093,SMALL PARISIENNE HEART PHOTO FRAME,UNMAPPED,939,2239.24,142,98
79051A,SMOKEY GREY COLOUR GLASS,UNMAPPED,939,386.38,59,52
21454,PAINTED PINK RABBIT,UNMAPPED,937,807.60,197,134
21683,MEDIUM MEDINA STAMPED METAL BOWL,UNMAPPED,936,2757.47,153,137
23244,ROUND STORAGE TIN VINTAGE LEAF,UNMAPPED,936,1733.98,112,81
35967,FOLK ART METAL STAR T-LIGHT HOLDER,UNMAPPED,936,488.51,112,95
23123,COCKTAIL SWORDS 50 PIECES,UNMAPPED,935,759.57,95,65
72807A,SET/3 ROSE CANDLE IN JEWELLED BOX,UNMAPPED,934,4288.33,225,168
22092,BLUE PAISLEY TISSUE BOX,UNMAPPED,933,592.91,140,110
22256,FELT FARM ANIMAL CHICKEN,UNMAPPED,933,1200.07,122,90
21557,SET OF 6 FUNKY BEAKERS,UNMAPPED,932,3169.39,304,223
35598B,BLACK CHRISTMAS TREE 60CM,UNMAPPED,931,874.65,57,49
22497,SET OF 2 TINS VINTAGE BATHROOM,UNMAPPED,929,4239.07,280,206
85132B,CHARLIE AND LOLA TABLE TINS,UNMAPPED,929,2863.37,133,84
21441,BLUE BIRDHOUSE DECORATION,UNMAPPED,928,655.46,134,119
21466,RED FLOWER CROCHET FOOD COVER,UNMAPPED,927,3479.79,276,220
22838,3 TIER CAKE TIN RED AND CREAM,UNMAPPED,927,13220.86,272,162
21897,UNKNOWN,UNMAPPED,926,2641.36,109,89
84815,SET OF 3 DANISH ROSE PLANTERS,UNMAPPED,926,1183.82,53,48
21732,RED HANGING METAL STAR TLIGHT HLDR,UNMAPPED,925,3214.57,60,48
23013,GLASS APOTHECARY BOTTLE TONIC,UNMAPPED,924,3674.16,224,118
79336,LIGHT PINK FLOCK GLASS CANDLEHOLDER,UNMAPPED,924,369.78,23,22
23489,VINTAGE BELLS GARLAND,UNMAPPED,913,2709.23,165,42
21188,3D HEARTS HONEYCOMB PAPER GARLAND,UNMAPPED,912,2771.34,132,114
21688,SILVER PLATE CANDLE BOWL SMALL,UNMAPPED,912,2845.65,142,131
47518F,ICON PLACEMAT POP ART ELVIS,UNMAPPED,912,190.89,43,42
20666,ECONOMY HOLIDAY PURSE,UNMAPPED,911,412.45,46,42
85130B,BEADED CRYSTAL HEART GREEN LARGE,UNMAPPED,911,918.33,83,75
82613B,"METAL SIGN,CUPCAKE SINGLE HOOK",UNMAPPED,910,1020.61,234,186
20692,UNKNOWN,UNMAPPED,909,3682.76,142,93
84819,DANISH ROSE ROUND SEWING BOX,UNMAPPED,908,1368.26,95,71
22611,VINTAGE UNION JACK SHOPPING BAG,UNMAPPED,907,4338.63,200,135
21719,LOVELY BONBON STICKER SHEET,UNMAPPED,906,813.14,143,117
22221,CAKE STAND LOVEBIRD 2 TIER PINK,UNMAPPED,905,6702.33,157,131
48197,DOORMAT BIRD ON THE WIRE,UNMAPPED,904,5905.64,227,128
85162C,WHITE RETRODISC LAMPSHADE,UNMAPPED,904,1841.70,46,27
21455,PAINTED YELLOW WOODEN DAISY,UNMAPPED,901,797.27,171,122
21528,DAIRY MAID TRADITIONAL TEAPOT,UNMAPPED,899,5680.15,257,215
20661,BLUE POLKADOT PURSE,UNMAPPED,898,980.06,124,112
21744,SNOWFLAKE PORTABLE TABLE LIGHT,UNMAPPED,898,2697.16,222,124
21652,GLASS ETCHED T-LIGHT HOLDER MEDIUM,UNMAPPED,896,1747.94,79,66
21865,PINK UNION JACK PASSPORT COVER,UNMAPPED,896,2085.64,300,231
22119,PEACE WOODEN BLOCK LETTERS,UNMAPPED,896,5543.87,347,201
21768,UNKNOWN,UNMAPPED,895,6756.09,167,109
21040,MODERN VINTAGE COTTON SHOPPING BAG,UNMAPPED,894,1125.85,69,52
21898,UNKNOWN,UNMAPPED,893,2538.81,119,93
23541,WALL ART CLASSIC PUDDINGS,UNMAPPED,892,6823.91,153,50
37461,UNKNOWN,UNMAPPED,890,778.64,100,90
85032C,CURIOUS IMAGES GIFT WRAP SET,UNMAPPED,886,946.59,162,118
20840,FRENCH FLORAL CUSHION COVER,UNMAPPED,885,1419.09,94,77
22363,GLASS JAR MARMALADE,UNMAPPED,885,2303.39,177,153
20688,BEAUTY SPEED EXPRESSO CUPS,UNMAPPED,884,332.90,12,11
21064,BOOM BOX SPEAKER BOYS,UNMAPPED,884,4432.92,174,125
22932,BAKING MOULD TOFFEE CUP CHOCOLATE,UNMAPPED,884,2000.88,72,59
71038,WHITE HANGING BEADS CANDLE HOLDER,UNMAPPED,884,3789.25,146,126
85071D,CHARLIE+LOLA MY ROOM DOOR SIGN,UNMAPPED,884,548.86,114,92
35001W,HAND OPEN SHAPE DECO.WHITE,UNMAPPED,883,2806.69,192,135
20868,SILVER FABRIC MIRROR,UNMAPPED,882,518.07,71,58
22688,DOORMAT PEACE ON EARTH BLUE,UNMAPPED,882,4756.70,95,73
84596J,MIXED NUTS LIGHT GREEN BOWL,UNMAPPED,882,626.76,141,111
84660A,WHITE STITCHED WALL CLOCK,UNMAPPED,882,907.96,57,52
22660,DOORMAT I LOVE LONDON,UNMAPPED,881,5839.41,194,143
23566,EGG CUP MILKMAID HEIDI,UNMAPPED,881,1156.93,83,39
37500,TEA TIME TEAPOT IN GIFT BOX,UNMAPPED,881,6787.46,264,213
21352,EUCALYPTUS & PINECONE WREATH,UNMAPPED,880,3110.28,159,103
21665,TRIANGULAR RIDGED GLASS POSY HOLDER,UNMAPPED,879,638.80,78,54
23138,SINGLE WIRE HOOK IVORY HEART,UNMAPPED,879,1231.51,84,61
85036C,ROSE 1 WICK MORRIS BOXED CANDLE,UNMAPPED,878,1629.02,131,100
22280,POCKET BAG PINK PAISELY BROWN SPOT,UNMAPPED,877,1248.74,162,128
22856,ASSORTED EASTER DECORATIONS BELLS,UNMAPPED,877,1059.85,32,27
84467,ENGLISH ROSE DESIGN QUILTED THROW,UNMAPPED,875,17477.66,87,46
21775,DECORATIVE FLORE BATHROOM BOTTLE,UNMAPPED,874,1326.29,278,215
23184,BULL DOG BOTTLE OPENER,UNMAPPED,874,4764.50,266,153
85034A,check,UNMAPPED,873,2389.69,146,106
21693,SMALL HAMMERED SILVER CANDLEPOT,UNMAPPED,871,2648.62,120,106
23087,ZINC HEART T-LIGHT HOLDER,UNMAPPED,868,1090.66,69,53
22781,GUMBALL MAGAZINE RACK,UNMAPPED,867,7060.58,308,192
84519B,CARROT CHARLIE+LOLA COASTER SET,UNMAPPED,867,1895.37,215,169
21723,ALPHABET HEARTS STICKER SHEET,UNMAPPED,866,769.13,136,121
22442,GROW YOUR OWN FLOWERS SET OF 3,UNMAPPED,866,4765.32,173,124
85025C,PINK HEART SHAPE PHOTO FRAME,UNMAPPED,864,1285.91,127,109
23347,I LOVE LONDON BEAKER,UNMAPPED,860,1077.30,98,78
84925D,LA PALMIERA WALL THERMOMETER,UNMAPPED,858,677.45,28,27
22425,ENAMEL COLANDER CREAM,UNMAPPED,857,4321.52,304,208
17012C,ORIGAMI LAVENDER INCENSE/CANDL SET,UNMAPPED,856,950.40,113,95
23014,GLASS APOTHECARY BOTTLE ELIXIR,UNMAPPED,856,3419.58,211,113
21190,PINK HEARTS PAPER GARLAND,UNMAPPED,854,1337.59,116,87
21202,DOLLY HONEYCOMB GARLAND,UNMAPPED,854,1103.48,66,63
22362,GLASS JAR PEACOCK BATH SALTS,UNMAPPED,854,2410.53,259,195
21735,TWO DOOR CURIO CABINET,UNMAPPED,853,11112.85,262,187
22911,PAPER CHAIN KIT LONDON,UNMAPPED,853,2454.35,165,124
21010,UNKNOWN,UNMAPPED,851,1114.76,86,57
21348,UNKNOWN,UNMAPPED,850,2030.84,135,103
22039,BOTANICAL LILY GIFT WRAP,UNMAPPED,850,353.00,30,28
85170A,UNKNOWN,UNMAPPED,849,1585.06,85,73
20747,UNKNOWN,UNMAPPED,848,9224.92,114,69
21647,ASSORTED TUTTI FRUTTI LARGE PURSE,UNMAPPED,848,1899.28,148,103
84676,BATH DUCK WATERING CAN,UNMAPPED,848,2102.46,110,77
23461,SWEETHEART BIRD HOUSE,UNMAPPED,847,3041.21,100,48
85232D,SET/3 DECOUPAGE STACKING TINS,UNMAPPED,846,3646.83,226,179
21076,SET/20 COLLAGE PAPER NAPKIN,UNMAPPED,843,714.55,94,58
22626,BLACK KITCHEN SCALES,UNMAPPED,843,7167.48,343,233
23239,SET OF 4 KNICK KNACK TINS POPPIES,UNMAPPED,842,3353.84,181,99
23249,VINTAGE RED ENAMEL TRIM PLATE,UNMAPPED,842,1426.10,81,58
72803A,ROSE SCENT CANDLE JEWELLED DRAWER,UNMAPPED,841,1553.50,98,91
22516,CHILDS GARDEN RAKE BLUE,UNMAPPED,840,1700.60,165,123
84031B,CHARLIE LOLA BLUE HOT WATER BOTTLE,UNMAPPED,840,3279.66,276,177
85231E,STRAWBERRY SCENTED SET/9 T-LIGHTS,UNMAPPED,839,696.89,109,69
84625A,PINK NEW BAROQUECANDLESTICK CANDLE,UNMAPPED,838,1193.00,81,74
22263,FELT EGG COSY LADYBIRD,UNMAPPED,836,627.38,107,91
84534B,FAIRY CAKE NOTEBOOK A5 SIZE,UNMAPPED,836,783.01,193,147
21827,EIGHT PIECE CREEPY CRAWLIE SET,UNMAPPED,835,1068.89,143,102
21617,4 LILY BOTANICAL DINNER CANDLES,UNMAPPED,834,2135.01,172,135
22062,UNKNOWN,UNMAPPED,834,1248.15,136,114
22393,PAPERWEIGHT VINTAGE COLLAGE,UNMAPPED,834,1459.37,120,94
22450,SILK PURSE BABUSHKA BLUE,UNMAPPED,834,2798.28,184,138
35968,check,UNMAPPED,833,363.34,78,69
22390,PAPERWEIGHT CHILDHOOD MEMORIES,UNMAPPED,828,1448.52,84,76
72487,UNKNOWN,UNMAPPED,828,355.05,15,8
22846,BREAD BIN DINER STYLE RED,UNMAPPED,826,13264.82,347,193
23435,3 RAFFIA RIBBONS VINTAGE CHRISTMAS,UNMAPPED,824,732.42,99,52
22116,METAL SIGN HIS DINNER IS SERVED,UNMAPPED,823,1103.88,198,158
23118,PARISIENNE JEWELLERY DRAWER,UNMAPPED,823,6102.18,259,125
85185B,PINK HORSE SOCK PUPPET KIT,UNMAPPED,823,1843.46,188,155
72800F,4 IVORY DINNER CANDLES GOLD FLOCK,UNMAPPED,822,1060.19,69,51
23388,WOODLAND MINI BACKPACK,UNMAPPED,821,3432.09,154,63
20850,ZINC HEART LATTICE PLANTER BOWL,UNMAPPED,820,713.80,23,21
22842,BISCUIT TIN VINTAGE RED,UNMAPPED,819,5308.58,239,154
35096A,UNKNOWN,UNMAPPED,819,272.45,51,35
44235,ASSORTED COLOURED CIRCLE MOBILE,UNMAPPED,816,303.84,24,22
21813,GARLAND WITH STARS AND BELLS,UNMAPPED,815,3761.41,186,124
20952,PORCELAIN CHERUB BELL SMALL,UNMAPPED,814,150.72,26,24
22473,TV DINNER TRAY VINTAGE PAISLEY,UNMAPPED,813,3070.92,211,158
22931,BAKING MOULD HEART WHITE CHOCOLATE,UNMAPPED,813,1963.30,130,91
20767,BLUE PAISLEY JOURNAL,UNMAPPED,812,1741.61,179,156
23282,FOLDING BUTTERFLY MIRROR IVORY,UNMAPPED,812,757.86,137,91
17165B,UNKNOWN,UNMAPPED,811,751.68,62,48
23068,ALUMINIUM STAMPED HEART,UNMAPPED,809,1966.93,138,96
23494,VINTAGE DOILY DELUXE SEWING KIT,UNMAPPED,809,5354.01,206,59
37501,UNKNOWN,UNMAPPED,809,3401.15,179,140
17165D,UNKNOWN,UNMAPPED,808,682.32,96,70
21482,MUSHROOM BLUE HOT WATER BOTTLE,UNMAPPED,807,2296.76,186,97
22517,CHILDS GARDEN RAKE PINK,UNMAPPED,806,1589.41,152,120
22796,PHOTO FRAME 3 CLASSIC HANGING,UNMAPPED,806,8020.45,318,197
21812,GARLAND WITH HEARTS AND BELLS,UNMAPPED,805,3917.49,206,145
84509G,SET OF 4 FAIRY CAKE PLACEMATS,UNMAPPED,804,2060.37,161,128
22453,MEASURING TAPE BABUSHKA BLUE,UNMAPPED,801,2212.92,145,112
23223,CHRISTMAS TREE HANGING SILVER,UNMAPPED,801,750.19,89,57
23393,HOME SWEET HOME CUSHION COVER,UNMAPPED,801,3207.91,231,76
22890,NOVELTY BISCUITS CAKE STAND 3 TIER,UNMAPPED,800,7821.96,261,162
22118,JOY WOODEN BLOCK LETTERS,UNMAPPED,799,3842.07,276,175
23222,CHRISTMAS TREE HANGING GOLD,UNMAPPED,799,718.53,77,51
23146,TRIPLE HOOK ANTIQUE IVORY ROSE,UNMAPPED,798,2645.26,231,124
20669,RED HEART LUGGAGE TAG,UNMAPPED,797,1111.89,220,177
21189,WHITE HONEYCOMB PAPER GARLAND,UNMAPPED,797,1698.88,124,96
21311,SET/4 BIRD MIRROR MAGNETS,UNMAPPED,797,539.67,96,87
21820,GLITTER HEART GARLAND WITH BELLS,UNMAPPED,795,3132.39,184,133
23088,ZINC HEART FLOWER T-LIGHT HOLDER,UNMAPPED,795,1033.28,79,58
21160,KEEP OUT GIRLS DOOR HANGER,UNMAPPED,794,557.49,58,51
85024B,EAU DE NILE JEWELLED PHOTOFRAME,UNMAPPED,794,330.90,22,21
20702,PINK PADDED MOBILE,UNMAPPED,793,3296.70,249,189
21465,PINK FLOWER CROCHET FOOD COVER,UNMAPPED,793,2875.64,187,153
85129D,BEADED CRYSTAL HEART PINK SMALL,UNMAPPED,793,1193.56,168,141
21106,CREAM SLICE FLANNEL CHOCOLATE SPOT,UNMAPPED,790,2419.68,170,144
79190A,RETRO PLASTIC 70'S TRAY,UNMAPPED,790,364.25,119,111
21146,ANTIQUE GLASS RIDGED HANGING BALL,UNMAPPED,789,1513.67,58,42
23214,JINGLE BELL HEART ANTIQUE GOLD,UNMAPPED,789,1695.04,104,66
85130D,BEADED CRYSTAL HEART PINK LARGE,UNMAPPED,788,958.85,110,97
85018D,YULETIDE IMAGES S/6 PAPER BOXES,UNMAPPED,787,969.90,80,50
17012A,ORIGAMI VANILLA INCENSE/CANDLE SET,UNMAPPED,786,806.16,97,82
20671,BLUE TEATIME PRINT BOWL,UNMAPPED,786,1038.72,143,123
82613C,"METAL SIGN,CUPCAKE SINGLE HOOK",UNMAPPED,783,852.49,199,154
23133,LARGE IVORY HEART WALL ORGANISER,UNMAPPED,782,5525.40,155,107
84422,PINK/BLUE DISC/MIRROR STRING,UNMAPPED,782,427.95,38,36
23269,SET OF 2 CERAMIC CHRISTMAS TREES,UNMAPPED,779,1152.98,95,59
37441,UNKNOWN,UNMAPPED,778,1639.80,57,49
22475,SKULL DESIGN TV DINNER TRAY,UNMAPPED,777,3856.80,261,194
35980C,REDWHITE STRIPE SCANDINAVIAN HEART,UNMAPPED,777,147.64,32,27
71101E,STANDING FAIRY POLE SUPPORT,UNMAPPED,777,626.13,48,47
22831,WHITE BROCANTE SOAP DISH,UNMAPPED,776,2286.28,140,105
72801E,4 FESTIVE GREEN DINNER CANDLES,UNMAPPED,776,422.32,28,25
22841,ROUND CAKE TIN VINTAGE GREEN,UNMAPPED,773,6002.52,307,187
23057,BEADED CHANDELIER T-LIGHT HOLDER,UNMAPPED,773,1768.67,45,38
84926D,LA PALMIERA TILE COASTER,UNMAPPED,773,365.35,48,45
17109A,UNKNOWN,UNMAPPED,770,333.61,14,13
72801C,4 ROSE PINK DINNER CANDLES,UNMAPPED,770,685.03,92,77
84625C,BLUE NEW BAROQUE CANDLESTICK CANDLE,UNMAPPED,770,1024.15,71,63
21458,2 PICTURE BOOK EGGS EASTER BUNNY,UNMAPPED,768,849.24,88,67
20768,GREEN FERN JOURNAL,UNMAPPED,767,1534.19,149,123
22289,HANGING METAL CHICKEN DECORATION,UNMAPPED,764,817.48,78,70
22864,MUG AND COASTER SET RED CIRCLES,UNMAPPED,762,158.76,3,3
21904,UNKNOWN,UNMAPPED,760,1201.52,147,124
22953,BIRTHDAY PARTY CORDON BARRIER TAPE,UNMAPPED,760,948.55,120,99
85094,CANDY SPOT EGG WARMER RABBIT,UNMAPPED,760,360.99,108,82
21323,UNKNOWN,UNMAPPED,759,2506.89,81,62
22691,DOORMAT WELCOME SUNRISE,UNMAPPED,759,5198.60,219,165
22862,LOVE HEART NAPKIN BOX,UNMAPPED,758,3373.22,226,88
84660C,UNKNOWN,UNMAPPED,757,1221.96,114,99
22448,PIN CUSHION BABUSHKA RED,UNMAPPED,753,2426.73,122,105
72130,COLUMBIAN CANDLE ROUND,UNMAPPED,753,306.35,59,53
84660B,BLACK STITCHED WALL CLOCK,UNMAPPED,752,952.66,67,61
21416,CLAM SHELL LARGE,UNMAPPED,751,603.06,23,21
16161E,WRAP BOUDOIR,UNMAPPED,750,75.00,9,7
21611,SET OF 12 LILY BOTANICAL T-LIGHTS,UNMAPPED,750,2182.19,151,111
22939,ADULT APRON APPLE DELIGHT,UNMAPPED,750,3502.54,182,143
84356,POMPOM CURTAIN,UNMAPPED,750,3771.04,133,113
21246,RED RETROSPOT BIG BOWL,UNMAPPED,749,3685.63,209,163
21307,SET/4 BUTTERFLY MIRROR MAGNETS,UNMAPPED,749,650.07,72,60
21696,SMALL SILVER TRELLIS CANDLEPOT,UNMAPPED,749,2251.14,107,95
23395,BELLE JARDINIERE CUSHION COVER,UNMAPPED,748,3257.08,211,76
72131,COLUMBIAN CANDLE RECTANGLE,UNMAPPED,748,692.28,58,49
85188B,PINK METAL SWINGING BUNNY,UNMAPPED,748,660.88,76,51
23390,DOLLY GIRL MINI BACKPACK,UNMAPPED,747,3025.59,166,69
17136A,check,UNMAPPED,746,61.78,35,34
47310M,SMALL POP BOX FUNKY MONKEY,UNMAPPED,746,1004.94,173,139
47505,UNKNOWN,UNMAPPED,746,3527.42,182,85
84051,ASS COLOUR GLOWING TIARAS,UNMAPPED,746,607.98,61,54
22220,CAKE STAND LOVEBIRD 2 TIER WHITE,UNMAPPED,745,6885.44,270,204
22903,CALENDAR FAMILY FAVOURITES,UNMAPPED,745,2053.96,82,70
23695,DOILY THANK YOU CARD,UNMAPPED,741,313.24,57,22
20878,UNKNOWN,UNMAPPED,739,952.51,88,56
21456,2 PICTURE BOOK EGGS EASTER CHICKS,UNMAPPED,738,776.05,66,53
23224,CHERUB HEART DECORATION GOLD,UNMAPPED,738,649.02,71,48
23127,FELTCRAFT GIRL NICOLE KIT,UNMAPPED,736,3759.00,196,125
23235,STORAGE TIN VINTAGE LEAF,UNMAPPED,736,1950.66,105,71
21825,PAINTED METAL TREE WITH HOLLY BELLS,UNMAPPED,733,1053.19,80,55
22060,LARGE CAKE STAND HANGING HEARTS,UNMAPPED,733,5691.41,161,129
84922,PINK BUTTERFLY WASHBAG,UNMAPPED,733,808.22,21,19
85019B,BLOSSOM IMAGES NOTEBOOK SET,UNMAPPED,733,982.47,48,46
21576,LETS GO SHOPPING COTTON TOTE BAG,UNMAPPED,732,1686.19,207,156
22496,SET OF 2 ROUND TINS DUTCH CHEESE,UNMAPPED,731,1996.09,194,151
78124,MAGAZINE RACK GEBRA ASSORTED,UNMAPPED,730,969.61,31,29
84925F,PSYCHEDELIC WALL THERMOMETER,UNMAPPED,729,873.11,35,35
20662,FIRST CLASS HOLIDAY PURSE,UNMAPPED,728,471.33,49,45
21710,FOLDING UMBRELLA PINKWHITE POLKADOT,UNMAPPED,726,2235.01,111,96
22223,CAKE PLATE LOVEBIRD PINK,UNMAPPED,726,3359.66,177,148
79341,WILLOW BRANCH LIGHTS.,UNMAPPED,725,4423.69,80,51
35965,FOLKART HEART NAPKIN RINGS,UNMAPPED,724,1423.63,185,144
21794,adjustment,UNMAPPED,723,3552.09,179,152
85170D,SET/6 PINK BIRD T-LIGHT CANDLES,UNMAPPED,723,1296.36,151,128
17012B,ORIGAMI JASMINE INCENSE/CANDLE SET,UNMAPPED,721,867.45,126,110
21130,COLOURFUL STANDING GNOME,UNMAPPED,721,1200.93,49,37
21547,CERAMIC BIRDHOUSE CRESTED TIT SMALL,UNMAPPED,719,1848.47,121,98
22618,COOKING SET RETROSPOT,UNMAPPED,718,6984.35,243,149
C2,CARRIAGE,UNMAPPED,718,13426.00,270,197
35001G,HAND OPEN SHAPE GOLD,UNMAPPED,715,2259.47,105,86
22058,CERAMIC LOVE HEARTS DESIGN MUG,UNMAPPED,714,795.72,112,78
23033,DRAWER KNOB CERAMIC RED,UNMAPPED,714,1058.90,74,63
23502,PLAYING CARDS VINTAGE DOILY,UNMAPPED,714,896.41,95,49
72128,COLUMBIAN CANDLE ROUND,UNMAPPED,714,442.24,91,78
21821,GLITTER STAR GARLAND WITH BELLS,UNMAPPED,713,2866.60,156,103
35981C,WHITE SNOW SCANDINAVIAN STOCKING,UNMAPPED,711,297.62,73,47
85084,HOLLY TOP CHRISTMAS STOCKING,UNMAPPED,707,681.40,88,51
21133,PAINTED BIRD ASSORTED CHRISTMAS,UNMAPPED,706,712.91,44,28
21408,SPOTTY PINK DUCK DOORSTOP,UNMAPPED,703,3045.31,240,187
21682,LARGE MEDINA STAMPED METAL BOWL,UNMAPPED,703,2767.59,153,136
21545,UNKNOWN,UNMAPPED,701,1640.12,84,69
21741,COSY SLIPPER SHOES LARGE GREEN,UNMAPPED,701,2293.75,192,137
79302M,"ART LIGHTS,FUNK MONKEY",UNMAPPED,701,1797.95,113,98
85059,FRENCH ENAMEL WATER BASIN,UNMAPPED,701,2399.89,213,167
23110,PARISIENNE KEY CABINET,UNMAPPED,700,4147.18,256,127
84520D,UNKNOWN,UNMAPPED,700,639.47,95,42
22325,MOBILE VINTAGE HEARTS,UNMAPPED,699,3139.99,225,159
21612,SET 12 WILDFLOWER BOTANICAL T-LIGHT,UNMAPPED,698,2025.77,114,88
21618,4 WILDFLOWER BOTANICAL CANDLES,UNMAPPED,698,1823.74,146,110
21709,FOLDING UMBRELLA CHOCOLATE POLKADOT,UNMAPPED,696,2876.72,117,103
20849,UNKNOWN,UNMAPPED,695,593.03,26,23
20670,VIP HOLIDAY PURSE,UNMAPPED,694,378.85,48,44
72819,CUPID DESIGN SCENTED CANDLES,UNMAPPED,694,1174.01,94,81
21316,SMALL CHUNKY GLASS ROMAN BOWL,UNMAPPED,693,1146.11,47,42
22105,MIRROR MOSAIC GOBLET CANDLE HOLDER,UNMAPPED,692,1294.70,56,49
35915C,UNKNOWN,UNMAPPED,692,793.32,83,58
85167B,BLACK GRAND BAROQUE PHOTO FRAME,UNMAPPED,692,1426.34,60,54
21804,dotcom,UNMAPPED,691,2240.99,146,95
22167,OVAL WALL MIRROR DIAMANTE,UNMAPPED,691,6056.33,305,229
21000,ROSE DU SUD COSMETICS BAG,UNMAPPED,690,1744.98,94,84
22935,BAKING MOULD ROSE MILK CHOCOLATE,UNMAPPED,690,2066.82,65,54
21157,RED RETROSPOT WASHBAG,UNMAPPED,689,1616.95,177,126
20950,UNKNOWN,UNMAPPED,688,353.39,85,64
22125,UNKNOWN,UNMAPPED,687,4089.09,192,64
84934,ASSTD DESIGN POP ART SLIM PEN,UNMAPPED,687,586.50,13,12
20764,ABSTRACT CIRCLES SKETCHBOOK,UNMAPPED,685,2134.76,194,146
21457,2 PICTURE BOOK EGGS EASTER DUCKS,UNMAPPED,685,716.00,65,53
22270,HAPPY EASTER HANGING DECORATION,UNMAPPED,685,2638.67,158,113
85130A,BEADED PEARL HEART WHITE LARGE,UNMAPPED,685,1176.29,88,75
20891,LARGE GLASS ROSE SCENTED CANDLE,UNMAPPED,684,236.33,3,3
22443,GROW YOUR OWN HERBS SET OF 3,UNMAPPED,683,5393.43,265,181
21548,CERAMIC BIRDHOUSE FINCH BLUE ROOF,UNMAPPED,682,1776.12,108,82
84469,UNKNOWN,UNMAPPED,682,2249.41,45,28
21306,SET/4 DAISY MIRROR MAGNETS,UNMAPPED,681,342.80,68,65
22926,IVORY GIANT GARDEN THERMOMETER,UNMAPPED,680,4150.31,217,102
85214,UNKNOWN,UNMAPPED,680,886.23,174,136
21815,STAR T-LIGHT HOLDER,UNMAPPED,679,1060.24,94,71
21562,HAWAIIAN GRASS SKIRT,UNMAPPED,678,970.28,74,69
23473,WOODLAND SMALL RED FELT HEART,UNMAPPED,678,552.02,51,33
82615,PINK MARSHMALLOW SCARF KNITTING KIT,UNMAPPED,678,1603.97,91,68
84799,SPRIG LAVENDER ARTIFICIAL FLOWER,UNMAPPED,678,528.78,31,29
21043,APRON MODERN VINTAGE COTTON,UNMAPPED,677,1921.03,141,99
21276,TWO EMBOSSED HEART MINI DRAWERS,UNMAPPED,677,1558.94,29,20
21437,24 HANGING EASTER EGGS FLORAL TUB,UNMAPPED,677,2350.92,114,55
22308,TEA COSY BLUE STRIPE,UNMAPPED,677,2085.05,214,162
22701,PINK DOG BOWL,UNMAPPED,675,1320.57,159,121
72800A,UNKNOWN,UNMAPPED,675,743.26,47,41
84976,RECTANGULAR SHAPED MIRROR,UNMAPPED,674,722.76,56,51
20931,BLUE POT PLANT CANDLE,UNMAPPED,673,2238.07,158,128
22290,UNKNOWN,UNMAPPED,671,1223.02,80,49
21814,HEART T-LIGHT HOLDER,UNMAPPED,670,1016.53,99,74
21205,MULTICOLOUR 3D BALLS GARLAND,UNMAPPED,669,1746.97,149,124
21468,BUTTERFLY CROCHET FOOD COVER,UNMAPPED,669,2361.39,145,124
37482P,CUBIC MUG PINK POLKADOT,UNMAPPED,669,941.01,86,70
22168,ORGANISER WOOD ANTIQUE WHITE,UNMAPPED,666,5475.93,314,208
10120,DOGGY RUBBER,UNMAPPED,664,142.74,73,64
22324,BLUE POLKADOT KIDS BAG,UNMAPPED,664,1797.06,153,130
82607A,UNKNOWN,UNMAPPED,664,923.72,160,105
82613A,Amazon,UNMAPPED,664,674.95,122,92
84247E,PACK OF 12 CHRISTMAS FUN CARDS,UNMAPPED,664,1064.05,101,75
84926A,WAKE UP COCKEREL TILE COASTER,UNMAPPED,664,293.08,51,49
16202A,PASTEL PINK PHOTO ALBUM,UNMAPPED,662,290.45,21,21
22763,KEY CABINET MA CAMPAGNE,UNMAPPED,662,5430.59,135,107
23392,SPACEBOY ROCKET LOLLY MAKERS,UNMAPPED,662,1475.03,114,59
72800C,4 PINK DINNER CANDLE SILVER FLOCK,UNMAPPED,660,924.84,80,74
85159B,"WHITE TEA,COFFEE,SUGAR JARS",UNMAPPED,660,1516.50,89,84
21017,RED BIRD HOUSE TREE DECORATION,UNMAPPED,659,535.89,87,58
21220,SET/4 BADGES DOGS,UNMAPPED,659,888.68,160,133
85130C,BEADED CRYSTAL HEART BLUE LARGE,UNMAPPED,659,737.89,69,63
20889,JARDIN DE FEMME SCENTED CANDLE,UNMAPPED,657,398.04,13,11
21555,CERAMIC STRAWBERRY TRINKET TRAY,UNMAPPED,657,1131.37,135,112
23055,IVORY CHANDELIER T-LIGHT HOLDER,UNMAPPED,657,1395.18,40,33
72801D,4 SKY BLUE DINNER CANDLES,UNMAPPED,656,701.15,122,97
21781,MA CAMPAGNE CUTLERY BOX,UNMAPPED,655,10125.72,367,240
22123,PING MICROWAVE APRON,UNMAPPED,655,1700.14,167,135
23052,RECYCLED ACAPULCO MAT TURQUOISE,UNMAPPED,654,5949.34,278,136
23396,LE JARDIN BOTANIQUE CUSHION COVER,UNMAPPED,654,2750.53,201,75
84509B,SET OF 4 FAIRY CAKE PLACEMATS,UNMAPPED,654,2489.97,202,161
84985A,SET OF 72 GREEN PAPER DOILIES,UNMAPPED,654,1047.93,163,127
85065,UNKNOWN,UNMAPPED,653,7524.44,260,160
21490,UNKNOWN,UNMAPPED,652,1210.60,58,13
10123C,HEARTS WRAPPING TAPE,UNMAPPED,650,254.41,63,56
22408,MONEY BOX CONFECTIONERY DESIGN,UNMAPPED,650,798.67,96,79
84625D,WHITE NEWBAROQUE CANDLESTICK CANDLE,UNMAPPED,650,793.34,52,42
84800L,LARGE WHITE/PINK ROSE ART FLOWER,UNMAPPED,650,970.79,38,38
21147,JINGLE BELLS TREE DECORATION,UNMAPPED,649,870.48,121,89
23559,WOODLAND BUNNIES LOLLY MAKERS,UNMAPPED,649,1482.41,124,66
85035A,GARDENIA 3 WICK MORRIS BOXED CANDLE,UNMAPPED,649,2370.31,185,141
22389,PAPERWEIGHT SAVE THE PLANET,UNMAPPED,647,1245.52,92,80
85019A,ROMANTIC IMAGES NOTEBOOK SET,UNMAPPED,647,915.04,49,48
22853,CAT BOWL VINTAGE CREAM,UNMAPPED,645,2205.57,146,110
22891,TEA FOR ONE POLKADOT,UNMAPPED,644,3103.70,230,142
23564,EGG CUP MILKMAID INGRID,UNMAPPED,644,841.31,76,36
35646,VINTAGE BEAD PINK EVENING BAG,UNMAPPED,642,1043.44,106,81
20615,BLUE POLKADOT PASSPORT COVER,UNMAPPED,641,1077.81,198,145
21379,CAMPHOR WOOD PORTOBELLO MUSHROOM,UNMAPPED,641,705.46,125,110
79190D,RETRO PLASTIC DAISY TRAY,UNMAPPED,641,296.58,112,105
47502,POLKADOT CUTLERY 24 PCS IN TRAY,UNMAPPED,640,6855.75,79,65
72023F,RED ORGANIC CANDLE IN GLASS,UNMAPPED,640,669.62,51,38
84684,UNKNOWN,UNMAPPED,640,720.70,42,34
72799A,BLACK PILLAR CANDLE SILVER FLOCK,UNMAPPED,639,877.80,20,19
23529,WALL ART DOLLY GIRL,UNMAPPED,637,2011.99,37,28
84968C,SET OF 16 VINTAGE PISTACHIO CUTLERY,UNMAPPED,637,7629.25,192,147
21373,MIRRORED WALL ART SNOWFLAKES,UNMAPPED,636,548.89,61,52
22323,UNKNOWN,UNMAPPED,636,1683.31,118,96
21610,SET 12 PEAR BOTANICAL T-LIGHTS,UNMAPPED,635,1543.67,99,79
72800D,4 BLUE DINNER CANDLES SILVER FLOCK,UNMAPPED,634,1020.21,87,78
20839,FRENCH PAISLEY CUSHION COVER,UNMAPPED,633,1018.11,118,91
21849,SILVER DIAMANTE PEN IN GIFT BOX,UNMAPPED,633,1483.51,136,108
22990,COTTON APRON PANTRY DESIGN,UNMAPPED,633,2917.43,166,120
21613,S/12 VANILLA BOTANICAL T-LIGHTS,UNMAPPED,632,1861.45,148,133
82616C,MIDNIGHT GLAMOUR SCARF KNITTING KIT,UNMAPPED,632,1024.10,142,110
21695,SMALL SILVER FLOWER CANDLE POT,UNMAPPED,630,1952.18,102,90
23568,EGG CUP HENRIETTA HEN CREAM,UNMAPPED,630,787.52,48,28
85180A,RED HEARTS LIGHT CHAIN,UNMAPPED,629,1636.42,100,65
21851,LILAC DIAMANTE PEN IN GIFT BOX,UNMAPPED,628,1473.56,149,112
22471,TV DINNER TRAY AIR HOSTESS,UNMAPPED,627,2568.76,176,137
23536,WALL ART VILLAGE SHOW,UNMAPPED,626,3442.13,85,42
10134,COLOURING PENCILS BROWN TUBE,UNMAPPED,625,721.13,54,45
21946,PARTY TIME DESIGN FLANNEL,UNMAPPED,625,358.97,67,58
23403,LETTER HOLDER HOME SWEET HOME,UNMAPPED,625,2204.11,135,69
84596K,JELLY BABIES YELLOW SMALL BOWL,UNMAPPED,623,543.41,94,72
84951A,SET OF 4 PISTACHIO LOVEBIRD COASTER,UNMAPPED,622,848.76,135,101
21222,SET/4 BADGES BEETLES,UNMAPPED,621,804.65,134,110
85036A,GARDENIA 1 WICK MORRIS BOXED CANDLE,UNMAPPED,621,2405.79,172,141
22446,PIN CUSHION BABUSHKA PINK,UNMAPPED,619,1751.93,190,141
84796B,BLUE SAVANNAH PICNIC HAMPER FOR 2,UNMAPPED,619,5016.91,185,128
22860,EASTER TIN CHICKS PINK DAISY,UNMAPPED,612,1060.85,111,62
21708,FOLDING UMBRELLA CREAM POLKADOT,UNMAPPED,611,2336.48,130,109
22372,AIRLINE BAG VINTAGE WORLD CHAMPION,UNMAPPED,611,3073.43,295,220
22894,TABLECLOTH RED APPLES DESIGN,UNMAPPED,611,5160.78,195,136
84750B,BLACK SMALL GLASS CAKE STAND,UNMAPPED,609,1142.02,78,67
21065,BOOM BOX SPEAKER GIRLS,UNMAPPED,608,1455.36,122,95
84913A,SOFT PINK ROSE TOWEL,UNMAPPED,608,2211.54,266,195
22056,CERAMIC PLATE LOVE HEART DESIGN,UNMAPPED,607,656.87,34,30
84659A,WHITE TRAVEL ALARM CLOCK,UNMAPPED,607,1469.51,226,161
85162A,SILVER RETRODISC LAMPSHADE,UNMAPPED,607,1234.27,20,20
20771,CHRYSANTHEMUM JOURNAL,UNMAPPED,606,1201.68,140,116
21262,WHITE GOOSE FEATHER CHRISTMAS TREE,UNMAPPED,606,2366.02,132,103
22137,BATHROOM SET LOVE HEART DESIGN,UNMAPPED,606,1508.28,43,40
23398,HANGING HEART BONHEUR,UNMAPPED,606,535.35,75,47
82616B,FRAPPUCINO SCARF KNITTING KIT,UNMAPPED,606,977.55,128,105
20890,SMALL GLASS ROSE SCENTED CANDLE,UNMAPPED,605,202.62,4,4
23252,VINTAGE RED ENAMEL TRIM JUG,UNMAPPED,603,2261.61,138,90
17012F,ORIGAMI SANDLEWOOD INCENSE/CAND SET,UNMAPPED,600,680.65,108,85
85036B,CHOCOLATE 1 WICK MORRIS BOX CANDLE,UNMAPPED,600,1547.10,89,73
22320,BIRDS MOBILE VINTAGE DESIGN,UNMAPPED,598,3545.02,180,151
10080,GROOVY CACTUS INFLATABLE,UNMAPPED,597,129.29,31,28
22843,BISCUIT TIN VINTAGE GREEN,UNMAPPED,597,3858.51,181,130
21251,DINOSAUR HEIGHT CHART STICKER SET,UNMAPPED,595,1683.93,132,116
22375,AIRLINE BAG VINTAGE JET SET BROWN,UNMAPPED,595,2969.29,288,223
23358,HOT STUFF HOT WATER BOTTLE,UNMAPPED,594,2008.38,89,56
79328,BLUE FLOCK GLASS CANDLEHOLDER,UNMAPPED,594,260.76,17,17
85086A,CANDY SPOT HEART DECORATION,UNMAPPED,593,568.73,154,121
35962,UNKNOWN,UNMAPPED,592,1351.78,97,62
72755C,FLOWER FAIRY OIL BURNER SET ROSE,UNMAPPED,592,767.00,14,13
21943,CAKES AND RABBITS DESIGN FLANNEL,UNMAPPED,591,529.16,149,118
20686,DOLLY MIXTURE CHILDREN'S UMBRELLA,UNMAPPED,590,2002.84,186,154
22259,FELT FARM ANIMAL HEN,UNMAPPED,590,482.95,74,54
84971L,LARGE HEART FLOWERS HOOK,UNMAPPED,590,728.43,62,44
22934,BAKING MOULD EASTER EGG WHITE CHOC,UNMAPPED,589,1707.47,78,60
22317,FIVE CATS HANGING DECORATION,UNMAPPED,587,1827.64,168,141
22513,DOORSTOP FOOTBALL DESIGN,UNMAPPED,587,1894.70,173,140
22183,CAKE STAND VICTORIAN FILIGREE MED,UNMAPPED,586,3297.25,209,148
72122,COFFEE SCENT PILLAR CANDLE,UNMAPPED,586,593.33,124,103
84637,KITCHEN FLOWER POTS WALL PLAQUE,UNMAPPED,585,1454.49,114,94
20619,TROPICAL PASSPORT COVER,UNMAPPED,582,1014.42,196,159
20622,VIP PASSPORT COVER,UNMAPPED,582,1127.59,128,108
23091,ZINC HERB GARDEN CONTAINER,UNMAPPED,582,3656.32,211,106
23525,WALL ART BUFFALO BILL,UNMAPPED,582,1863.82,53,35
20684,UNKNOWN,UNMAPPED,581,1910.06,178,144
22822,CREAM WALL PLANTER HEART SHAPED,UNMAPPED,581,3367.35,184,127
22500,SET OF 2 TINS JARDIN DE PROVENCE,UNMAPPED,580,2647.31,199,156
22839,3 TIER CAKE TIN GREEN AND CREAM,UNMAPPED,579,8971.17,261,185
23515,EMBROIDERED RIBBON REEL DAISY,UNMAPPED,579,1164.98,72,46
21194,PINK HONEYCOMB PAPER FAN,UNMAPPED,578,751.50,97,86
23164,REGENCY CAKE SLICE,UNMAPPED,578,2718.65,92,72
23048,SET OF 10 LANTERNS FAIRY LIGHT STAR,UNMAPPED,577,2368.37,102,71
84526,GIANT BLACK SUNGLASSES,UNMAPPED,576,1503.64,35,33
90058A,CRYSTAL STUD EARRINGS CLEAR DISPLAY,UNMAPPED,576,218.88,13,13
84951B,SET OF 4 BLACK LOVEBIRD COASTERS,UNMAPPED,575,853.99,126,91
46115B,GREEN POP ART MAO CUSHION COVER,UNMAPPED,574,54.34,23,22
47574A,ENGLISH ROSE SCENTED HANGING FLOWER,UNMAPPED,573,792.73,130,96
21678,PAISLEY PATTERN STICKERS,UNMAPPED,572,423.00,80,73
23511,EMBROIDERED RIBBON REEL EMILY,UNMAPPED,571,1252.01,99,52
84993B,75 BLACK PETIT FOUR CASES,UNMAPPED,571,260.65,99,81
22914,BLUE COAT RACK PARIS FASHION,UNMAPPED,570,2720.66,171,133
85025B,EAU DE NILE HEART SHAPE PHOTO FRAME,UNMAPPED,570,985.40,98,87
23553,LANDMARK FRAME CAMDEN TOWN,UNMAPPED,568,6444.65,68,35
23124,18PC WOODEN CUTLERY SET DISPOSABLE,UNMAPPED,567,751.38,43,35
23513,EMBROIDERED RIBBON REEL SUSIE,UNMAPPED,566,1114.26,70,42
84858B,BLUE RIVIERA HANDBAG,UNMAPPED,566,431.00,10,8
22852,DOG BOWL VINTAGE CREAM,UNMAPPED,565,2467.11,160,122
84678,CLASSICAL ROSE SMALL VASE,UNMAPPED,565,1108.28,84,73
35647,VINTAGE BEAD PINK SHADE,UNMAPPED,563,748.24,75,53
35915B,BLUE KNITTED HEN,UNMAPPED,563,713.73,68,46
84569A,PACK 3 IRON ON DOG PATCHES,UNMAPPED,562,702.42,114,97
22182,CAKE STAND VICTORIAN FILIGREE SMALL,UNMAPPED,561,2156.45,172,138
22282,12 EGG HOUSE PAINTED WOOD,UNMAPPED,561,7304.69,216,175
21378,SMALL TALL CAMPHOR WOOD TOADSTOOL,UNMAPPED,560,728.97,88,80
84760L,LARGE HANGING GLASS+ZINC LANTERN,UNMAPPED,560,896.00,1,1
20893,HANGING BAUBLE T-LIGHT HOLDER SMALL,UNMAPPED,559,1308.59,79,72
21349,check,UNMAPPED,559,4010.73,174,92
35818P,"ACRYLIC JEWEL ICICLE, PINK",UNMAPPED,559,242.15,25,23
72739B,WHITE CHOCOLATE SCENT CANDLE,UNMAPPED,558,328.39,29,17
23418,LAVENDER TOILETTE BOTTLE,UNMAPPED,557,1166.00,79,48
16256B,UNKNOWN,UNMAPPED,556,232.35,37,35
20798,UNKNOWN,UNMAPPED,556,1308.15,86,77
21361,LOVE LARGE WOOD LETTERS,UNMAPPED,556,7361.74,288,194
21694,SMALL REGAL SILVER CANDLEPOT,UNMAPPED,556,1593.16,70,63
23026,DRAWER KNOB VINTAGE GLASS STAR,UNMAPPED,556,1198.96,64,52
21895,POTTING SHED SOW 'N' GROW SET,UNMAPPED,555,1718.63,86,65
35607A,UNKNOWN,UNMAPPED,555,118.43,32,30
79063C,"RETRO PILL BOX KEY CHAIN,THE KING",UNMAPPED,555,43.65,15,15
20976,UNKNOWN,UNMAPPED,554,376.34,78,68
23152,IVORY SWEETHEART WIRE LETTER RACK,UNMAPPED,554,2080.65,160,111
84313C,ORANGE TV TRAY TABLE,UNMAPPED,554,1442.39,74,66
79338,DARK PINK FLOCK GLASS CANDLEHOLDER,UNMAPPED,553,252.29,13,13
84396,6 HOOK JEWELLERY STAND BLACK DRESS,UNMAPPED,552,1380.52,50,34
21842,PINK HEART CANDY BUTTON CALCULATOR,UNMAPPED,551,1308.74,47,27
35637A,IVORY STRING CURTAIN WITH POLE,UNMAPPED,551,1445.05,53,50
85014C,BLUE/BROWN DOTS RUFFLED UMBRELLA,UNMAPPED,550,2270.73,73,46
21026,SPACE OWL,UNMAPPED,549,716.73,125,99
22214,CANDLE PLATE LACE WHITE,UNMAPPED,549,1279.79,92,75
72132,COLUMBIAN CUBE CANDLE,UNMAPPED,549,462.15,28,25
21549,CERAMIC BIRDHOUSE RED ROOF SMALL,UNMAPPED,547,1270.39,52,38
84750A,PINK SMALL GLASS CAKE STAND,UNMAPPED,547,1189.23,106,68
22526,WHEELBARROW FOR CHILDREN,UNMAPPED,546,6689.67,210,150
23112,PARISIENNE CURIO CABINET,UNMAPPED,546,4507.08,241,129
21056,DOCTOR'S BAG SOFT TOY,UNMAPPED,545,4961.33,195,160
21144,PINK POODLE HANGING DECORATION,UNMAPPED,543,287.47,61,42
85170C,SET/6 EAU DE NIL BIRD T-LIGHTS,UNMAPPED,543,993.03,107,93
21580,RABBIT DESIGN COTTON TOTE BAG,UNMAPPED,542,1329.63,172,132
23003,TRAVEL CARD WALLET VINTAGE ROSE,UNMAPPED,542,226.20,54,43
23490,T-LIGHT HOLDER HANGING LOVE BIRD,UNMAPPED,542,2032.77,101,44
21464,DISCO BALL ROTATOR BATTERY OPERATED,UNMAPPED,539,2286.75,217,179
22204,MILK PAN BLUE POLKADOT,UNMAPPED,537,1974.29,170,133
84683,CLASSICAL ROSE CANDLESTAND,UNMAPPED,537,516.85,49,43
85039C,S/4 BLACK MINI ROSE CANDLE IN BOWL,UNMAPPED,536,516.31,114,100
21221,SET/4 BADGES CUTE CREATURES,UNMAPPED,535,709.66,107,95
84968A,SET OF 16 VINTAGE ROSE CUTLERY,UNMAPPED,535,6688.90,209,156
75013B,UNKNOWN,UNMAPPED,534,669.62,82,71
72755D,FLOWER FAIRY OIL BURNER SET SUMMER,UNMAPPED,533,693.25,13,12
79323GR,GREEN CHERRY LIGHTS,UNMAPPED,532,3209.36,83,56
22376,AIRLINE BAG VINTAGE JET SET WHITE,UNMAPPED,531,2632.18,251,196
20869,GOLD FABRIC MIRROR,UNMAPPED,529,295.12,54,47
35824B,"HANGING FLOWERS+MIRROR,BLUE",UNMAPPED,528,203.24,6,6
47504F,ENGLISH ROSE TORCH,UNMAPPED,527,196.46,14,8
23216,LAUREL HEART ANTIQUE GOLD,UNMAPPED,525,630.73,45,39
72759,UNKNOWN,UNMAPPED,524,0.00,1,1
21255,UNKNOWN,UNMAPPED,523,860.08,98,60
23092,LARGE ANTIQUE WHITE PHOTO FRAME,UNMAPPED,523,3757.78,135,84
35271S,GOLD PRINT PAPER BAG,UNMAPPED,523,85.97,21,19
35969,FOLKART CROWN TABLE DECORATIONS,UNMAPPED,523,542.47,76,63
84854,GIRLY PINK TOOL SET,UNMAPPED,521,2079.47,112,78
85169D,PINK LOVE BIRD CANDLE,UNMAPPED,521,603.98,88,80
17012D,ORIGAMI ROSE INCENSE/CANDLE SET,UNMAPPED,520,658.72,116,94
84251C,"GREETING CARD, TWO SISTERS.",UNMAPPED,519,76.68,55,42
20766,GARDEN PATH SKETCHBOOK,UNMAPPED,518,1548.47,157,123
21377,SMALL CAMPHOR WOOD FIELD MUSHROOM,UNMAPPED,518,742.56,98,92
21841,BABY MOUSE RED GINGHAM DRESS,UNMAPPED,518,1857.47,136,108
23452,HEART MINI PORTRAIT FRAME,UNMAPPED,518,1021.76,87,40
37330,BIG POLKADOT MUG,UNMAPPED,517,927.46,28,27
21738,COSY SLIPPER SHOES SMALL RED,UNMAPPED,514,1322.63,138,90
72780,BLACK SILOUETTE CANDLE PLATE,UNMAPPED,514,418.18,44,41
22703,PINK CAT BOWL,UNMAPPED,513,921.81,165,122
21283,NATURAL BARK CANDLE SMALL,UNMAPPED,512,1629.20,82,73
22201,FRYING PAN BLUE POLKADOT,UNMAPPED,512,2034.40,168,141
21319,adjustment,UNMAPPED,511,743.61,66,61
22281,EASTER TREE YELLOW BIRDS,UNMAPPED,511,3285.86,149,104
85166B,BLACK METAL BAROQUE PHOTO FRAME,UNMAPPED,510,864.10,38,34
15059A,ENGLISH ROSE EDWARDIAN PARASOL,UNMAPPED,509,1567.00,4,3
22106,MIRROR MOSAIC HURRICANE LAMP,UNMAPPED,509,1589.98,79,69
21427,SKULLS STORAGE BOX SMALL,UNMAPPED,507,999.06,120,102
23542,WALL ART 70'S ALPHABET,UNMAPPED,506,3800.16,89,42
84581,DOG TOY WITH PINK CROCHET SKIRT,UNMAPPED,506,1920.02,236,194
20933,YELLOW POT PLANT CANDLE,UNMAPPED,505,1329.49,53,45
21425,SKULLS STORAGE BOX LARGE,UNMAPPED,505,1274.93,95,89
85169C,EAU DE NIL LOVE BIRD CANDLE,UNMAPPED,505,566.82,71,62
21529,UNKNOWN,UNMAPPED,504,1790.44,153,105
84875D,BLUE SQUARE COMPACT MIRROR,UNMAPPED,504,483.75,39,22
84673B,BLUE FLY SWAT,UNMAPPED,503,391.31,134,114
21417,COCKLE SHELL DISH,UNMAPPED,502,1023.90,118,106
21692,SILVER LATTICE VANILLA CANDLE POT,UNMAPPED,502,1906.62,120,92
23512,EMBROIDERED RIBBON REEL ROSIE,UNMAPPED,500,975.24,57,41
84673A,PINK FLY SWAT,UNMAPPED,500,314.84,101,86
85031B,BLOSSOM IMAGES SCRAP BOOK SET,UNMAPPED,500,896.09,86,67
84797A,PINK HAWAIIAN PICNIC HAMPER FOR 4,UNMAPPED,499,3560.09,61,28
20617,FIRST CLASS PASSPORT COVER,UNMAPPED,498,992.99,105,95
23007,SPACEBOY BABY GIFT SET,UNMAPPED,498,7741.75,184,129
23050,RECYCLED ACAPULCO MAT GREEN,UNMAPPED,497,4286.55,205,118
75178,ASSTD COL BUTTERFLY/CRYSTAL W/CHIME,UNMAPPED,497,273.93,25,25
15058A,BLUE POLKADOT GARDEN PARASOL,UNMAPPED,496,3153.73,150,109
72750B,FLOWER FAIRY SET 3 CANDLES LAVENDER,UNMAPPED,496,1047.20,39,37
85067,CREAM SWEETHEART WALL CABINET,UNMAPPED,496,8201.99,176,132
72529W,WHITE ADVENT CANDLE,UNMAPPED,495,923.05,49,29
21739,COSY SLIPPER SHOES SMALL GREEN,UNMAPPED,494,1451.85,178,120
21792,CLASSIC FRENCH STYLE BASKET GREEN,UNMAPPED,494,2517.88,141,113
46776F,WOVEN ROSE GARDEN CUSHION COVER,UNMAPPED,494,1704.64,158,118
71028B,SILVER BLUE EGG T-LIGHT HOLDER,UNMAPPED,494,227.48,13,11
84927E,FLOWERS TILE HOOK,UNMAPPED,494,224.31,30,29
85045,UNKNOWN,UNMAPPED,493,2239.34,87,65
21223,SET/4 BADGES WOODLAND ANIMAL,UNMAPPED,492,587.08,44,34
85159A,"BLACK TEA,COFFEE,SUGAR JARS",UNMAPPED,492,1248.98,82,72
84033,FLAG OF ST GEORGE,UNMAPPED,491,735.38,51,43
21095,UNKNOWN,UNMAPPED,490,274.57,44,41
22925,AMAZON,UNMAPPED,490,2989.52,194,138
23058,CHRISTMAS HANGING SNOWFLAKE,UNMAPPED,490,430.86,48,31
23397,FOOT STOOL HOME SWEET HOME,UNMAPPED,489,5097.65,217,73
37492B,BLUE YELLOW FLOWER PIGGY BANK,UNMAPPED,489,946.72,44,41
85031C,CURIOUS IMAGES SCRAP BOOK SET,UNMAPPED,486,1017.48,108,83
20736,PINK MINI TAPE MEASURE,UNMAPPED,484,233.50,21,16
22783,UNKNOWN,UNMAPPED,484,6316.30,46,36
84926F,PSYCHEDELIC TILE COASTER,UNMAPPED,484,277.90,42,40
23081,GREEN METAL BOX ARMY SUPPLIES,UNMAPPED,483,4038.25,139,93
22143,CHRISTMAS CRAFT HEART DECORATIONS,UNMAPPED,482,942.88,74,50
23524,WALL ART HORSE & PONY,UNMAPPED,481,1557.63,63,40
35819B,check,UNMAPPED,480,192.30,38,28
17014A,ORIGAMI VANILLA INCENSE CONES,UNMAPPED,479,170.13,18,17
17014D,ORIGAMI ROSE INCENSE CONES,UNMAPPED,479,204.36,9,8
22428,ENAMEL FIRE BUCKET CREAM,UNMAPPED,479,3379.67,198,156
23528,WALL ART SPACEBOY,UNMAPPED,479,1504.49,50,35
79191B,RETRO PLASTIC POLKA TRAY,UNMAPPED,479,397.37,70,65
85187,S/12 MINI RABBIT EASTER,UNMAPPED,479,816.48,112,83
21687,UNKNOWN,UNMAPPED,478,1871.23,107,78
23514,EMBROIDERED RIBBON REEL SALLY,UNMAPPED,478,977.39,74,49
85031A,ROMANTIC IMAGES SCRAP BOOK SET,UNMAPPED,477,943.44,102,82
22788,BROCANTE COAT RACK,UNMAPPED,476,3942.62,84,65
84856S,SMALL TAHITI BEACH BAG,UNMAPPED,476,1877.21,34,30
84986B,SET OF 36 SILVER PAPER DOILIES,UNMAPPED,476,656.94,83,60
20831,GOLD PHOTO FRAME,UNMAPPED,474,927.96,80,73
23419,HOME SWEET HOME BOTTLE,UNMAPPED,473,1043.72,86,57
21440,12 MINI TOADSTOOL PEGS,UNMAPPED,472,597.56,96,67
23075,PARLOUR CERAMIC WALL HOOK,UNMAPPED,472,1960.30,80,66
84251G,"GREETING CARD, OVERCROWDED POOL.",UNMAPPED,472,127.56,91,78
20703,BLUE PADDED SOFT MOBILE,UNMAPPED,471,1993.47,169,130
22981,PANTRY APPLE CORER,UNMAPPED,471,704.13,108,82
23406,UNKNOWN,UNMAPPED,471,2422.66,112,63
72799C,PINK PILLAR CANDLE SILVER FLOCK,UNMAPPED,471,783.10,48,41
15058C,ICE CREAM DESIGN GARDEN PARASOL,UNMAPPED,470,2753.72,122,101
21374,MIRRORED WALL ART SKULLS,UNMAPPED,470,809.67,71,65
84849A,HELLO SAILOR BLUE SOAP HOLDER,UNMAPPED,470,833.57,104,95
21365,MIRRORED WALL ART STARS,UNMAPPED,469,707.92,79,70
22927,GREEN GIANT GARDEN THERMOMETER,UNMAPPED,469,2948.57,163,115
20689,RETRO SISTERS EXPRESSO CUPS,UNMAPPED,468,614.10,42,35
21364,PEACE SMALL WOOD LETTERS,UNMAPPED,468,3407.72,167,117
85112,S/3 TEAR DROP CUT GLASS DECORATION,UNMAPPED,465,412.77,34,18
81952V,ROUND PURPLE CLOCK WITH SUCKER,UNMAPPED,464,159.87,47,46
23325,RUSTIC STRAWBERRY JAM POT SMALL,UNMAPPED,462,740.94,35,30
23400,SHELF WITH 4 HOOKS HOME SWEET HOME,UNMAPPED,462,2409.34,109,56
23424,GINGHAM RECIPE BOOK BOX,UNMAPPED,462,2509.62,135,69
84674,FLYING PIG WATERING CAN,UNMAPPED,460,1175.93,107,95
22777,GLASS CLOCHE LARGE,UNMAPPED,459,3838.82,101,62
23125,6PC WOOD PLATE SET DISPOSABLE,UNMAPPED,459,574.88,38,28
23401,RUSTIC MIRROR WITH LACE HEART,UNMAPPED,459,2354.87,83,48
35651,VINTAGE BEAD PINK SCARF,UNMAPPED,459,1057.62,64,48
85028S,FRENCH CHATEAU SMALL FRUITBOWL,UNMAPPED,459,656.82,36,31
20761,BLUE PAISLEY SKETCHBOOK,UNMAPPED,458,1422.46,147,128
20762,GREEN FERN SKETCHBOOK,UNMAPPED,458,1343.79,136,114
21350,UNKNOWN,UNMAPPED,457,647.75,46,34
72772,SET/4 SCENTED CANDLES IN RAMEKINS,UNMAPPED,457,615.84,9,8
17084J,LOVE POTION MASALA INCENSE,UNMAPPED,456,95.76,20,20
23049,RECYCLED ACAPULCO MAT RED,UNMAPPED,456,3896.84,186,113
23697,A PRETTY THANK YOU CARD,UNMAPPED,456,194.58,36,20
77081,FLOWER WINDMILL,UNMAPPED,456,308.38,34,29
21197,MULTICOLOUR CONFETTI IN TUBE,UNMAPPED,453,661.81,46,43
21478,UNKNOWN,UNMAPPED,450,854.23,98,62
22913,RED COAT RACK PARIS FASHION,UNMAPPED,450,2107.85,122,98
23357,HOT WATER BOTTLE SEX BOMB,UNMAPPED,450,1982.05,103,60
84806B,WHITE CANDYSTUFT ARTIFICIAL FLOWER,UNMAPPED,450,568.02,32,32
84685,BEACH HUT KEY CABINET,UNMAPPED,449,1366.17,126,109
84688,BEACH HUT DESIGN BLACKBOARD,UNMAPPED,449,1313.52,82,69
23128,FELTCRAFT BOY JEAN-PAUL KIT,UNMAPPED,448,2258.66,139,100
85129A,UNKNOWN,UNMAPPED,448,569.16,82,65
21795,UNKNOWN,UNMAPPED,447,3734.94,81,70
21850,BLUE DIAMANTE PEN IN GIFT BOX,UNMAPPED,447,1072.98,106,81
35609A,PINK FEATHER CHRISTMAS DECORATION,UNMAPPED,447,133.23,24,23
35991,SET/6 BLACK SNOWFLAKE T-LIGHTS,UNMAPPED,447,232.08,57,48
20838,FRENCH LATTICE CUSHION COVER,UNMAPPED,446,565.80,63,55
84789,UNKNOWN,UNMAPPED,446,1558.39,125,103
21268,VINTAGE BLUE TINSEL REEL,UNMAPPED,445,261.66,55,43
72753B,S/3 FLWR FAIRY LAVENDER CANDLES,UNMAPPED,445,957.73,14,13
72811,SMALL ZINC/GLASS CANDLEHOLDER,UNMAPPED,445,340.45,22,22
37422,WHITE WITH BLACK CATS BOWL,UNMAPPED,443,292.08,74,54
17084A,TRANQUILITY MASALA INCENSE,UNMAPPED,442,92.82,18,18
20765,CHRYSANTHEMUM SKETCHBOOK,UNMAPPED,442,1265.06,147,118
20854,BLUE PATCH PURSE PINK HEART,UNMAPPED,441,711.37,108,92
21360,JOY LARGE WOOD LETTERS,UNMAPPED,441,2790.41,100,84
22166,WALL MIRROR RECTANGLE DIAMANTE PINK,UNMAPPED,440,3528.75,159,129
35972,DAISY FOLKART HEART DECORATION,UNMAPPED,440,611.38,88,71
16212,UNKNOWN,UNMAPPED,439,287.01,43,37
35811A,UNKNOWN,UNMAPPED,439,762.97,85,69
85131C,BEADED CRYSTAL HEART BLUE ON STICK,UNMAPPED,439,320.15,73,64
15058B,PINK POLKADOT GARDEN PARASOL,UNMAPPED,438,3327.67,156,113
20769,DAISY JOURNAL,UNMAPPED,438,808.81,80,69
22407,MONEY BOX FIRST AID DESIGN,UNMAPPED,438,521.12,75,68
21742,LARGE ROUND WICKER PLATTER,UNMAPPED,437,2647.28,195,155
84507C,adjustment,UNMAPPED,437,634.64,72,68
23556,LANDMARK FRAME COVENT GARDEN,UNMAPPED,436,4937.01,53,29
23394,POSTE FRANCE CUSHION COVER,UNMAPPED,435,1877.65,152,68
84908B,BLUE 5 PATCH FLOWER CUSHION COVER,UNMAPPED,435,1052.29,35,32
18094C,WHITE AND BLUE CERAMIC OIL BURNER,UNMAPPED,433,600.66,98,84
23008,DOLLY GIRL BABY GIFT SET,UNMAPPED,433,6719.61,133,99
84569B,PACK 3 FIRE ENGINE/CAR PATCHES,UNMAPPED,433,557.18,76,68
84908A,PINK 5 PATCH FLOWER CUSHION COVER,UNMAPPED,432,1045.16,36,34
84910A,PINK PAISLEY CUSHION COVER,UNMAPPED,432,1230.39,53,51
84968B,SET OF 16 VINTAGE IVORY CUTLERY,UNMAPPED,432,5732.39,138,95
23338,EGG FRYING PAN RED,UNMAPPED,431,915.40,109,69
22806,SET OF 6 T-LIGHTS WEDDING CAKE,UNMAPPED,430,1149.02,58,52
23219,LAUREL STAR ANTIQUE SILVER,UNMAPPED,430,568.60,64,44
46776B,WOVEN BERRIES CUSHION COVER,UNMAPPED,429,1373.36,154,122
85124C,GREEN JUICY FRUIT PHOTO FRAME,UNMAPPED,429,1139.07,123,105
47471,RAINBOW PEGS PHOTO CLIP STRING,UNMAPPED,428,295.72,63,60
85169B,BLACK LOVE BIRD CANDLE,UNMAPPED,428,502.91,94,79
23598,PAPER BUNTING VINTAGE PARTY,UNMAPPED,427,1215.53,47,23
37467,UNKNOWN,UNMAPPED,424,328.51,66,57
84686,UNKNOWN,UNMAPPED,423,1027.79,78,69
85019C,CURIOUS IMAGES NOTEBOOK SET,UNMAPPED,423,651.19,25,25
21247,SET OF RED SALAD SERVERS,UNMAPPED,422,664.73,81,64
21816,CHRISTMAS TREE T-LIGHT HOLDER,UNMAPPED,422,637.34,51,38
23022,SMALL BONNE JAM JAR T-LIGHT HOLDER,UNMAPPED,422,808.16,24,21
23554,LANDMARK FRAME OXFORD STREET,UNMAPPED,422,4805.53,57,34
84813,SET OF 4 DIAMOND NAPKIN RINGS,UNMAPPED,422,3300.76,99,82
21649,ASSORTED TUTTI FRUTTI PHOTO FRAME,UNMAPPED,421,1162.89,29,16
23555,LANDMARK FRAME NOTTING HILL,UNMAPPED,421,4780.57,51,28
35471A,SET OF 3 BIRD L.BLUE FEATHER,UNMAPPED,421,499.31,85,67
20700,GREEN CAT FLORAL CUSHION COVER,UNMAPPED,420,1125.05,103,78
22808,SET OF 6 T-LIGHTS EASTER CHICKS,UNMAPPED,420,1243.88,83,62
23527,WALL ART ANIMALS AND NATURE,UNMAPPED,420,1428.56,48,30
35817P,PINK ACRYLIC JEWEL SNOWFLAKE,UNMAPPED,420,216.70,11,10
84913B,MINT GREEN ROSE TOWEL,UNMAPPED,420,1593.29,200,154
85087,CANDY SPOT CUSHION COVER,UNMAPPED,420,1392.64,146,109
85208,SET/12 FUNKY FELT FLOWER PEG IN BAG,UNMAPPED,420,836.94,87,76
22257,FELT FARM ANIMAL SHEEP,UNMAPPED,419,345.48,59,49
23482,PEARLISED IVORY HEART LARGE,UNMAPPED,418,661.02,39,23
21002,ROSE DU SUD DRAWSTRING BAG,UNMAPPED,417,1507.22,184,137
23558,LANDMARK FRAME LONDON BRIDGE,UNMAPPED,415,4703.87,52,31
84569C,PACK 4 FLOWER/BUTTERFLY PATCHES,UNMAPPED,415,584.93,89,78
20655,QUEEN OF SKIES LUGGAGE TAG,UNMAPPED,414,608.48,192,148
20943,SET/6 GINGERBREAD STAR T-LIGHTS,UNMAPPED,414,540.21,72,46
23139,SINGLE WIRE HOOK PINK HEART,UNMAPPED,414,528.70,28,26
21462,"NURSERY A,B,C PAINTED LETTERS",UNMAPPED,413,2425.41,171,147
23521,WALL ART CAT AND BIRD,UNMAPPED,413,793.37,44,30
40018E,UNKNOWN,UNMAPPED,413,837.02,83,63
85119,WATERING CAN SINGLE HOOK PISTACHIO,UNMAPPED,413,567.48,40,37
22785,SQUARECUSHION COVER PINK UNION JACK,UNMAPPED,412,2207.11,122,89
46776A,WOVEN BUBBLE GUM CUSHION COVER,UNMAPPED,411,1303.88,122,99
84802B,PURPLE ANEMONE ARTIFICIAL FLOWER,UNMAPPED,411,389.79,17,17
20989,UNKNOWN,UNMAPPED,410,782.18,59,41
22461,SAVOY ART DECO CLOCK,UNMAPPED,410,3607.81,146,118
23565,EGG CUP MILKMAID HELGA,UNMAPPED,410,586.31,63,34
84876B,found,UNMAPPED,410,488.31,42,38
21027,NINJA RABBIT PINK,UNMAPPED,409,433.61,81,64
20856,DENIM PATCH PURSE PINK BUTTERFLY,UNMAPPED,408,674.09,124,105
35818B,"ACRYLIC JEWEL ICICLE, BLUE",UNMAPPED,408,180.05,11,11
35911A,MULTICOLOUR RABBIT EGG WARMER,UNMAPPED,408,466.69,98,76
47594B,SCOTTIES DESIGN WASHBAG,UNMAPPED,408,808.39,122,99
20830,SILVER PHOTO FRAME,UNMAPPED,407,964.61,83,74
23314,VINTAGE CHRISTMAS TABLECLOTH,UNMAPPED,407,5012.96,118,73
20862,PINK PATCH PENCIL CASE BLUE HEART,UNMAPPED,406,691.14,38,31
35599D,PINK AND WHITE CHRISTMAS TREE 120CM,UNMAPPED,406,1366.48,103,73
84968E,SET OF 16 VINTAGE BLACK CUTLERY,UNMAPPED,405,4894.61,113,92
15030,FAN BLACK FRAME,UNMAPPED,404,73.66,28,27
21371,MIRRORED WALL ART POPPIES,UNMAPPED,404,556.01,64,59
84663A,UNKNOWN,UNMAPPED,404,746.39,66,63
22849,BREAD BIN DINER STYLE MINT,UNMAPPED,403,6287.73,162,105
90209C,PINK ENAMEL+GLASS HAIR COMB,UNMAPPED,403,754.46,68,62
21250,SET OF SKULL WALL STICKERS,UNMAPPED,402,997.55,60,55
20715,LITTLE FLOWER SHOPPER BAG,UNMAPPED,400,424.00,1,1
49031B,CHROME EURO HOOK 20cm,UNMAPPED,400,0.00,1,1
84638,SMALL KITCHEN FLOWER POTS PLAQUE,UNMAPPED,400,1101.55,69,56
21635,UNKNOWN,UNMAPPED,399,855.24,44,41
22511,RETROSPOT BABUSHKA DOORSTOP,UNMAPPED,399,1046.66,114,95
23324,RUSTIC STRAWBERRY JAM POT LARGE,UNMAPPED,399,816.04,44,37
20654,FIRST CLASS LUGGAGE TAG,UNMAPPED,398,505.41,121,107
21320,GLASS CHALICE GREEN LARGE,UNMAPPED,398,913.34,57,51
21737,SET 3 WICKER LOG BASKETS,UNMAPPED,398,7362.66,164,112
85026B,EAU DE NILE JEWELLED T-LIGHT HOLDER,UNMAPPED,397,367.55,30,30
21153,RED SPOTTY TABLECLOTH,UNMAPPED,393,4294.69,139,98
84858C,PINK RIVIERA HANDBAG,UNMAPPED,393,611.07,31,29
84952C,MIRROR LOVE BIRD T-LIGHT HOLDER,UNMAPPED,393,705.01,44,34
84984B,RED PEONY CUSHION COVER,UNMAPPED,393,541.30,17,17
21264,WHITE GOOSE FEATHER TREE 60CM,UNMAPPED,391,917.85,68,58
84907,PINK YELLOW PATCH CUSHION COVER,UNMAPPED,391,999.17,36,33
85092,CANDY SPOT TEA COSY,UNMAPPED,391,622.57,24,23
72127,COLUMBIAN CANDLE ROUND,UNMAPPED,390,445.94,68,60
85129C,BEADED CRYSTAL HEART BLUE SMALL,UNMAPPED,390,510.23,66,61
21018,BIRD BOX CHRISTMAS TREE DECORATION,UNMAPPED,389,182.71,45,37
22184,CAKE STAND VICTORIAN FILIGREE LARGE,UNMAPPED,389,2887.07,146,110
22794,SWEETHEART WIRE MAGAZINE RACK,UNMAPPED,389,3271.35,209,161
23391,I LOVE LONDON MINI BACKPACK,UNMAPPED,389,1628.17,88,53
85124A,UNKNOWN,UNMAPPED,389,1087.73,105,79
84800S,SMALL WHITE/PINK ROSE ART FLOWER,UNMAPPED,388,292.04,19,18
22509,SEWING BOX RETROSPOT DESIGN,UNMAPPED,387,5130.36,188,138
21055,TOOL BOX SOFT TOY,UNMAPPED,386,3839.09,223,173
22512,DOORSTOP RACING CAR DESIGN,UNMAPPED,386,956.17,73,63
17011F,ORIGAMI SANDLEWOOD INCENSE+FLOWER,UNMAPPED,385,336.20,20,20
22848,AMAZON,UNMAPPED,384,6128.60,153,119
21054,UNKNOWN,UNMAPPED,383,3538.00,184,145
62096A,PINK/YELLOW FLOWERS HANDBAG,UNMAPPED,383,592.79,91,75
72750A,FLOWER FAIRY SET OF 3 LILY CANDLES,UNMAPPED,383,766.85,16,15
21711,FOLDING UMBRELLA WHITE/RED POLKADOT,UNMAPPED,382,1555.66,71,63
90209B,UNKNOWN,UNMAPPED,381,730.66,99,82
23218,LAUREL STAR ANTIQUE GOLD,UNMAPPED,379,483.03,40,33
21134,UNKNOWN,UNMAPPED,378,646.44,49,34
21923,UNKNOWN,UNMAPPED,378,2662.64,121,77
22172,METAL SHELF WITH RAIL,UNMAPPED,378,3451.82,186,117
23335,EGG FRYING PAN IVORY,UNMAPPED,377,790.78,97,70
84251F,UNKNOWN,UNMAPPED,377,83.97,52,48
84402D,UNKNOWN,UNMAPPED,377,358.93,14,13
84595E,LARGE TORTILLA DESIGN RED BOWL,UNMAPPED,377,723.57,44,43
85232A,SET/3 POLKADOT STACKING TINS,UNMAPPED,377,1910.22,141,121
21765,HANGING METAL BIRD BATH,UNMAPPED,376,3076.39,148,106
23085,ANTIQUE SILVER BAUBLE LAMP,UNMAPPED,376,3583.23,84,58
23694,PAISLEY PARK CARD,UNMAPPED,376,165.08,41,20
22194,UNKNOWN,UNMAPPED,375,3212.10,161,140
40046A,RED DAISY PAPER LAMPSHADE,UNMAPPED,375,472.07,63,57
21438,TUB 24 HANGING EASTER EGGS SPOTTY,UNMAPPED,373,1229.82,37,23
23342,MINT DINER WALL CLOCK,UNMAPPED,373,3176.41,163,100
46118,FUNKY MONKEY CUSHION COVER,UNMAPPED,373,513.58,73,62
84875B,GREEN SQUARE COMPACT MIRROR,UNMAPPED,373,511.01,40,24
21697,SET 5 MINI DOUGHNUT FRIDGE MAGNET,UNMAPPED,372,295.08,7,6
20621,UNKNOWN,UNMAPPED,371,451.67,35,32
71270,PHOTO CLIP LINE,UNMAPPED,370,525.40,82,77
20659,ECONOMY LUGGAGE TAG,UNMAPPED,369,533.51,140,110
20888,SET 3 JARDIN DE FEMME SCENT CANDLES,UNMAPPED,367,547.74,19,17
22504,CABIN BAG VINTAGE RETROSPOT,UNMAPPED,366,7985.03,115,88
85098B,BLUE FLYING SINGING CANARY,UNMAPPED,366,1456.94,115,82
23051,RECYCLED ACAPULCO MAT BLUE,UNMAPPED,365,3223.49,162,104
23053,RECYCLED ACAPULCO MAT PINK,UNMAPPED,364,3254.32,164,98
23272,TREE T-LIGHT HOLDER WILLIE WINKIE,UNMAPPED,364,562.22,44,33
84597C,RETRO PINK BALL ASHTRAY,UNMAPPED,364,450.98,44,42
84952B,BLACK LOVE BIRD T-LIGHT HOLDER,UNMAPPED,364,615.49,44,36
85180B,PINK HEARTS LIGHT CHAIN,UNMAPPED,364,1022.16,69,51
79030A,"TUMBLER, ENGLISH ROSE",UNMAPPED,363,438.25,34,27
23412,UNKNOWN,UNMAPPED,362,2354.80,79,29
20704,MR ROBOT SOFT TOY,UNMAPPED,361,1371.42,80,64
20825,GOLD WINE GLASS,UNMAPPED,361,1255.08,7,6
22054,MINI CAKE STAND HANGING HEARTS,UNMAPPED,361,655.01,78,46
23518,EMBROIDERED RIBBON REEL RACHEL,UNMAPPED,361,980.41,44,32
37492D,PURPLE GREEN FLOWER PIGGY BANK,UNMAPPED,361,682.99,26,22
23523,WALL ART TREASURE AHOY,UNMAPPED,360,1173.81,41,28
23107,WHITE HEARTS WIRE PLANT POT HOLDER,UNMAPPED,359,1009.51,73,54
35004G,SET OF 3 GOLD FLYING DUCKS,UNMAPPED,359,1419.51,77,72
85055,FRENCH ENAMEL UTENSIL HOLDER,UNMAPPED,359,1442.94,108,93
21690,UNKNOWN,UNMAPPED,358,990.84,92,68
47420,ASSORTED COLOUR SUCTION CUP HOOK,UNMAPPED,358,68.02,32,30
21317,GLASS SPHERE CANDLE STAND MEDIUM,UNMAPPED,357,1453.40,76,70
21667,UNKNOWN,UNMAPPED,357,6126.25,165,121
20804,GLASS CHICKEN BUTTER DISH,UNMAPPED,356,579.31,64,35
21282,NATURAL BARK CANDLE LARGE,UNMAPPED,356,1522.28,69,60
22760,"TRAY, BREAKFAST IN BED",UNMAPPED,356,4506.89,120,96
84791,GINGHAM HEART DECORATION,UNMAPPED,356,1086.13,107,78
17108D,FLOWER FAIRY SUMMER BOUQUET SACHET,UNMAPPED,355,149.10,23,22
20826,SILVER APERITIF GLASS,UNMAPPED,355,290.72,14,14
84804B,BLUE DELPHINIUM ARTIFICIAL FLOWER,UNMAPPED,355,501.97,20,19
85124B,BLUE JUICY FRUIT PHOTO FRAME,UNMAPPED,355,948.70,104,98
23522,WALL ART DOG AND BALL,UNMAPPED,354,727.44,32,27
84228,HEN HOUSE WITH CHICK STANDING,UNMAPPED,354,156.07,46,41
17181,CIRCLE OF FRIENDS CANDLE HOLDER,UNMAPPED,353,642.66,67,47
20701,PINK CAT FLORAL CUSHION COVER,UNMAPPED,353,721.49,50,34
21793,CLASSIC FRENCH STYLE BASKET BROWN,UNMAPPED,353,1627.36,103,85
84508B,STRIPES DESIGN TEDDY,UNMAPPED,353,453.76,75,69
21796,UNKNOWN,UNMAPPED,352,2782.19,68,60
20897,VINTAGE NOTEBOOK PARIS DAYS,UNMAPPED,351,848.70,75,65
21736,UNKNOWN,UNMAPPED,351,393.69,32,29
85104,SILVER GLASS T-LIGHT SET,UNMAPPED,351,1024.49,59,50
23025,DRAWER KNOB VINTAGE GLASS BALL,UNMAPPED,350,760.80,54,41
23557,LANDMARK FRAME BAKER STREET,UNMAPPED,350,3930.27,32,23
79144B,PAINTED LIGHTBULB STAR+ MOON,UNMAPPED,350,181.03,92,79
90087,CRYSTAL SEA HORSE PHONE CHARM,UNMAPPED,350,249.56,54,51
23046,PAPER LANTERN 9 POINT DELUXE STAR,UNMAPPED,349,2111.49,36,30
71143,ANTIQUE SILVER BOOK MARK WITH BEADS,UNMAPPED,349,514.45,99,77
21415,CLAM SHELL SMALL,UNMAPPED,348,726.16,82,80
16239,BALLERINA HEART DECORATION.,UNMAPPED,347,492.17,21,16
21722,SWEET PUDDING STICKER SHEET,UNMAPPED,347,327.75,79,70
21847,GREEN DIAMANTE PEN IN GIFT BOX,UNMAPPED,347,675.37,72,58
44230,SQUARE MIRROR CURTAIN,UNMAPPED,347,3381.62,53,44
85088,CANDY SPOT HAND BAG,UNMAPPED,347,723.85,79,70
85117,NIGHTINGALE COATHOOK WHITE,UNMAPPED,347,594.32,61,45
22394,PAPERWEIGHT KINGS CHOICE,UNMAPPED,346,544.29,55,50
16244B,MAXWELL 2 TONE BLUE 60 PAGE PHOTO A,UNMAPPED,345,765.02,29,26
47594A,CAROUSEL DESIGN WASHBAG,UNMAPPED,345,682.51,106,89
21924,UNKNOWN,UNMAPPED,344,2486.66,127,85
35653,VINTAGE BEAD NOTEBOOK,UNMAPPED,344,982.53,115,95
47503J,SET/3 FLORAL GARDEN TOOLS IN BAG,UNMAPPED,344,2719.38,75,64
84509C,SET OF 4 POLKADOT PLACEMATS,UNMAPPED,344,1591.22,140,118
84795C,UNKNOWN,UNMAPPED,344,2752.59,134,85
84797B,BLUE SAVANNAH PICNIC HAMPER FOR 4,UNMAPPED,344,2077.82,52,23
21293,MIRRORED DOVE WALL DECORATION,UNMAPPED,343,872.34,86,67
47563A,RETRO LONGBOARD IRONING BOARD COVER,UNMAPPED,343,836.62,151,126
85091,CANDY SPOT BREAD BASKETS,UNMAPPED,343,548.81,20,17
21689,SILVER VANILLA FLOWER CANDLE POT,UNMAPPED,342,1268.12,62,55
21173,UNKNOWN,UNMAPPED,341,607.96,79,52
84805B,BLUE CLIMBING HYDRANGA ART FLOWER,UNMAPPED,340,551.40,9,9
72134,COLUMBIAN CUBE CANDLE,UNMAPPED,339,134.85,30,27
35810B,ENAMEL BLUE RIM COFFEE CONTAINER,UNMAPPED,337,517.71,69,60
72267,PREMIUM CHURCH CANDLE,UNMAPPED,337,530.16,47,24
20851,UNKNOWN,UNMAPPED,336,429.57,30,29
17011C,ORIGAMI LAVENDER INCENSE+FLOWER,UNMAPPED,335,221.40,2,2
84927F,PSYCHEDELIC TILE HOOK,UNMAPPED,335,273.32,64,60
23072,MARIE ANTOINETTE TRINKET BOX SILVER,UNMAPPED,334,1273.76,30,28
23517,EMBROIDERED RIBBON REEL REBECCA,UNMAPPED,334,996.38,63,40
79323S,SILVER CHERRY LIGHTS,UNMAPPED,334,2084.32,56,36
20932,PINK POT PLANT CANDLE,UNMAPPED,333,1143.97,81,75
20936,FORKED CACTUS CANDLE,UNMAPPED,333,843.39,76,70
21253,SET OF PICTURE FRAME STICKERS,UNMAPPED,332,1225.17,122,108
23469,CARD HOLDER LOVE BIRD SMALL,UNMAPPED,332,1355.24,72,41
23538,WALL ART VINTAGE HEART,UNMAPPED,331,1329.54,32,25
47592A,CAROUSEL CHILDRENS OVERALL,UNMAPPED,331,637.37,101,76
84876D,BLUE HEART COMPACT MIRROR,UNMAPPED,331,600.52,35,32
84510C,SET OF 4 POLKADOT COASTERS,UNMAPPED,330,540.45,135,116
35933,PINK STOCKING CHRISTMAS DECORATION,UNMAPPED,329,131.38,29,25
84529A,UNKNOWN,UNMAPPED,329,290.78,20,15
21117,BLOND DOLL DOORSTOP,UNMAPPED,328,502.08,26,26
21256,UNKNOWN,UNMAPPED,328,588.64,66,40
23415,HOME SWEET HOME HOOK,UNMAPPED,328,412.18,47,33
72024U,LILAC VOTIVE CANDLE,UNMAPPED,328,46.20,12,12
20898,VINTAGE NOTEBOOK TRAVELOGUE,UNMAPPED,327,693.92,55,48
23178,JAM CLOCK MAGNET,UNMAPPED,327,936.89,68,59
90200D,PINK SWEETHEART BRACELET,UNMAPPED,327,1372.26,150,122
47481,50CM METAL STRING WITH 7 CLIPS,UNMAPPED,326,265.40,44,44
72739C,DARK CHOCOLATE SCENTCANDLE,UNMAPPED,326,279.08,23,16
84499,BLACK FLOWER CANDLE PLATE,UNMAPPED,326,272.17,41,37
84798B,PURPLE FOXGLOVE ARTIIFCIAL FLOWER,UNMAPPED,326,492.90,10,10
22177,5 HOOK BLACKBOARD ORGANISER,UNMAPPED,325,3101.46,125,73
20998,ROSE DU SUD OVEN GLOVE,UNMAPPED,324,942.26,127,113
23179,CLOCK MAGNET MUM'S KITCHEN,UNMAPPED,324,930.48,53,45
35824P,"HANGING FLOWERS+MIRROR,PINK",UNMAPPED,324,136.44,3,3
21028,NINJA RABBIT BLACK,UNMAPPED,323,423.90,92,80
21089,SET/6 GREEN SPRING PAPER CUPS,UNMAPPED,323,112.54,40,37
22391,PAPERWEIGHT HOME SWEET HOME,UNMAPPED,323,635.19,66,60
84820,DANISH ROSE TRINKET TRAYS,UNMAPPED,323,899.37,54,50
20913,UNKNOWN,UNMAPPED,322,898.72,45,22
47597,NEW ENGLAND TEATOWELS,UNMAPPED,322,644.88,126,87
72799B,PURPLE PILLAR CANDLE BLACK FLOCK,UNMAPPED,322,467.71,16,9
21265,PINK GOOSE FEATHER TREE 60CM,UNMAPPED,321,705.59,34,34
37345,ASSTD HEARTS DESIGN MUGS,UNMAPPED,321,561.05,9,8
47593A,UNKNOWN,UNMAPPED,319,309.18,102,80
84251B,"GREETING CARD, STICKY GORDON",UNMAPPED,319,84.84,61,49
84806A,PINK CANDYSTUFT ARTIFICIAL FLOWER,UNMAPPED,319,261.91,20,18
22415,WHITE TISSUE REAM,UNMAPPED,317,2520.15,204,139
23185,FRENCH STYLE STORAGE JAR JAM,UNMAPPED,317,114.85,31,28
46126A,ELVIS WALLHANGING / CURTAIN,UNMAPPED,317,419.99,48,44
84689,S/2 BEACH HUT TREASURE CHESTS,UNMAPPED,317,742.90,41,37
84795B,SUNSET CHECK HAMMOCK,UNMAPPED,317,2696.81,113,96
85103,SILVER T-LIGHT SETTING,UNMAPPED,317,2153.43,87,74
22510,GINGHAM BABUSHKA DOORSTOP,UNMAPPED,316,821.57,90,78
23453,OVAL MINI PORTRAIT FRAME,UNMAPPED,316,615.98,49,29
37464,ROBOT MUG IN DISPLAY BOX,UNMAPPED,316,431.18,83,66
82616A,BUBBLE GUM SCARF KNITTING KIT,UNMAPPED,316,624.21,52,44
17107D,FLOWER FAIRY 5 DRAWER LINERS,UNMAPPED,315,803.25,88,76
22164,STRING OF STARS CARD HOLDER,UNMAPPED,315,883.22,49,45
23010,CIRCUS PARADE BABY GIFT SET,UNMAPPED,315,4879.60,111,85
23071,MARIE ANTOINETTE TRINKET BOX GOLD,UNMAPPED,315,1205.10,20,18
72753A,S/3 FLWR FAIRY LILLY CANDLES,UNMAPPED,315,690.24,14,13
84687,BEACH HUT SHELF W 3 DRAWERS,UNMAPPED,314,1208.06,73,64
22108,PING! MICROWAVE PLATE,UNMAPPED,313,978.74,128,105
22912,YELLOW COAT RACK PARIS FASHION,UNMAPPED,313,1471.09,109,91
71279,PINK GLASS CANDLEHOLDER,UNMAPPED,313,972.11,80,77
21410,COUNTRY COTTAGE DOORSTOP GREEN,UNMAPPED,312,1458.28,150,110
23111,PARISIENNE SEWING BOX,UNMAPPED,312,3839.24,139,91
23474,WOODLAND SMALL BLUE FELT HEART,UNMAPPED,312,270.96,38,27
35607B,BLACK FEATHER CHRISTMAS DECORATION,UNMAPPED,312,62.30,17,17
84796A,PINK HAWAIIAN PICNIC HAMPER FOR 2,UNMAPPED,312,2307.23,131,109
85125,SMALL ROUND CUT GLASS CANDLESTICK,UNMAPPED,312,1479.51,63,56
21388,IVORY HANGING DECORATION CHICKEN,UNMAPPED,311,290.17,29,24
22765,NEWSPAPER STAND,UNMAPPED,311,3508.30,53,37
90085,CRYSTAL STILETTO PHONE CHARM,UNMAPPED,311,275.53,29,26
20863,BLUE PATCH PENCIL CASE PINK HEART,UNMAPPED,310,601.53,51,47
23408,PHOTO FRAME LINEN AND LACE SMALL,UNMAPPED,310,644.80,59,45
21750,LARGE SKULL WINDMILL,UNMAPPED,309,663.85,62,57
35241,ENAMEL BLUE RIM BISCUIT BIN,UNMAPPED,309,1631.42,130,108
85211,UNKNOWN,UNMAPPED,309,467.40,79,70
85063,CREAM SWEETHEART MAGAZINE RACK,UNMAPPED,308,5426.74,180,122
23341,PINK DINER WALL CLOCK,UNMAPPED,307,2741.35,121,79
47578A,ENGLISH ROSE SMALL SCENTED FLOWER,UNMAPPED,307,279.88,74,63
23660,HENRIETTA HEN MUG,UNMAPPED,306,534.66,42,22
79144C,PAINTED LIGHTBULB RAINBOW DESIGN,UNMAPPED,306,180.14,97,88
22861,EASTER TIN CHICKS IN GARDEN,UNMAPPED,305,522.93,50,39
62094B,TURQ ICE CREAM BUM BAG,UNMAPPED,305,677.99,67,62
84859C,PINK DISCO HANDBAG,UNMAPPED,304,552.72,40,35
84977,UNKNOWN,UNMAPPED,304,281.33,49,43
21322,UNKNOWN,UNMAPPED,303,590.45,15,13
46000R,POLYESTER FILLER PAD 45x30cm,UNMAPPED,303,352.35,62,59
21779,UNKNOWN,UNMAPPED,302,1097.80,23,16
22330,72 ROUND PINK DOILIES,UNMAPPED,302,197.90,23,19
84869,CANDY BUTTON PHOTO ALBUM,UNMAPPED,302,703.54,26,24
90090,PINK CRYSTAL HEART PHONE CHARM,UNMAPPED,302,227.72,26,19
20935,ROUND CACTUS CANDLE,UNMAPPED,300,574.48,47,43
21025,SPACE FROG,UNMAPPED,300,396.12,81,67
21312,UNKNOWN,UNMAPPED,300,1179.17,27,27
72051S,BAG OF SILVER STONES,UNMAPPED,300,190.89,55,50
84968F,SET OF 16 VINTAGE SKY BLUE CUTLERY,UNMAPPED,300,3622.75,133,98
21263,GREEN GOOSE FEATHER TREE 60CM,UNMAPPED,299,658.29,57,49
21728,UNKNOWN,UNMAPPED,299,2773.11,41,37
21784,UNKNOWN,UNMAPPED,298,3538.28,181,146
22124,SET OF 2 TEA TOWELS PING MICROWAVE,UNMAPPED,298,751.93,132,115
20618,QUEEN OF THE SKIES PASSPORT COVER,UNMAPPED,297,648.54,137,117
21127,COLOURFUL FISHING GNOME,UNMAPPED,297,998.03,50,42
35816P,"ACRYLIC JEWEL ANGEL,PINK",UNMAPPED,297,137.43,9,9
84086C,PINK/PURPLE RETRO RADIO,UNMAPPED,297,884.75,88,73
22928,YELLOW GIANT GARDEN THERMOMETER,UNMAPPED,296,2041.35,118,93
23402,HOME SWEET HOME 3 PEG HANGER,UNMAPPED,296,1147.28,68,47
23516,EMBROIDERED RIBBON REEL SOPHIE,UNMAPPED,296,1058.60,44,29
84809B,PINK CHRYSANTHEMUMS ART FLOWER,UNMAPPED,296,351.60,8,7
21550,CERAMIC BIRDHOUSE CRESTED TIT LARGE,UNMAPPED,295,1565.51,67,50
21729,UNKNOWN,UNMAPPED,295,422.90,32,20
23027,DRAWER KNOB VINTAGE GLASS HEXAGON,UNMAPPED,295,627.95,30,26
23054,RECYCLED ACAPULCO MAT LAVENDER,UNMAPPED,295,2604.93,130,91
84682,CLASSICAL ROSE DISH,UNMAPPED,295,596.94,51,46
20699,MOUSEY LONG LEGS SOFT TOY,UNMAPPED,294,797.96,89,73
23067,HANGING ENGRAVED METAL HEART,UNMAPPED,294,1236.66,82,64
62095B,UNKNOWN,UNMAPPED,294,310.83,22,20
71495B,CD WALL TIDY RED FLOWERS,UNMAPPED,294,111.57,18,17
20934,SET/3 POT PLANT CANDLES,UNMAPPED,293,1185.07,76,64
35096B,RED VICTORIAN FABRIC HEART BOX,UNMAPPED,293,106.49,25,21
84859A,SILVER DISCO HANDBAG,UNMAPPED,293,613.53,60,54
85023B,EAU DE NILE JEWELLED PHOTOFRAME,UNMAPPED,293,682.35,38,37
72754A,FLOWER FAIRY POTPOURRI CUSHION LILY,UNMAPPED,292,201.24,5,4
21444,BLUE CHALET BIRDFEEDER,UNMAPPED,291,902.03,36,31
23106,ZINC HEARTS PLANT POT HOLDER,UNMAPPED,291,815.59,53,46
47504G,ENGLISH ROSE TAPE MEASURE,UNMAPPED,291,366.81,58,42
84457,SET/3 RABBITS FLOWER SKIPPPING ROPE,UNMAPPED,291,278.73,65,57
84877B,GREEN ROUND COMPACT MIRROR,UNMAPPED,291,504.43,43,40
84919,BLUE CUSHION COVER WITH FLOWER,UNMAPPED,291,1619.84,43,39
82076,BEECH WOOD PHOTO FRAME,UNMAPPED,290,403.64,19,15
85113,UNKNOWN,UNMAPPED,289,591.66,51,40
21477,STRING OF 20 ROSE LIGHTS,UNMAPPED,288,3248.94,48,25
35912B,WHITE/PINK CHICK DECORATION,UNMAPPED,288,355.58,30,29
35915A,CREAM KNITTED HEN,UNMAPPED,288,365.76,1,1
79308B,MOSAIC CANDLE DISH BLUE PURPLE,UNMAPPED,288,122.40,3,3
84631,FRUIT TREE AND BIRDS WALL PLAQUE,UNMAPPED,288,1106.16,50,43
37483,ENGLISH ROSE MUG IN GIFT BOX,UNMAPPED,287,232.89,13,9
85144,JARDIN ETCHED GLASS CHEESE DISH,UNMAPPED,287,1046.85,72,60
23475,WOODLAND SMALL PINK FELT HEART,UNMAPPED,286,242.18,31,21
85028L,FRENCH CHATEAU LARGE FRUIT BOWL,UNMAPPED,286,654.01,29,26
21480,PINK STRIPE HOT WATER BOTTLE,UNMAPPED,285,899.52,58,17
21543,UNKNOWN,UNMAPPED,285,215.00,25,12
23478,WOODLAND LARGE PINK FELT HEART,UNMAPPED,285,324.40,13,10
84840,UNKNOWN,UNMAPPED,285,2430.82,142,98
47503G,ASS FLORAL PRINT TAPE MEASURE,UNMAPPED,284,367.36,36,28
79072,TEATIME CAKE TIN WITH HANDLE,UNMAPPED,284,3083.20,107,55
20616,CHERRY BLOSSOM PASSPORT COVER,UNMAPPED,283,449.26,121,99
21261,GREEN GOOSE FEATHER CHRISTMAS TREE,UNMAPPED,283,1146.12,77,66
85170B,SET/6 BLACK BIRD T-LIGHT CANDLES,UNMAPPED,283,475.91,58,55
21950,UNKNOWN,UNMAPPED,282,263.63,19,16
72815,3 WICK CHRISTMAS BRIAR CANDLE,UNMAPPED,282,1083.36,71,48
84584,PINK GINGHAM CAT WITH SCARF,UNMAPPED,282,696.75,75,70
84859B,BLUE DISCO HANDBAG,UNMAPPED,282,433.46,18,18
84932C,SMALL ORIENTAL BLUE FOLDING STOOL,UNMAPPED,282,615.40,34,30
85127,SMALL SQUARE CUT GLASS CANDLESTICK,UNMAPPED,282,1710.67,83,72
20793,BLUE TILED TRAY,UNMAPPED,281,518.50,22,22
46000U,POLYESTER FILLER PAD 30CMx30CM,UNMAPPED,281,313.75,53,50
84843,WHITE SOAP RACK WITH 2 BOTTLES,UNMAPPED,280,1731.06,111,97
22936,BAKING MOULD ROSE WHITE CHOCOLATE,UNMAPPED,279,895.97,52,46
23444,Next Day Carriage,UNMAPPED,279,1200.00,80,58
21664,RIDGED GLASS STORAGE JAR CREAM LID,UNMAPPED,278,1031.07,69,63
23451,SQUARE MINI PORTRAIT FRAME,UNMAPPED,277,556.17,53,38
16207A,UNKNOWN,UNMAPPED,276,423.53,80,71
17091B,JASMINE TEA INCENSE IN TIN,UNMAPPED,276,316.98,52,45
21131,GOLD STANDING GNOME,UNMAPPED,276,1098.86,50,48
48195,UNKNOWN,UNMAPPED,276,1627.99,89,66
72814,UNKNOWN,UNMAPPED,276,967.92,57,41
84761,IVORY HANGING BIRD PLANTER,UNMAPPED,276,768.85,61,53
84809A,WHITE CHRYSANTHEMUMS ART FLOWER,UNMAPPED,276,474.84,21,19
21412,VINTAGE GOLD TINSEL REEL,UNMAPPED,275,279.00,74,46
21493,UNKNOWN,UNMAPPED,275,252.45,32,9
23425,STORAGE TIN HOME SWEET HOME,UNMAPPED,275,621.44,56,39
23486,ANTIQUE HEART SHELF UNIT,UNMAPPED,275,4145.47,74,37
75149N,UNKNOWN,UNMAPPED,275,340.00,26,22
16207B,PINK HEART RED HANDBAG,UNMAPPED,274,457.65,48,32
23023,RIDGED BONNE JAM JAR T-LIGHT HOLDER,UNMAPPED,274,437.82,25,24
47503H,ASS FLORAL PRINT SPIRIT LEVEL,UNMAPPED,274,246.12,65,57
84931B,BLUE SCOTTIE DOG W FLOWER PATTERN,UNMAPPED,274,688.73,83,73
16119,FUNKY GIRL ADDRESS BOOK,UNMAPPED,273,130.71,8,6
20705,MRS ROBOT SOFT TOY,UNMAPPED,273,996.19,53,50
23065,LARGE DECO JEWELLERY STAND,UNMAPPED,273,3427.44,99,68
84795A,UNKNOWN,UNMAPPED,273,1696.02,73,51
84948,SILVER HANGING T-LIGHT HOLDER DOME,UNMAPPED,273,459.21,37,28
23041,PAPER LANTERN 9 POINT SNOW STAR,UNMAPPED,272,1178.48,54,46
84801A,PINK HYDRANGEA ART FLOWER,UNMAPPED,272,427.44,15,15
21662,UNKNOWN,UNMAPPED,271,1735.05,109,90
21332,MOROCCAN BEATEN METAL MIRROR,UNMAPPED,270,1644.17,50,45
35966,UNKNOWN,UNMAPPED,270,111.34,28,25
82605,UNKNOWN,UNMAPPED,270,595.07,128,107
85008,UNKNOWN,UNMAPPED,270,1058.72,101,87
84905,PINK BUTTERFLY CUSHION COVER,UNMAPPED,269,1007.91,105,83
35599B,BLACK CHRISTMAS TREE 120CM,UNMAPPED,268,974.81,51,47
20763,DAISY SKETCHBOOK,UNMAPPED,267,702.86,74,65
20894,HANGING BAUBLE T-LIGHT HOLDER LARGE,UNMAPPED,267,827.30,80,72
23407,SET OF 2 TRAYS HOME SWEET HOME,UNMAPPED,267,2709.43,134,66
35633B,BLUE TINSEL GARLAND,UNMAPPED,267,24.70,13,11
37492C,UNKNOWN,UNMAPPED,266,477.30,27,25
84984A,GREEN PEONY CUSHION COVER,UNMAPPED,266,462.12,17,16
81952B,UNKNOWN,UNMAPPED,265,84.56,21,20
84932A,UNKNOWN,UNMAPPED,264,602.60,25,24
17012E,ORIGAMI OPIUM INCENSE/CANDLE SET,UNMAPPED,263,296.79,29,25
21459,YELLOW EASTER EGG HUNT START POST,UNMAPPED,263,520.55,44,41
23009,I LOVE LONDON BABY GIFT SET,UNMAPPED,263,4082.52,103,79
23153,ZINC SWEETHEART WIRE LETTER RACK,UNMAPPED,263,1020.69,90,71
84452,METAL RABBIT LADDER EASTER,UNMAPPED,263,186.16,46,41
16162M,THE KING GIFT BAG 25x24x12cm,UNMAPPED,262,36.96,15,14
23485,BOTANICAL GARDENS WALL CLOCK,UNMAPPED,262,5843.92,83,33
10138,ASSORTED COLOUR JUMBO PEN,UNMAPPED,261,111.22,21,18
17011A,ORIGAMI VANILLA INCENSE+FLOWER,UNMAPPED,261,179.56,12,12
84218,BOX/12 CHICK & EGG IN BASKET,UNMAPPED,261,503.51,98,65
84916,HAND TOWEL PALE BLUE W FLOWERS,UNMAPPED,261,646.43,58,51
21087,SET/6 POSIES PAPER CUPS,UNMAPPED,260,168.08,33,30
84601A,NEW BAROQUE IVORY CUSHION COVER,UNMAPPED,260,638.34,15,15
21639,ASSORTED TUTTI FRUTTI KEYRING,UNMAPPED,259,228.65,15,8
23066,SMALL DECO JEWELLERY STAND,UNMAPPED,259,2137.81,85,63
79406,FROSTED WHITE BASE,UNMAPPED,259,65.62,21,21
85033S,UNKNOWN,UNMAPPED,259,317.35,51,30
23253,16 PIECE CUTLERY SET PANTRY DESIGN,UNMAPPED,258,3848.86,70,56
46776C,WOVEN FROST CUSHION COVER,UNMAPPED,258,905.10,97,82
21443,OLIVE CHALET BIRDFEEDER,UNMAPPED,257,727.93,26,20
21657,MILK BOTTLE WITH GLASS STOPPER,UNMAPPED,257,1967.38,118,102
35838A,UNKNOWN,UNMAPPED,257,184.40,22,17
35914,UNKNOWN,UNMAPPED,257,336.58,61,44
62096B,PURPLE/TURQ FLOWERS HANDBAG,UNMAPPED,257,441.99,83,68
17013B,ORIGAMI JASMINE INCENSE IN TUBE,UNMAPPED,256,221.03,3,3
23024,LARGE BONNE JAM JAR T-LIGHT HOLDER,UNMAPPED,255,667.85,11,10
22782,SET 3 WICKER STORAGE BASKETS,UNMAPPED,254,3712.30,84,66
20823,GOLD WINE GOBLET,UNMAPPED,253,533.71,19,17
21837,UNKNOWN,UNMAPPED,253,1622.64,93,66
22799,SWEETHEART WIRE FRUIT BOWL,UNMAPPED,253,2020.84,108,86
23040,PAPER LANTERN 9 POINT SNOW STAR,UNMAPPED,253,1394.03,43,38
20864,DENIM PATCH PENCIL CASE BUTTERFLY,UNMAPPED,252,498.14,30,27
21275,ZINC TOP 2 DOOR WOODEN SHELF,UNMAPPED,252,1714.48,56,48
22987,WRAP SUMMER ROSE DESIGN,UNMAPPED,252,105.84,11,11
23405,HOME SWEET HOME 2 DRAWER CABINET,UNMAPPED,252,1311.48,71,47
84249A,"GREETING CARD,SQUARE, DOUGHNUTS",UNMAPPED,252,113.22,34,34
84837,UNKNOWN,UNMAPPED,252,3210.04,145,107
20865,PATCHWORK PENCIL CASE BUTTERFLY,UNMAPPED,251,500.49,33,30
23079,TOADSTOOL BEDSIDE LIGHT,UNMAPPED,251,2225.45,107,77
23562,SET OF 6 RIBBONS PERFECTLY PRETTY,UNMAPPED,251,724.59,43,12
84846A,SCENTED CANDLE IN DIGITALIS TIN,UNMAPPED,251,567.55,54,51
16169D,WRAP WINTER FOREST,UNMAPPED,250,105.00,9,5
23316,RED REFECTORY CLOCK,UNMAPPED,250,2501.64,110,80
35822B,"ACRYLIC BEAD CHAIN, BLUE",UNMAPPED,250,87.02,2,1
72789,BASKET/8 SCENTED LOVE TOKEN CANDLES,UNMAPPED,250,461.53,48,41
84800M,MEDIUM WHITE/PINK ROSE ART FLOWER,UNMAPPED,250,357.22,27,26
20857,BLUE ROSE PATCH PURSE PINK BUTTERFL,UNMAPPED,249,410.85,77,68
21691,SILVER VANILLA FLOWER CANDLE POT,UNMAPPED,249,960.99,79,58
21836,GINGHAM OVEN GLOVE RED HEART,UNMAPPED,249,1003.89,101,82
23060,HEART BEADED TRELLIS DECORATION,UNMAPPED,249,528.17,44,39
23597,PAPER BUNTING PAISLEY PARK,UNMAPPED,249,679.07,31,20
22447,PIN CUSHION BABUSHKA BLUE,UNMAPPED,248,796.34,82,69
22786,CUSHION COVER PINK UNION JACK,UNMAPPED,248,1549.10,94,67
21226,POCKET MIRROR WOODLAND,UNMAPPED,247,230.55,39,35
23539,WALL ART LOVES' SECRET,UNMAPPED,247,1227.95,42,27
22829,SWEETHEART WIRE WALL TIDY,UNMAPPED,246,2468.57,120,92
23074,EMBOSSED HEART TRINKET BOX,UNMAPPED,246,547.27,48,40
84657,GREEN ROSE CUSHION COVER,UNMAPPED,246,517.48,20,17
85179B,WHITE BITTY LIGHT CHAIN,UNMAPPED,246,1056.60,45,38
85195,HANGING HEART BASKET,UNMAPPED,245,269.44,18,18
71496A,A4 WALL TIDY BLUE OFFICE,UNMAPPED,244,148.01,17,17
84661B,BLACK SQUARE TABLE CLOCK,UNMAPPED,244,535.18,52,46
21661,VINTAGE GLASS TEA CADDY,UNMAPPED,242,1511.31,102,83
22797,CHEST OF DRAWERS GINGHAM HEART,UNMAPPED,242,4205.56,140,102
47367B,PAIR PADDED HANGERS PINK CHECK,UNMAPPED,242,834.95,96,87
72750C,UNKNOWN,UNMAPPED,242,476.40,17,14
79323B,BLACK CHERRY LIGHTS,UNMAPPED,242,1565.70,58,43
84712B,PINK JEWELLED PHOTO FRAME,UNMAPPED,242,767.16,61,58
84795D,UNKNOWN,UNMAPPED,242,1538.79,90,60
37494A,FAIRY CAKE CERAMIC BUTTER DISH,UNMAPPED,241,817.60,54,33
84715,SET OF 6 ICE CREAM SKITTLES,UNMAPPED,241,734.89,47,42
84932D,UNKNOWN,UNMAPPED,241,574.71,22,19
85205B,PINK FELT EASTER RABBIT GARLAND,UNMAPPED,241,669.38,62,52
47347B,BLUE FLOWER T-LIGHT HOLDER,UNMAPPED,240,179.88,11,11
84615,PINK ROUND BUTTERFLY MIRROR,UNMAPPED,240,748.48,21,17
85020,ROUND PINK HEART MIRROR,UNMAPPED,240,533.48,58,56
21030,SPACE CADET RED,UNMAPPED,239,290.90,52,50
84872A,TEATIME FUNKY FLOWER BACKPACK FOR 2,UNMAPPED,239,2620.01,150,93
21366,MIRRORED WALL ART PHOTO FRAMES,UNMAPPED,238,1140.00,78,67
22954,HEN PARTY CORDON BARRIER TAPE,UNMAPPED,238,293.89,50,48
46000P,POLYESTER FILLER PAD 65CMx65CM,UNMAPPED,238,905.25,52,44
84856L,LARGE TAHITI BEACH BAG,UNMAPPED,238,1492.28,81,66
84972L,GIANT PINK HEART MEMO HOLDER,UNMAPPED,238,462.15,48,33
23427,STOOL HOME SWEET HOME,UNMAPPED,237,2860.58,115,52
85033G,SET/6 GOLD REINDEER T-LIGHT CANDLES,UNMAPPED,236,376.05,33,14
35824C,"HANGING FLOWERS+MIRROR,CLEAR",UNMAPPED,235,117.05,8,8
22395,PAPERWEIGHT VINTAGE PAISLEY,UNMAPPED,234,413.76,53,45
72801F,S/4 FESTIVE RED DINNER CANDLES,UNMAPPED,234,292.50,25,15
84915,HAND TOWEL PINK FLOWER AND DAISY,UNMAPPED,234,459.56,37,34
84923,PINK BUTTERFLY HANDBAG W BOBBLES,UNMAPPED,234,1017.64,150,115
20980,36 PENCILS TUBE POSY,UNMAPPED,233,282.31,59,53
21681,GIANT MEDINA STAMPED METAL BOWL,UNMAPPED,233,2234.81,80,68
47570,ENGLISH ROSE TABLE CLOTH,UNMAPPED,233,2373.01,80,62
84595B,LARGE TRIFLE DESIGN L BLUE BOWL,UNMAPPED,233,408.90,17,17
84726,LILLIES CANVAS PICTURE,UNMAPPED,233,394.85,5,4
84807,RED POPPY ARTIFICIAL FLOWER,UNMAPPED,233,215.93,7,7
85129B,BEADED CRYSTAL HEART GREEN SMALL,UNMAPPED,233,315.11,56,52
23470,CARD HOLDER LOVE BIRD LARGE,UNMAPPED,232,1460.50,84,42
84984C,ORIENTAL BLUE CUSHION COVER,UNMAPPED,232,401.16,16,16
20780,BLACK EAR MUFF HEADPHONES,UNMAPPED,231,1333.96,101,74
84231,EASTER BUNNY WITH BASKET ON BACK,UNMAPPED,230,166.21,51,41
84917,UNKNOWN,UNMAPPED,230,686.03,54,46
84247N,PACK/12 BLUE FOLKART CARDS,UNMAPPED,229,297.48,55,52
17027A,INCENSE BAZAAR CANNABIS,UNMAPPED,228,84.84,2,2
20819,SILVER TEDDY BEAR,UNMAPPED,228,631.49,65,56
23481,PEARLISED IVORY HEART SMALL,UNMAPPED,228,281.17,32,20
23491,VINTAGE JINGLE BELLS HEART,UNMAPPED,228,1897.76,79,38
23411,TRELLIS COAT RACK,UNMAPPED,227,1118.61,57,42
84313B,BLUE TV TRAY TABLE,UNMAPPED,227,1164.04,83,69
23183,MOTHER'S KITCHEN SPOON REST,UNMAPPED,226,967.17,85,67
72606A,BROWN ANTIQUE CUBE CANDLE,UNMAPPED,226,94.92,18,16
84192,ASSORTED COLOUR METAL CAT,UNMAPPED,226,271.10,39,36
84227,UNKNOWN,UNMAPPED,226,47.04,16,14
84665,SQUARE CHERRY BLOSSOM CABINET,UNMAPPED,226,1364.70,47,35
84666,SQUARE CHERRY BLOSSOM CABINET,UNMAPPED,226,892.70,33,18
84927A,WAKE UP COCKEREL TILE HOOK,UNMAPPED,226,157.61,33,33
23336,EGG FRYING PAN PINK,UNMAPPED,225,519.25,86,61
23495,SET OF 3 PANTRY WOODEN SPOONS,UNMAPPED,225,306.66,41,27
71495A,CD WALL TIDY BLUE OFFICE,UNMAPPED,225,87.96,20,20
20836,FRENCH PAISLEY CUSHION COVER,UNMAPPED,224,250.00,22,21
23519,EMBROIDERED RIBBON REEL CLAIRE,UNMAPPED,224,792.31,24,20
84661A,WHITE SQUARE TABLE CLOCK,UNMAPPED,224,319.01,45,39
84760S,UNKNOWN,UNMAPPED,224,360.21,38,36
37462E,"PET MUG, GOLDFISH",UNMAPPED,222,47.12,29,29
84578,ELEPHANT TOY WITH BLUE T-SHIRT,UNMAPPED,222,854.91,114,64
21536,DAIRY MAID SMALL MILK JUG,UNMAPPED,221,474.74,63,45
21631,HIPPY CHIC DECORATIVE PARASOL,UNMAPPED,221,1571.75,54,49
23064,CINDERELLA CHANDELIER,UNMAPPED,221,3717.56,23,19
84857C,PINK MONTE CARLO HANDBAG,UNMAPPED,221,445.03,18,16
23423,PANTRY 3 HOOK ROLLING PIN HANGER,UNMAPPED,219,876.90,66,43
23661,MILK MAIDS MUG,UNMAPPED,219,393.59,34,23
84706D,CHERRY BLOSSOM TABLE CLOCK,UNMAPPED,219,500.19,16,16
85179A,GREEN BITTY LIGHT CHAIN,UNMAPPED,219,522.85,72,54
20753,RETRO PINK SPOT WASHING UP GLOVES,UNMAPPED,218,509.00,56,21
72140E,BEST DAD CANDLE LETTERS,UNMAPPED,218,156.72,29,28
84804A,CREAM DELPHINIUM ARTIFICIAL FLOWER,UNMAPPED,218,396.38,18,17
84918,CREAM CUSHION COVER WITH FLOWERS,UNMAPPED,217,995.12,65,52
79403,FROSTED WHITE BASE,UNMAPPED,216,199.02,36,33
81950B,FLOWER BLUE CLOCK WITH SUCKER,UNMAPPED,216,126.74,35,32
84597B,RETRO BROWN BALL ASHTRAY,UNMAPPED,216,259.37,28,27
90086,CRYSTAL FROG PHONE CHARM,UNMAPPED,216,182.79,46,45
23409,PHOTO FRAME LINEN AND LACE LARGE,UNMAPPED,215,801.68,43,28
23533,WALL ART GARDEN HAVEN,UNMAPPED,215,998.64,36,28
84658,WHITE STITCHED CUSHION COVER,UNMAPPED,214,1199.66,65,62
84801B,WHITE HYDRANGEA ART FLOWER,UNMAPPED,214,345.00,18,17
17013C,ORIGAMI LAVENDER INCENSE IN TUBE,UNMAPPED,213,89.46,2,2
23315,IVORY REFECTORY CLOCK,UNMAPPED,213,2094.24,86,64
23422,PANTRY HOOK BALLOON WHISK,UNMAPPED,213,477.89,47,34
90025C,BAROQUE BUTTERFLY EARRINGS GREEN,UNMAPPED,213,22.56,7,7
90214A,"LETTER ""A"" BLING KEY RING",UNMAPPED,213,213.65,104,90
16243B,BROWN COZY SQUARE PHOTO ALBUM,UNMAPPED,212,441.77,8,6
20794,BLUE TILE HOOK,UNMAPPED,212,591.02,49,48
85096,HILDA CANDY SPOT RABBIT,UNMAPPED,212,676.92,68,65
21367,MIRRORED WALL ART GENTS,UNMAPPED,211,278.48,60,53
23567,EGG CUP HENRIETTA HEN PINK,UNMAPPED,211,291.58,38,25
84709B,UNKNOWN,UNMAPPED,211,1014.48,89,74
85030,FRENCH CHATEAU OVAL PLATTER,UNMAPPED,211,531.45,29,24
21474,SWEETHEART CREAM STEEL FOLDIN BENCH,UNMAPPED,210,4189.50,94,70
23532,WALL ART WORK REST AND PLAY,UNMAPPED,210,901.58,31,22
35833P,4 PINK FLOCK CHRISTMAS BALLS,UNMAPPED,210,342.17,65,55
71406C,BLACK ORANGE SQUEEZER,UNMAPPED,210,89.92,35,35
90200C,BLUE SWEETHEART BRACELET,UNMAPPED,210,874.63,100,83
17011D,ORIGAMI ROSE INCENSE+FLOWER,UNMAPPED,209,135.70,4,4
21359,UNKNOWN,UNMAPPED,209,2116.48,76,66
37476,CONDIMENT TRAY 4 BOWLS AND 4 SPOONS,UNMAPPED,209,2010.60,78,68
84909A,PINK PAISLEY QUILT,UNMAPPED,209,2797.55,30,14
85135B,UNKNOWN,UNMAPPED,209,1226.51,119,86
90093,CLEAR CRYSTAL STAR PHONE CHARM,UNMAPPED,209,165.34,25,22
90200E,GREEN SWEETHEART BRACELET,UNMAPPED,209,873.97,91,79
35815P,UNKNOWN,UNMAPPED,208,75.88,9,8
84675,FROG KING WATERING CAN,UNMAPPED,208,571.71,63,52
23455,SMALL PARLOUR PICTURE FRAME,UNMAPPED,207,569.43,36,23
20902,VINTAGE KEEPSAKE BOX PARIS DAYS,UNMAPPED,206,1525.22,116,99
46776E,WOVEN CANDY CUSHION COVER,UNMAPPED,206,666.23,78,69
84352,SILVER CHRISTMAS TREE BAUBLE STAND,UNMAPPED,206,3505.58,126,84
23476,WOODLAND LARGE RED FELT HEART,UNMAPPED,205,264.72,22,15
84029C,BROWN FURRY HOT WATER BOTTLE,UNMAPPED,205,773.97,49,20
84497,BUTTONS AND STRIPES NOTEBOOK,UNMAPPED,205,387.13,42,38
90114,SUMMER DAISIES BAG CHARM,UNMAPPED,205,514.18,111,89
17129C,wrong invc,UNMAPPED,204,57.98,13,12
22762,CUPBOARD 3 DRAWER MA CAMPAGNE,UNMAPPED,204,3276.62,133,107
84931A,PINK SCOTTIE DOG W FLOWER PATTERN,UNMAPPED,204,513.69,82,73
90062,CARNIVAL BRACELET,UNMAPPED,204,2591.42,110,86
21032,SPACE CADET WHITE,UNMAPPED,203,252.16,50,50
21780,MA CAMPAGNE 4 DRAWER WALL SHELF,UNMAPPED,203,1745.85,32,14
35819P,"ACRYLIC HANGING JEWEL,PINK",UNMAPPED,203,66.55,8,8
21338,MARAKESH LANTERN SMALL,UNMAPPED,202,873.25,15,13
21740,UNKNOWN,UNMAPPED,202,698.01,68,23
20799,damaged,UNMAPPED,201,355.33,27,26
21368,MIRRORED WALL ART LADIES,UNMAPPED,201,212.04,47,43
21839,MUMMY MOUSE RED GINGHAM RIBBON,UNMAPPED,201,1085.59,83,74
23181,BULL DOG BOTTLE TOP WALL CLOCK,UNMAPPED,201,1733.57,82,68
84920,PINK FLOWER FABRIC PONY,UNMAPPED,201,805.38,88,75
22790,"MIRROR, ARCHED GEORGIAN",UNMAPPED,200,3884.00,1,1
23001,TRAVEL CARD WALLET DOTCOMGIFTSHOP,UNMAPPED,200,0.00,1,1
47343A,FUSCHIA FLOWER PURSE WITH BEADS,UNMAPPED,200,206.26,24,22
47586A,PINK FAIRY CAKE CUSHION COVER,UNMAPPED,200,270.43,29,26
84766,SILVER ROCOCO CANDLE STICK,UNMAPPED,200,638.00,27,24
23039,T-LIGHT HOLDER SILVER HEART HANDLE,UNMAPPED,199,399.71,29,27
37462B,"PET MUG, BUDGIE",UNMAPPED,199,87.28,33,30
79315W,FLYING SAUCER TABLE LIGHT IN WHITE,UNMAPPED,199,611.51,13,11
23576,SNACK TRAY RED VINTAGE DOILY,UNMAPPED,198,400.04,38,10
85027L,UNKNOWN,UNMAPPED,198,538.50,41,37
85135C,RED DRAGONFLY HELICOPTER,UNMAPPED,198,1317.92,113,89
85185D,UNKNOWN,UNMAPPED,197,636.11,68,60
22889,NUMBER TILE VINTAGE FONT No,UNMAPPED,196,327.12,40,33
23037,CANDLE HOLDER SILVER MADELINE,UNMAPPED,196,325.16,20,19
84531B,returned,UNMAPPED,196,164.01,43,35
84767,UNKNOWN,UNMAPPED,196,806.22,7,7
D,Discount,UNMAPPED,196,397.89,5,5
21627,ELEPHANT CARNIVAL POUFFE,UNMAPPED,195,3766.35,115,107
84798A,PINK FOXGLOVE ARTIIFCIAL FLOWER,UNMAPPED,195,432.45,10,10
84925A,UNKNOWN,UNMAPPED,195,339.29,19,19
21418,STARFISH SOAP DISH,UNMAPPED,194,533.84,67,63
16244A,UNKNOWN,UNMAPPED,193,479.41,29,25
79532,MOSAIC GLASS BALL CANDLEHOLDER,UNMAPPED,193,121.25,19,18
84531A,returned,UNMAPPED,193,169.36,48,34
84664,CHERRY BLOSSOM BATHROOM CABINET,UNMAPPED,193,955.35,51,23
84741C,CITRUS GARLAND FELT FLOWERS,UNMAPPED,193,372.14,53,45
84773,UNKNOWN,UNMAPPED,193,560.50,50,44
16206B,RED PURSE WITH PINK HEART,UNMAPPED,192,116.40,17,16
DCGSSGIRL,GIRLS PARTY BAG,UNMAPPED,192,295.63,24,22
17014E,ORIGAMI OPIUM INCENSE CONES,UNMAPPED,191,36.60,7,6
20814,SILVER FINCH DECORATION,UNMAPPED,189,208.89,13,10
84932B,SMALL PINK PEONY FOLDING STOOL,UNMAPPED,189,401.30,17,16
35937,CERISE+GOLD CHRISTMAS STOCKING DEC,UNMAPPED,188,71.44,17,15
20903,VINTAGE KEEPSAKE BOX TRAVELOGUE,UNMAPPED,187,919.80,86,75
84802A,WHITE ANEMONE ARTIFICIAL FLOWER,UNMAPPED,187,312.65,25,25
22764,"RUSTIC WOODEN CABINET, GLASS DOORS",UNMAPPED,186,3462.49,26,18
84522,PINK PARTY SUNGLASSES,UNMAPPED,186,311.86,26,26
84753A,PINK EAU DE COLOGNE BOTTLE,UNMAPPED,186,92.17,25,19
90162A,ANT SILVER TURQUOISE BOUDICCA RING,UNMAPPED,186,88.50,12,10
22832,BROCANTE SHELF WITH HOOKS,UNMAPPED,185,2033.15,85,72
23484,HEART TRELLIS TRIPLE T-LIGHT HOLDER,UNMAPPED,185,547.35,36,28
47579,TEA TIME BREAKFAST BASKET,UNMAPPED,185,420.87,56,46
47589,CONGRATULATIONS BUNTING,UNMAPPED,185,1008.73,78,64
85141,UNKNOWN,UNMAPPED,185,1286.44,74,59
23036,T-LIGHT HOLDER SILVER PETIT FOUR,UNMAPPED,184,232.42,16,16
47562,ENGLISH ROSE IRONING BOARD COVER,UNMAPPED,184,390.00,43,34
90214S,"LETTER ""S"" BLING KEY RING",UNMAPPED,184,181.34,86,72
21376,LARGE TALL CAMPHOR WOOD TOADSTOOL,UNMAPPED,183,849.91,46,44
22830,UNKNOWN,UNMAPPED,183,3760.71,19,17
35921,EASTER BUNNY HANGING GARLAND,UNMAPPED,183,330.32,50,40
51012C,"FEATHER DUSTER, COAL BLACK",UNMAPPED,183,213.75,29,19
90200B,BLACK SWEETHEART BRACELET,UNMAPPED,183,775.45,84,82
23140,TRIPLE WIRE HOOK IVORY HEART,UNMAPPED,182,766.10,52,44
75011,BLUE DAISY MOBILE,UNMAPPED,181,172.51,15,15
23020,GLASS SONGBIRD STORAGE JAR,UNMAPPED,180,2191.84,76,57
23337,EGG FRYING PAN MINT,UNMAPPED,180,388.75,69,51
84625B,BLCK NEW BAROQUE CANDLESTICK CANDLE,UNMAPPED,180,279.00,17,16
23575,SNACK TRAY PAISLEY PARK,UNMAPPED,179,367.35,34,10
35610B,BLACK CHRISTMAS FLOCK DROPLET,UNMAPPED,179,144.07,14,13
84360,TABLE LAMP WHITE SHADE WOOD BASE,UNMAPPED,179,956.89,41,39
85136C,RED SHARK HELICOPTER,UNMAPPED,179,1451.69,122,94
21196,ROUND WHITE CONFETTI IN TUBE,UNMAPPED,178,306.89,23,21
72803B,UNKNOWN,UNMAPPED,178,416.35,44,38
85167A,UNKNOWN,UNMAPPED,178,396.80,15,12
21552,CERAMIC BIRDHOUSE BLACK ROSE LARGE,UNMAPPED,177,837.60,37,24
21629,SQUARE FLOOR CUSHION VINTAGE RED,UNMAPPED,177,1961.37,105,96
21893,POTTING SHED SEED TIN,UNMAPPED,177,587.80,21,16
23579,SNACK TRAY I LOVE LONDON,UNMAPPED,177,358.75,38,18
71215,METAL BASE FOR CANDLES,UNMAPPED,177,68.10,12,11
71510,SQUARE METAL CANDLEHOLDER BASE,UNMAPPED,177,112.05,17,16
90200A,PURPLE SWEETHEART BRACELET,UNMAPPED,177,749.69,99,88
DCGSSBOY,BOYS PARTY BAG,UNMAPPED,177,251.35,22,21
71403,"PINK/WHITE ""KEEP CLEAN"" BULLET BIN",UNMAPPED,176,656.05,69,64
90214L,"LETTER ""L"" BLING KEY RING",UNMAPPED,176,166.06,68,64
21274,EMBOSSED HEART 3 DRAWER SHELF,UNMAPPED,175,2420.69,106,83
21633,SUNFLOWER DECORATIVE PARASOL,UNMAPPED,175,1663.11,72,64
72140F,HAPPY ANNIVERSARY CANDLE LETTERS,UNMAPPED,175,69.18,15,13
22769,CHALKBOARD KITCHEN ORGANISER,UNMAPPED,174,3656.86,45,31
23454,THREE MINI HANGING FRAMES,UNMAPPED,174,733.20,55,33
82081,PINK HEARTS PHOTO ALBUM,UNMAPPED,174,451.35,23,19
85095,THREE CANVAS LUGGAGE TAGS,UNMAPPED,174,259.09,49,40
17090A,LAVENDER INCENSE 40 CONES IN TIN,UNMAPPED,173,182.65,26,26
20827,GOLD APERITIF GLASS,UNMAPPED,173,209.36,8,8
23317,BLUE REFECTORY CLOCK,UNMAPPED,173,1777.46,82,59
23339,EGG FRYING PAN BLUE,UNMAPPED,173,400.84,76,51
23413,DECORATIVE VINTAGE COFFEE BOX,UNMAPPED,173,909.31,58,35
84592,CROCHET ROSE PURSE WITH SUEDE BACK,UNMAPPED,173,536.40,47,47
90209A,PURPLE ENAMEL+GLASS HAIR COMB,UNMAPPED,173,325.50,10,10
23560,SET OF 6 RIBBONS COUNTRY STYLE,UNMAPPED,172,499.18,26,9
20957,PORCELAIN HANGING BELL SMALL,UNMAPPED,171,184.61,16,16
21551,UNKNOWN,UNMAPPED,171,824.95,24,18
20997,ROSE DU SUD CUSHION COVER,UNMAPPED,170,796.74,83,73
21554,UNKNOWN,UNMAPPED,170,767.75,23,17
23561,SET OF 6 RIBBONS PARTY,UNMAPPED,170,476.00,16,8
37479P,CUBIC MUG FLOCK PINK ON BROWN,UNMAPPED,170,160.08,35,31
72754B,F FAIRY POTPOURRI CUSHIONS LAVENDER,UNMAPPED,170,137.54,8,7
84562A,PINK/WHITE RIBBED MELAMINE JUG,UNMAPPED,170,1378.26,80,69
84705C,PINK FLOCK PHOTO FRAME,UNMAPPED,170,227.33,9,9
90094,NECKLACE+BRACELET SET FRUIT SALAD,UNMAPPED,170,187.62,40,35
16256C,HEARTS PENCIL/RUBBER+5 MINI PENCILS,UNMAPPED,169,70.98,10,10
21252,UNKNOWN,UNMAPPED,169,408.66,23,16
82585,UNKNOWN,UNMAPPED,169,235.90,50,34
90161C,ANT COPPER LIME BOUDICCA BRACELET,UNMAPPED,169,843.91,100,93
22869,NUMBER TILE COTTAGE GARDEN 1,UNMAPPED,167,393.63,57,51
23520,EMBROIDERED RIBBON REEL RUBY,UNMAPPED,167,600.55,32,25
35838B,S/6 SILVER ORNAMENETAL CANDLE,UNMAPPED,167,85.00,26,19
85128,PLANTPOT SINGLE HOOK PISTACHIO,UNMAPPED,167,188.95,4,4
20694,FLORAL PINK MONSTER,UNMAPPED,166,622.33,55,46
20783,HEART EAR MUFF HEADPHONES,UNMAPPED,166,1051.40,56,41
21038,SET/4 MODERN VINTAGE COTTON NAPKINS,UNMAPPED,166,355.48,52,46
21299,EDWARDIAN TOILET ROLL UNIT,UNMAPPED,166,966.35,34,23
21344,MOROCCAN BEATEN METAL DISH,UNMAPPED,166,749.82,26,25
20837,FRENCH FLORAL CUSHION COVER,UNMAPPED,165,188.07,18,16
35594,WOODEN CHRISTMAS TREE 3 HANGING,UNMAPPED,165,103.06,39,35
84898F,YELLOW FLOWERS FELT HANDBAG KIT,UNMAPPED,165,352.75,52,44
90214C,"LETTER ""C"" BLING KEY RING",UNMAPPED,165,162.53,69,60
21628,TRIANGULAR POUFFE VINTAGE,UNMAPPED,164,3185.28,87,80
23420,PANTRY HOOK TEA STRAINER,UNMAPPED,164,351.37,32,25
23440,PAINT YOUR OWN EGGS IN CRATE,UNMAPPED,164,299.36,5,5
23544,WALL ART MID CENTURY MODERN,UNMAPPED,164,1015.78,20,16
47591A,CAROUSEL CHILDRENS APRON,UNMAPPED,163,269.54,70,62
84509E,SET OF 4 CAROUSEL PLACEMATS,UNMAPPED,163,338.60,33,32
21630,FLOOR CUSHION ELEPHANT CARNIVAL,UNMAPPED,162,1973.39,95,90
35833G,4 GOLD FLOCK CHRISTMAS BALLS,UNMAPPED,162,220.66,35,29
84510E,SET OF 4 GREEN CAROUSEL COASTERS,UNMAPPED,162,152.86,34,34
84620,BLUE GINGHAM ROSE CUSHION COVER,UNMAPPED,161,746.61,51,46
84877D,BLUE ROUND COMPACT MIRROR,UNMAPPED,161,371.85,44,39
16020C,CLEAR STATIONERY BOX SET,UNMAPPED,160,134.50,40,34
23070,EDWARDIAN HEART PHOTO FRAME,UNMAPPED,160,709.54,44,43
23421,PANTRY HOOK SPATULA,UNMAPPED,160,349.20,33,27
44242C,UNKNOWN,UNMAPPED,160,0.00,1,1
82011B,BATHROOM SCALES RUBBER DUCKS,UNMAPPED,160,348.80,49,48
35911B,PINK/FLOWER RABBIT EGG WARMER,UNMAPPED,159,184.76,24,19
46775D,SUNSET COLOUR CHUNKY KNITTED THROW,UNMAPPED,159,1938.19,96,74
84984D,ORIENTAL RED CUSHION COVER,UNMAPPED,159,404.91,21,20
90208,PAIR OF PINK FLOWER CLUSTER SLIDE,UNMAPPED,159,386.83,68,62
23447,PINK BUNNY EASTER EGG BASKET,UNMAPPED,158,231.90,4,4
23456,MEDIUM PARLOUR PICTURE FRAME,UNMAPPED,158,634.10,36,23
21473,SWEETHEART CREAM STEEL TABLE RECT,UNMAPPED,157,3212.16,90,74
23446,BLUE BUNNY EASTER EGG BASKET,UNMAPPED,157,230.25,3,3
35916C,PINK FELT HANGING HEART W FLOWER,UNMAPPED,157,167.55,42,38
84007,MAGIC GARDEN MOUNT FUJI,UNMAPPED,157,413.12,39,33
90214J,"LETTER ""J"" BLING KEY RING",UNMAPPED,157,161.47,88,73
21372,MIRRORED WALL ART TABLE LAMP,UNMAPPED,156,267.01,51,45
35931,PINK STAR CHRISTMAS DECORATION,UNMAPPED,156,78.12,15,14
78033,FLAG OF ST GEORGE CHAIR,UNMAPPED,156,370.60,19,17
85126,LARGE ROUND CUTGLASS CANDLESTICK,UNMAPPED,156,1069.16,35,34
20782,CAMOUFLAGE EAR MUFF HEADPHONES,UNMAPPED,155,995.48,87,66
22870,NUMBER TILE COTTAGE GARDEN 2,UNMAPPED,155,367.97,47,44
90201B,BLACK ENAMEL FLOWER RING,UNMAPPED,154,454.31,54,53
90214K,"LETTER ""K"" BLING KEY RING",UNMAPPED,154,158.40,83,75
46776D,WOVEN SUNSET CUSHION COVER,UNMAPPED,153,658.07,76,63
84437A,S/6 PINK EASTER DECS IN BOX,UNMAPPED,153,90.95,21,18
23094,LE GRAND TRAY CHIC SET,UNMAPPED,152,1924.92,79,68
23115,RED APPLES CHOPPING BOARD,UNMAPPED,152,770.32,45,34
35751A,UNKNOWN,UNMAPPED,152,0.00,1,1
84661C,PINK SQUARE TABLE CLOCK,UNMAPPED,152,189.87,27,24
85044,UNKNOWN,UNMAPPED,152,801.40,42,34
16050,TEATIME PENCIL WITH RUBBER,UNMAPPED,151,46.45,8,7
20696,FLORAL SOFT CAR TOY,UNMAPPED,151,617.94,60,57
47013C,UNKNOWN,UNMAPPED,151,40.52,29,27
90129A,PINK GLASS TASSLE BAG CHARM,UNMAPPED,151,295.38,74,63
23540,WALL ART THE MAGIC FOREST,UNMAPPED,150,947.06,14,12
35821B,"JEWELLED DECORATION,BLUE",UNMAPPED,150,57.00,3,3
37333,"RETRO ""TEA FOR ONE""",UNMAPPED,150,805.10,61,51
90104,UNKNOWN,UNMAPPED,150,108.11,53,49
90170,DAISY HAIR BAND,UNMAPPED,150,249.58,73,64
23114,VINTAGE LEAF CHOPPING BOARD,UNMAPPED,149,737.95,45,28
84461,12 PINK HEN+CHICKS IN BASKET,UNMAPPED,149,253.79,41,34
84559D,3D SHEET OF SEA WORLD STICKERS,UNMAPPED,149,130.09,32,31
84744,S/6 SEW ON CROCHET FLOWERS,UNMAPPED,149,188.77,33,29
90125A,PINK BERTIE GLASS BEAD BAG CHARM,UNMAPPED,149,183.97,18,17
23150,IVORY SWEETHEART SOAP DISH,UNMAPPED,148,390.75,49,43
84952A,CLEAR LOVE BIRD T-LIGHT HOLDER,UNMAPPED,148,392.53,39,35
84805A,CREAM CLIMBING HYDRANGA ART FLOWER,UNMAPPED,147,212.85,8,8
90161B,ANT COPPER TURQ BOUDICCA BRACELET,UNMAPPED,147,734.16,76,70
23417,BATHROOM HOOK,UNMAPPED,146,157.50,28,21
35004S,SET OF 3 SILVER FLYING DUCKS,UNMAPPED,146,518.40,25,13
84219,UNKNOWN,UNMAPPED,146,303.86,31,23
90129B,TURQUOISE GLASS TASSLE BAG CHARM,UNMAPPED,146,329.95,62,55
21031,SPACE CADET BLACK,UNMAPPED,144,176.70,39,38
44228,CANNABIS LEAF BEAD CURTAIN,UNMAPPED,144,40.80,5,5
72753D,S/3 FLWR FAIRY SUMMER CANDLES,UNMAPPED,144,302.40,9,8
84596I,WRAP SWEETS LIGHT PINK SMALL BOWL,UNMAPPED,144,80.62,12,11
90198A,VINTAGE ROSE BEAD BRACELET RASPBERR,UNMAPPED,144,609.43,84,76
23073,GEORGIAN TRINKET BOX,UNMAPPED,143,1706.50,61,51
35610A,PINK CHRISTMAS FLOCK DROPLET,UNMAPPED,143,105.43,12,12
35817B,"ACRYLIC JEWEL SNOWFLAKE,BLUE",UNMAPPED,143,61.30,3,2
37399,"ASS RETROSPOOF MUGS,SPORTS",UNMAPPED,143,75.00,6,5
84609,TALL ROCOCO CANDLE HOLDER,UNMAPPED,143,1289.24,38,37
85007,SET OF 3 VINTAGE TEA TIME BOXES,UNMAPPED,143,399.62,22,15
20695,FLORAL BLUE MONSTER,UNMAPPED,142,604.58,61,44
20855,PINK PATCH PURSE BLUE HEART,UNMAPPED,142,234.30,47,44
21476,STEEL SWEETHEART ROUND TABLE CREAM,UNMAPPED,142,2219.51,85,72
47598,NEW ENGLAND EGG WARMER,UNMAPPED,142,89.12,33,27
79071B,ENGLISH ROSE METAL WASTE BIN,UNMAPPED,142,433.70,66,62
84708B,PINK JEWELLED PHOTO FRAME,UNMAPPED,142,732.79,54,51
84926C,UNKNOWN,UNMAPPED,142,189.60,32,23
90210D,PURPLE ACRYLIC FACETED BANGLE,UNMAPPED,142,235.73,23,20
90214E,"LETTER ""E"" BLING KEY RING",UNMAPPED,142,139.28,67,58
21001,ROSE DU SUD WASHBAG,UNMAPPED,141,717.80,90,78
22503,CABIN BAG VINTAGE PAISLEY,UNMAPPED,141,3178.02,54,51
23414,ZINC BOX SIGN HOME,UNMAPPED,141,1378.75,64,41
35600D,PINK AND WHITE CHRISTMAS TREE 180CM,UNMAPPED,141,497.70,13,12
47013A,WINE BOTTLE DRESSING LT.BLUE,UNMAPPED,141,39.87,25,25
85164B,BLACK BAROQUE CUCKOO CLOCK,UNMAPPED,141,1851.22,66,55
20672,UNKNOWN,UNMAPPED,140,201.00,38,32
20785,FUSCHIA RETRO BAR STOOL,UNMAPPED,140,3672.35,39,34
21632,UNKNOWN,UNMAPPED,140,1076.22,54,42
84933C,UNKNOWN,UNMAPPED,140,317.00,7,5
35816B,"ACRYLIC JEWEL ANGEL,BLUE",UNMAPPED,139,58.07,3,3
82093,HEART SHAPE BUTTON FRAME,UNMAPPED,139,283.49,28,17
84450B,PINK/YELLOW RABBIT SAT EASTER,UNMAPPED,139,84.55,35,31
84563A,PINK & WHITE BREAKFAST TRAY,UNMAPPED,139,685.15,62,56
90030B,RED KUKUI COCONUT SEED NECKLACE,UNMAPPED,139,292.08,36,33
79191D,RETRO PLASTIC DAISY TRAY,UNMAPPED,138,143.87,56,52
84706A,UNKNOWN,UNMAPPED,138,325.88,8,8
85136A,YELLOW SHARK HELICOPTER,UNMAPPED,138,1121.28,107,87
85190,PINK FLOWER HANGING HEART,UNMAPPED,138,122.46,17,12
90161D,ANT COPPER PINK BOUDICCA BRACELET,UNMAPPED,138,687.52,75,72
90214M,"LETTER ""M"" BLING KEY RING",UNMAPPED,138,139.82,64,57
21004,ROSE DU SUD CHILDRENS APRON,UNMAPPED,137,625.07,71,60
23099,FRENCH CARRIAGE LANTERN,UNMAPPED,137,925.35,59,49
90098,NECKLACE+BRACELET PINK BUTTERFLY,UNMAPPED,137,301.28,55,40
22872,NUMBER TILE COTTAGE GARDEN 4,UNMAPPED,136,311.30,39,38
84933B,LARGE PINK PEONY FOLDING STOOL,UNMAPPED,136,309.15,6,5
90125D,PURPLE BERTIE GLASS BEAD BAG CHARM,UNMAPPED,136,223.74,36,32
20795,LARGE BLUE PROVENCAL CERAMIC BALL,UNMAPPED,135,308.70,29,28
21758,VINTAGE SHELLS PRINT,UNMAPPED,135,1069.76,79,74
23136,IVORY WIRE SWEETHEART LETTER TRAY,UNMAPPED,135,511.89,49,42
35955,SMALL FOLKART CHRISTMAS TREE DEC,UNMAPPED,135,34.62,5,3
84770,ROUND GEORGIAN SILVER MIRROR,UNMAPPED,135,419.25,16,9
84873A,FUNKY FLOWER PICNIC BAG FOR 4,UNMAPPED,135,1367.51,78,25
10124A,SPOTS ON RED BOOKCOVER TAPE,UNMAPPED,134,24.36,19,19
21375,LARGE CAMPHOR WOOD FIELD MUSHROOM,UNMAPPED,134,817.60,62,57
84725,FREESTYLE CANVAS ART PICTURE,UNMAPPED,134,216.50,29,27
90120D,WHITE MURANO TWIST BRACELET,UNMAPPED,134,554.13,40,36
17178,FLAT PALM T-LIGHT HOLDER,UNMAPPED,133,156.65,25,23
21185,UNKNOWN,UNMAPPED,133,876.29,45,30
21369,MIRRORED WALL ART SPLODGES,UNMAPPED,133,225.36,22,21
37468,HARDMAN MUG 3 ASSORTED,UNMAPPED,133,39.81,16,15
44091C,MULTICOLOUR CRUSOE CHECK LAMPSHADE,UNMAPPED,133,30.66,19,19
84924A,WAKE UP COCKEREL CALENDAR SIGN,UNMAPPED,133,571.00,62,55
90201D,GREEN ENAMEL FLOWER RING,UNMAPPED,133,391.37,57,54
21308,LOUVRE VANITY MIRROR,UNMAPPED,132,705.90,6,6
23416,CHAMBRE HOOK,UNMAPPED,132,184.68,25,18
35916B,BLUE FELT HANGING HEART WITH FLOWER,UNMAPPED,132,119.67,46,42
20987,GEISHA GIRL CHOPSTICKS SET/5,UNMAPPED,131,288.35,22,9
82011C,BATHROOM SCALES FOOTPRINTS IN SAND,UNMAPPED,131,595.18,71,65
84933A,LARGE GREEN PEONY FOLDING STOOL,UNMAPPED,131,314.35,6,6
84251J,"GREETING CARD, THE BLACK CAT",UNMAPPED,130,37.04,18,16
90201A,PURPLE ENAMEL FLOWER RING,UNMAPPED,130,382.84,54,50
35916A,YELLOW FELT HANGING HEART W FLOWER,UNMAPPED,129,112.04,44,39
84405A,S/3 PINK COL METAL BASKET W HANDLE,UNMAPPED,129,1042.16,50,42
84985B,SET OF 72 BLACK PAPER DOILIES,UNMAPPED,129,197.94,25,24
90042C,FRESHWATER PEARL BRACELET IVORY,UNMAPPED,129,150.21,28,27
90129E,PURPLE GLASS TASSLE BAG CHARM,UNMAPPED,129,263.14,60,52
21321,UNKNOWN,UNMAPPED,128,301.80,20,18
22877,NUMBER TILE COTTAGE GARDEN 9,UNMAPPED,128,271.64,28,27
22878,NUMBER TILE COTTAGE GARDEN No,UNMAPPED,128,330.26,45,41
35004P,UNKNOWN,UNMAPPED,128,651.69,46,31
82587,TEXRIO TOMATOES CANDLE+CUP,UNMAPPED,128,166.78,41,31
84563B,BLUE & WHITE BREAKFAST TRAY,UNMAPPED,128,590.04,59,51
18096C,WHITE ROUND PORCELAIN TLIGHT HOLDER,UNMAPPED,127,339.84,27,19
21269,ANTIQUE CREAM CUTLERY SHELF,UNMAPPED,127,1036.84,66,65
22871,NUMBER TILE COTTAGE GARDEN 3,UNMAPPED,127,289.39,30,29
16248B,BLUE HOLE PUNCH,UNMAPPED,126,101.25,14,13
21128,GOLD FISHING GNOME,UNMAPPED,126,841.63,57,56
22874,NUMBER TILE COTTAGE GARDEN 6,UNMAPPED,126,272.02,29,26
22882,NUMBER TILE VINTAGE FONT 3,UNMAPPED,126,255.08,50,44
37485,UNKNOWN,UNMAPPED,126,207.69,18,17
72709,IVORY SCULPTED RND CANDLE,UNMAPPED,126,62.90,14,13
85146,UNKNOWN,UNMAPPED,126,599.38,32,28
90134,OLD ROSE COMBO BEAD NECKLACE,UNMAPPED,126,370.92,96,84
84707A,SILVER JEWELLED MIRROR TRINKET TRAY,UNMAPPED,125,1045.88,64,54
17011E,ORIGAMI OPIUM SCENT INCENSE+FLOWER,UNMAPPED,124,80.60,1,1
21129,SILVER FISHING GNOME,UNMAPPED,124,949.44,60,58
22657,HEN & 2 CHICKS IN BASKET,UNMAPPED,124,50.15,9,9
22868,NUMBER TILE COTTAGE GARDEN 0,UNMAPPED,124,270.38,27,26
84458,S/3 RABBIT FLOWER/EGG/CARROT ROPE,UNMAPPED,124,105.40,20,17
21769,VINTAGE POST OFFICE CABINET,UNMAPPED,123,7954.87,48,42
22875,NUMBER TILE COTTAGE GARDEN 7,UNMAPPED,123,268.35,30,28
84901,BLACK FACE LAMB WITH PANTS,UNMAPPED,123,471.13,74,62
85097B,BLUE ROCKING SINGING CANARY,UNMAPPED,123,417.17,42,34
23180,MUM'S KITCHEN CLOCK,UNMAPPED,122,621.09,49,45
84247K,"FOLK ART GREETING CARD,pack/12",UNMAPPED,122,233.48,29,27
21659,UNKNOWN,UNMAPPED,121,1891.70,67,57
22833,UNKNOWN,UNMAPPED,121,4163.54,14,13
23142,IVORY WIRE KITCHEN ORGANISER,UNMAPPED,121,1220.82,40,30
35809B,ENAMEL BLUE RIM TEA CONTAINER,UNMAPPED,121,227.54,35,28
72781,BLACK SILOUETTE CANDLE PLATE,UNMAPPED,121,229.50,15,15
84358,FLOOR LAMP SHADE WOOD BASE,UNMAPPED,121,1097.48,29,29
84803B,WHITE ALLIUM ARTIFICIAL FLOWER,UNMAPPED,121,70.98,14,13
84823,DANISH ROSE FOLDING CHAIR,UNMAPPED,121,1210.00,30,17
84899F,YELLOW PURPLE DAISY FELT PURSE KIT,UNMAPPED,121,192.17,53,46
20940,UNKNOWN,UNMAPPED,120,342.75,23,11
21420,OYSTER TRINKET BOX,UNMAPPED,120,332.16,32,30
22873,NUMBER TILE COTTAGE GARDEN 5,UNMAPPED,120,262.50,31,31
23021,GLASS BONNE JAM JAR,UNMAPPED,120,500.82,27,24
79342B,BROWN FLOWER LIGHTS,UNMAPPED,120,838.52,35,30
85072,OCCASIONS GIFT CARD ASSORTMENT,UNMAPPED,120,66.00,1,1
84782A,PINK 3 TIER GLASS PLATE STAND,UNMAPPED,119,840.45,26,22
85080,UNKNOWN,UNMAPPED,119,55.76,24,21
90201C,RED ENAMEL FLOWER RING,UNMAPPED,119,350.94,46,44
22876,NUMBER TILE COTTAGE GARDEN 8,UNMAPPED,118,252.22,23,22
23045,PAPER LANTERN 5 POINT STAR MOON,UNMAPPED,118,497.98,25,23
23104,IVORY CAFE HANGING LAMP,UNMAPPED,118,1405.42,46,39
35638B,PINK/BLUE STRING CURTAIN,UNMAPPED,118,313.29,11,11
84803A,PINK ALLIUM ARTIFICIAL FLOWER,UNMAPPED,118,189.28,18,17
90210C,RED ACRYLIC FACETED BANGLE,UNMAPPED,118,186.56,14,13
21582,KINGS CHOICE SMALL TUBE MATCHES,UNMAPPED,117,193.05,17,10
35597D,UNKNOWN,UNMAPPED,117,25.28,10,9
72771B,BURG FLOCK GOLD CUP/CANDLE,UNMAPPED,117,56.90,9,4
79534,UNKNOWN,UNMAPPED,117,63.80,19,17
84537B,FAIRY CAKES GIFT BAG,UNMAPPED,117,49.14,11,11
84830,LARGE ENGLISH ARBORETUM,UNMAPPED,117,1195.15,8,8
23580,SNACK TRAY HAPPY FOREST,UNMAPPED,116,234.92,25,10
37475,SET/4 COLOURFUL MIXING BOWLS,UNMAPPED,116,1160.56,72,67
85179C,PINK BITTY LIGHT CHAIN,UNMAPPED,116,257.15,40,34
82553,UNKNOWN,UNMAPPED,115,237.73,43,27
82607C,GLASS BONBON JAR. SUPERFINES,UNMAPPED,115,175.61,43,29
85163B,BLACK BAROQUE WALL CLOCK,UNMAPPED,115,1268.66,66,54
90013A,MIDNIGHT BLUE VINTAGE EARRINGS,UNMAPPED,115,434.27,77,72
21553,CERAMIC BIRDHOUSE FINCH BLUE LARGE,UNMAPPED,114,581.27,40,27
23574,PACKING CHARGE,UNMAPPED,114,105.00,15,13
35822P,"ACRYLIC BEAD CHAIN, PINK",UNMAPPED,114,43.32,1,1
79192A,RETRO PLASTIC 70'S TRAY,UNMAPPED,114,152.64,35,33
21460,GREEN EASTER EGG HUNT START POST,UNMAPPED,113,249.65,27,26
23479,WIRE EGG BASKET,UNMAPPED,113,872.38,44,30
62086A,PINK RETRO BIG FLOWER BAG,UNMAPPED,113,220.35,24,22
84762B,PINK PICNIC BARBECUE BUCKET,UNMAPPED,113,837.77,48,39
90002D,FLOWER BURST SILVER RING CRYSTAL,UNMAPPED,113,365.74,35,33
21193,UNKNOWN,UNMAPPED,112,274.37,24,18
22655,VINTAGE RED KITCHEN CABINET,UNMAPPED,112,12845.00,56,46
22770,MIRROR CORNICE,UNMAPPED,112,1799.62,71,64
22881,NUMBER TILE VINTAGE FONT 2,UNMAPPED,112,218.82,36,33
22885,NUMBER TILE VINTAGE FONT 6,UNMAPPED,112,210.26,35,32
23457,LARGE PARLOUR PICTURE FRAME,UNMAPPED,112,549.88,31,23
23496,PANTRY KITCHEN THERMOMETER,UNMAPPED,112,154.52,31,18
22880,NUMBER TILE VINTAGE FONT 1,UNMAPPED,111,230.27,37,35
23537,WALL ART I LOVE LONDON,UNMAPPED,111,581.13,34,26
77079,UNKNOWN,UNMAPPED,111,135.68,15,15
21331,MOROCCAN BEATEN METAL DISH LARGE,UNMAPPED,110,946.68,30,27
22802,FAUX FUR CHOCOLATE THROW,UNMAPPED,110,1933.59,62,49
22884,NUMBER TILE VINTAGE FONT 5,UNMAPPED,110,217.26,39,37
72750D,F.FAIRY S/3 CANDLE/GLASS,UNMAPPED,110,226.50,11,11
85135A,YELLOW DRAGONFLY HELICOPTER,UNMAPPED,110,754.59,65,54
21003,ROSE DU SUD CUSHION COVER,UNMAPPED,109,647.75,64,53
22883,NUMBER TILE VINTAGE FONT 4,UNMAPPED,109,213.05,34,32
44242B,PINK FEATHERS CURTAIN,UNMAPPED,109,121.53,9,9
72133,COLUMBIAN CANDLE RECTANGLE,UNMAPPED,109,122.63,33,31
79303B,BLUE STAR BLOCK TABLE LAMP,UNMAPPED,109,339.57,10,10
84429A,MEDIUM PINK BUDDHA HEAD,UNMAPPED,109,371.78,42,39
84671B,CROCHET BEAR WITH BLUE STRIPES,UNMAPPED,109,306.77,33,18
90005A,JADE GREEN ENAMEL HAIR COMB,UNMAPPED,109,216.87,59,50
90108,BLUE BLOSSOM HAIR CLIP,UNMAPPED,109,125.83,21,21
90120C,GREEN MURANO TWIST BRACELET,UNMAPPED,109,462.32,58,54
21699,SET 5 MINI CHOCOLATE FRIDGE MAGNETS,UNMAPPED,108,82.44,3,3
23460,SWEETHEART WALL TIDY,UNMAPPED,108,1007.08,43,30
35793,S/3 PUPPIES CHRISTMAS DECORATIONS,UNMAPPED,108,216.33,16,8
37492A,YELLOW RED FLOWER PIGGY BANK,UNMAPPED,108,216.07,11,11
46307,ROSES BLUE BASE CUSHION COVER,UNMAPPED,108,246.03,35,27
84600,NEW BAROQUE JEWELLERY BOX,UNMAPPED,108,918.27,52,49
90115,SUMMER BUTTERFLIES BAG CHARM,UNMAPPED,108,278.96,60,54
20698,LITTLE PINK MONSTER SOFT TOY,UNMAPPED,107,114.45,23,21
20784,RED RETRO BAR STOOL,UNMAPPED,107,3570.87,39,35
90120B,BLUE MURANO TWIST BRACELET,UNMAPPED,107,451.44,42,38
90129C,GREEN GLASS TASSLE BAG CHARM,UNMAPPED,107,243.38,51,47
90175A,WHITE GLASS CHUNKY CHARM BRACELET,UNMAPPED,107,964.45,62,57
20910,VINTAGE PHOTO ALBUM PARIS DAYS,UNMAPPED,106,769.12,47,46
85090,CANDY SPOT APRON,UNMAPPED,106,559.28,54,43
90116,FRUIT SALAD BAG CHARM,UNMAPPED,106,225.52,63,56
20786,BLACK RETRO BAR STOOL,UNMAPPED,105,3533.90,34,30
72812,LARGE ZINC GLASS CANDLEHOLDER,UNMAPPED,105,288.46,31,30
84029D,LEOPARD PRINT HOT WATER BOTTLE,UNMAPPED,105,183.98,18,13
84762C,GREEN PICNIC BARBECUE BUCKET,UNMAPPED,105,761.25,43,37
22486,PLASMATRONIC LAMP,UNMAPPED,104,856.40,40,37
23702,High Resolution Image,UNMAPPED,104,27.00,4,4
46775E,CANDY POP CHUNKY KNITTED THROW,UNMAPPED,104,1282.90,52,30
82607E,UNKNOWN,UNMAPPED,104,126.25,28,23
85081,PADDED HOLLY CHRISTMAS DECORATION,UNMAPPED,104,46.17,22,18
90013B,BLACK VINTAGE EARRINGS,UNMAPPED,104,428.92,79,71
90089,PINK CRYSTAL SKULL PHONE CHARM,UNMAPPED,104,91.90,26,26
90096,NECKLACE+BRACELET SET BLUE BLOSSOM,UNMAPPED,104,243.61,51,47
90198B,VINTAGE ROSE BEAD BRACELET BLACK,UNMAPPED,104,441.90,49,45
20781,GOLD EAR MUFF HEADPHONES,UNMAPPED,103,579.93,61,57
23042,PAPER LANTERN 7 POINT SNOW STAR,UNMAPPED,103,711.51,28,26
47348A,FUSCHIA VOILE POINTY SHOE DEC,UNMAPPED,103,62.01,16,16
84508C,BLUE CIRCLES DESIGN TEDDY,UNMAPPED,103,279.82,43,43
85163A,WHITE BAROQUE WALL CLOCK,UNMAPPED,103,1058.17,57,52
90082D,DIAMANTE BOW BROOCH BLACK COLOUR,UNMAPPED,103,664.35,51,48
16151A,FLOWERS HANDBAG blue and orange,UNMAPPED,102,72.50,6,6
20892,SET/3 TALL GLASS CANDLE HOLDER PINK,UNMAPPED,102,1095.35,38,36
84081,WHITE CERAMIC PARTY SET (5PCS),UNMAPPED,102,389.30,21,18
90092,BLUE CRYSTAL BOOT PHONE CHARM,UNMAPPED,102,87.51,12,9
90210B,CLEAR ACRYLIC FACETED BANGLE,UNMAPPED,102,232.04,24,24
16201A,PASTEL PINK PHOTO ALBUM,UNMAPPED,101,213.37,9,7
20906,VINTAGE NOTEBOOK BEAUTY GIRL,UNMAPPED,101,368.24,48,36
23044,PAPER LANTERN 9 POINT HOLLY STAR S,UNMAPPED,101,423.29,26,23
35963,FOLKART ZINC CLIP ON ANGEL WINGS,UNMAPPED,101,38.38,13,11
45016,DECORATIVE NET CANOPY LEOPARD,UNMAPPED,101,423.73,26,22
90088,CRYSTAL KEY+LOCK PHONE CHARM,UNMAPPED,101,86.70,14,11
20845,ZINC HEART LATTICE 2 WALL PLANTER,UNMAPPED,100,502.27,25,23
22825,DECORATIVE PLANT POT WITH FRIEZE,UNMAPPED,100,799.02,38,35
35637C,PINK STRING CURTAIN WITH POLE,UNMAPPED,100,331.14,19,19
35913B,WHITE/PINK CHICK EASTER DECORATION,UNMAPPED,100,92.39,23,19
79329,PINK FLOCK GLASS CANDLEHOLDER,UNMAPPED,100,65.94,7,7
82095,HEART BUTTONS JEWELLERY BOX,UNMAPPED,100,600.91,48,44
84462,3 PINK HEN+CHICKS IN BASKET,UNMAPPED,100,114.86,14,13
85145,JARDIN ETCHED GLASS LARGE BELL JAR,UNMAPPED,100,809.05,31,27
90214D,"LETTER ""D"" BLING KEY RING",UNMAPPED,100,90.82,50,49
90214G,"LETTER ""G"" BLING KEY RING",UNMAPPED,100,93.18,48,42
20796,SMALL BLUE PROVENCAL CERAMIC BALL,UNMAPPED,99,182.16,22,22
23149,ANTIQUE IVORY WIRE BOWL SMALL,UNMAPPED,99,251.45,21,19
85024C,PINK SMALL JEWELLED PHOTOFRAME,UNMAPPED,99,163.35,45,41
85089,CANDY SPOT BUNNY,UNMAPPED,99,317.54,30,27
90199C,5 STRAND GLASS NECKLACE CRYSTAL,UNMAPPED,99,585.29,33,30
22886,NUMBER TILE VINTAGE FONT 7,UNMAPPED,98,174.16,29,28
35240,UNKNOWN,UNMAPPED,98,416.01,42,37
47351B,BLUE VOILE LAMPSHADE,UNMAPPED,98,269.90,14,14
84680,CLASSICAL ROSE URN,UNMAPPED,98,372.30,18,17
85121C,RETRO LAUNDRY TUB PISTACHIO,UNMAPPED,98,918.91,53,47
16202C,BEIGE PHOTO ALBUM,UNMAPPED,97,230.59,12,12
17014C,ORIGAMI LAVENDER INCENSE CONES,UNMAPPED,97,43.75,2,2
21228,"POCKET MIRROR ""GLAMOROUS""",UNMAPPED,97,122.57,32,29
21734,SMALL MARAKESH LANTERN ON STICK,UNMAPPED,97,529.49,30,27
35922,EASTER BUNNY WREATH,UNMAPPED,97,575.99,36,32
75172,PAINTED SEA SHELL METAL WINDCHIME,UNMAPPED,97,100.31,11,10
90119,METALIC LEAVES BAG CHARMS,UNMAPPED,97,243.07,42,39
90160C,TURQ+RED BOUDICCA LARGE BRACELET,UNMAPPED,97,677.00,45,45
21303,FILIGREE WALL MIRROR ANTIQUE WHITE,UNMAPPED,96,985.54,30,23
84576,BLUE CAT BISCUIT BARREL PINK HEART,UNMAPPED,96,337.04,32,29
85050,UNKNOWN,UNMAPPED,96,100.80,2,1
35815B,"ACRYLIC JEWEL SNOWFLAKE,BLUE",UNMAPPED,95,43.94,3,3
85121B,UNKNOWN,UNMAPPED,95,936.74,50,42
16202E,BLACK PHOTO ALBUM,UNMAPPED,94,162.73,15,15
35610C,WHITE CHRISTMAS FLOCK DROPLET,UNMAPPED,94,81.56,8,8
35979,SIX STRING SCANDINAVIAN HEART DECS,UNMAPPED,94,311.03,28,18
90059A,DIAMANTE HAIR GRIP PACK/2 CRYSTAL,UNMAPPED,94,156.98,48,46
90192,JADE DROP EARRINGS W FILIGREE,UNMAPPED,94,469.18,53,50
21132,SILVER STANDING GNOME,UNMAPPED,93,476.61,47,44
23117,POPPY FIELDS CHOPPING BOARD,UNMAPPED,93,501.23,45,32
79303D,LILAC FLOWER BLOCK TABLE LAMP,UNMAPPED,93,272.45,20,17
79331,PINK FLOCK GLASS CANDLEHOLDER,UNMAPPED,93,73.60,10,10
84247C,UNKNOWN,UNMAPPED,93,212.40,25,23
84247H,PACK/12 DECOUPAGE CARD,UNMAPPED,93,109.13,22,21
84454,WOBBLING METAL CHICKEN EASTER,UNMAPPED,93,85.53,18,14
84746,PINK EASTER HENS+FLOWER,UNMAPPED,93,72.06,19,19
84870C,GREEN GEISHA GIRL,UNMAPPED,93,330.36,41,36
90120A,PINK MURANO TWIST BRACELET,UNMAPPED,93,395.68,41,35
90147,CHUNKY SILVER NECKLACE PASTEL FLOWE,UNMAPPED,93,937.45,59,56
21757,LIGHTHOUSE PRINTED METAL SIGN,UNMAPPED,92,454.30,44,38
22887,NUMBER TILE VINTAGE FONT 8,UNMAPPED,92,160.36,28,26
23477,WOODLAND LARGE BLUE FELT HEART,UNMAPPED,92,123.47,13,12
35603B,UNKNOWN,UNMAPPED,92,21.00,4,3
90125C,TURQUOISE BERTIE GLASS BEAD CHARM,UNMAPPED,92,101.35,10,9
20901,VINTAGE KEEPSAKE BOX PINK FLOWER,UNMAPPED,91,806.58,67,57
90214R,"LETTER ""R"" BLING KEY RING",UNMAPPED,91,93.73,50,47
72708,SCULPTED ROUND IVORY CANDLE,UNMAPPED,90,9.24,6,6
72799D,BLUE PILLAR CANDLE SILVER FLOCK,UNMAPPED,90,260.67,20,19
84402B,UNKNOWN,UNMAPPED,90,51.14,6,4
84870B,BLUE GEISHA GIRL,UNMAPPED,90,322.61,40,38
85165,CANDY PINK FRENCH BOUDOIR CLOCK,UNMAPPED,90,872.76,58,50
37508,NEW ENGLAND CERAMIC CAKE SERVER,UNMAPPED,89,229.57,46,40
84974,S/2 ZINC HEART DESIGN PLANTERS,UNMAPPED,89,879.55,58,53
17090D,VANILLA INCENSE 40 CONES IN TIN,UNMAPPED,88,105.20,30,28
23069,EDWARDIAN PHOTO FRAME,UNMAPPED,88,556.21,32,30
72715,SPHERICAL IVORY CANDLE,UNMAPPED,88,36.96,13,13
84288B,SET/2 BLUE NOODLE BASKETS,UNMAPPED,88,118.95,26,21
85185F,UNKNOWN,UNMAPPED,88,109.15,22,16
90013C,GREEN VINTAGE EARRINGS,UNMAPPED,88,353.55,56,53
90210A,GREY ACRYLIC FACETED BANGLE,UNMAPPED,88,207.34,21,20
20818,GOLD TEDDY BEAR,UNMAPPED,87,268.50,30,28
84472,PINK AND LILAC QUILTED THROW,UNMAPPED,87,3402.32,30,25
90030C,BROWN KUKUI COCONUT SEED NECKLACE,UNMAPPED,87,151.30,16,15
90071,RUBY GLASS CLUSTER EARRINGS,UNMAPPED,87,108.99,73,68
21304,ARCHED GREY MIRROR,UNMAPPED,86,591.58,18,15
84705B,FAIRY CAKES PHOTO FRAME,UNMAPPED,86,120.13,5,4
84814B,UNKNOWN,UNMAPPED,86,13.65,4,3
84874B,BLUE TRAVEL FIRST AID KIT,UNMAPPED,86,141.76,37,34
90112,UNKNOWN,UNMAPPED,86,91.25,22,20
84455,SET OF 3 RABBIT CARROTS EASTER,UNMAPPED,85,77.96,20,18
84464,UNKNOWN,UNMAPPED,85,179.10,12,10
21341,KASBAH LANTERN WITH GLASS,UNMAPPED,84,410.64,30,22
46775A,BUBBLE GUM CHUNKY KNITTED THROW,UNMAPPED,84,1044.23,33,16
84706C,PINK FLOCK TABLE CLOCK,UNMAPPED,84,170.80,4,4
84845C,CARNATION SQUARE HANDY TIN,UNMAPPED,84,52.50,17,16
84902,PINK KNITTED COW STUFFED TOY,UNMAPPED,84,326.33,53,42
90060D,FIRE POLISHED GLASS NECKL BRONZE,UNMAPPED,84,71.40,9,9
23137,ZINC WIRE SWEETHEART LETTER TRAY,UNMAPPED,83,275.62,23,21
35603C,SET/16 WHITE SHINY & MATT BAUBLES,UNMAPPED,83,48.30,25,21
45008C,DECORATIVE NET CANOPY CREAM,UNMAPPED,83,792.07,34,31
84745B,BLUE HANGING GINGHAM EASTER HEN,UNMAPPED,83,34.86,18,17
90214H,"LETTER ""H"" BLING KEY RING",UNMAPPED,83,77.71,53,47
21102,"CANDLE IN JAR COLLAGE , VANILLA",UNMAPPED,82,221.08,20,18
21461,BLUE EASTER EGG HUNT START POST,UNMAPPED,82,171.04,23,22
22879,NUMBER TILE VINTAGE FONT 0,UNMAPPED,82,134.40,21,20
23305,SET 4 PICNIC CUTLERY BLUEBERRY,UNMAPPED,82,159.90,9,8
35645,VINTAGE BEAD PINK JEWEL BOX,UNMAPPED,82,301.81,36,34
23019,SMALL APOTHECARY MEASURING JAR,UNMAPPED,81,629.05,28,25
23043,PAPER LANTERN 9 POINT HOLLY STAR L,UNMAPPED,81,543.51,23,20
72724,UNKNOWN,UNMAPPED,81,45.00,12,8
90129F,RED GLASS TASSLE BAG CHARM,UNMAPPED,81,183.26,41,38
90173,PAIR BUTTERFLY HAIR CLIPS,UNMAPPED,81,306.64,52,44
20835,FRENCH LATTICE CUSHION COVER,UNMAPPED,80,87.02,10,10
20847,ZINC HEART LATTICE CHARGER LARGE,UNMAPPED,80,334.35,27,26
21752,GLASS CAKE STAND MIRRORED BASE,UNMAPPED,80,1244.81,39,32
23462,ROCOCO WALL MIRROR WHITE,UNMAPPED,80,1607.04,46,26
23487,SWEET HEART CAKE CARRIER,UNMAPPED,80,795.58,44,28
90206C,CRYSTAL DIAMANTE STAR BROOCH,UNMAPPED,80,402.61,57,51
22888,NUMBER TILE VINTAGE FONT 9,UNMAPPED,79,130.83,23,21
23141,TRIPLE WIRE HOOK PINK HEART,UNMAPPED,79,272.91,25,24
84206A,3 BLACK CATS W HEARTS BLANK CARD,UNMAPPED,79,15.01,10,9
84627,CANDY STRIPE ROSE C/COVER,UNMAPPED,79,297.50,21,19
84707B,PINK JEWELLED MIRROR TRINKET TRAY,UNMAPPED,79,618.52,51,48
90030A,SPOTTED WHITE NATURAL SEED NECKLACE,UNMAPPED,79,113.76,10,9
90143,SILVER BRACELET W PASTEL FLOWER,UNMAPPED,79,599.13,41,39
21663,UNKNOWN,UNMAPPED,78,488.16,33,28
35597B,BLACKCHRISTMAS TREE 30CM,UNMAPPED,78,224.10,7,7
40002,WHITE BAMBOO RIBS LAMPSHADE,UNMAPPED,78,66.30,1,1
84414B,FUSCHIA/GREEN STRIPE WOOLLY BLANKET,UNMAPPED,78,536.24,9,9
84529C,YELLOW KNITTED KIDS RUCKSACK,UNMAPPED,78,414.74,37,29
84921,CREAM AND PINK FLOWERS PONY,UNMAPPED,78,101.25,18,18
85166A,UNKNOWN,UNMAPPED,78,158.90,13,11
90205C,LARGE CRYSTAL DIAMANTE HAIRSLIDE,UNMAPPED,78,122.31,24,23
90214N,"LETTER ""N"" BLING KEY RING",UNMAPPED,78,76.40,44,41
23428,IVORY RETRO KITCHEN WALL CLOCK,UNMAPPED,77,675.91,33,17
37491C,GREEN/BLUE CERAMIC CANDLE HOLDER,UNMAPPED,77,167.52,11,10
84226,HEN HOUSE W FAMILY IN BARN & NEST,UNMAPPED,77,58.31,18,17
84527,FLAMES SUNGLASSES PINK LENSES,UNMAPPED,77,146.11,23,21
84865,NEW BAROQUE BLACK PHOTO ALBUM,UNMAPPED,77,639.42,48,43
90158,ST TROPEZ NECKLACE,UNMAPPED,77,386.32,63,60
90214P,"LETTER ""P"" BLING KEY RING",UNMAPPED,77,66.59,33,32
GIFT_0001_30,Dotcomgiftshop Gift Voucher £30.00,UNMAPPED,77,610.09,29,26
20787,UNKNOWN,UNMAPPED,76,2535.10,35,27
21270,ANTIQUE CREAM CUTLERY CUPBOARD,UNMAPPED,76,874.43,52,43
23116,VEGETABLE GARDEN CHOPPING BOARD,UNMAPPED,76,382.44,22,21
23492,VINTAGE JINGLE BELLS WREATH,UNMAPPED,76,635.38,28,19
79161A,ST GEORGE SET OF 10 PARTY LIGHTS,UNMAPPED,76,150.45,18,17
84388,UNKNOWN,UNMAPPED,76,89.04,24,21
90160D,PINK BOUDICCA LARGE BRACELET,UNMAPPED,76,529.22,25,24
20660,VIP LUGGAGE TAG,UNMAPPED,75,88.75,28,20
20879,TREE OF NOAH FESTIVE SCENTED CANDLE,UNMAPPED,75,67.80,13,9
47592B,SCOTTIE DOGS CHILDRENS OVERALL,UNMAPPED,75,131.90,30,26
84292,ROSE PINK METAL FOLDING CHAIR,UNMAPPED,75,385.98,17,16
84482,BUTTONS DESIGN JEWELLERY BOX,UNMAPPED,75,293.02,33,28
84549,CROCHET WHITE RABBIT KEYRING,UNMAPPED,75,137.27,16,16
84925E,FLOWERS WALL THERMOMETER,UNMAPPED,75,130.05,3,3
90002A,UNKNOWN,UNMAPPED,75,135.00,20,19
90018A,SILVER M.O.P ORBIT DROP EARRINGS,UNMAPPED,75,316.99,56,52
90145,SILVER HOOP EARRINGS WITH FLOWER,UNMAPPED,75,455.86,45,43
90214B,"LETTER ""B"" BLING KEY RING",UNMAPPED,75,72.33,40,37
22656,VINTAGE BLUE KITCHEN CABINET,UNMAPPED,74,9290.00,39,35
23016,GLASS TWIST BON BON JAR,UNMAPPED,74,575.25,24,23
72129,COLUMBIAN CANDLE ROUND,UNMAPPED,74,49.11,18,18
84367,LA STREGA CANVAS PICTURE,UNMAPPED,74,126.30,8,8
84447,UNKNOWN,UNMAPPED,74,72.42,20,16
84782C,GREEN 3 TIER GLASS PLATE STAND,UNMAPPED,74,509.90,18,18
84877A,PINK ROUND COMPACT MIRROR,UNMAPPED,74,185.66,17,17
90010A,MIDNIGHT BLUE GLASS/SILVER BRACELET,UNMAPPED,74,443.85,31,30
44217M,UNKNOWN,UNMAPPED,73,236.40,4,2
84906,UNKNOWN,UNMAPPED,73,307.47,23,23
85185C,COW SOCK PUPPET,UNMAPPED,73,171.10,30,24
90084,UNKNOWN,UNMAPPED,73,54.40,14,12
90184C,BLACK CHUNKY BEAD BRACELET W STRAP,UNMAPPED,73,661.04,50,46
84616,SILVER ROCCOCO CHANDELIER,UNMAPPED,72,1472.62,25,22
84619,BLUE GINGHAM ROSE QUILT,UNMAPPED,72,1622.96,29,18
84745A,PINK HANGING GINGHAM EASTER HEN,UNMAPPED,72,30.24,17,15
85168B,BLACK BAROQUE CARRIAGE CLOCK,UNMAPPED,72,652.17,52,46
90203,UNKNOWN,UNMAPPED,72,534.27,35,31
23304,SET 4 PICNIC CUTLERY CHERRY,UNMAPPED,71,138.45,9,6
46138B,BLUE CHENILLE SHAGGY CUSHION COVER,UNMAPPED,71,156.29,25,25
47583A,SET OF 3 WICKER BASKET ROSE,UNMAPPED,71,612.82,6,6
90040B,MURANO STYLE GLASS BRACELET BLACK,UNMAPPED,71,255.97,36,34
90160B,RED BOUDICCA LARGE BRACELET,UNMAPPED,71,490.92,29,29
37509,UNKNOWN,UNMAPPED,70,71.40,18,18
44241C,BLUE BUTTERFLY ON SPRING,UNMAPPED,70,59.50,8,7
90161A,ANT COPPER RED BOUDICCA BRACELET,UNMAPPED,70,349.96,43,41
90195A,PURPLE GEMSTONE BRACELET,UNMAPPED,70,585.20,44,37
17014F,ORIGAMI SANDLEWOOD INCENSE CONES,UNMAPPED,69,23.70,5,5
21118,SHOPPING BAG DOORSTOP,UNMAPPED,69,104.25,7,6
21387,IVORY HANGING DECORATION RABBIT,UNMAPPED,69,21.25,6,4
79026B,"S/4 ICON COASTER,ELVIS LIVES",UNMAPPED,69,89.25,37,32
84926B,SCOTTS ROSES TILE COASTER,UNMAPPED,69,67.50,11,10
90184B,AMETHYST CHUNKY BEAD BRACELET W STR,UNMAPPED,69,625.48,47,44
90185D,CRYSTAL DIAMANTE EXPANDABLE RING,UNMAPPED,69,293.33,35,30
90186A,AMETHYST HOOP EARRING FLORAL LEAF,UNMAPPED,69,203.73,34,32
37487B,YELLOW/ORANGE FLOWER DESIGN PLATE,UNMAPPED,68,19.72,2,2
44089C,LILAC GAUZE BUTTERFLY LAMPSHADE,UNMAPPED,68,28.56,18,15
90019A,SILVER M.O.P ORBIT BRACELET,UNMAPPED,68,354.59,51,49
90214Y,"LETTER ""Y"" BLING KEY RING",UNMAPPED,68,25.34,10,10
21686,MEDINA STAMPED METAL STOOL,UNMAPPED,67,2460.14,34,34
23017,APOTHECARY MEASURING JAR,UNMAPPED,67,826.28,22,21
72369A,PINK CLEAR GLASS CANDLE PLATE,UNMAPPED,67,101.29,15,14
90081B,LILY BROOCH WHITE/SILVER COLOUR,UNMAPPED,67,34.65,4,4
90129D,AMBER GLASS TASSLE BAG CHARM,UNMAPPED,67,161.57,34,32
90164B,WHITE ROSEBUD PEARL BRACELET,UNMAPPED,67,362.94,35,34
90185B,AMETHYST DIAMANTE EXPANDABLE RING,UNMAPPED,67,284.43,34,30
20664,TROPICAL HOLIDAY PURSE,UNMAPPED,66,155.41,32,31
84762A,UNKNOWN,UNMAPPED,66,517.43,31,25
84882,GREEN WIRE STANDING CANDLE HOLDER,UNMAPPED,66,289.43,36,34
85205A,IVORY FELT EASTER RABBIT GARLAND,UNMAPPED,66,168.30,23,16
21761,WOOD AND GLASS MEDICINE CABINET,UNMAPPED,65,1814.75,24,23
23303,SET 4 PICNIC CUTLERY FONDANT,UNMAPPED,65,126.75,6,6
23471,SIX DRAWER OFFICE TIDY,UNMAPPED,65,616.79,27,22
72740A,LARGE STRAWBERRY CHOCOLATE CANDLE,UNMAPPED,65,141.23,12,9
84255B,ORANGE COCKTAIL GLASS LAMP,UNMAPPED,65,190.16,18,15
18010,ASSORTED FRAGRANCE BATH CONFETTI,UNMAPPED,64,30.16,9,8
37474,UNKNOWN,UNMAPPED,64,651.05,46,42
44236,PINK/PURPLE CIRCLE CURTAIN,UNMAPPED,64,112.32,13,12
90059D,DIAMANTE HAIR GRIP PACK/2 PERIDOT,UNMAPPED,64,106.74,40,38
90130B,TURQ STONE/CRYSTAL EARRINGS,UNMAPPED,64,188.09,49,48
90185C,BLACK DIAMANTE EXPANDABLE RING,UNMAPPED,64,271.96,32,28
90197B,BLACK GLASS BRACELET W HEART CHARMS,UNMAPPED,64,322.52,51,47
84709A,SILVER OVAL JEWELLED MIRROR,UNMAPPED,63,136.85,15,14
90010B,BLACK/WHITE GLASS/SILVER BRACELET,UNMAPPED,63,578.02,34,31
90042A,FRESHWATER PEARL BRACELET GOLD,UNMAPPED,63,160.79,33,30
90070,RUBY GLASS CLUSTER BRACELET,UNMAPPED,63,385.15,35,32
17013F,ORIGAMI SANDLEWOOD INCENSE IN TUBE,UNMAPPED,62,26.70,5,5
35611B,BLACK ASSORTED DROPLET DECORATION,UNMAPPED,62,45.76,4,3
84613C,BLUE NEW BAROQUE FLOCK CANDLESTICK,UNMAPPED,62,258.06,12,12
90149,SILVER FLOWR PINK SHELL NECKLACE,UNMAPPED,62,410.26,9,8
90214I,"LETTER ""I"" BLING KEY RING",UNMAPPED,62,61.00,27,27
22824,3 TIER SWEETHEART GARDEN SHELF,UNMAPPED,61,2153.95,48,44
23151,ZINC SWEETHEART SOAP DISH,UNMAPPED,61,114.33,21,19
62043B,BLUE CHECK BAG W HANDLE 34X20CM,UNMAPPED,61,75.16,11,11
72821,CUPID SCENTED CANDLE IN GLASS,UNMAPPED,61,100.65,15,14
84539,KNITTED RABBIT DOLL,UNMAPPED,61,90.75,13,12
84723,CHERRY BLOSSOM CANVAS ART PICTURE,UNMAPPED,61,201.30,13,13
84855,BLOKEY SILVER TOOL SET,UNMAPPED,61,196.70,18,13
85147,JARDIN ETCHED GLASS CANDLEHLDR LONG,UNMAPPED,61,301.95,19,14
90082B,DIAMANTE BOW BROOCH RED COLOUR,UNMAPPED,61,368.30,26,26
23578,SNACK TRAY RED GINGHAM,UNMAPPED,60,125.72,14,9
84548,CROCHET BEAR RED/BLUE KEYRING,UNMAPPED,60,79.20,16,15
90003D,CRYSTAL PAIR HEART HAIR SLIDES,UNMAPPED,60,226.17,32,30
TEST001,This is a test product.,UNMAPPED,60,225.00,11,7
22803,IVORY EMBROIDERED QUILT,UNMAPPED,59,2237.84,36,25
35596,WOOD XMAS TREE 9 FIG SHELVES,UNMAPPED,59,24.65,5,5
82011A,"BATHROOM SCALES, TROPICAL BEACH",UNMAPPED,59,246.58,34,33
84533B,FAIRY CAKES ROUND NESTING BOXES,UNMAPPED,59,377.93,24,23
85136B,BLUE SHARK HELICOPTER,UNMAPPED,59,473.77,47,40
90154,LAZER CUT NECKLACE W PASTEL BEADS,UNMAPPED,59,439.65,7,7
22826,LOVE SEAT ANTIQUE WHITE METAL,UNMAPPED,58,6210.00,41,36
23047,PAPER LANTERN 5 POINT SEQUIN STAR,UNMAPPED,58,333.50,26,23
23472,NINE DRAWER OFFICE TIDY,UNMAPPED,58,894.42,33,26
84030C,UNKNOWN,UNMAPPED,58,330.78,20,8
90175D,TIGRIS EYE CHUNKY CHARM BRACELET,UNMAPPED,58,527.82,41,40
85142,JARDIN ETCHED GLASS GINGER JAR,UNMAPPED,57,502.58,34,33
90186B,CRYSTAL HOOP EARRING FLORAL LEAF,UNMAPPED,57,168.26,31,29
90214T,"LETTER ""T"" BLING KEY RING",UNMAPPED,57,55.57,24,22
84450A,UNKNOWN,UNMAPPED,56,24.18,6,5
84623,PINK GINGHAM ROSE FLOOR CUSHION,UNMAPPED,56,310.44,14,12
85151,UNKNOWN,UNMAPPED,56,55.00,9,6
90010E,AMBER GLASS/SILVER BRACELET,UNMAPPED,56,501.65,35,34
23466,TUSCAN VILLA DOVECOTE BIRD FEEDER,UNMAPPED,55,498.03,27,23
72793,BLACK BOX MIRROR LANTERN,UNMAPPED,55,268.75,10,10
90014A,SILVER M.O.P. ORBIT NECKLACE,UNMAPPED,55,502.01,40,39
90082A,DIAMANTE BOW BROOCH GREEN COLOUR,UNMAPPED,55,353.71,32,31
90122A,PINK CRYSTAL+GLASS BRACELET,UNMAPPED,55,273.89,31,30
90162B,ANT SILVER LIME GREEN BOUDICCA RING,UNMAPPED,55,162.25,20,18
90185A,AMBER DIAMANTE EXPANDABLE RING,UNMAPPED,55,233.29,26,25
90190C,SILVER/AMETHYST DROP EARRINGS LEAF,UNMAPPED,55,161.82,36,32
GIFT_0001_10,Dotcomgiftshop Gift Voucher £10.00,UNMAPPED,55,126.21,16,14
21277,FRENCH STYLE EMBOSSED HEART CABINET,UNMAPPED,54,1309.39,48,46
21370,MIRRORED WALL ART FOXY,UNMAPPED,54,251.97,22,21
22823,CHEST NATURAL WOOD 20 DRAWERS,UNMAPPED,54,3655.00,19,18
47344B,BLUE FLOWER DES PURSE,UNMAPPED,54,56.16,10,10
47369B,BLUE GREEN EMBROIDERY COSMETIC BAG,UNMAPPED,54,153.18,29,27
72771C,BLACK FLOCK GOLD CANDLE,UNMAPPED,54,42.08,6,4
84532B,FAIRY CAKES RECTANGLUAR BOXES,UNMAPPED,54,417.58,31,27
84858A,UNKNOWN,UNMAPPED,54,128.83,9,9
90122C,TURQUOISE CRYSTAL+GLASS BRACELET,UNMAPPED,54,269.10,30,29
20821,GOLDIE LOOKING MIRROR,UNMAPPED,53,286.42,27,27
21300,ANTIQUE EDWARDIAN DRESSER,UNMAPPED,53,841.70,12,6
35910A,MULTICOLOUR EASTER RABBIT,UNMAPPED,53,103.35,13,13
84899E,YELLOW BROWN BEAR FELT PURSE KIT,UNMAPPED,53,73.93,21,18
90040A,MURANO STYLE GLASS BRACELET RED,UNMAPPED,53,207.05,34,33
90059E,DIAMANTE HAIR GRIP PACK/2 RUBY,UNMAPPED,53,88.31,33,32
90144,SILVER DROP EARRINGS WITH FLOWER,UNMAPPED,53,199.45,33,33
90157,RIVIERA NECKLACE,UNMAPPED,53,263.28,24,24
90183A,AMBER DROP EARRINGS W LONG BEADS,UNMAPPED,53,155.65,31,30
GIFT_0001_20,Dotcomgiftshop Gift Voucher £20.00,UNMAPPED,53,471.06,29,28
17061,ASSORTED SHAPED STENCIL FOR HENNA,UNMAPPED,52,2.08,1,1
20833,SHAKER THROW QUILTED,UNMAPPED,52,811.80,5,5
21298,EDWARDIAN 2 DRAWER WALL CABINET,UNMAPPED,52,755.80,14,8
84743C,ORANGE FELT VASE + FLOWERS,UNMAPPED,52,11.25,6,6
84881,BLUE WIRE SPIRAL CANDLE HOLDER,UNMAPPED,52,342.94,24,24
90031,BILI NUT AND WOOD NECKLACE,UNMAPPED,52,71.90,9,9
90083,CRYSTAL CZECH CROSS PHONE CHARM,UNMAPPED,52,48.08,15,15
90101,WHITE FRANGIPANI NECKLACE,UNMAPPED,52,131.16,29,29
90160A,PURPLE BOUDICCA LARGE BRACELET,UNMAPPED,52,362.51,25,25
90165B,WHITE ROSEBUD PEARL EARRINGS,UNMAPPED,52,131.65,35,34
90195B,BLACK GEMSTONE BRACELET,UNMAPPED,52,460.69,26,23
20861,GOLD COSMETIC BAG PINK STAR,UNMAPPED,51,96.60,18,17
23018,LARGE APOTHECARY MEASURING JAR,UNMAPPED,51,612.16,21,16
23458,DOLLY CABINET 3 DRAWERS,UNMAPPED,51,762.45,30,22
71050,SMALL SINGLE FLAME CANDLE HOLDER,UNMAPPED,51,17.85,8,8
84306,S/3 PINK SQUARE PLANTERS ROSES,UNMAPPED,51,557.48,32,28
85161,ACRYLIC GEOMETRIC LAMP,UNMAPPED,51,863.85,33,30
90000D,COPPER/OLIVE GREEN FLOWER NECKLACE,UNMAPPED,51,313.75,34,33
90003C,MIDNIGHT BLUE PAIR HEART HAIR SLIDE,UNMAPPED,51,191.54,35,34
17084G,MOON INCENSE,UNMAPPED,50,10.50,2,2
21309,UNKNOWN,UNMAPPED,50,325.60,6,5
22827,RUSTIC SEVENTEEN DRAWER SIDEBOARD,UNMAPPED,50,7150.00,36,32
23692,WRAP A PRETTY THANK YOU,UNMAPPED,50,21.00,2,2
35071,ASSORTED SANTA CHRISTMAS DECORATION,UNMAPPED,50,51.14,7,6
84838,ANT WHITE HIGH RISE BIRD BOX,UNMAPPED,50,312.50,4,3
90073,VINTAGE ENAMEL & CRYSTAL EARRINGS,UNMAPPED,50,250.34,34,34
90081C,LILY BROOCH OLIVE COLOUR,UNMAPPED,50,250.47,36,36
90174,BUTTERFLY HAIR BAND,UNMAPPED,50,126.12,32,32
90204,PAIR OF ENAMEL BUTTERFLY HAIRCLIP,UNMAPPED,50,168.46,37,34
35973,GERANIUM FOLKART HEART DECORATION,UNMAPPED,49,61.25,17,11
47574B,ENGLISH ROSE SCENTED HANGING HEART,UNMAPPED,49,208.25,28,23
90081A,LILY BROOCH AMETHYST COLOUR,UNMAPPED,49,242.80,24,23
20899,UNKNOWN,UNMAPPED,48,129.80,15,13
22761,CHEST 7 DRAWER MA CAMPAGNE,UNMAPPED,48,1182.78,34,34
35978,UNKNOWN,UNMAPPED,48,0.00,1,1
37489A,UNKNOWN,UNMAPPED,48,46.56,25,24
45013,FOLDING SHOE TIDY,UNMAPPED,48,132.00,8,8
47341B,BLUE TABLE RUN FLOWER,UNMAPPED,48,67.50,14,14
47369A,PINK GREEN EMBROIDERY COSMETIC BAG,UNMAPPED,48,140.40,25,23
72779,SET/6 BLACK ROSE T-LIGHT CANDLES,UNMAPPED,48,81.12,15,14
84424A,FOUR PICTURE WHITE GLASS FRAME,UNMAPPED,48,86.25,12,12
84857B,BLUE MONTE CARLO HANDBAG,UNMAPPED,48,46.80,2,2
85230C,UNKNOWN,UNMAPPED,48,6.96,2,2
85230D,UNKNOWN,UNMAPPED,48,6.96,2,2
90032,IVORY SHELL HEART NECKLACE,UNMAPPED,48,271.88,24,23
90059F,DIAMANTE HAIR GRIP PACK/2 LT ROSE,UNMAPPED,48,79.87,27,26
90202D,PINK ENAMEL FLOWER HAIR TIE,UNMAPPED,48,141.49,24,24
20994,JAZZ HEARTS SPIRAL NOTEPAD,UNMAPPED,47,39.95,12,10
23429,RED RETRO KITCHEN WALL CLOCK,UNMAPPED,47,400.01,23,12
84555A,YELLOW VW BEETLE CERAMIC MONEY BOX,UNMAPPED,47,133.85,17,16
90133,TEAL/FUSCHIA COL BEAD NECKLACE,UNMAPPED,47,236.46,36,33
90171,DAISY RING,UNMAPPED,47,59.65,27,21
37489D,PINK/GREEN FLOWER DESIGN BIG MUG,UNMAPPED,46,28.86,21,20
47581B,FAIRY CAKE WICKER PICNIC BASKET,UNMAPPED,46,753.77,36,33
90013D,PURPLE VINTAGE EARRINGS,UNMAPPED,46,178.11,17,16
90122B,JADE CRYSTAL+GLASS BRACELET,UNMAPPED,46,228.99,26,26
90177D,DROP DIAMANTE EARRINGS PURPLE,UNMAPPED,46,135.76,25,24
35840,FLAT GLASS BAUBLE WHITE FLOCK,UNMAPPED,45,107.13,11,7
46137D,GREEN CHENILLE SHAGGY RUG,UNMAPPED,45,132.75,4,4
85018C,UNKNOWN,UNMAPPED,45,127.20,7,7
90036E,"FLOWER GLASS GARLD NECKL36""AMETHYST",UNMAPPED,45,358.87,28,28
90128A,PINK LEAVES AND BEADS PHONE CHARM,UNMAPPED,45,46.21,11,11
90190B,GOLD/AMBER DROP EARRINGS W LEAF,UNMAPPED,45,132.58,15,15
20968,UNKNOWN,UNMAPPED,44,185.11,21,14
21763,UNKNOWN,UNMAPPED,44,1157.90,18,18
23038,T-LIGHT HOLDER SILVER SAUCER,UNMAPPED,44,42.92,8,8
84629,WHITE 3 FRAME BIRDS AND TREE,UNMAPPED,44,237.80,14,13
84845D,GERANIUM SQUARE HANDY TIN,UNMAPPED,44,51.25,12,11
90003B,ROSE COLOUR PAIR HEART HAIR SLIDES,UNMAPPED,44,165.81,26,24
90035B,UNKNOWN,UNMAPPED,44,380.89,5,5
90072,RUBY DROP CHANDELIER EARRINGS,UNMAPPED,44,176.31,30,29
90103,PURPLE FRANGIPANI NECKLACE,UNMAPPED,44,110.85,30,27
90125B,AQUA BERTIE GLASS BEAD BAG CHARM,UNMAPPED,44,79.57,17,17
90180A,BLACK+WHITE NECKLACE W TASSEL,UNMAPPED,44,396.64,28,26
90190A,SILVER/CRYSTAL DROP EARRINGS W LEAF,UNMAPPED,44,129.59,31,27
90214F,"LETTER ""F"" BLING KEY RING",UNMAPPED,44,36.28,27,26
21560,UNKNOWN,UNMAPPED,43,15.44,6,2
21674,RIDGED GLASS PENDANT LAMPSHADE,UNMAPPED,43,680.85,9,9
23626,SET 10 CARDS DINKY TREE 17076,UNMAPPED,43,107.07,16,15
35751C,PURPLE CURRENT CANDLE RING,UNMAPPED,43,12.61,3,2
72753C,S/3 FLWR FAIRY ROSE CANDLES,UNMAPPED,43,107.68,6,6
72783,BLACK SIL'T SQU CANDLE PLATE,UNMAPPED,43,90.30,9,9
90039D,FIRE POLISHED GLASS BRACELET GREEN,UNMAPPED,43,162.66,24,23
DCGS0058,UNKNOWN,UNMAPPED,43,34.82,31,27
21335,LIBRARY LAMP,UNMAPPED,42,989.62,28,25
84711A,SILVER OVAL SHAPE TRINKET BOX,UNMAPPED,42,390.95,24,23
90040D,UNKNOWN,UNMAPPED,42,148.87,26,23
90099,NECKLACE+BRACELET SET BLUE HIBISCUS,UNMAPPED,42,129.69,25,24
90118,PINK DAISY BAG CHARM,UNMAPPED,42,107.39,29,28
90162C,ANT SILVER FUSCHIA BOUDICCA RING,UNMAPPED,42,123.90,16,16
90165A,PINK ROSEBUD PEARL EARRINGS,UNMAPPED,42,106.49,27,26
90168,2 DAISIES HAIR COMB,UNMAPPED,42,123.76,24,23
90184A,AMBER CHUNKY BEAD BRACELET W STRAP,UNMAPPED,42,380.82,25,24
35932,UNKNOWN,UNMAPPED,41,15.63,11,11
37379A,PINK CHERRY BLOSSOM CUP & SAUCER,UNMAPPED,41,159.20,16,14
37488A,YELLOW PINK FLOWER DESIGN BIG BOWL,UNMAPPED,41,19.77,6,6
44091A,BLUE CRUSOE CHECK LAMPSHADE,UNMAPPED,41,7.56,7,7
90040C,MURANO STYLE GLASS BRACELET GOLD,UNMAPPED,41,146.75,21,21
90059C,DIAMANTE HAIR GRIP PACK/2 MONTANA,UNMAPPED,41,68.18,23,23
90146,FINE SILVER NECKLACE W PASTEL FLOWE,UNMAPPED,41,276.49,20,19
20667,CHERRY BLOSSOM PURSE,UNMAPPED,40,108.69,24,24
20697,LITTLE GREEN MONSTER SOFT TOY,UNMAPPED,40,96.60,21,20
21511,VINTAGE COLLAGE GREETING CARD,UNMAPPED,40,16.80,2,2
23015,CORDIAL GLASS JUG,UNMAPPED,40,338.38,19,18
23442,12 HANGING EGGS HAND PAINTED,UNMAPPED,40,83.20,8,6
23611,SET 10 CARDS RED RIDING HOOD 17214,UNMAPPED,40,99.60,16,16
44089A,PINK GAUZE BUTTERFLY LAMPSHADE,UNMAPPED,40,16.80,13,11
90019C,SILVER BLACK ORBIT BRACELET,UNMAPPED,40,213.38,34,32
90164A,PINK ROSEBUD PEARL BRACELET,UNMAPPED,40,230.39,25,25
90166,PINK & WHITE ROSEBUD RING,UNMAPPED,40,168.94,31,29
90191,SILVER LARIAT 40CM,UNMAPPED,40,342.60,21,21
20848,ZINC HEART LATTICE CHARGER SMALL,UNMAPPED,39,115.05,12,12
20896,VINTAGE NOTEBOOK PINK FLOWER,UNMAPPED,39,115.05,15,14
35085E,IVORY ROSE LAMPSHADE,UNMAPPED,39,44.25,9,9
35638A,PINK AND BLACK STRING CURTAIN,UNMAPPED,39,88.05,6,6
48175,DOOR MAT CAMOUFLAGE,UNMAPPED,39,158.04,2,2
71263G,UNKNOWN,UNMAPPED,39,0.00,1,1
84201B,HAPPY BIRTHDAY CARD STRIPEY TEDDY,UNMAPPED,39,7.41,8,8
84551,CROCHET DOG KEYRING,UNMAPPED,39,64.35,8,8
84711B,PINK OVAL SHAPE TRINKET BOX,UNMAPPED,39,357.71,30,29
84966C,GREEN KASHMIRI BOXED MIRROR,UNMAPPED,39,276.00,3,3
90018B,GOLD M.O.P ORBIT DROP EARRINGS,UNMAPPED,39,164.62,31,31
90124B,BLUE MURANO TWIST NECKLACE,UNMAPPED,39,391.18,30,29
90128B,BLUE LEAVES AND BEADS PHONE CHARM,UNMAPPED,39,23.76,7,7
90169,DAISY HAIR COMB,UNMAPPED,39,98.87,23,21
20958,PORCELAIN HANGING BELL LARGE,UNMAPPED,38,70.50,10,10
37489B,BLUE/YELLOW FLOWER DESIGN BIG MUG,UNMAPPED,38,30.42,17,17
62074B,ELEPHANT CLIP W SUCTION CUP,UNMAPPED,38,15.96,13,11
72798C,SET/4 GARDEN ROSE DINNER CANDLE,UNMAPPED,38,53.11,16,16
84313A,PINK TV TRAY TABLE,UNMAPPED,38,212.42,19,19
84751B,BLACK MEDIUM GLASS CAKE STAND,UNMAPPED,38,115.86,20,18
84824,DANISH ROSE UMBRELLA STAND,UNMAPPED,38,676.45,32,29
90036D,"FLOWER GLASS GARLAND NECKL.36""BLACK",UNMAPPED,38,302.29,16,16
90159,COTE D'AZURE NECKLACE,UNMAPPED,38,188.58,20,20
90205A,LARGE MINT DIAMANTE HAIRSLIDE,UNMAPPED,38,63.46,22,22
90214V,"LETTER ""V"" BLING KEY RING",UNMAPPED,38,28.98,24,24
48103,UNKNOWN,UNMAPPED,37,201.73,11,10
84456,SET OF 3 RABBIT EGG EASTER,UNMAPPED,37,33.15,16,15
90002C,UNKNOWN,UNMAPPED,37,124.38,21,19
90016B,GOLD/M.O.P PENDANT ORBIT NECKLACE,UNMAPPED,37,312.14,30,29
90022,EDWARDIAN DROP EARRINGS JET BLACK,UNMAPPED,37,139.67,32,30
90163A,PINK ROSEBUD & PEARL NECKLACE,UNMAPPED,37,280.71,24,24
90175C,BLUE GLASS CHUNKY CHARM BRACELET,UNMAPPED,37,332.95,20,19
90177C,DROP DIAMANTE EARRINGS CRYSTAL,UNMAPPED,37,109.03,24,23
90212B,JET BLACK LAS VEGAS BRACELET ROUND,UNMAPPED,37,140.07,28,27
17174,ASSTD RASTA KEY-CHAINS,UNMAPPED,36,15.12,7,6
23410,CURIO CABINET LINEN AND LACE,UNMAPPED,36,290.10,18,16
23430,BLUE RETRO KITCHEN WALL CLOCK,UNMAPPED,36,301.88,18,14
35936,CERISE+GOLD CHRISTMAS TREE DEC,UNMAPPED,36,13.68,9,9
90038A,GLASS AND PAINTED BEADS BRACELET TO,UNMAPPED,36,135.80,22,22
90123A,PINK HEART OF GLASS BRACELET,UNMAPPED,36,214.07,19,18
90175B,PINK GLASS CHUNKY CHARM BRACELET,UNMAPPED,36,322.85,27,25
90199B,5 STRAND GLASS NECKLACE AMETHYST,UNMAPPED,36,228.61,31,29
90214O,"LETTER ""O"" BLING KEY RING",UNMAPPED,36,31.42,18,17
ADJUST,Adjustment by john on 26/01/2010 17,UNMAPPED,36,8897.93,36,1
84720,DOT MATRIX CANVAS ART PICTURE,UNMAPPED,35,147.05,3,2
90211B,JET BLACK LAS VEGAS NECKLACE 45CM,UNMAPPED,35,208.21,26,26
16201B,PASTEL BLUE PHOTO ALBUM,UNMAPPED,34,81.10,5,4
17007B,S/3 POT POURI CUSHIONS BLUE COLOURS,UNMAPPED,34,71.40,7,6
48179,DOOR MAT SWEET HOME,UNMAPPED,34,214.47,11,10
84706F,RED PEONY TABLE CLOCK,UNMAPPED,34,208.30,18,17
90014B,GOLD M.O.P. ORBIT NECKLACE,UNMAPPED,34,333.71,28,28
BANK CHARGES,Bank Charges,UNMAPPED,34,519.24,34,29
10124G,ARMY CAMO BOOKCOVER TAPE,UNMAPPED,33,14.28,10,10
17191A,ROSE FLOWER CANDLE+INCENSE 16X16CM,UNMAPPED,33,123.75,12,12
20693,FLORAL DINOSAUR GREEN,UNMAPPED,33,161.89,18,16
20887,UNKNOWN,UNMAPPED,33,118.39,10,6
20953,PORCELAIN CHERUB BELL LARGE,UNMAPPED,33,54.45,9,9
21337,SILVER WASHBAG,UNMAPPED,33,103.53,12,11
23459,DOLLY CABINET 2 DRAWERS,UNMAPPED,33,412.50,19,17
40005B,BLUE ORGANDY ROUND LAMPSHADE W BEA,UNMAPPED,33,28.05,13,13
81953P,ROUND ARTICULATED PINK CLOCK W/SUCK,UNMAPPED,33,9.57,6,6
84816,DANISH ROSE BEDSIDE CABINET,UNMAPPED,33,1278.35,20,20
84893,ANT WHITE IRON BASKET,UNMAPPED,33,186.35,15,15
84966B,BLUE KASHMIRI BOXED MIRROR,UNMAPPED,33,428.00,4,4
90000A,RASPBERRY ANT COPPER FLOWER NECKLAC,UNMAPPED,33,198.98,21,19
90067A,PINK VINTAGE VICTORIAN EARRINGS,UNMAPPED,33,97.24,16,16
16010,FOLDING CAMPING SCISSOR W/KNIF & S,UNMAPPED,32,3.84,4,4
21097,SET/6 GREEN SPRING PAPER PLATE,UNMAPPED,32,27.20,7,7
23467,VINTAGE ZINC PLANTER,UNMAPPED,32,120.08,11,9
35051B,UNKNOWN,UNMAPPED,32,5.88,3,3
37506,NEW ENGLAND MILK JUG W GIFT BOX,UNMAPPED,32,190.40,26,26
81950V,FLOWER PURPLE CLOCK WITH SUCKER,UNMAPPED,32,18.80,11,9
84465,15 PINK FLUFFY CHICKS IN BOX,UNMAPPED,32,96.51,23,23
90003E,GREEN PAIR HEART HAIR SLIDES,UNMAPPED,32,120.31,22,21
90019B,GOLD M.O.P ORBIT BRACELET,UNMAPPED,32,168.62,28,28
90194,SILVER LARIAT BLACK STONE EARRINGS,UNMAPPED,32,135.84,21,20
21759,UNKNOWN,UNMAPPED,31,1274.47,14,12
47016,LIGHT DECORATION BATTERY OPERATED,UNMAPPED,31,65.10,5,5
72796B,S/3 FRENCH VANILLA SQU CANDLE,UNMAPPED,31,44.55,14,13
79413,GLASS WINE GLASS DECORATIONS,UNMAPPED,31,37.50,10,7
82545A,COGNAC AUX OEUFS METAL 1 HOOK,UNMAPPED,31,38.75,11,11
90023,FILIGREE DIAMANTE EARRINGS,UNMAPPED,31,131.74,21,21
90036C,"FLOWER GLASS GARLAND NECKL.36""BLUE",UNMAPPED,31,246.83,15,15
90048,GREEN WITH METAL BAG CHARM,UNMAPPED,31,158.89,8,7
90177B,DROP DIAMANTE EARRINGS BLACK DIAMON,UNMAPPED,31,91.38,19,18
90202A,PURPLE ENAMEL FLOWER HAIR TIE,UNMAPPED,31,90.90,23,21
90202C,GREEN ENAMEL FLOWER HAIR TIE,UNMAPPED,31,91.46,25,24
90214Z,"LETTER ""Z"" BLING KEY RING",UNMAPPED,31,21.49,18,18
20870,UNKNOWN,UNMAPPED,30,52.20,8,7
21339,MARAKESH LANTERN LARGE,UNMAPPED,30,544.50,13,11
23143,ZINC WIRE KITCHEN ORGANISER,UNMAPPED,30,239.97,16,14
35001B,UNKNOWN,UNMAPPED,30,59.33,8,7
72785A,S/4 CONTEMPORY PINK ROSEBUD CANDLES,UNMAPPED,30,16.80,6,6
84371,BIG PINK POODLE,UNMAPPED,30,257.10,6,5
84427B,UNKNOWN,UNMAPPED,30,72.25,7,6
90100,NECKLACE+BRACELET SET PINK DAISY,UNMAPPED,30,76.50,12,11
90124A,PINK MURANO TWIST NECKLACE,UNMAPPED,30,299.28,20,19
90155,RESIN NECKLACE W PASTEL BEADS,UNMAPPED,30,226.16,21,20
21489,BLUE WHITE SCARF HOT WATER BOTTLE,UNMAPPED,29,157.60,15,8
23465,TUSCAN VILLA BIRD FEEDER,UNMAPPED,29,247.63,16,15
35910B,PINK FLOWERS RABBIT EASTER,UNMAPPED,29,61.07,8,7
35999,UNKNOWN,UNMAPPED,29,2.55,2,2
37491A,YELLOW/PINK CERAMIC CANDLE HOLDER,UNMAPPED,29,48.30,14,13
47341A,FUSCHIA TABLE RUN FLOWER,UNMAPPED,29,46.25,7,7
79149B,SILICON STAR BULB BLUE,UNMAPPED,29,12.18,12,12
84621,BLUE GINGHAM ROSE FLOOR CUSHION,UNMAPPED,29,247.26,15,15
90000B,MIDNIGHT BLUE COPPER FLOWER NECKLAC,UNMAPPED,29,177.29,21,20
90014C,SILVER AND BLACK ORBIT NECKLACE,UNMAPPED,29,284.68,20,20
90016A,SILVER/M.O.P PENDANT ORBIT NECKLACE,UNMAPPED,29,207.86,16,16
90028,NEW BAROQUE LARGE NECKLACE BLK/WHIT,UNMAPPED,29,244.79,24,24
90123D,WHITE HEART OF GLASS BRACELET,UNMAPPED,29,172.39,14,14
90162D,ANT SILVER PURPLE BOUDICCA RING,UNMAPPED,29,85.55,15,14
35751D,PINK CURRENT CANDLE RING,UNMAPPED,28,5.32,1,1
84250M,"GREETING CARD, BLACKPOOL ROCK",UNMAPPED,28,15.90,13,13
84690,S/2 BEACH HUT STOOLS,UNMAPPED,28,214.65,15,15
84732B,CUTE BIRD CEATURE SCREEN,UNMAPPED,28,18.48,6,6
84925C,FAIRY CAKES WALL THERMOMETER,UNMAPPED,28,71.40,10,10
90018C,SILVER BLACK ORBIT DROP EARRINGS,UNMAPPED,28,118.51,20,19
90035C,"PEARL & SHELL 42""NECKL. IVORY",UNMAPPED,28,301.00,5,5
90037B,TINY CRYSTAL BRACELET GREEN,UNMAPPED,28,71.17,10,10
90060F,FIRE POLISHED GLASS NECKL GREEN,UNMAPPED,28,166.14,18,18
90130A,WHITE STONE/CRYSTAL EARRINGS,UNMAPPED,28,82.51,16,15
90177E,DROP DIAMANTE EARRINGS GREEN,UNMAPPED,28,82.71,22,21
90183B,AMETHYST DROP EARRINGS W LONG BEADS,UNMAPPED,28,81.93,24,24
90211A,DIAMOND LAS VEGAS NECKLACE 45CM,UNMAPPED,28,166.57,21,20
37489C,GREEN/BLUE FLOWER DESIGN BIG MUG,UNMAPPED,27,26.06,12,12
47583B,SET OF 3 WICKER BASKET TEA AND CAKE,UNMAPPED,27,332.60,6,5
84415A,PINK FLOCK SUEDE CUSHION COVER,UNMAPPED,27,71.25,6,6
84425A,WHITE GLASS TV TRIPLE FRAME,UNMAPPED,27,76.60,10,9
84891B,GREEN WIRE GOBLET CANDLEHOLDER,UNMAPPED,27,87.45,7,6
84965B,BLUE KASHMIRI COFFEE TABLE,UNMAPPED,27,1359.95,4,4
90036A,FLOWER GARLAND NECKLACE RED,UNMAPPED,27,215.76,20,20
90059B,DIAMANTE HAIR GRIP PACK/2 BLACK DIA,UNMAPPED,27,44.87,16,15
90123C,GREEN HEART OF GLASS BRACELET,UNMAPPED,27,160.75,12,12
90148,LONG SILVER NECKLACE PASTEL FLOWER,UNMAPPED,27,343.98,18,17
90178A,AMBER CHUNKY GLASS+BEAD NECKLACE,UNMAPPED,27,322.41,21,21
23614,SET 10 CARDS 12 DAYS WRAP 17058,UNMAPPED,26,86.58,11,8
37477C,"FLOWER FAIRY MUG+COASTER,ROSE",UNMAPPED,26,22.50,2,2
37491D,PURPLE/BLUE CERAMIC CANDLE HOLDER,UNMAPPED,26,63.28,13,13
85023A,CRYSTAL LARGE JEWELLED PHOTO FRAME,UNMAPPED,26,56.10,12,11
90036B,"FLOWER GLASS GARLAND NECKL.36""GREEN",UNMAPPED,26,143.10,11,11
90037A,TINY CRYSTAL BRACELET RED,UNMAPPED,26,66.31,12,12
90037C,TINY CRYSTAL BRACELET BLUE,UNMAPPED,26,66.08,13,13
90065A,WHITE VINTAGE CRYSTAL BRACELET,UNMAPPED,26,180.46,16,15
90121B,UNKNOWN,UNMAPPED,26,80.75,11,9
90123B,TURQUOISE HEART OF GLASS BRACELET,UNMAPPED,26,154.69,13,13
90137,PINK COMBO MINI CRYSTALS NECKLACE,UNMAPPED,26,132.52,15,14
16169A,WRAP CHRISTMAS DECOUPAGE,UNMAPPED,25,10.50,1,1
16169G,WRAP ROMANTIC DECOUPAGE,UNMAPPED,25,10.50,1,1
21496,WOODLAND CREATURES WRAP,UNMAPPED,25,10.50,1,1
23448,CREAM BUNNY EASTER EGG BASKET,UNMAPPED,25,41.25,3,3
84593,CROCHET ROSE DES CLOTHES HANGER,UNMAPPED,25,73.75,8,7
90024B,NEW BAROQUE B'FLY NECKLACE RED,UNMAPPED,25,212.24,22,22
90130C,GREEN STONE/CRYSTAL EARRINGS,UNMAPPED,25,73.62,24,23
90156,RESIN BRACELET W PASTEL BEADS,UNMAPPED,25,137.37,14,13
90181B,AMETHYST GLASS/SHELL/PEARL NECKLACE,UNMAPPED,25,231.27,24,24
90212C,PURPLE LAS VEGAS BRACELET ROUND,UNMAPPED,25,56.25,8,8
20816,GOLD FLOWER CUSHION COVER,UNMAPPED,24,123.60,7,6
20988,TRELLIS FLOWER CHOPSTICKS SET/5,UNMAPPED,24,46.80,9,8
21267,VINTAGE PINK TINSEL REEL,UNMAPPED,24,74.60,10,7
23629,SET 10 CARDS DRESSING UP 17077,UNMAPPED,24,59.76,10,10
72083A,STRAWBERY SWIRL FLARE CANDLE,UNMAPPED,24,50.40,7,5
79172D,PURPLE TINT ACRYLIC FLOWER VASE,UNMAPPED,24,20.40,4,4
84086B,YELLOW/BLUE RETRO RADIO,UNMAPPED,24,70.80,13,12
84415B,BLUE FLOCK CUSHION COVER,UNMAPPED,24,80.00,7,7
84575A,PINK DOG CANNISTER,UNMAPPED,24,98.80,13,13
84886,BLUE METAL WALL SHELF,UNMAPPED,24,119.40,10,10
84967B,BLUE KASHMIRI OCCASIONAL TABLE,UNMAPPED,24,1249.45,11,11
90035A,"PEARL & SHELL 42""NECKL. GREEN",UNMAPPED,24,257.55,16,15
90036F,"FLOWER GLASS GARLD NECKL36""TURQUOIS",UNMAPPED,24,192.17,15,15
90138,WHITE/PINK MINI CRYSTALS NECKLACE,UNMAPPED,24,125.64,17,17
90139,UNKNOWN,UNMAPPED,24,118.24,19,13
90202B,WHITE ENAMEL FLOWER HAIR TIE,UNMAPPED,24,70.49,16,16
21266,VINTAGE SILVER TINSEL REEL,UNMAPPED,23,98.90,9,7
22929,SCHOOL DESK AND CHAIR,UNMAPPED,23,1459.75,17,16
44092C,PURPLE/COPPER HANGING LAMPSHADE,UNMAPPED,23,19.55,10,10
81985A,"ICON ALARM CLOCK,FUSCHIA PIN UP",UNMAPPED,23,58.65,7,7
84622,PINK GINGHAM ROSE CUSHION COVER,UNMAPPED,23,152.60,9,7
84963A,PINK PAINTED KASHMIRI CHAIR,UNMAPPED,23,763.35,9,9
85023C,PINK LARGE JEWELED PHOTOFRAME,UNMAPPED,23,58.65,12,10
85079,EMBROIDERED REINDEER DECORATION,UNMAPPED,23,32.25,9,7
90027D,GLASS BEAD HOOP EARRINGS AMETHYST,UNMAPPED,23,72.18,16,15
90029,NEW BAROQUE SMALL NECKLACE BLACK,UNMAPPED,23,195.14,12,12
90039C,FIRE POLISHED GLASS BRACELET BLACK,UNMAPPED,23,86.65,12,11
90188,DROP EARRINGS W FLOWER & LEAF,UNMAPPED,23,58.50,20,18
20964,UNKNOWN,UNMAPPED,22,51.00,7,7
23441,HAND PAINTED HANGING EASTER EGG,UNMAPPED,22,9.24,3,3
84387A,BIRD ON BRANCH CANVAS SCREEN,UNMAPPED,22,21.45,2,2
84564,6 SEGMENT COLOURED SNACK BOWL,UNMAPPED,22,175.48,12,12
84575B,UNKNOWN,UNMAPPED,22,23.80,4,4
84613A,PINK NEW BAROQUE FLOCK CANDLESTICK,UNMAPPED,22,102.30,10,10
84656,WHITE ROSE C/COVER,UNMAPPED,22,130.90,13,13
84705D,CHERRY BLOSSOM PHOTO FRAME,UNMAPPED,22,97.90,15,14
85168A,WHITE BAROQUE CARRIAGE CLOCK,UNMAPPED,22,218.90,15,15
90002B,FLOWER BURST SILVER RING ROSE,UNMAPPED,22,82.74,11,11
90033,IVORY SHELL HEART EARRINGS,UNMAPPED,22,55.88,18,18
90065B,BLACK VINT ART DEC CRYSTAL BRACELET,UNMAPPED,22,154.87,16,14
90124C,GREEN MURANO TWIST NECKLACE,UNMAPPED,22,220.21,16,16
90199A,5 STRAND GLASS NECKLACE BLACK,UNMAPPED,22,139.50,16,15
90199D,5 STRAND GLASS NECKLACE AMBER,UNMAPPED,22,139.28,16,16
35265,COLOURFUL FLOWER FRUIT BOWL,UNMAPPED,21,80.00,16,16
35644,PAIR PINK/BLACK COATHANGERS,UNMAPPED,21,40.95,8,6
84340,LARGE FIBRE OPTIC CHRISTMAS TREE,UNMAPPED,21,65.76,11,11
84546,CROCHET POODLE KEYRING,UNMAPPED,21,34.65,3,3
90038B,GLASS AND PAINTED BEADS BRACELET OL,UNMAPPED,21,79.19,13,13
90039B,FIRE POLISHED GLASS BRACELET MONTAN,UNMAPPED,21,78.99,11,11
90063A,WHITE VINT ART DECO CRYSTAL NECKLAC,UNMAPPED,21,178.48,13,13
90064B,BLACK VINTAGE CRYSTAL EARRINGS,UNMAPPED,21,78.75,12,12
90079,VINTAGE ENAMEL & CRYSTAL NECKLACE,UNMAPPED,21,104.77,13,13
90126C,AMBER BERTIE MOBILE PHONE CHARM,UNMAPPED,21,42.10,5,5
90187B,GREEN DROP EARRINGS W BEAD CLUSTER,UNMAPPED,21,70.60,15,15
20691,UNKNOWN,UNMAPPED,20,0.00,1,1
20860,GOLD COSMETICS BAG WITH BUTTERFLY,UNMAPPED,20,42.00,11,11
21343,GOLD JEWELERY BOX,UNMAPPED,20,92.00,3,3
21353,UNKNOWN,UNMAPPED,20,160.45,10,7
23603,SET 10 CARD KRAFT REINDEER 17084,UNMAPPED,20,49.80,14,12
35909A,RABBIT EASTER DECORATION,UNMAPPED,20,59.00,5,5
72796A,UNKNOWN,UNMAPPED,20,18.15,9,7
84612B,SET/4 BLACK BAROQUE FLOCK COASTER,UNMAPPED,20,51.00,4,4
84706B,FAIRY CAKES TABLE CLOCK,UNMAPPED,20,188.73,9,9
84721,MANHATTAN CANVAS ART PICTURE,UNMAPPED,20,87.80,2,2
84965A,PINK KASHMIRI COFFEE TABLE,UNMAPPED,20,1050.00,3,3
90001D,ANTIQUE OLIVE GREEN FLOWER EARRINGS,UNMAPPED,20,84.96,11,11
90011B,BLACK CRYSTAL DROP EARRINGS,UNMAPPED,20,59.06,15,14
90049,IVORY GOLD METAL BAG CHARM,UNMAPPED,20,114.24,6,5
90063B,BLACK VINT ART DEC CRYSTAL NECKLACE,UNMAPPED,20,170.17,14,14
90064A,WHITE VINTAGE CRYSTAL EARRINGS,UNMAPPED,20,79.14,12,12
90126A,PINK BERTIE MOBILE PHONE CHARM,UNMAPPED,20,37.14,6,5
90141A,GREEN PENDANT TRIPLE SHELL NECKLACE,UNMAPPED,20,104.95,17,17
17011B,ORIGAMI JASMINE INCENSE+FLOWER,UNMAPPED,19,11.10,2,2
17091F,SANDALWOOD INCENSE IN TIN,UNMAPPED,19,27.71,8,7
23468,TUSCAN VILLA BIRD TABLE,UNMAPPED,19,156.75,11,9
85225,BLING KEY RING STAND,UNMAPPED,19,22.50,11,11
90002E,UNKNOWN,UNMAPPED,19,67.77,12,12
90038C,GLASS AND BEADS BRACELET IVORY,UNMAPPED,19,71.46,9,9
90056,CHUNKY CRACKED GLAZE NECKLACE IVORY,UNMAPPED,19,207.94,14,14
90102,WHITE FRANGIPANI HAIR CLIP,UNMAPPED,19,16.11,4,4
90177A,CLASSIC DIAMANTE EARRINGS JET,UNMAPPED,19,55.69,14,14
90179C,BLACK FINE BEAD NECKLACE W TASSEL,UNMAPPED,19,112.78,16,14
90182C,BLACK 3 BEAD DROP EARRINGS,UNMAPPED,19,55.74,13,13
90196A,PURPLE GEMSTONE NECKLACE 45CM,UNMAPPED,19,242.25,11,11
90196B,BLACK GEMSTONE NECKLACE 45CM,UNMAPPED,19,241.98,14,13
90214W,"LETTER ""W"" BLING KEY RING",UNMAPPED,19,10.17,8,8
GIFT_0001_50,Dotcomgiftshop Gift Voucher £50.00,UNMAPPED,19,253.59,8,8
23464,VINTAGE ZINC WATERING CAN SMALL,UNMAPPED,18,99.20,8,8
35598A,DUSTY PINK CHRISTMAS TREE 60CM,UNMAPPED,18,29.50,4,4
35652,VINTAGE BEAD CHAISE LONG JEWEL BOX,UNMAPPED,18,21.50,2,2
37481,UNKNOWN,UNMAPPED,18,15.30,3,3
84494B,UNKNOWN,UNMAPPED,18,0.00,1,1
84798C,WHITE FOXGLOVE ARTIIFCIAL FLOWER,UNMAPPED,18,40.80,4,3
84963B,BLUE PAINTED KASHMIRI CHAIR,UNMAPPED,18,591.50,6,6
90042B,UNKNOWN,UNMAPPED,18,43.35,7,7
90125E,AMBER BERTIE GLASS BEAD BAG CHARM,UNMAPPED,18,44.19,17,17
90180B,PURPLE AMETHYST NECKLACE W TASSEL,UNMAPPED,18,179.88,14,14
GIFT_0001_40,Dotcomgiftshop Gift Voucher £40.00,UNMAPPED,18,166.09,7,7
PADS,PADS TO MATCH ALL CUSHIONS,UNMAPPED,18,0.02,18,17
18097A,PINK TALL PORCELAIN T-LIGHT HOLDER,UNMAPPED,17,43.35,12,11
20880,UNKNOWN,UNMAPPED,17,0.00,1,1
21764,VINTAGE WOODEN PLATE RACK,UNMAPPED,17,659.15,11,9
22828,REGENCY MIRROR WITH SHUTTERS,UNMAPPED,17,2565.00,11,10
35591T,TURQUOISE CHRISTMAS TREE,UNMAPPED,17,21.25,9,9
82069,BEECH WOOD P/FRAME,UNMAPPED,17,109.85,11,11
84614A,PINK BAROQUE FLOCK CANDLE HOLDER,UNMAPPED,17,124.83,10,10
84867A,PINK BABY GIRLS PHOTO ALBUM,UNMAPPED,17,119.39,5,4
84964B,BLUE PAINTED KASHMIRI TABLE,UNMAPPED,17,990.00,2,2
90012B,BLACK DROP CRYSTAL NECKLACE,UNMAPPED,17,85.90,6,6
90016C,SILVER/BLACK PENDANT ORBIT NECKLACE,UNMAPPED,17,144.07,14,14
90054,CRACKED GLAZE EARRINGS RED,UNMAPPED,17,43.02,17,17
90128C,GREEN LEAVES AND BEADS PHONE CHARM,UNMAPPED,17,25.04,6,6
DCGS0076,SUNJAR LED NIGHT NIGHT LIGHT,UNMAPPED,17,275.96,14,13
20895,VINTAGE NOTEBOOK FRENCH LETTER,UNMAPPED,16,47.20,4,4
22850,UNKNOWN,UNMAPPED,16,123.60,3,2
35443,RASTA IN BATH W SPLIFF ASHTRAY,UNMAPPED,16,13.60,10,10
35909B,PINK FLOWERS RABBIT EASTER,UNMAPPED,16,47.20,7,6
84875A,PINK SQUARE COMPACT MIRROR,UNMAPPED,16,60.00,12,12
90011C,GREEN CRYSTAL DROP EARRINGS,UNMAPPED,16,35.33,8,8
90024E,NEW BAROQUE B'FLY NECKLACE MONTANA,UNMAPPED,16,135.98,11,10
90067B,BROWN VINTAGE VICTORIAN EARRINGS,UNMAPPED,16,47.12,6,6
90141C,TURQ PENDANT TRIPLE SHELL NECKLACE,UNMAPPED,16,83.69,13,12
90151,SILVER/NATURAL SHELL NECKLACE,UNMAPPED,16,136.17,9,9
90178B,PURPLE CHUNKY GLASS+BEAD NECKLACE,UNMAPPED,16,191.41,11,11
90206A,GOLD DIAMANTE STAR BROOCH,UNMAPPED,16,79.60,12,11
20620,RED SPOTTY PASSPORT COVER,UNMAPPED,15,61.76,14,11
20859,UNKNOWN,UNMAPPED,15,0.00,1,1
21760,FRENCH STYLE WALL DRESSER,UNMAPPED,15,1740.00,13,12
22351,DOTCOMGIFTSHOP TEA TOWEL,UNMAPPED,15,29.81,3,3
23632,SET 10 CARDS CHEERFUL ROBIN 17065,UNMAPPED,15,31.20,10,10
44092B,BLUE WHITE PLASTIC RINGS LAMPSHADE,UNMAPPED,15,12.75,6,6
71496B,A4 WALL TIDY RED FLOWERS,UNMAPPED,15,8.67,6,6
78034B,BLUE NETTING STORAGE HANGER,UNMAPPED,15,29.25,10,9
79140,ASS WINDPROOF MARIJUANA LIGHTERS,UNMAPPED,15,6.30,2,2
84292B,UNKNOWN,UNMAPPED,15,51.80,7,7
84550,CROCHET LILAC/RED BEAR KEYRING,UNMAPPED,15,24.75,5,5
84586L,"PINK ROSES/GINGHAM PATCH RABBIT 8""",UNMAPPED,15,44.25,9,8
84599,CANDY STRIPE ROSE FLOOR CUSHION,UNMAPPED,15,160.15,6,5
84632,DECORATIVE HANGING SHELVING UNIT,UNMAPPED,15,859.25,11,11
84732D,CUTE RABBIT CEATURE SCREEN,UNMAPPED,15,10.89,6,5
85018A,S/6 PAPER BOXES ROMANTIC IMAGES,UNMAPPED,15,63.75,10,10
85018B,S/6 PAPER BOXES BLOSSOM IMAGES,UNMAPPED,15,63.75,10,10
90011A,MIDNIGHT BLUE CRYSTAL DROP EARRINGS,UNMAPPED,15,44.28,15,15
90024D,NEW BAROQUE B'FLY NECKLACE PINK,UNMAPPED,15,127.50,13,13
90051,CRACKED GLAZE NECKLACE RED,UNMAPPED,15,105.72,11,11
21450,UNKNOWN,UNMAPPED,14,77.35,4,4
22206,"MUG , DOTCOMGIFTSHOP.COM",UNMAPPED,14,11.82,10,10
37348,SET OF 4 PASTEL STACKING MUGS,UNMAPPED,14,35.70,7,7
37491B,BLUE/YELLOW CERAMIC CANDLE HOLDER,UNMAPPED,14,30.08,8,8
44242A,LILAC FEATHERS CURTAIN,UNMAPPED,14,11.98,2,2
72777,UNKNOWN,UNMAPPED,14,0.00,1,1
78026,UNKNOWN,UNMAPPED,14,139.95,3,3
79069A,UNKNOWN,UNMAPPED,14,0.00,1,1
81953B,ROUND BLUE CLOCK WITH SUCKER,UNMAPPED,14,4.64,8,6
84582,PINK CROCHET CAT WITH SCARF,UNMAPPED,14,59.50,11,8
84653,GREEN ROSE QUILT,UNMAPPED,14,750.48,12,12
84679,CLASSICAL ROSE TABLE LAMP,UNMAPPED,14,103.30,4,4
84705A,ENGLISH ROSE PHOTO FRAME,UNMAPPED,14,65.10,7,7
84857A,UNKNOWN,UNMAPPED,14,68.00,4,3
84914A,PINK ROSE PICNIC RUG,UNMAPPED,14,155.70,6,6
85184B,SET 4 EASTER DECOUPAGE OVAL BOXES,UNMAPPED,14,41.30,7,6
85186B,BUNNY BUNCH OF FLOWERS,UNMAPPED,14,5.88,2,2
90027C,GLASS BEAD HOOP EARRINGS GREEN,UNMAPPED,14,41.17,12,12
90037D,TINY CRYSTALS BRACELET BLACK,UNMAPPED,14,35.87,8,7
90127A,PINK BEADS+HAND PHONE CHARM,UNMAPPED,14,19.92,2,2
90181A,AMBER GLASS/SHELL/PEARL NECKLACE,UNMAPPED,14,128.64,14,14
90183C,BLACK DROP EARRINGS W LONG BEADS,UNMAPPED,14,41.02,14,14
18097B,UNKNOWN,UNMAPPED,13,17.85,6,5
20884,UNKNOWN,UNMAPPED,13,6.30,4,4
23463,VINTAGE ZINC WATERING CAN,UNMAPPED,13,139.40,8,8
35537,CANDLE RING W/CLEAR BEADS,UNMAPPED,13,5.46,3,3
84529B,BLUE KNITTED KID'S RUCKSACK,UNMAPPED,13,62.35,5,5
84795E,UNKNOWN,UNMAPPED,13,79.50,8,7
84966A,PINK KASHMIRI BOXED MIRROR,UNMAPPED,13,225.95,4,4
90001B,ANTIQUE MID BLUE FLOWER EARRINGS,UNMAPPED,13,55.12,10,9
90012A,MIDNIGHT BLUE DROP CRYSTAL NECKLACE,UNMAPPED,13,74.38,7,7
90027B,GLASS BEAD HOOP EARRINGS MONTANA,UNMAPPED,13,38.28,10,10
90046,WHITE WITH METAL BAG CHARM,UNMAPPED,13,64.35,7,6
90128D,PURPLE LEAVES AND BEADS PHONE CHAR,UNMAPPED,13,21.24,7,7
90130D,RED STONE/CRYSTAL EARRINGS,UNMAPPED,13,38.31,8,8
90141B,IVORY PENDANT TRIPLE SHELL NECKLACE,UNMAPPED,13,64.94,9,9
90150,BLUE SHELL+SILVER NECKLACE,UNMAPPED,13,97.50,8,8
90163B,WHITE ROSEBUD & PEARL NECKLACE,UNMAPPED,13,98.45,9,9
90214U,"LETTER ""U"" BLING KEY RING",UNMAPPED,13,4.73,2,2
DCGS0003,BOXED GLASS ASHTRAY,UNMAPPED,13,32.59,13,13
GIFT_0001_60,UNKNOWN,UNMAPPED,13,0.00,2,2
GIFT_0001_70,UNKNOWN,UNMAPPED,13,59.57,3,3
GIFT_0001_80,UNKNOWN,UNMAPPED,13,69.56,3,2
20877,MODERN CHRISTMAS BAUBLE CANDLE,UNMAPPED,12,5.04,5,5
20939,ORANGE CANDLE,UNMAPPED,12,10.20,1,1
22016,Dotcomgiftshop Gift Voucher £100.00,UNMAPPED,12,83.33,3,3
23449,SET OF 6 EASTER RAINBOW CHICKS,UNMAPPED,12,15.00,1,1
35654,VINTAGE BEAD FILLED PINK CUSHION,UNMAPPED,12,59.40,5,5
47552A,DOTS IRONING BOARD COVER,UNMAPPED,12,23.40,11,9
84030B,UNKNOWN,UNMAPPED,12,27.21,8,7
84964A,UNKNOWN,UNMAPPED,12,630.00,3,2
85083,UNKNOWN,UNMAPPED,12,12.75,3,3
90076,MONTANA DIAMOND CLUSTER EARRINGS,UNMAPPED,12,33.00,7,7
90179A,AMBER FINE BEAD NECKLACE W TASSEL,UNMAPPED,12,71.00,9,9
GIFT_0001_90,UNKNOWN,UNMAPPED,12,0.00,2,2
16245A,PINK MINI STATIONERY SET W CASE,UNMAPPED,11,13.75,7,6
20673,UNKNOWN,UNMAPPED,11,6.25,3,3
20820,SILVER LOOKING MIRROR,UNMAPPED,11,54.45,8,8
23613,SET 10 XMAS CARDS & BADGES 17070,UNMAPPED,11,27.39,6,5
23637,SET 10 CARDS OUT OF ORDER 17216,UNMAPPED,11,27.39,9,9
37477B,"FLOWER FAIRY MUG+COASTER,LAVENDER",UNMAPPED,11,41.25,9,8
44265,UNKNOWN,UNMAPPED,11,34.00,5,5
62097B,BLUE STRIPES SHOULDER BAG,UNMAPPED,11,13.37,4,4
79151B,"SILICON CUBE 25W, BLUE",UNMAPPED,11,4.62,2,2
84247B,UNKNOWN,UNMAPPED,11,0.00,1,1
84311,CAMOFLAGE CUSHION COVER,UNMAPPED,11,18.15,1,1
84617,NEW BAROQUE BLACK BOXES,UNMAPPED,11,140.25,7,7
84757,ENCHANTED GARDEN WROUGHT IRON TABLE,UNMAPPED,11,74.75,6,6
84986A,UNKNOWN,UNMAPPED,11,0.00,1,1
90001A,ANTIQUE RASPBERRY FLOWER EARRINGS,UNMAPPED,11,46.60,10,10
90001C,ANTIQUE OPAL WHITE FLOWER EARRINGS,UNMAPPED,11,46.70,10,10
90024C,NEW BAROQUE B'FLY NECKLACE GREEN,UNMAPPED,11,93.48,10,10
90026A,GLASS BEAD HOOP NECKLACE BLACK,UNMAPPED,11,93.47,9,9
90069,RUBY GLASS CLUSTER NECKLACE,UNMAPPED,11,82.50,5,5
90135A,ORANGE/FUSCHIA STONES NECKLACE,UNMAPPED,11,54.62,4,4
90142D,MOP PENDANT SHELL NECKLACE,UNMAPPED,11,54.59,5,5
90176D,DIAMANTE NECKLACE PURPLE,UNMAPPED,11,82.81,7,7
90179B,PURPLE FINE BEAD NECKLACE W TASSEL,UNMAPPED,11,65.31,9,9
90189A,SILVER 2 STRAND NECKLACE-LEAF CHARM,UNMAPPED,11,82.64,8,8
20905,VINTAGE KEEPSAKE BOX BEAUTY GIRL,UNMAPPED,10,63.50,4,4
21595,UNKNOWN,UNMAPPED,10,76.95,10,10
21596,Hypochondriac Pill Stress Ball,UNMAPPED,10,42.64,9,6
22003,UNKNOWN,UNMAPPED,10,0.00,1,1
23620,SET 10 CARDS PERFECT POST 17090,UNMAPPED,10,24.90,7,7
35233,PASTA ENAMEL/BRASS CONTAINER,UNMAPPED,10,37.50,8,8
35597A,DUSTY PINK CHRISTMAS TREE 30CM,UNMAPPED,10,12.50,4,4
35918B,BLUE FLORIBUNDA EGG WARMER,UNMAPPED,10,12.50,5,4
37112,YELLOW BIRDS FELT DES FOODCOVER,UNMAPPED,10,37.50,6,4
40046C,UNKNOWN,UNMAPPED,10,3.75,4,4
51012L,"FEATHER DUSTER, LIGHT PINK",UNMAPPED,10,12.50,6,5
72785B,UNKNOWN,UNMAPPED,10,10.90,4,4
72805,VANILLA CANDLE IN EMBOSSED ZINC POT,UNMAPPED,10,16.90,3,3
84201C,HAPPY BIRTHDAY CARD TEDDY/CAKE,UNMAPPED,10,1.90,3,3
84206C,CHAMPAGNE TRAY BLANK CARD,UNMAPPED,10,1.90,4,4
84247J,PACK/12 RUSSIAN DOLL CARDS,UNMAPPED,10,12.78,9,8
84562B,BLUE/WHITE RIBBED MELAMINE JUG,UNMAPPED,10,106.59,7,6
84782B,BLACK 3 TIER GLASS PLATE STAND,UNMAPPED,10,127.50,6,6
84940,UNKNOWN,UNMAPPED,10,0.00,1,1
90026D,GLASS BEAD HOOP NECKLACE AMETHYST,UNMAPPED,10,85.00,8,8
90039A,FIRE POLISHED GLASS BRACELET RED,UNMAPPED,10,37.61,5,5
90043,COPPER AND BRASS BAG CHARM,UNMAPPED,10,54.51,6,6
90050,CRACKED GLAZE NECKLACE IVORY,UNMAPPED,10,70.16,6,6
90053,CRACKED GLAZE EARRINGS IVORY,UNMAPPED,10,25.23,10,10
90055,CRACKED GLAZE EARRINGS BROWN,UNMAPPED,10,25.28,10,10
90075,MONTANA DIAMOND CLUSTER NECKLACE,UNMAPPED,10,92.18,8,8
90131,PINK/AMETHYST/GOLD NECKLACE,UNMAPPED,10,69.62,5,5
90141E,ORANGE PENDANT TRIPLE SHELL NECKLAC,UNMAPPED,10,50.06,5,5
90176A,CLASSIC DIAMANTE NECKLACE JET,UNMAPPED,10,75.88,7,7
90176C,DIAMANTE NECKLACE,UNMAPPED,10,77.00,6,6
90197D,UNKNOWN,UNMAPPED,10,44.55,5,5
23625,SET 6 CARDS SPARKLY REINDEER 17262,UNMAPPED,9,44.91,4,4
23636,SET 10 CARDS WISHING TREE 17116,UNMAPPED,9,26.19,7,6
23640,SET 10 CARDS SCOTTIE DOG 17211,UNMAPPED,9,22.41,8,8
23645,SET 10 CHRISTMAS CARDS HOHOHO 16956,UNMAPPED,9,22.41,4,4
35980A,UNKNOWN,UNMAPPED,9,0.00,1,1
79053A,UNKNOWN,UNMAPPED,9,0.00,1,1
84206B,CAT WITH SUNGLASSES BLANK CARD,UNMAPPED,9,1.71,2,2
84567,FROSTED GLASS WITH SILVER SURROUND,UNMAPPED,9,14.85,1,1
84765,SILVER ROCOCO CANDELABRA,UNMAPPED,9,140.23,6,6
84967C,GREEN KASHMIRI OCCASIONAL TABLE,UNMAPPED,9,419.85,4,4
90027A,GLASS BEAD HOOP EARRINGS BLACK,UNMAPPED,9,26.52,6,6
90078,PINK/WHITE GLASS DEMI CHOKER,UNMAPPED,9,67.64,5,5
90111,UNKNOWN,UNMAPPED,9,7.35,8,7
90135,ORANGE/WHT/FUSCHIA STONES NECKLACE,UNMAPPED,9,44.75,3,3
90140,PINK SWEETIE NECKLACE,UNMAPPED,9,67.90,7,7
90182A,AMBER 3 BEAD DROP EARRINGS,UNMAPPED,9,26.16,9,8
16215,FUNKY GIRLZ MAGNETIC TO DO LIST,UNMAPPED,8,5.20,3,1
21347,GOTHIC CARRIAGE LANTERN,UNMAPPED,8,47.60,4,4
23601,SET 10 CARDS SNOWY SNOWDROPS 17100,UNMAPPED,8,19.92,4,4
23607,SET 10 CARDS HATS & STOCKINGS 17081,UNMAPPED,8,13.28,7,7
23616,SET 10 CARDS JINGLE BELLS 17217,UNMAPPED,8,19.92,7,7
23623,SET 10 CARD CHRISTMAS WELCOME 17112,UNMAPPED,8,23.28,6,6
23646,SET 10 CARDS JINGLE BELLS 16957,UNMAPPED,8,19.92,5,5
47556,UNKNOWN,UNMAPPED,8,2.55,2,2
47563B,WAVELINE SURF IRONING BOARD COVER,UNMAPPED,8,30.00,6,6
72655C,UNKNOWN,UNMAPPED,8,0.00,1,1
84705F,RED PEONY PHOTO FRAME,UNMAPPED,8,37.20,5,5
90011E,AMBER CRYSTAL DROP EARRINGS,UNMAPPED,8,23.61,8,8
90024F,NEW BAROQUE B'FLY NECKLACE CRYSTAL,UNMAPPED,8,67.61,6,6
90025F,BAROQUE BUTTERFLY EARRINGS CRYSTAL,UNMAPPED,8,30.23,8,8
90026B,GLASS BEAD HOOP NECKLACE MONTANA,UNMAPPED,8,67.82,7,7
90026C,GLASS BEAD HOOP NECKLACE GREEN,UNMAPPED,8,67.82,6,6
90060C,UNKNOWN,UNMAPPED,8,41.65,4,4
90091,CRYSTAL DRAGONFLY PHONE CHARM,UNMAPPED,8,2.55,5,5
90095,NECKLACE+BRACELET SET PINK BLOSSOM,UNMAPPED,8,22.91,3,3
90187A,BLUE DROP EARRINGS W BEAD CLUSTER,UNMAPPED,8,27.04,7,7
20791,UNKNOWN,UNMAPPED,7,63.75,2,2
23627,SET 10 CARDS XMAS GRAPHIC 17218,UNMAPPED,7,17.43,2,2
35598C,WHITE CHRISTMAS TREE 60CM,UNMAPPED,7,8.85,5,5
35977B,UNKNOWN,UNMAPPED,7,0.00,1,1
37409,ASSORTED DESIGN FLOWER MUGS,UNMAPPED,7,5.95,3,3
62097A,PINK STRIPES SHOULDER BAG,UNMAPPED,7,8.85,4,4
82072,WHITE WOOD SINGLE P/FRAME,UNMAPPED,7,6.25,5,4
84864A,PINK PAISLEY PHOTO ALBUM,UNMAPPED,7,67.71,4,4
84876C,SILVER HEART COMPACT MIRROR,UNMAPPED,7,26.25,4,3
90025E,BAROQUE BUTTERFLY EARRINGS MONTANA,UNMAPPED,7,26.50,7,7
90041,PEARL AND CHERRY QUARTZ BRACLET,UNMAPPED,7,25.67,6,6
90052,CRACKED GLAZE NECKLACE BROWN,UNMAPPED,7,49.58,5,5
90074,BLACK DIAMOND CLUSTER NECKLACE,UNMAPPED,7,64.09,6,6
90082C,UNKNOWN,UNMAPPED,7,19.93,5,5
90132,LIGHT TOPAZ TEAL/AQUA COL NECKLACE,UNMAPPED,7,35.63,7,7
90141D,ROSE PENDANT TRIPLE SHELL NECKLACE,UNMAPPED,7,36.33,5,5
90152A,SILVER/NAT SHELL NECKLACE W PENDANT,UNMAPPED,7,40.34,7,7
90152C,BLUE/NAT SHELL NECKLACE W PENDANT,UNMAPPED,7,41.65,4,4
17028J,INCENSE BAZAAR PEACH,UNMAPPED,6,2.52,1,1
20680,PINK FLOWERS CHILDS UMBRELLA,UNMAPPED,6,19.50,5,4
20942,SET/6 GINGERBREAD TREE T-LIGHTS,UNMAPPED,6,7.50,4,3
21310,CAPIZ CHANDELIER,UNMAPPED,6,179.70,4,4
21852,UNKNOWN,UNMAPPED,6,13.90,3,3
21919,Electronic Talking Breath-A-Loser,UNMAPPED,6,30.47,5,5
23621,SET 10 CARDS DAVID'S MADONNA 17074,UNMAPPED,6,14.94,4,4
35975B,UNKNOWN,UNMAPPED,6,0.00,1,1
37432,MUG PINK AND PURPLE ARABIC DESIGN,UNMAPPED,6,3.90,1,1
46037A,PINK CANVAS DES CUSHION COVER,UNMAPPED,6,7.50,2,2
71101A,ANGEL ON KNEES METAL POLE 100CM H,UNMAPPED,6,5.10,1,1
78027,SEAGRASS S/2 CORNER LAUNDRY,UNMAPPED,6,100.15,5,5
79065A,UNKNOWN,UNMAPPED,6,39.80,2,2
84608,ORNATE EDWARDIAN CANDLE HOLDER,UNMAPPED,6,47.70,4,4
85070,ANT WHITE SWEETHEART TABLE W 3 DRAW,UNMAPPED,6,320.00,4,4
85115B,S/4 BLACK DISCO PARTITION PANEL,UNMAPPED,6,37.62,2,2
90020,FILIGREE DIAMANTE CHAIN,UNMAPPED,6,76.23,4,4
90060B,FIRE POLISHED GLASS NECKL GOLD,UNMAPPED,6,35.70,4,4
90152B,BLUE/GREEN SHELL NECKLACE W PENDANT,UNMAPPED,6,35.26,5,5
90182B,AMETHYST 3 BEAD DROP EARRINGS,UNMAPPED,6,17.53,6,6
20812,EMBOSSED FLOWER TRELLIS PHOTO FRAME,UNMAPPED,5,12.75,3,3
20959,UNKNOWN,UNMAPPED,5,0.00,1,1
21594,Dr. Jam's Arouzer Stress Ball,UNMAPPED,5,21.06,5,5
23595,adjustment,UNMAPPED,5,0.00,1,1
23612,SET 10 MINICARDS CUTE SNOWMAN 17071,UNMAPPED,5,8.30,2,2
23634,SET 10 CARDS XMAS CHOIR 17068,UNMAPPED,5,14.55,5,5
23644,SET 10 CARDS CHRISTMAS TREE 16955,UNMAPPED,5,16.65,5,5
23654,SET 10 CARD SNOWMAN 16965,UNMAPPED,5,12.45,4,4
35001P,UNKNOWN,UNMAPPED,5,6.98,3,3
35995,SET/6 BLACK GLITTER REINDEER CANDLE,UNMAPPED,5,3.78,5,5
37408,ASSORTED DESIGN GEISHA GIRL MUGS,UNMAPPED,5,6.25,1,1
37451,UNKNOWN,UNMAPPED,5,4.95,3,3
46775B,BERRIES CHUNKY KNITTED THROW,UNMAPPED,5,84.75,4,4
47504J,ENGLISH ROSE SET/3 GARDEN TOOLS,UNMAPPED,5,67.25,4,3
78056,UNKNOWN,UNMAPPED,5,29.85,3,3
79157B,UBO-LIGHT TRIOBASE BLUE,UNMAPPED,5,4.25,3,3
79157V,UBO-LIGHT TRIOBASE PURPLE,UNMAPPED,5,4.25,3,3
84868B,BLUE BABY BOY'S MEMORY BOX,UNMAPPED,5,34.75,4,4
85025A,UNKNOWN,UNMAPPED,5,0.00,1,1
85231D,UNKNOWN,UNMAPPED,5,0.00,1,1
90011D,PURPLE CRYSTAL DROP EARRINGS,UNMAPPED,5,14.75,5,5
90021,LASER CUT MULTI STRAND NECKLACE,UNMAPPED,5,59.75,4,4
90024A,NEW BAROQUE B'FLY NECKLACE BLACK,UNMAPPED,5,42.50,4,4
90025D,BAROQUE BUTTERFLY EARRINGS PINK,UNMAPPED,5,18.69,5,5
90034,WHITE SILVER NECKLACE SHELL GLASS,UNMAPPED,5,50.48,5,5
90066A,PINK VINTAGE VICTORIAN CHOKER,UNMAPPED,5,33.75,2,2
90077,BLACK DIAMOND CLUSTER EARRINGS,UNMAPPED,5,14.40,5,5
90142A,GREEN PENDANT SHELL NECKLACE,UNMAPPED,5,25.45,4,4
90176B,DIAMANTE NECKLACE BLACK,UNMAPPED,5,37.62,4,4
90181C,BLACK GLASS/SHELL/PEARL NECKLACE,UNMAPPED,5,46.93,5,5
DCGS0069,OOH LA LA DOGS COLLAR,UNMAPPED,5,80.31,5,5
SP1002,KID'S CHALKBOARD/EASEL,UNMAPPED,5,14.75,2,1
10002R,ROBOT PENCIL SHARPNER,UNMAPPED,4,20.57,3,3
10109,BENDY COLOUR PENCILS,UNMAPPED,4,1.68,1,1
20678,LARGE BLACK DIAMANTE HAIRSLIDE,UNMAPPED,4,6.60,1,1
20858,SILVER PURSE GOLD PINK BUTTERFLY,UNMAPPED,4,6.60,1,1
21081,SET/20 POSIES PAPER NAPKINS,UNMAPPED,4,3.40,4,4
21362,UNKNOWN,UNMAPPED,4,0.00,1,1
21492,UNKNOWN,UNMAPPED,4,0.00,1,1
23604,SET 10 MINI SANTA & SNOWMAN 17087,UNMAPPED,4,6.64,2,2
23605,SET 10 CARDS 12 DAYS OF XMAS 17059,UNMAPPED,4,11.64,1,1
23608,SET 10 CARDS RUDOLPHS NOSE 17097,UNMAPPED,4,11.64,3,3
23615,SET 10 CARDS PRINTED GRAPHIC 17219,UNMAPPED,4,9.96,4,4
23619,SET 10 CARDS POINSETTIA 17093,UNMAPPED,4,9.96,2,2
23624,SET 10 CARD PERFECT NATIVITY 17089,UNMAPPED,4,9.96,4,4
23639,SET 10 CARDS MAGICAL TREE 17086,UNMAPPED,4,13.32,4,4
23650,SET 10 CARDS FILIGREE BAUBLE 16961,UNMAPPED,4,9.96,4,4
35592T,UNKNOWN,UNMAPPED,4,0.00,1,1
35821P,UNKNOWN,UNMAPPED,4,5.90,3,3
35980B,RED TOP SCANDINAVIAN HEART,UNMAPPED,4,1.52,2,2
35994,UNKNOWN,UNMAPPED,4,0.00,1,1
37326,UNKNOWN,UNMAPPED,4,4.61,3,3
47340B,UNKNOWN,UNMAPPED,4,0.00,1,1
71409B,UNKNOWN,UNMAPPED,4,0.00,1,1
84255A,UNKNOWN,UNMAPPED,4,4.20,4,4
84558B,UNKNOWN,UNMAPPED,4,0.00,1,1
84570B,WHITE SATIN DRESS JEWEL STAND,UNMAPPED,4,19.80,2,2
85185E,DUCK SOCK PUPPET,UNMAPPED,4,11.80,2,2
90136,PALE PINK/AMETHYST STONE NECKLACE,UNMAPPED,4,40.47,3,3
90176E,DIAMANTE NECKLACE GREEN,UNMAPPED,4,29.98,3,3
DCGS0004,HAYNES CAMPER SHOULDER BAG,UNMAPPED,4,67.94,4,4
DCGS0066N,UNKNOWN,UNMAPPED,4,17.30,4,1
DCGS0072,CAT CAMOUFLAGUE COLLAR,UNMAPPED,4,20.68,3,3
16192,PINK BALLET OPENING CUBE BOX,UNMAPPED,3,12.90,1,1
18098B,BLUE PORCELAIN B'FLY OIL BURNER,UNMAPPED,3,8.85,3,3
20881,MODERN CHRISTMAS TREE CANDLE,UNMAPPED,3,2.55,2,2
20882,MODERN CHRISTMAS TREE CANDLE,UNMAPPED,3,8.85,2,2
20954,*USB Office Mirror Ball,UNMAPPED,3,25.59,3,2
20995,UNKNOWN,UNMAPPED,3,0.00,1,1
21119,Glow In The Dark Shot Glasses,UNMAPPED,3,41.01,3,3
21685,MEDINA STAMPED METAL TRAY,UNMAPPED,3,44.85,2,2
21767,UNKNOWN,UNMAPPED,3,29.95,3,3
21853,GUMBALL CUSTOM CARS TOP TRUMPS GAME,UNMAPPED,3,15.40,3,3
23610,SET 10 CARDS CHRISTMAS ROBIN 17095,UNMAPPED,3,6.24,3,3
23633,SET 10 CARDS WORLD CHILDREN 17067,UNMAPPED,3,7.47,3,3
23635,SET 10 CARDS CHRISTMAS HOLLY 17259,UNMAPPED,3,12.48,3,3
35650,VINTAGE BEAD PINK JEWEL STAND,UNMAPPED,3,14.85,3,3
47009,UNKNOWN,UNMAPPED,3,0.00,1,1
72752B,"F.FAIRY,CANDLE IN GLASS,LAVENDER",UNMAPPED,3,12.75,2,2
79303A,UNKNOWN,UNMAPPED,3,5.90,2,2
79340W,UNKNOWN,UNMAPPED,3,0.00,1,1
82011E,"BATHROOM SCALES, FAG BREAK",UNMAPPED,3,7.50,3,2
84366,VENDETTA CANVAS PICTURE,UNMAPPED,3,11.25,3,3
84614C,BLUE BAROQUE FLOCK CANDLE HOLDER,UNMAPPED,3,17.85,1,1
84731,3 BIRDS CANVAS SCREEN,UNMAPPED,3,3.69,3,3
84942,KASHMIR FOLKART HEART DISHES,UNMAPPED,3,5.07,3,3
84962,SET/3 COLOUR PAINTED KASHMIRI STOOL,UNMAPPED,3,179.85,2,2
84967A,PINK KASHMIRI OCCASIONAL TABLE,UNMAPPED,3,174.90,3,3
85069,CREAM SWEETHEART DOUBLE SHELF,UNMAPPED,3,50.85,1,1
85192S,HANGING SPRING FLOWER HEART SMALL,UNMAPPED,3,1.95,2,2
85232C,UNKNOWN,UNMAPPED,3,4.95,3,3
90000C,UNKNOWN,UNMAPPED,3,12.32,3,3
90004A,UNKNOWN,UNMAPPED,3,3.75,2,2
90025B,BAROQUE BUTTERFLY EARRINGS RED,UNMAPPED,3,11.29,3,3
90126B,BLUE BERTIE MOBILE PHONE CHARM,UNMAPPED,3,8.48,3,3
90189B,GOLD 2 STRAND NECKLACE-LEAF CHARMS,UNMAPPED,3,22.50,2,2
ADJUST2,Adjustment by Peter on Jun 25 2010,UNMAPPED,3,731.05,3,1
AMAZONFEE,AMAZON FEE,UNMAPPED,3,20467.80,3,3
S,SAMPLES,UNMAPPED,3,136.85,3,3
18098A,PINK PORCELAIN B'FLY OIL BURNER,UNMAPPED,2,5.90,2,2
20683,UNKNOWN,UNMAPPED,2,3.25,2,2
20721,UNKNOWN,UNMAPPED,2,0.85,2,2
20737,UNKNOWN,UNMAPPED,2,1.70,2,2
20822,SILVER WINE GOBLET,UNMAPPED,2,9.30,1,1
20911,UNKNOWN,UNMAPPED,2,0.00,1,1
21029,UNKNOWN,UNMAPPED,2,0.00,1,1
21225,POCKET MIRROR BUTTERFLY,UNMAPPED,2,2.50,2,2
21290,LARGE SPOTTY CHOCOLATE GIFT BAG,UNMAPPED,2,2.50,1,1
21409,UNKNOWN,UNMAPPED,2,4.25,2,2
21487,UNKNOWN,UNMAPPED,2,0.00,1,1
21525,BEWARE OF THE CAT DOORMAT,UNMAPPED,2,13.50,2,1
21585,UNKNOWN,UNMAPPED,2,1.65,2,2
21857,STAR WARS TOP TRUMPS GAME,UNMAPPED,2,10.23,2,2
21858,HIGH SCHOOL MUSICAL 3 TOP TRUMPS,UNMAPPED,2,10.23,2,2
23617,SET 10 CARDS SWIRLY XMAS TREE 17104,UNMAPPED,2,5.82,1,1
23630,SET 10 CARDS HANGING BAUBLES 17080,UNMAPPED,2,5.48,2,2
23638,SET 10 CARDS ROBIN WATERPUMP 17096,UNMAPPED,2,5.82,2,2
23649,SET 10 CARDS DECK THE HALLS 16960,UNMAPPED,2,4.98,2,2
23652,SET 10 CARD CHRISTMAS STAMPS 16963,UNMAPPED,2,5.82,1,1
35823P,"ACRYLIC BEAD GARLAND,PINK",UNMAPPED,2,5.90,2,2
35837,SET OF SIX SILVER+RED FLOCK BAUBLES,UNMAPPED,2,1.70,1,1
35945,UNKNOWN,UNMAPPED,2,1.95,2,2
35990,UNKNOWN,UNMAPPED,2,0.00,1,1
37484,UNKNOWN,UNMAPPED,2,6.75,2,2
47347A,UNKNOWN,UNMAPPED,2,0.00,1,1
71434B,"BLACK RND BULLET""KEEP CLEAN"" BIN",UNMAPPED,2,5.10,2,2
72084B,CHOCOLATE ICE CREAM CANDLE,UNMAPPED,2,3.90,1,1
72483,UNKNOWN,UNMAPPED,2,0.00,1,1
84205C,HAPPY BIRTHDAY GINGER CAT CARD,UNMAPPED,2,0.38,1,1
84630,FLOWERS AND BIRDS WALL PLAQUE,UNMAPPED,2,15.90,1,1
84671A,UNKNOWN,UNMAPPED,2,0.00,1,1
84814A,UNKNOWN,UNMAPPED,2,1.95,2,2
84867B,BLUE BABY BOY'S PHOTO ALBUM,UNMAPPED,2,27.14,1,1
84868A,PINK BABY GIRL'S MEMORY BOX,UNMAPPED,2,13.90,2,2
84927C,UNKNOWN,UNMAPPED,2,0.00,1,1
85043,UNKNOWN,UNMAPPED,2,4.95,2,2
90013E,AMBER VINTAGE EARRINGS,UNMAPPED,2,8.57,2,2
90025A,BAROQUE BUTTERFLY EARRINGS BLACK,UNMAPPED,2,7.50,2,2
90068,"RUBY GLASS NECKLACE 42""",UNMAPPED,2,15.00,2,2
90127B,BLUE BEADS+HAND PHONE CHARM,UNMAPPED,2,2.50,2,2
DCGS0068,DOGS NIGHT COLLAR,UNMAPPED,2,17.12,2,2
DCGS0070,CAMOUFLAGE DOG COLLAR,UNMAPPED,2,25.44,2,2
TEST002,UNKNOWN,UNMAPPED,2,1.00,2,2
16195,UNKNOWN,UNMAPPED,1,0.00,1,1
20739,*USB Office Glitter Lamp,UNMAPPED,1,8.65,1,1
20743,UNKNOWN,UNMAPPED,1,0.00,1,1
20885,BOX OF 3 PEBBLE CANDLES,UNMAPPED,1,2.95,1,1
21008,ETCHED GLASS HEART TREE DECORATION,UNMAPPED,1,2.51,1,1
21036,SET/2 TEA TOWELS MODERN VINTAGE,UNMAPPED,1,2.55,1,1
21120,*Boombox Ipod Classic,UNMAPPED,1,16.98,1,1
21148,UNKNOWN,UNMAPPED,1,0.00,1,1
21406,SPOTTY CAT DOORSTOP,UNMAPPED,1,8.65,1,1
21475,SWEETHEART CREAM STEEL FOLDIN CHAIR,UNMAPPED,1,14.95,1,1
21505,UNKNOWN,UNMAPPED,1,0.00,1,1
21772,VINTAGE METAL CAKE STAND CREAM,UNMAPPED,1,12.75,1,1
21838,DADDY MOUSE RED GINGHAM BOW TIE,UNMAPPED,1,5.45,1,1
21854,EURO FOOTBALL STARS TOP TRUMPS GAME,UNMAPPED,1,5.17,1,1
21859,UNKNOWN,UNMAPPED,1,0.00,1,1
21860,DR WHO TOP TRUMPS GAME,UNMAPPED,1,5.17,1,1
22213,UNKNOWN,UNMAPPED,1,0.00,1,1
23602,SET 10 CARDS 3 WISE MEN 17107,UNMAPPED,1,2.91,1,1
23609,SET 10 CARDS SNOWY ROBIN 17099,UNMAPPED,1,2.91,1,1
23628,SET 10 CARDS TRIANGLE ICONS 17220,UNMAPPED,1,2.91,1,1
23643,SET 10 CARDS CHRISTMAS BAUBLE 16954,UNMAPPED,1,3.33,1,1
23664,FLOWER SHOP DESIGN MUG,UNMAPPED,1,1.65,1,1
30086C,ASSORTED FRUIT STRAWS,UNMAPPED,1,1.70,1,1
35600A,Found by jackie,UNMAPPED,1,0.00,1,1
35818C,"ACRYLIC JEWEL ICICLE, CLEAR",UNMAPPED,1,3.43,1,1
35930,PINK HEART CHRISTMAS DECORATION,UNMAPPED,1,0.38,1,1
35950,FOLKART HEART CHRISTMAS DECORATIONS,UNMAPPED,1,1.25,1,1
35974,S/6 CHRISTMAS TREE PLACE SETTING,UNMAPPED,1,3.75,1,1
35976B,WHITE SCANDINAVIAN HEART CHRISTMAS,UNMAPPED,1,1.25,1,1
37438,FUNKY FLOWER COFFEE POT,UNMAPPED,1,3.75,1,1
45014,FOLDING SHIRT TIDY,UNMAPPED,1,4.65,1,1
46138D,GREEN CHENILLE SHAGGY C/COVER,UNMAPPED,1,1.95,1,1
47554,S/3 COLOURS FLOCK TEA TOWELS,UNMAPPED,1,2.55,1,1
47567,UNKNOWN,UNMAPPED,1,0.00,1,1
47569,ENGLISH ROSE DESIGN SHOPPING BAG,UNMAPPED,1,2.55,1,1
48172,UNKNOWN,UNMAPPED,1,0.00,1,1
48173A,DOOR MAT BLUE FLOCK,UNMAPPED,1,6.75,1,1
71028A,UNKNOWN,UNMAPPED,1,0.00,1,1
72740B,LARGE WHITE CHOCOLATE CANDLE,UNMAPPED,1,5.06,1,1
72751A,"F.FAIRY S/3 SML CANDLE,LILY/VALLEY",UNMAPPED,1,5.95,1,1
72751B,"F.FAIRY S/3 SML CANDLE, LAVENDER",UNMAPPED,1,5.95,1,1
72751C,"F.FAIRY S/3 SML CANDLE, ROSE",UNMAPPED,1,5.95,1,1
72752A,"F.FAIRY,CANDLE IN GLASS,LILY/VALLEY",UNMAPPED,1,4.25,1,1
72754D,F FAIRY POTPOURRI CUSHIONS SUMMER,UNMAPPED,1,1.69,1,1
72778,UNKNOWN,UNMAPPED,1,0.00,1,1
72796C,S/3 ROSE GARDEN SCENT SQU CANDLE,UNMAPPED,1,1.65,1,1
79053B,UNKNOWN,UNMAPPED,1,0.00,1,1
79070B,ENGLISH ROSE SQUARE CAKE TINS,UNMAPPED,1,11.26,1,1
79165,UNKNOWN,UNMAPPED,1,0.00,1,1
79301,FEATHER HEART LIGHTS,UNMAPPED,1,2.95,1,1
79309A,UNKNOWN,UNMAPPED,1,0.00,1,1
84572,6 HOOK JEWEL STAND LILAC DRESS,UNMAPPED,1,8.49,1,1
84626,CANDY STRIPE ROSE QUILT,UNMAPPED,1,45.95,1,1
84648,NEW BAROQUE WALL MIRROR,UNMAPPED,1,12.75,1,1
84811A,UNKNOWN,UNMAPPED,1,0.00,1,1
84845A,HOLLYHOCK SQUARE HANDY TIN,UNMAPPED,1,1.25,1,1
84877C,UNKNOWN,UNMAPPED,1,0.00,1,1
84899A,UNKNOWN,UNMAPPED,1,0.00,1,1
84928,UNKNOWN,UNMAPPED,1,0.00,1,1
85024A,CRYSTAL SMALL JEWELLED PHOTOFRAME,UNMAPPED,1,1.65,1,1
85077,KISSING REINDEER TABLE RUNNER,UNMAPPED,1,5.95,1,1
85098A,UNKNOWN,UNMAPPED,1,0.00,1,1
85123B,ZINC HANGING HEART T-LITE HLDR,UNMAPPED,1,6.04,1,1
85157,SET OF 2 CHESTS CHOCOLAT AU LAIT,UNMAPPED,1,12.72,1,1
85171,S/2 HYACINTH BULB CANDLES,UNMAPPED,1,2.55,1,1
85184A,UNKNOWN,UNMAPPED,1,0.00,1,1
90121A,UNKNOWN,UNMAPPED,1,0.00,1,1
90142B,IVORY PENDANT SHELL NECKLACE,UNMAPPED,1,5.09,1,1
90142C,ROSE PINK PENDANT SHELL NECKLACE,UNMAPPED,1,5.09,1,1
B,Adjust bad debt,UNMAPPED,1,11062.06,1,1
DCGS0037,KEY-RING CORKSCREW,UNMAPPED,1,12.72,1,1
DCGS0041,HAYNES MINI-COOPER PLAYING CARDS,UNMAPPED,1,5.06,1,1
DCGS0044,HANDZ-OFF CAR FRESHENER,UNMAPPED,1,2.57,1,1
DCGS0062,ROAD-RAGE CAR FRESHENER,UNMAPPED,1,2.51,1,1
DCGS0075,CAMOUFLAGUE DOG LEAD,UNMAPPED,1,12.72,1,1
