snapshot_date,sku_id,description,category,location_count,on_hand_quantity,on_order_quantity,reserved_quantity,available_supply_quantity,inventory_value,avg_daily_forecast_units,lead_time_days,reorder_point_units,days_of_supply,potential_stockout,excess_inventory,slow_moving,risk_level,risk_reason
,10002,INFLATABLE POLITICAL GLOBE,UNMAPPED,,,,,,,0.0875,,,,,,,data_unavailable,inventory_snapshot_missing_or_empty
,10120,DOGGY RUBBER,UNMAPPED,,,,,,,0.3078,,,,,,,data_unavailable,inventory_snapshot_missing_or_empty
,10123C,HEARTS WRAPPING TAPE,UNMAPPED,,,,,,,0.0875,,,,,,,data_unavailable,inventory_snapshot_missing_or_empty
,10125,MINI FUNKY DESIGN TAPES,UNMAPPED,,,,,,,0.2201,,,,,,,data_unavailable,inventory_snapshot_missing_or_empty
,10133,COLOURING PENCILS BROWN TUBE,UNMAPPED,,,,,,,0.0875,,,,,,,data_unavailable,inventory_snapshot_missing_or_empty
,10134,COLOURING PENCILS BROWN TUBE,UNMAPPED,,,,,,,0.0875,,,,,,,data_unavailable,inventory_snapshot_missing_or_empty
,10135,COLOURING PENCILS BROWN TUBE,UNMAPPED,,,,,,,2.3478,,,,,,,data_unavailable,inventory_snapshot_missing_or_empty
,11001,ASSTD DESIGN RACING CAR PEN,UNMAPPED,,,,,,,1.4210,,,,,,,data_unavailable,inventory_snapshot_missing_or_empty
,15034,PAPER POCKET TRAVELING FAN,UNMAPPED,,,,,,,1.9525,,,,,,,data_unavailable,inventory_snapshot_missing_or_empty
,15036,ASSORTED COLOURS SILK FAN,UNMAPPED,,,,,,,6.0740,,,,,,,data_unavailable,inventory_snapshot_missing_or_empty
,15039,SANDALWOOD FAN,UNMAPPED,,,,,,,1.8523,,,,,,,data_unavailable,inventory_snapshot_missing_or_empty
,15044A,PINK PAPER PARASOL,UNMAPPED,,,,,,,0.4542,,,,,,,data_unavailable,inventory_snapshot_missing_or_empty
,15044B,BLUE PAPER PARASOL,UNMAPPED,,,,,,,0.0875,,,,,,,data_unavailable,inventory_snapshot_missing_or_empty
,15044C,PURPLE PAPER PARASOL,UNMAPPED,,,,,,,0.2898,,,,,,,data_unavailable,inventory_snapshot_missing_or_empty
,15044D,RED PAPER PARASOL,UNMAPPED,,,,,,,0.4453,,,,,,,data_unavailable,inventory_snapshot_missing_or_empty
,15056BL,EDWARDIAN PARASOL BLACK,UNMAPPED,,,,,,,2.6168,,,,,,,data_unavailable,inventory_snapshot_missing_or_empty
,15056N,EDWARDIAN PARASOL NATURAL,UNMAPPED,,,,,,,2.1604,,,,,,,data_unavailable,inventory_snapshot_missing_or_empty
,15056P,EDWARDIAN PARASOL PINK,UNMAPPED,,,,,,,0.7842,,,,,,,data_unavailable,inventory_snapshot_missing_or_empty
,15058A,BLUE POLKADOT GARDEN PARASOL,UNMAPPED,,,,,,,0.1266,,,,,,,data_unavailable,inventory_snapshot_missing_or_empty
,15058B,PINK POLKADOT GARDEN PARASOL,UNMAPPED,,,,,,,0.0980,,,,,,,data_unavailable,inventory_snapshot_missing_or_empty
,15058C,ICE CREAM DESIGN GARDEN PARASOL,UNMAPPED,,,,,,,0.0959,,,,,,,data_unavailable,inventory_snapshot_missing_or_empty
,15060B,FAIRY CAKE DESIGN UMBRELLA,UNMAPPED,,,,,,,0.1806,,,,,,,data_unavailable,inventory_snapshot_missing_or_empty
,16008,SMALL FOLDING SCISSOR(POINTED EDGE),UNMAPPED,,,,,,,2.6107,,,,,,,data_unavailable,inventory_snapshot_missing_or_empty
,16011,ANIMAL STICKERS,UNMAPPED,,,,,,,1.9034,,,,,,,data_unavailable,inventory_snapshot_missing_or_empty
,16012,FOOD/DRINK SPONGE STICKERS,UNMAPPED,,,,,,,0.4323,,,,,,,data_unavailable,inventory_snapshot_missing_or_empty
,16014,SMALL CHINESE STYLE SCISSOR,UNMAPPED,,,,,,,1.2729,,,,,,,data_unavailable,inventory_snapshot_missing_or_empty
,16015,MEDIUM CHINESE STYLE SCISSOR,UNMAPPED,,,,,,,0.1848,,,,,,,data_unavailable,inventory_snapshot_missing_or_empty
,16016,LARGE CHINESE STYLE SCISSOR,UNMAPPED,,,,,,,0.9185,,,,,,,data_unavailable,inventory_snapshot_missing_or_empty
,16020C,CLEAR STATIONERY BOX SET,UNMAPPED,,,,,,,0.0875,,,,,,,data_unavailable,inventory_snapshot_missing_or_empty
,16033,UNKNOWN,UNMAPPED,,,,,,,0.0875,,,,,,,data_unavailable,inventory_snapshot_missing_or_empty
,16045,POPART WOODEN PENCILS ASST,UNMAPPED,,,,,,,2.6608,,,,,,,data_unavailable,inventory_snapshot_missing_or_empty
,16046,TEATIME PEN CASE & PENS,UNMAPPED,,,,,,,0.1162,,,,,,,data_unavailable,inventory_snapshot_missing_or_empty
,16048,TEATIME ROUND PENCIL SHARPENER,UNMAPPED,,,,,,,0.7280,,,,,,,data_unavailable,inventory_snapshot_missing_or_empty
,16052,TEATIME PUSH DOWN RUBBER,UNMAPPED,,,,,,,0.0875,,,,,,,data_unavailable,inventory_snapshot_missing_or_empty
,16156L,WRAP CAROUSEL,UNMAPPED,,,,,,,0.3586,,,,,,,data_unavailable,inventory_snapshot_missing_or_empty
,16156N,"WRAP, FRIENDSHIP ON GREEN",UNMAPPED,,,,,,,0.0875,,,,,,,data_unavailable,inventory_snapshot_missing_or_empty
,16156S,WRAP PINK FAIRY CAKES,UNMAPPED,,,,,,,3.6618,,,,,,,data_unavailable,inventory_snapshot_missing_or_empty
,16161G,WRAP BAD HAIR DAY,UNMAPPED,,,,,,,0.5170,,,,,,,data_unavailable,inventory_snapshot_missing_or_empty
,16161M,WRAP PINK FLOCK,UNMAPPED,,,,,,,0.0875,,,,,,,data_unavailable,inventory_snapshot_missing_or_empty
,16161P,WRAP ENGLISH ROSE,UNMAPPED,,,,,,,1.8422,,,,,,,data_unavailable,inventory_snapshot_missing_or_empty
,16161U,WRAP SUKI AND FRIENDS,UNMAPPED,,,,,,,1.8571,,,,,,,data_unavailable,inventory_snapshot_missing_or_empty
,16168M,FUNKY MONKEY GIFT BAG MEDIUM,UNMAPPED,,,,,,,0.2744,,,,,,,data_unavailable,inventory_snapshot_missing_or_empty
,16169C,WRAP BLUE REINDEER,UNMAPPED,,,,,,,0.0875,,,,,,,data_unavailable,inventory_snapshot_missing_or_empty
,16169E,WRAP 50'S CHRISTMAS,UNMAPPED,,,,,,,13.4381,,,,,,,data_unavailable,inventory_snapshot_missing_or_empty
,16169K,WRAP FOLK ART,UNMAPPED,,,,,,,0.0875,,,,,,,data_unavailable,inventory_snapshot_missing_or_empty
,16169M,WRAP DAISY CARPET,UNMAPPED,,,,,,,0.3069,,,,,,,data_unavailable,inventory_snapshot_missing_or_empty
,16169N,WRAP BLUE RUSSIAN FOLKART,UNMAPPED,,,,,,,0.0875,,,,,,,data_unavailable,inventory_snapshot_missing_or_empty
,16169P,WRAP GREEN RUSSIAN FOLKART,UNMAPPED,,,,,,,0.0875,,,,,,,data_unavailable,inventory_snapshot_missing_or_empty
,16207A,UNKNOWN,UNMAPPED,,,,,,,0.1013,,,,,,,data_unavailable,inventory_snapshot_missing_or_empty
,16207B,PINK HEART RED HANDBAG,UNMAPPED,,,,,,,0.0875,,,,,,,data_unavailable,inventory_snapshot_missing_or_empty
,16212,UNKNOWN,UNMAPPED,,,,,,,0.0875,,,,,,,data_unavailable,inventory_snapshot_missing_or_empty
,16216,LETTER SHAPE PENCIL SHARPENER,UNMAPPED,,,,,,,2.0521,,,,,,,data_unavailable,inventory_snapshot_missing_or_empty
,16218,CARTOON PENCIL SHARPENERS,UNMAPPED,,,,,,,1.5663,,,,,,,data_unavailable,inventory_snapshot_missing_or_empty
,16219,HOUSE SHAPE PENCIL SHARPENER,UNMAPPED,,,,,,,2.6609,,,,,,,data_unavailable,inventory_snapshot_missing_or_empty
,16225,RATTLE SNAKE EGGS,UNMAPPED,,,,,,,1.6361,,,,,,,data_unavailable,inventory_snapshot_missing_or_empty
,16235,RECYCLED PENCIL WITH RABBIT ERASER,UNMAPPED,,,,,,,2.6827,,,,,,,data_unavailable,inventory_snapshot_missing_or_empty
,16236,KITTY PENCIL ERASERS,UNMAPPED,,,,,,,1.6764,,,,,,,data_unavailable,inventory_snapshot_missing_or_empty
,16237,SLEEPING CAT ERASERS,UNMAPPED,,,,,,,8.5323,,,,,,,data_unavailable,inventory_snapshot_missing_or_empty
,16238,PARTY TIME PENCIL ERASERS,UNMAPPED,,,,,,,2.1381,,,,,,,data_unavailable,inventory_snapshot_missing_or_empty
,16256B,UNKNOWN,UNMAPPED,,,,,,,0.0875,,,,,,,data_unavailable,inventory_snapshot_missing_or_empty
,16258A,SWIRLY CIRCULAR RUBBERS IN BAG,UNMAPPED,,,,,,,0.8494,,,,,,,data_unavailable,inventory_snapshot_missing_or_empty
,16259,PIECE OF CAMO STATIONERY SET,UNMAPPED,,,,,,,0.1297,,,,,,,data_unavailable,inventory_snapshot_missing_or_empty
,17003,BROCADE RING PURSE,UNMAPPED,,,,,,,9.0603,,,,,,,data_unavailable,inventory_snapshot_missing_or_empty
,17012A,ORIGAMI VANILLA INCENSE/CANDLE SET,UNMAPPED,,,,,,,0.1640,,,,,,,data_unavailable,inventory_snapshot_missing_or_empty
,17012B,ORIGAMI JASMINE INCENSE/CANDLE SET,UNMAPPED,,,,,,,0.1305,,,,,,,data_unavailable,inventory_snapshot_missing_or_empty
,17012C,ORIGAMI LAVENDER INCENSE/CANDL SET,UNMAPPED,,,,,,,0.9274,,,,,,,data_unavailable,inventory_snapshot_missing_or_empty
,17012D,ORIGAMI ROSE INCENSE/CANDLE SET,UNMAPPED,,,,,,,2.4229,,,,,,,data_unavailable,inventory_snapshot_missing_or_empty
,17012F,ORIGAMI SANDLEWOOD INCENSE/CAND SET,UNMAPPED,,,,,,,2.0554,,,,,,,data_unavailable,inventory_snapshot_missing_or_empty
,17013D,ORIGAMI ROSE INCENSE IN TUBE,UNMAPPED,,,,,,,0.0875,,,,,,,data_unavailable,inventory_snapshot_missing_or_empty
,17021,NAMASTE SWAGAT INCENSE,UNMAPPED,,,,,,,0.3346,,,,,,,data_unavailable,inventory_snapshot_missing_or_empty
,17033,UNKNOWN,UNMAPPED,,,,,,,0.0875,,,,,,,data_unavailable,inventory_snapshot_missing_or_empty
,17038,PORCELAIN BUDAH INCENSE HOLDER,UNMAPPED,,,,,,,0.2469,,,,,,,data_unavailable,inventory_snapshot_missing_or_empty
,17039,INLAID WOOD INCENSE HOLDER,UNMAPPED,,,,,,,0.0875,,,,,,,data_unavailable,inventory_snapshot_missing_or_empty
,17084N,FAIRY DREAMS INCENSE,UNMAPPED,,,,,,,0.6596,,,,,,,data_unavailable,inventory_snapshot_missing_or_empty
,17084P,DRAGONS BLOOD INCENSE,UNMAPPED,,,,,,,0.2468,,,,,,,data_unavailable,inventory_snapshot_missing_or_empty
,17084R,ASSORTED INCENSE PACK,UNMAPPED,,,,,,,0.2372,,,,,,,data_unavailable,inventory_snapshot_missing_or_empty
,17091A,LAVENDER INCENSE IN TIN,UNMAPPED,,,,,,,0.0875,,,,,,,data_unavailable,inventory_snapshot_missing_or_empty
,17091B,JASMINE TEA INCENSE IN TIN,UNMAPPED,,,,,,,0.0875,,,,,,,data_unavailable,inventory_snapshot_missing_or_empty
,17091J,VANILLA INCENSE IN TIN,UNMAPPED,,,,,,,1.5927,,,,,,,data_unavailable,inventory_snapshot_missing_or_empty
,17096,ASSORTED LAQUERED INCENSE HOLDERS,UNMAPPED,,,,,,,0.0875,,,,,,,data_unavailable,inventory_snapshot_missing_or_empty
,17107D,FLOWER FAIRY 5 DRAWER LINERS,UNMAPPED,,,,,,,0.3161,,,,,,,data_unavailable,inventory_snapshot_missing_or_empty
,17109D,Adjustment,UNMAPPED,,,,,,,0.0875,,,,,,,data_unavailable,inventory_snapshot_missing_or_empty
,17129D,CLEAR COLOUR GLASS GEMS IN BAG,UNMAPPED,,,,,,,0.0875,,,,,,,data_unavailable,inventory_snapshot_missing_or_empty
,17129F,BLUE GLASS GEMS IN BAG,UNMAPPED,,,,,,,0.1074,,,,,,,data_unavailable,inventory_snapshot_missing_or_empty
,17136A,check,UNMAPPED,,,,,,,0.1434,,,,,,,data_unavailable,inventory_snapshot_missing_or_empty
,17164B,ASS COL SMALL SAND GECKO P'WEIGHT,UNMAPPED,,,,,,,0.0875,,,,,,,data_unavailable,inventory_snapshot_missing_or_empty
,17165B,UNKNOWN,UNMAPPED,,,,,,,0.0875,,,,,,,data_unavailable,inventory_snapshot_missing_or_empty
,17165D,UNKNOWN,UNMAPPED,,,,,,,0.0875,,,,,,,data_unavailable,inventory_snapshot_missing_or_empty
,17181,CIRCLE OF FRIENDS CANDLE HOLDER,UNMAPPED,,,,,,,0.0875,,,,,,,data_unavailable,inventory_snapshot_missing_or_empty
,18007,ESSENTIAL BALM 3.5g TIN IN ENVELOPE,UNMAPPED,,,,,,,0.0875,,,,,,,data_unavailable,inventory_snapshot_missing_or_empty
,18094C,WHITE AND BLUE CERAMIC OIL BURNER,UNMAPPED,,,,,,,0.0875,,,,,,,data_unavailable,inventory_snapshot_missing_or_empty
,18097C,WHITE TALL PORCELAIN T-LIGHT HOLDER,UNMAPPED,,,,,,,0.2248,,,,,,,data_unavailable,inventory_snapshot_missing_or_empty
,18098C,PORCELAIN BUTTERFLY OIL BURNER,UNMAPPED,,,,,,,0.0875,,,,,,,data_unavailable,inventory_snapshot_missing_or_empty
,20615,BLUE POLKADOT PASSPORT COVER,UNMAPPED,,,,,,,0.5068,,,,,,,data_unavailable,inventory_snapshot_missing_or_empty
,20616,CHERRY BLOSSOM PASSPORT COVER,UNMAPPED,,,,,,,0.3004,,,,,,,data_unavailable,inventory_snapshot_missing_or_empty
,20617,FIRST CLASS PASSPORT COVER,UNMAPPED,,,,,,,0.1726,,,,,,,data_unavailable,inventory_snapshot_missing_or_empty
,20618,QUEEN OF THE SKIES PASSPORT COVER,UNMAPPED,,,,,,,0.2141,,,,,,,data_unavailable,inventory_snapshot_missing_or_empty
,20619,TROPICAL PASSPORT COVER,UNMAPPED,,,,,,,0.2946,,,,,,,data_unavailable,inventory_snapshot_missing_or_empty
,20621,UNKNOWN,UNMAPPED,,,,,,,0.0875,,,,,,,data_unavailable,inventory_snapshot_missing_or_empty
,20622,VIP PASSPORT COVER,UNMAPPED,,,,,,,0.3280,,,,,,,data_unavailable,inventory_snapshot_missing_or_empty
,20652,BLUE POLKADOT LUGGAGE TAG,UNMAPPED,,,,,,,0.4257,,,,,,,data_unavailable,inventory_snapshot_missing_or_empty
,20653,CHERRY BLOSSOM LUGGAGE TAG,UNMAPPED,,,,,,,0.2414,,,,,,,data_unavailable,inventory_snapshot_missing_or_empty
,20654,FIRST CLASS LUGGAGE TAG,UNMAPPED,,,,,,,0.2437,,,,,,,data_unavailable,inventory_snapshot_missing_or_empty
,20655,QUEEN OF SKIES LUGGAGE TAG,UNMAPPED,,,,,,,0.3047,,,,,,,data_unavailable,inventory_snapshot_missing_or_empty
,20657,TROPICAL LUGGAGE TAG,UNMAPPED,,,,,,,0.1093,,,,,,,data_unavailable,inventory_snapshot_missing_or_empty
,20658,RED RETROSPOT LUGGAGE TAG,UNMAPPED,,,,,,,0.0875,,,,,,,data_unavailable,inventory_snapshot_missing_or_empty
,20659,ECONOMY LUGGAGE TAG,UNMAPPED,,,,,,,0.3629,,,,,,,data_unavailable,inventory_snapshot_missing_or_empty
,20661,BLUE POLKADOT PURSE,UNMAPPED,,,,,,,0.2181,,,,,,,data_unavailable,inventory_snapshot_missing_or_empty
,20662,FIRST CLASS HOLIDAY PURSE,UNMAPPED,,,,,,,0.0875,,,,,,,data_unavailable,inventory_snapshot_missing_or_empty
,20663,QUEEN OF THE SKIES HOLIDAY PURSE,UNMAPPED,,,,,,,0.0875,,,,,,,data_unavailable,inventory_snapshot_missing_or_empty
,20664,TROPICAL HOLIDAY PURSE,UNMAPPED,,,,,,,0.0875,,,,,,,data_unavailable,inventory_snapshot_missing_or_empty
,20665,RED RETROSPOT PURSE,UNMAPPED,,,,,,,0.2641,,,,,,,data_unavailable,inventory_snapshot_missing_or_empty
,20666,ECONOMY HOLIDAY PURSE,UNMAPPED,,,,,,,0.0875,,,,,,,data_unavailable,inventory_snapshot_missing_or_empty
,20668,DISCO BALL CHRISTMAS DECORATION,UNMAPPED,,,,,,,16.9828,,,,,,,data_unavailable,inventory_snapshot_missing_or_empty
,20669,RED HEART LUGGAGE TAG,UNMAPPED,,,,,,,0.5188,,,,,,,data_unavailable,inventory_snapshot_missing_or_empty
,20670,VIP HOLIDAY PURSE,UNMAPPED,,,,,,,0.1006,,,,,,,data_unavailable,inventory_snapshot_missing_or_empty
,20671,BLUE TEATIME PRINT BOWL,UNMAPPED,,,,,,,0.0875,,,,,,,data_unavailable,inventory_snapshot_missing_or_empty
,20672,UNKNOWN,UNMAPPED,,,,,,,0.0875,,,,,,,data_unavailable,inventory_snapshot_missing_or_empty
,20674,GREEN POLKADOT BOWL,UNMAPPED,,,,,,,1.6853,,,,,,,data_unavailable,inventory_snapshot_missing_or_empty
,20675,BLUE POLKADOT BOWL,UNMAPPED,,,,,,,1.9435,,,,,,,data_unavailable,inventory_snapshot_missing_or_empty
,20676,RED RETROSPOT BOWL,UNMAPPED,,,,,,,5.8043,,,,,,,data_unavailable,inventory_snapshot_missing_or_empty
,20677,PINK POLKADOT BOWL,UNMAPPED,,,,,,,3.6210,,,,,,,data_unavailable,inventory_snapshot_missing_or_empty
,20679,EDWARDIAN PARASOL RED,UNMAPPED,,,,,,,1.8695,,,,,,,data_unavailable,inventory_snapshot_missing_or_empty
,20681,PINK POLKADOT CHILDRENS UMBRELLA,UNMAPPED,,,,,,,0.0875,,,,,,,data_unavailable,inventory_snapshot_missing_or_empty
,20682,RED RETROSPOT CHILDRENS UMBRELLA,UNMAPPED,,,,,,,2.4573,,,,,,,data_unavailable,inventory_snapshot_missing_or_empty
,20684,UNKNOWN,UNMAPPED,,,,,,,0.0875,,,,,,,data_unavailable,inventory_snapshot_missing_or_empty
,20685,DOORMAT RED RETROSPOT,UNMAPPED,,,,,,,4.9893,,,,,,,data_unavailable,inventory_snapshot_missing_or_empty
,20686,DOLLY MIXTURE CHILDREN'S UMBRELLA,UNMAPPED,,,,,,,0.3997,,,,,,,data_unavailable,inventory_snapshot_missing_or_empty
,20689,RETRO SISTERS EXPRESSO CUPS,UNMAPPED,,,,,,,0.0875,,,,,,,data_unavailable,inventory_snapshot_missing_or_empty
,20692,UNKNOWN,UNMAPPED,,,,,,,0.0875,,,,,,,data_unavailable,inventory_snapshot_missing_or_empty
,20694,FLORAL PINK MONSTER,UNMAPPED,,,,,,,0.1096,,,,,,,data_unavailable,inventory_snapshot_missing_or_empty
,20695,FLORAL BLUE MONSTER,UNMAPPED,,,,,,,0.0980,,,,,,,data_unavailable,inventory_snapshot_missing_or_empty
,20696,FLORAL SOFT CAR TOY,UNMAPPED,,,,,,,0.0963,,,,,,,data_unavailable,inventory_snapshot_missing_or_empty
,20699,MOUSEY LONG LEGS SOFT TOY,UNMAPPED,,,,,,,0.1231,,,,,,,data_unavailable,inventory_snapshot_missing_or_empty
,20700,GREEN CAT FLORAL CUSHION COVER,UNMAPPED,,,,,,,0.0875,,,,,,,data_unavailable,inventory_snapshot_missing_or_empty
,20701,PINK CAT FLORAL CUSHION COVER,UNMAPPED,,,,,,,0.0875,,,,,,,data_unavailable,inventory_snapshot_missing_or_empty
,20702,PINK PADDED MOBILE,UNMAPPED,,,,,,,0.0875,,,,,,,data_unavailable,inventory_snapshot_missing_or_empty
,20703,BLUE PADDED SOFT MOBILE,UNMAPPED,,,,,,,0.0875,,,,,,,data_unavailable,inventory_snapshot_missing_or_empty
,20704,MR ROBOT SOFT TOY,UNMAPPED,,,,,,,0.2736,,,,,,,data_unavailable,inventory_snapshot_missing_or_empty
,20705,MRS ROBOT SOFT TOY,UNMAPPED,,,,,,,0.2448,,,,,,,data_unavailable,inventory_snapshot_missing_or_empty
,20707,CRAZY DAISY HEART DECORATION,UNMAPPED,,,,,,,0.2026,,,,,,,data_unavailable,inventory_snapshot_missing_or_empty
,20711,JUMBO BAG TOYS,UNMAPPED,,,,,,,3.7032,,,,,,,data_unavailable,inventory_snapshot_missing_or_empty
,20712,JUMBO BAG WOODLAND ANIMALS,UNMAPPED,,,,,,,10.5143,,,,,,,data_unavailable,inventory_snapshot_missing_or_empty
,20713,JUMBO BAG OWLS,UNMAPPED,,,,,,,7.8464,,,,,,,data_unavailable,inventory_snapshot_missing_or_empty
,20716,UNKNOWN,UNMAPPED,,,,,,,0.0875,,,,,,,data_unavailable,inventory_snapshot_missing_or_empty
,20717,STRAWBERRY SHOPPER BAG,UNMAPPED,,,,,,,3.4587,,,,,,,data_unavailable,inventory_snapshot_missing_or_empty
,20718,RED RETROSPOT SHOPPER BAG,UNMAPPED,,,,,,,8.2602,,,,,,,data_unavailable,inventory_snapshot_missing_or_empty
,20719,WOODLAND CHARLOTTE BAG,UNMAPPED,,,,,,,12.9317,,,,,,,data_unavailable,inventory_snapshot_missing_or_empty
,20723,STRAWBERRY CHARLOTTE BAG,UNMAPPED,,,,,,,12.5184,,,,,,,data_unavailable,inventory_snapshot_missing_or_empty
,20724,RED RETROSPOT CHARLOTTE BAG,UNMAPPED,,,,,,,16.6556,,,,,,,data_unavailable,inventory_snapshot_missing_or_empty
,20725,LUNCH BAG RED RETROSPOT,UNMAPPED,,,,,,,16.2039,,,,,,,data_unavailable,inventory_snapshot_missing_or_empty
,20726,LUNCH BAG WOODLAND,UNMAPPED,,,,,,,11.5176,,,,,,,data_unavailable,inventory_snapshot_missing_or_empty
,20727,LUNCH BAG BLACK SKULL.,UNMAPPED,,,,,,,15.0080,,,,,,,data_unavailable,inventory_snapshot_missing_or_empty
,20728,LUNCH BAG CARS BLUE,UNMAPPED,,,,,,,12.4884,,,,,,,data_unavailable,inventory_snapshot_missing_or_empty
,20729,UNKNOWN,UNMAPPED,,,,,,,0.0875,,,,,,,data_unavailable,inventory_snapshot_missing_or_empty
,20730,STRAWBERRY CANDY BAG,UNMAPPED,,,,,,,0.0875,,,,,,,data_unavailable,inventory_snapshot_missing_or_empty
,20731,UNKNOWN,UNMAPPED,,,,,,,0.0875,,,,,,,data_unavailable,inventory_snapshot_missing_or_empty
,20733,GOLD MINI TAPE MEASURE,UNMAPPED,,,,,,,1.2525,,,,,,,data_unavailable,inventory_snapshot_missing_or_empty
,20734,SILVER MINI TAPE MEASURE,UNMAPPED,,,,,,,0.0875,,,,,,,data_unavailable,inventory_snapshot_missing_or_empty
,20735,BLACK MINI TAPE MEASURE,UNMAPPED,,,,,,,0.2253,,,,,,,data_unavailable,inventory_snapshot_missing_or_empty
,20738,GREEN MINI TAPE MEASURE,UNMAPPED,,,,,,,0.0875,,,,,,,data_unavailable,inventory_snapshot_missing_or_empty
,20747,UNKNOWN,UNMAPPED,,,,,,,0.0875,,,,,,,data_unavailable,inventory_snapshot_missing_or_empty
,20748,KENSINGTON COFFEE SET,UNMAPPED,,,,,,,0.1758,,,,,,,data_unavailable,inventory_snapshot_missing_or_empty
,20749,ASSORTED COLOUR MINI CASES,UNMAPPED,,,,,,,3.2889,,,,,,,data_unavailable,inventory_snapshot_missing_or_empty
,20750,RED RETROSPOT MINI CASES,UNMAPPED,,,,,,,3.8740,,,,,,,data_unavailable,inventory_snapshot_missing_or_empty
,20751,FUNKY WASHING UP GLOVES ASSORTED,UNMAPPED,,,,,,,0.7624,,,,,,,data_unavailable,inventory_snapshot_missing_or_empty
,20752,BLUE POLKADOT WASHING UP GLOVES,UNMAPPED,,,,,,,0.4684,,,,,,,data_unavailable,inventory_snapshot_missing_or_empty
,20754,RETROSPOT RED WASHING UP GLOVES,UNMAPPED,,,,,,,0.3848,,,,,,,data_unavailable,inventory_snapshot_missing_or_empty
,20755,BLUE PAISLEY POCKET BOOK,UNMAPPED,,,,,,,1.2027,,,,,,,data_unavailable,inventory_snapshot_missing_or_empty
,20756,GREEN FERN POCKET BOOK,UNMAPPED,,,,,,,0.2014,,,,,,,data_unavailable,inventory_snapshot_missing_or_empty
,20757,RED DAISY POCKET BOOK,UNMAPPED,,,,,,,0.6057,,,,,,,data_unavailable,inventory_snapshot_missing_or_empty
,20758,ABSTRACT CIRCLES POCKET BOOK,UNMAPPED,,,,,,,0.5023,,,,,,,data_unavailable,inventory_snapshot_missing_or_empty
,20759,CHRYSANTHEMUM POCKET BOOK,UNMAPPED,,,,,,,0.2580,,,,,,,data_unavailable,inventory_snapshot_missing_or_empty
,20760,GARDEN PATH POCKET BOOK,UNMAPPED,,,,,,,0.2104,,,,,,,data_unavailable,inventory_snapshot_missing_or_empty
,20761,BLUE PAISLEY SKETCHBOOK,UNMAPPED,,,,,,,0.3388,,,,,,,data_unavailable,inventory_snapshot_missing_or_empty
,20762,GREEN FERN SKETCHBOOK,UNMAPPED,,,,,,,0.2022,,,,,,,data_unavailable,inventory_snapshot_missing_or_empty
,20763,DAISY SKETCHBOOK,UNMAPPED,,,,,,,0.2713,,,,,,,data_unavailable,inventory_snapshot_missing_or_empty
,20764,ABSTRACT CIRCLES SKETCHBOOK,UNMAPPED,,,,,,,0.6521,,,,,,,data_unavailable,inventory_snapshot_missing_or_empty
,20765,CHRYSANTHEMUM SKETCHBOOK,UNMAPPED,,,,,,,0.2730,,,,,,,data_unavailable,inventory_snapshot_missing_or_empty
,20766,GARDEN PATH SKETCHBOOK,UNMAPPED,,,,,,,0.2834,,,,,,,data_unavailable,inventory_snapshot_missing_or_empty
,20767,BLUE PAISLEY JOURNAL,UNMAPPED,,,,,,,0.5511,,,,,,,data_unavailable,inventory_snapshot_missing_or_empty
,20768,GREEN FERN JOURNAL,UNMAPPED,,,,,,,0.4954,,,,,,,data_unavailable,inventory_snapshot_missing_or_empty
,20769,DAISY JOURNAL,UNMAPPED,,,,,,,0.4298,,,,,,,data_unavailable,inventory_snapshot_missing_or_empty
,20770,ABSTRACT CIRCLE JOURNAL,UNMAPPED,,,,,,,0.1187,,,,,,,data_unavailable,inventory_snapshot_missing_or_empty
,20771,CHRYSANTHEMUM JOURNAL,UNMAPPED,,,,,,,0.4198,,,,,,,data_unavailable,inventory_snapshot_missing_or_empty
,20772,GARDEN PATH JOURNAL,UNMAPPED,,,,,,,0.8528,,,,,,,data_unavailable,inventory_snapshot_missing_or_empty
,20773,BLUE PAISLEY NOTEBOOK,UNMAPPED,,,,,,,0.0875,,,,,,,data_unavailable,inventory_snapshot_missing_or_empty
,20774,GREEN FERN NOTEBOOK,UNMAPPED,,,,,,,0.0875,,,,,,,data_unavailable,inventory_snapshot_missing_or_empty
,20775,DAISY NOTEBOOK,UNMAPPED,,,,,,,0.7712,,,,,,,data_unavailable,inventory_snapshot_missing_or_empty
,20776,ABSTRACT CIRCLES NOTEBOOK,UNMAPPED,,,,,,,0.0875,,,,,,,data_unavailable,inventory_snapshot_missing_or_empty
,20777,CHRYSANTHEMUM NOTEBOOK,UNMAPPED,,,,,,,1.2674,,,,,,,data_unavailable,inventory_snapshot_missing_or_empty
,20778,UNKNOWN,UNMAPPED,,,,,,,0.0875,,,,,,,data_unavailable,inventory_snapshot_missing_or_empty
,20780,BLACK EAR MUFF HEADPHONES,UNMAPPED,,,,,,,0.2382,,,,,,,data_unavailable,inventory_snapshot_missing_or_empty
,20781,GOLD EAR MUFF HEADPHONES,UNMAPPED,,,,,,,0.2837,,,,,,,data_unavailable,inventory_snapshot_missing_or_empty
,20782,CAMOUFLAGE EAR MUFF HEADPHONES,UNMAPPED,,,,,,,0.2241,,,,,,,data_unavailable,inventory_snapshot_missing_or_empty
,20783,HEART EAR MUFF HEADPHONES,UNMAPPED,,,,,,,0.0875,,,,,,,data_unavailable,inventory_snapshot_missing_or_empty
,20784,RED RETRO BAR STOOL,UNMAPPED,,,,,,,0.0875,,,,,,,data_unavailable,inventory_snapshot_missing_or_empty
,20785,FUSCHIA RETRO BAR STOOL,UNMAPPED,,,,,,,0.0875,,,,,,,data_unavailable,inventory_snapshot_missing_or_empty
,20786,BLACK RETRO BAR STOOL,UNMAPPED,,,,,,,0.0875,,,,,,,data_unavailable,inventory_snapshot_missing_or_empty
,20794,BLUE TILE HOOK,UNMAPPED,,,,,,,0.2516,,,,,,,data_unavailable,inventory_snapshot_missing_or_empty
,20798,UNKNOWN,UNMAPPED,,,,,,,0.0875,,,,,,,data_unavailable,inventory_snapshot_missing_or_empty
,20801,UNKNOWN,UNMAPPED,,,,,,,0.0875,,,,,,,data_unavailable,inventory_snapshot_missing_or_empty
,20802,SMALL GLASS SUNDAE DISH CLEAR,UNMAPPED,,,,,,,0.3279,,,,,,,data_unavailable,inventory_snapshot_missing_or_empty
,20803,SMALL PINK GLASS SUNDAE DISH,UNMAPPED,,,,,,,0.0875,,,,,,,data_unavailable,inventory_snapshot_missing_or_empty
,20804,GLASS CHICKEN BUTTER DISH,UNMAPPED,,,,,,,0.0875,,,,,,,data_unavailable,inventory_snapshot_missing_or_empty
,20819,SILVER TEDDY BEAR,UNMAPPED,,,,,,,0.4394,,,,,,,data_unavailable,inventory_snapshot_missing_or_empty
,20828,GLITTER BUTTERFLY CLIPS,UNMAPPED,,,,,,,2.7372,,,,,,,data_unavailable,inventory_snapshot_missing_or_empty
,20829,GLITTER HANGING BUTTERFLY STRING,UNMAPPED,,,,,,,2.2314,,,,,,,data_unavailable,inventory_snapshot_missing_or_empty
,20830,SILVER PHOTO FRAME,UNMAPPED,,,,,,,0.0875,,,,,,,data_unavailable,inventory_snapshot_missing_or_empty
,20831,GOLD PHOTO FRAME,UNMAPPED,,,,,,,0.1641,,,,,,,data_unavailable,inventory_snapshot_missing_or_empty
,20832,RED FLOCK LOVE HEART PHOTO FRAME,UNMAPPED,,,,,,,0.8250,,,,,,,data_unavailable,inventory_snapshot_missing_or_empty
,20838,FRENCH LATTICE CUSHION COVER,UNMAPPED,,,,,,,0.3650,,,,,,,data_unavailable,inventory_snapshot_missing_or_empty
,20839,FRENCH PAISLEY CUSHION COVER,UNMAPPED,,,,,,,1.0834,,,,,,,data_unavailable,inventory_snapshot_missing_or_empty
,20840,FRENCH FLORAL CUSHION COVER,UNMAPPED,,,,,,,0.5845,,,,,,,data_unavailable,inventory_snapshot_missing_or_empty
,20846,ZINC HEART LATTICE T-LIGHT HOLDER,UNMAPPED,,,,,,,1.2351,,,,,,,data_unavailable,inventory_snapshot_missing_or_empty
,20854,BLUE PATCH PURSE PINK HEART,UNMAPPED,,,,,,,0.0875,,,,,,,data_unavailable,inventory_snapshot_missing_or_empty
,20855,PINK PATCH PURSE BLUE HEART,UNMAPPED,,,,,,,0.0875,,,,,,,data_unavailable,inventory_snapshot_missing_or_empty
,20856,DENIM PATCH PURSE PINK BUTTERFLY,UNMAPPED,,,,,,,0.0875,,,,,,,data_unavailable,inventory_snapshot_missing_or_empty
,20857,BLUE ROSE PATCH PURSE PINK BUTTERFL,UNMAPPED,,,,,,,0.0875,,,,,,,data_unavailable,inventory_snapshot_missing_or_empty
,20862,PINK PATCH PENCIL CASE BLUE HEART,UNMAPPED,,,,,,,0.0875,,,,,,,data_unavailable,inventory_snapshot_missing_or_empty
,20863,BLUE PATCH PENCIL CASE PINK HEART,UNMAPPED,,,,,,,0.0875,,,,,,,data_unavailable,inventory_snapshot_missing_or_empty
,20865,PATCHWORK PENCIL CASE BUTTERFLY,UNMAPPED,,,,,,,0.0875,,,,,,,data_unavailable,inventory_snapshot_missing_or_empty
,20866,BLUE ROSE FABRIC MIRROR,UNMAPPED,,,,,,,0.5248,,,,,,,data_unavailable,inventory_snapshot_missing_or_empty
,20867,PINK ROSE FABRIC MIRROR,UNMAPPED,,,,,,,0.3908,,,,,,,data_unavailable,inventory_snapshot_missing_or_empty
,20868,SILVER FABRIC MIRROR,UNMAPPED,,,,,,,1.4624,,,,,,,data_unavailable,inventory_snapshot_missing_or_empty
,20869,GOLD FABRIC MIRROR,UNMAPPED,,,,,,,0.6608,,,,,,,data_unavailable,inventory_snapshot_missing_or_empty
,20871,OPULENT VELVET SET/3 CANDLES,UNMAPPED,,,,,,,0.0875,,,,,,,data_unavailable,inventory_snapshot_missing_or_empty
,20878,UNKNOWN,UNMAPPED,,,,,,,0.0875,,,,,,,data_unavailable,inventory_snapshot_missing_or_empty
,20886,BOX OF 9 PEBBLE CANDLES,UNMAPPED,,,,,,,0.0943,,,,,,,data_unavailable,inventory_snapshot_missing_or_empty
,20892,SET/3 TALL GLASS CANDLE HOLDER PINK,UNMAPPED,,,,,,,0.0875,,,,,,,data_unavailable,inventory_snapshot_missing_or_empty
,20893,HANGING BAUBLE T-LIGHT HOLDER SMALL,UNMAPPED,,,,,,,0.3586,,,,,,,data_unavailable,inventory_snapshot_missing_or_empty
,20894,HANGING BAUBLE T-LIGHT HOLDER LARGE,UNMAPPED,,,,,,,0.1810,,,,,,,data_unavailable,inventory_snapshot_missing_or_empty
,20897,VINTAGE NOTEBOOK PARIS DAYS,UNMAPPED,,,,,,,0.0875,,,,,,,data_unavailable,inventory_snapshot_missing_or_empty
,20898,VINTAGE NOTEBOOK TRAVELOGUE,UNMAPPED,,,,,,,0.0875,,,,,,,data_unavailable,inventory_snapshot_missing_or_empty
,20901,VINTAGE KEEPSAKE BOX PINK FLOWER,UNMAPPED,,,,,,,0.0944,,,,,,,data_unavailable,inventory_snapshot_missing_or_empty
,20902,VINTAGE KEEPSAKE BOX PARIS DAYS,UNMAPPED,,,,,,,0.0875,,,,,,,data_unavailable,inventory_snapshot_missing_or_empty
,20903,VINTAGE KEEPSAKE BOX TRAVELOGUE,UNMAPPED,,,,,,,0.0875,,,,,,,data_unavailable,inventory_snapshot_missing_or_empty
,20906,VINTAGE NOTEBOOK BEAUTY GIRL,UNMAPPED,,,,,,,0.0875,,,,,,,data_unavailable,inventory_snapshot_missing_or_empty
,20910,VINTAGE PHOTO ALBUM PARIS DAYS,UNMAPPED,,,,,,,0.0875,,,,,,,data_unavailable,inventory_snapshot_missing_or_empty
,20914,SET/5 RED RETROSPOT LID GLASS BOWLS,UNMAPPED,,,,,,,12.0238,,,,,,,data_unavailable,inventory_snapshot_missing_or_empty
,20931,BLUE POT PLANT CANDLE,UNMAPPED,,,,,,,0.8832,,,,,,,data_unavailable,inventory_snapshot_missing_or_empty
,20932,PINK POT PLANT CANDLE,UNMAPPED,,,,,,,0.5304,,,,,,,data_unavailable,inventory_snapshot_missing_or_empty
,20933,YELLOW POT PLANT CANDLE,UNMAPPED,,,,,,,0.1186,,,,,,,data_unavailable,inventory_snapshot_missing_or_empty
,20934,SET/3 POT PLANT CANDLES,UNMAPPED,,,,,,,0.0897,,,,,,,data_unavailable,inventory_snapshot_missing_or_empty
,20935,ROUND CACTUS CANDLE,UNMAPPED,,,,,,,0.1148,,,,,,,data_unavailable,inventory_snapshot_missing_or_empty
,20936,FORKED CACTUS CANDLE,UNMAPPED,,,,,,,0.3302,,,,,,,data_unavailable,inventory_snapshot_missing_or_empty
,20941,FROG CANDLE,UNMAPPED,,,,,,,0.0875,,,,,,,data_unavailable,inventory_snapshot_missing_or_empty
,20943,SET/6 GINGERBREAD STAR T-LIGHTS,UNMAPPED,,,,,,,0.0875,,,,,,,data_unavailable,inventory_snapshot_missing_or_empty
,20950,UNKNOWN,UNMAPPED,,,,,,,0.0875,,,,,,,data_unavailable,inventory_snapshot_missing_or_empty
,20956,PORCELAIN T-LIGHT HOLDERS ASSORTED,UNMAPPED,,,,,,,3.0127,,,,,,,data_unavailable,inventory_snapshot_missing_or_empty
,20960,WATERMELON BATH SPONGE,UNMAPPED,,,,,,,0.0875,,,,,,,data_unavailable,inventory_snapshot_missing_or_empty
,20961,STRAWBERRY BATH SPONGE,UNMAPPED,,,,,,,4.1404,,,,,,,data_unavailable,inventory_snapshot_missing_or_empty
,20963,APPLE BATH SPONGE,UNMAPPED,,,,,,,3.3251,,,,,,,data_unavailable,inventory_snapshot_missing_or_empty
,20966,SANDWICH BATH SPONGE,UNMAPPED,,,,,,,0.0875,,,,,,,data_unavailable,inventory_snapshot_missing_or_empty
,20967,GREY FLORAL FELTCRAFT SHOULDER BAG,UNMAPPED,,,,,,,0.0875,,,,,,,data_unavailable,inventory_snapshot_missing_or_empty
,20969,RED FLORAL FELTCRAFT SHOULDER BAG,UNMAPPED,,,,,,,4.6901,,,,,,,data_unavailable,inventory_snapshot_missing_or_empty
,20970,PINK FLORAL FELTCRAFT SHOULDER BAG,UNMAPPED,,,,,,,3.8139,,,,,,,data_unavailable,inventory_snapshot_missing_or_empty
,20971,PINK BLUE FELT CRAFT TRINKET BOX,UNMAPPED,,,,,,,13.0272,,,,,,,data_unavailable,inventory_snapshot_missing_or_empty
,20972,PINK CREAM FELT CRAFT TRINKET BOX,UNMAPPED,,,,,,,13.0348,,,,,,,data_unavailable,inventory_snapshot_missing_or_empty
,20973,12 PENCIL SMALL TUBE WOODLAND,UNMAPPED,,,,,,,14.5709,,,,,,,data_unavailable,inventory_snapshot_missing_or_empty
,20974,12 PENCILS SMALL TUBE SKULL,UNMAPPED,,,,,,,0.7310,,,,,,,data_unavailable,inventory_snapshot_missing_or_empty
,20975,12 PENCILS SMALL TUBE RED RETROSPOT,UNMAPPED,,,,,,,12.8208,,,,,,,data_unavailable,inventory_snapshot_missing_or_empty
,20976,UNKNOWN,UNMAPPED,,,,,,,0.0875,,,,,,,data_unavailable,inventory_snapshot_missing_or_empty
,20977,36 PENCILS TUBE WOODLAND,UNMAPPED,,,,,,,0.1069,,,,,,,data_unavailable,inventory_snapshot_missing_or_empty
,20978,36 PENCILS TUBE SKULLS,UNMAPPED,,,,,,,5.9310,,,,,,,data_unavailable,inventory_snapshot_missing_or_empty
,20979,36 PENCILS TUBE RED RETROSPOT,UNMAPPED,,,,,,,6.6856,,,,,,,data_unavailable,inventory_snapshot_missing_or_empty
,20980,36 PENCILS TUBE POSY,UNMAPPED,,,,,,,0.0875,,,,,,,data_unavailable,inventory_snapshot_missing_or_empty
,20981,12 PENCILS TALL TUBE WOODLAND,UNMAPPED,,,,,,,5.6573,,,,,,,data_unavailable,inventory_snapshot_missing_or_empty
,20982,12 PENCILS TALL TUBE SKULLS,UNMAPPED,,,,,,,9.1454,,,,,,,data_unavailable,inventory_snapshot_missing_or_empty
,20983,12 PENCILS TALL TUBE RED RETROSPOT,UNMAPPED,,,,,,,7.8243,,,,,,,data_unavailable,inventory_snapshot_missing_or_empty
,20984,12 PENCILS TALL TUBE POSY,UNMAPPED,,,,,,,0.0875,,,,,,,data_unavailable,inventory_snapshot_missing_or_empty
,20985,HEART CALCULATOR,UNMAPPED,,,,,,,1.4425,,,,,,,data_unavailable,inventory_snapshot_missing_or_empty
,20986,BLUE CALCULATOR RULER,UNMAPPED,,,,,,,1.7621,,,,,,,data_unavailable,inventory_snapshot_missing_or_empty
,20989,UNKNOWN,UNMAPPED,,,,,,,0.0875,,,,,,,data_unavailable,inventory_snapshot_missing_or_empty
,20990,SPRING FLOWER CHOPSTICKS SET/5,UNMAPPED,,,,,,,0.0875,,,,,,,data_unavailable,inventory_snapshot_missing_or_empty
,20992,JAZZ HEARTS PURSE NOTEBOOK,UNMAPPED,,,,,,,11.4490,,,,,,,data_unavailable,inventory_snapshot_missing_or_empty
,20996,JAZZ HEARTS ADDRESS BOOK,UNMAPPED,,,,,,,6.3889,,,,,,,data_unavailable,inventory_snapshot_missing_or_empty
,20997,ROSE DU SUD CUSHION COVER,UNMAPPED,,,,,,,0.2650,,,,,,,data_unavailable,inventory_snapshot_missing_or_empty
,20998,ROSE DU SUD OVEN GLOVE,UNMAPPED,,,,,,,0.0875,,,,,,,data_unavailable,inventory_snapshot_missing_or_empty
,21000,ROSE DU SUD COSMETICS BAG,UNMAPPED,,,,,,,0.2940,,,,,,,data_unavailable,inventory_snapshot_missing_or_empty
,21001,ROSE DU SUD WASHBAG,UNMAPPED,,,,,,,0.2110,,,,,,,data_unavailable,inventory_snapshot_missing_or_empty
,21002,ROSE DU SUD DRAWSTRING BAG,UNMAPPED,,,,,,,0.0875,,,,,,,data_unavailable,inventory_snapshot_missing_or_empty
,21003,ROSE DU SUD CUSHION COVER,UNMAPPED,,,,,,,0.2860,,,,,,,data_unavailable,inventory_snapshot_missing_or_empty
,21004,ROSE DU SUD CHILDRENS APRON,UNMAPPED,,,,,,,0.0875,,,,,,,data_unavailable,inventory_snapshot_missing_or_empty
,21007,UNKNOWN,UNMAPPED,,,,,,,0.0875,,,,,,,data_unavailable,inventory_snapshot_missing_or_empty
,21009,UNKNOWN,UNMAPPED,,,,,,,0.0875,,,,,,,data_unavailable,inventory_snapshot_missing_or_empty
,21010,UNKNOWN,UNMAPPED,,,,,,,0.0875,,,,,,,data_unavailable,inventory_snapshot_missing_or_empty
,21011,GLITTER SNOW PEAR TREE DECORATION,UNMAPPED,,,,,,,0.0875,,,,,,,data_unavailable,inventory_snapshot_missing_or_empty
,21012,ANTIQUE ALL GLASS CANDLESTICK,UNMAPPED,,,,,,,2.8582,,,,,,,data_unavailable,inventory_snapshot_missing_or_empty
,21014,SWISS CHALET TREE DECORATION,UNMAPPED,,,,,,,1.9858,,,,,,,data_unavailable,inventory_snapshot_missing_or_empty
,21015,DARK BIRD HOUSE TREE DECORATION,UNMAPPED,,,,,,,9.1364,,,,,,,data_unavailable,inventory_snapshot_missing_or_empty
,21016,LIGHT BIRD HOUSE TREE DECORATION,UNMAPPED,,,,,,,0.0875,,,,,,,data_unavailable,inventory_snapshot_missing_or_empty
,21017,RED BIRD HOUSE TREE DECORATION,UNMAPPED,,,,,,,0.0875,,,,,,,data_unavailable,inventory_snapshot_missing_or_empty
,21018,BIRD BOX CHRISTMAS TREE DECORATION,UNMAPPED,,,,,,,0.0875,,,,,,,data_unavailable,inventory_snapshot_missing_or_empty
,21025,SPACE FROG,UNMAPPED,,,,,,,0.5080,,,,,,,data_unavailable,inventory_snapshot_missing_or_empty
,21026,SPACE OWL,UNMAPPED,,,,,,,0.9768,,,,,,,data_unavailable,inventory_snapshot_missing_or_empty
,21027,NINJA RABBIT PINK,UNMAPPED,,,,,,,0.1360,,,,,,,data_unavailable,inventory_snapshot_missing_or_empty
,21028,NINJA RABBIT BLACK,UNMAPPED,,,,,,,0.3217,,,,,,,data_unavailable,inventory_snapshot_missing_or_empty
,21030,SPACE CADET RED,UNMAPPED,,,,,,,0.2126,,,,,,,data_unavailable,inventory_snapshot_missing_or_empty
,21031,SPACE CADET BLACK,UNMAPPED,,,,,,,0.1244,,,,,,,data_unavailable,inventory_snapshot_missing_or_empty
,21032,SPACE CADET WHITE,UNMAPPED,,,,,,,0.2550,,,,,,,data_unavailable,inventory_snapshot_missing_or_empty
,21033,JUMBO BAG CHARLIE AND LOLA TOYS,UNMAPPED,,,,,,,0.0875,,,,,,,data_unavailable,inventory_snapshot_missing_or_empty
,21034,REX CASH+CARRY JUMBO SHOPPER,UNMAPPED,,,,,,,8.7490,,,,,,,data_unavailable,inventory_snapshot_missing_or_empty
,21035,SET/2 RED RETROSPOT TEA TOWELS,UNMAPPED,,,,,,,2.2808,,,,,,,data_unavailable,inventory_snapshot_missing_or_empty
,21038,SET/4 MODERN VINTAGE COTTON NAPKINS,UNMAPPED,,,,,,,0.0875,,,,,,,data_unavailable,inventory_snapshot_missing_or_empty
,21039,RED RETROSPOT SHOPPING BAG,UNMAPPED,,,,,,,0.4754,,,,,,,data_unavailable,inventory_snapshot_missing_or_empty
,21040,MODERN VINTAGE COTTON SHOPPING BAG,UNMAPPED,,,,,,,0.0875,,,,,,,data_unavailable,inventory_snapshot_missing_or_empty
,21041,RED RETROSPOT OVEN GLOVE DOUBLE,UNMAPPED,,,,,,,0.1370,,,,,,,data_unavailable,inventory_snapshot_missing_or_empty
,21042,RED RETROSPOT APRON,UNMAPPED,,,,,,,0.4905,,,,,,,data_unavailable,inventory_snapshot_missing_or_empty
,21043,APRON MODERN VINTAGE COTTON,UNMAPPED,,,,,,,0.0875,,,,,,,data_unavailable,inventory_snapshot_missing_or_empty
,21051,RIBBONS PURSE,UNMAPPED,,,,,,,0.5011,,,,,,,data_unavailable,inventory_snapshot_missing_or_empty
,21054,UNKNOWN,UNMAPPED,,,,,,,0.1114,,,,,,,data_unavailable,inventory_snapshot_missing_or_empty
,21055,TOOL BOX SOFT TOY,UNMAPPED,,,,,,,0.6131,,,,,,,data_unavailable,inventory_snapshot_missing_or_empty
,21056,DOCTOR'S BAG SOFT TOY,UNMAPPED,,,,,,,0.7279,,,,,,,data_unavailable,inventory_snapshot_missing_or_empty
,21058,PARTY INVITES WOODLAND,UNMAPPED,,,,,,,0.4087,,,,,,,data_unavailable,inventory_snapshot_missing_or_empty
,21059,PARTY INVITES DINOSAURS,UNMAPPED,,,,,,,0.4134,,,,,,,data_unavailable,inventory_snapshot_missing_or_empty
,21060,PARTY INVITES BALLOON GIRL,UNMAPPED,,,,,,,0.3572,,,,,,,data_unavailable,inventory_snapshot_missing_or_empty
,21061,PARTY INVITES FOOTBALL,UNMAPPED,,,,,,,0.4949,,,,,,,data_unavailable,inventory_snapshot_missing_or_empty
,21062,PARTY INVITES SPACEMAN,UNMAPPED,,,,,,,0.4499,,,,,,,data_unavailable,inventory_snapshot_missing_or_empty
,21063,PARTY INVITES JAZZ HEARTS,UNMAPPED,,,,,,,0.5226,,,,,,,data_unavailable,inventory_snapshot_missing_or_empty
,21064,BOOM BOX SPEAKER BOYS,UNMAPPED,,,,,,,1.6870,,,,,,,data_unavailable,inventory_snapshot_missing_or_empty
,21065,BOOM BOX SPEAKER GIRLS,UNMAPPED,,,,,,,0.9966,,,,,,,data_unavailable,inventory_snapshot_missing_or_empty
,21066,VINTAGE RED MUG,UNMAPPED,,,,,,,0.3471,,,,,,,data_unavailable,inventory_snapshot_missing_or_empty
,21067,UNKNOWN,UNMAPPED,,,,,,,0.0875,,,,,,,data_unavailable,inventory_snapshot_missing_or_empty
,21068,VINTAGE BILLBOARD LOVE/HATE MUG,UNMAPPED,,,,,,,2.1466,,,,,,,data_unavailable,inventory_snapshot_missing_or_empty
,21069,VINTAGE BILLBOARD TEA MUG,UNMAPPED,,,,,,,0.0875,,,,,,,data_unavailable,inventory_snapshot_missing_or_empty
,21070,VINTAGE BILLBOARD MUG,UNMAPPED,,,,,,,0.8984,,,,,,,data_unavailable,inventory_snapshot_missing_or_empty
,21071,UNKNOWN,UNMAPPED,,,,,,,0.0891,,,,,,,data_unavailable,inventory_snapshot_missing_or_empty
,21076,SET/20 COLLAGE PAPER NAPKIN,UNMAPPED,,,,,,,0.0875,,,,,,,data_unavailable,inventory_snapshot_missing_or_empty
,21077,SET/20 WOODLAND PAPER NAPKINS,UNMAPPED,,,,,,,0.0875,,,,,,,data_unavailable,inventory_snapshot_missing_or_empty
,21078,SET/20 STRAWBERRY PAPER NAPKINS,UNMAPPED,,,,,,,0.0875,,,,,,,data_unavailable,inventory_snapshot_missing_or_empty
,21080,SET/20 RED RETROSPOT PAPER NAPKINS,UNMAPPED,,,,,,,11.5387,,,,,,,data_unavailable,inventory_snapshot_missing_or_empty
,21082,SET/20 FRUIT SALAD PAPER NAPKINS,UNMAPPED,,,,,,,0.0875,,,,,,,data_unavailable,inventory_snapshot_missing_or_empty
,21084,SET/6 COLLAGE PAPER CUPS,UNMAPPED,,,,,,,1.1809,,,,,,,data_unavailable,inventory_snapshot_missing_or_empty
,21085,SET/6 WOODLAND PAPER CUPS,UNMAPPED,,,,,,,0.0875,,,,,,,data_unavailable,inventory_snapshot_missing_or_empty
,21086,SET/6 RED SPOTTY PAPER CUPS,UNMAPPED,,,,,,,4.3491,,,,,,,data_unavailable,inventory_snapshot_missing_or_empty
,21087,SET/6 POSIES PAPER CUPS,UNMAPPED,,,,,,,0.0875,,,,,,,data_unavailable,inventory_snapshot_missing_or_empty
,21088,SET/6 FRUIT SALAD PAPER CUPS,UNMAPPED,,,,,,,0.4429,,,,,,,data_unavailable,inventory_snapshot_missing_or_empty
,21089,SET/6 GREEN SPRING PAPER CUPS,UNMAPPED,,,,,,,0.0875,,,,,,,data_unavailable,inventory_snapshot_missing_or_empty
,21090,SET/6 COLLAGE PAPER PLATES,UNMAPPED,,,,,,,1.0042,,,,,,,data_unavailable,inventory_snapshot_missing_or_empty
,21091,SET/6 WOODLAND PAPER PLATES,UNMAPPED,,,,,,,0.0875,,,,,,,data_unavailable,inventory_snapshot_missing_or_empty
,21094,SET/6 RED SPOTTY PAPER PLATES,UNMAPPED,,,,,,,4.8125,,,,,,,data_unavailable,inventory_snapshot_missing_or_empty
,21095,UNKNOWN,UNMAPPED,,,,,,,0.0875,,,,,,,data_unavailable,inventory_snapshot_missing_or_empty
,21096,SET/6 FRUIT SALAD PAPER PLATES,UNMAPPED,,,,,,,0.2478,,,,,,,data_unavailable,inventory_snapshot_missing_or_empty
,21098,CHRISTMAS TOILET ROLL,UNMAPPED,,,,,,,8.0229,,,,,,,data_unavailable,inventory_snapshot_missing_or_empty
,21099,SET/6 STRAWBERRY PAPER CUPS,UNMAPPED,,,,,,,0.0875,,,,,,,data_unavailable,inventory_snapshot_missing_or_empty
,21100,CHARLIE AND LOLA CHARLOTTE BAG,UNMAPPED,,,,,,,0.0875,,,,,,,data_unavailable,inventory_snapshot_missing_or_empty
,21106,CREAM SLICE FLANNEL CHOCOLATE SPOT,UNMAPPED,,,,,,,0.6470,,,,,,,data_unavailable,inventory_snapshot_missing_or_empty
,21107,CREAM SLICE FLANNEL PINK SPOT,UNMAPPED,,,,,,,1.4160,,,,,,,data_unavailable,inventory_snapshot_missing_or_empty
,21108,FAIRY CAKE FLANNEL ASSORTED COLOUR,UNMAPPED,,,,,,,13.1898,,,,,,,data_unavailable,inventory_snapshot_missing_or_empty
,21109,LARGE CAKE TOWEL CHOCOLATE SPOTS,UNMAPPED,,,,,,,1.3626,,,,,,,data_unavailable,inventory_snapshot_missing_or_empty
,21110,LARGE CAKE TOWEL PINK SPOTS,UNMAPPED,,,,,,,0.5117,,,,,,,data_unavailable,inventory_snapshot_missing_or_empty
,21111,"SWISS ROLL TOWEL, CHOCOLATE SPOTS",UNMAPPED,,,,,,,0.7791,,,,,,,data_unavailable,inventory_snapshot_missing_or_empty
,21112,SWISS ROLL TOWEL PINK SPOTS,UNMAPPED,,,,,,,0.3933,,,,,,,data_unavailable,inventory_snapshot_missing_or_empty
,21114,LAVENDER SCENTED FABRIC HEART,UNMAPPED,,,,,,,0.6223,,,,,,,data_unavailable,inventory_snapshot_missing_or_empty
,21115,ROSE CARAVAN DOORSTOP,UNMAPPED,,,,,,,1.3138,,,,,,,data_unavailable,inventory_snapshot_missing_or_empty
,21116,OWL DOORSTOP,UNMAPPED,,,,,,,2.4886,,,,,,,data_unavailable,inventory_snapshot_missing_or_empty
,21121,SET/10 RED POLKADOT PARTY CANDLES,UNMAPPED,,,,,,,3.6833,,,,,,,data_unavailable,inventory_snapshot_missing_or_empty
,21122,SET/10 PINK POLKADOT PARTY CANDLES,UNMAPPED,,,,,,,3.1241,,,,,,,data_unavailable,inventory_snapshot_missing_or_empty
,21123,SET/10 IVORY POLKADOT PARTY CANDLES,UNMAPPED,,,,,,,1.2744,,,,,,,data_unavailable,inventory_snapshot_missing_or_empty
,21124,SET/10 BLUE POLKADOT PARTY CANDLES,UNMAPPED,,,,,,,1.2015,,,,,,,data_unavailable,inventory_snapshot_missing_or_empty
,21125,SET 6 FOOTBALL CELEBRATION CANDLES,UNMAPPED,,,,,,,0.6234,,,,,,,data_unavailable,inventory_snapshot_missing_or_empty
,21126,SET OF 6 GIRLS CELEBRATION CANDLES,UNMAPPED,,,,,,,1.1268,,,,,,,data_unavailable,inventory_snapshot_missing_or_empty
,21127,COLOURFUL FISHING GNOME,UNMAPPED,,,,,,,0.0875,,,,,,,data_unavailable,inventory_snapshot_missing_or_empty
,21128,GOLD FISHING GNOME,UNMAPPED,,,,,,,0.1532,,,,,,,data_unavailable,inventory_snapshot_missing_or_empty
,21129,SILVER FISHING GNOME,UNMAPPED,,,,,,,0.2641,,,,,,,data_unavailable,inventory_snapshot_missing_or_empty
,21130,COLOURFUL STANDING GNOME,UNMAPPED,,,,,,,0.0875,,,,,,,data_unavailable,inventory_snapshot_missing_or_empty
,21131,GOLD STANDING GNOME,UNMAPPED,,,,,,,0.2360,,,,,,,data_unavailable,inventory_snapshot_missing_or_empty
,21132,SILVER STANDING GNOME,UNMAPPED,,,,,,,0.1347,,,,,,,data_unavailable,inventory_snapshot_missing_or_empty
,21134,UNKNOWN,UNMAPPED,,,,,,,0.0875,,,,,,,data_unavailable,inventory_snapshot_missing_or_empty
,21135,VICTORIAN METAL POSTCARD SPRING,UNMAPPED,,,,,,,3.5836,,,,,,,data_unavailable,inventory_snapshot_missing_or_empty
,21136,PAINTED METAL PEARS ASSORTED,UNMAPPED,,,,,,,7.7050,,,,,,,data_unavailable,inventory_snapshot_missing_or_empty
,21137,BLACK RECORD COVER FRAME,UNMAPPED,,,,,,,12.4390,,,,,,,data_unavailable,inventory_snapshot_missing_or_empty
,21143,ANTIQUE GLASS HEART DECORATION,UNMAPPED,,,,,,,0.0875,,,,,,,data_unavailable,inventory_snapshot_missing_or_empty
,21144,PINK POODLE HANGING DECORATION,UNMAPPED,,,,,,,0.0875,,,,,,,data_unavailable,inventory_snapshot_missing_or_empty
,21145,UNKNOWN,UNMAPPED,,,,,,,0.1742,,,,,,,data_unavailable,inventory_snapshot_missing_or_empty
,21146,ANTIQUE GLASS RIDGED HANGING BALL,UNMAPPED,,,,,,,0.0875,,,,,,,data_unavailable,inventory_snapshot_missing_or_empty
,21147,JINGLE BELLS TREE DECORATION,UNMAPPED,,,,,,,1.3154,,,,,,,data_unavailable,inventory_snapshot_missing_or_empty
,21153,RED SPOTTY TABLECLOTH,UNMAPPED,,,,,,,0.0875,,,,,,,data_unavailable,inventory_snapshot_missing_or_empty
,21154,RED RETROSPOT OVEN GLOVE,UNMAPPED,,,,,,,8.6466,,,,,,,data_unavailable,inventory_snapshot_missing_or_empty
,21155,RED RETROSPOT PEG BAG,UNMAPPED,,,,,,,5.0226,,,,,,,data_unavailable,inventory_snapshot_missing_or_empty
,21156,RETROSPOT CHILDRENS APRON,UNMAPPED,,,,,,,7.1900,,,,,,,data_unavailable,inventory_snapshot_missing_or_empty
,21157,RED RETROSPOT WASHBAG,UNMAPPED,,,,,,,0.0875,,,,,,,data_unavailable,inventory_snapshot_missing_or_empty
,21158,MOODY GIRL DOOR HANGER,UNMAPPED,,,,,,,2.7434,,,,,,,data_unavailable,inventory_snapshot_missing_or_empty
,21159,MOODY BOY DOOR HANGER,UNMAPPED,,,,,,,1.7007,,,,,,,data_unavailable,inventory_snapshot_missing_or_empty
,21160,KEEP OUT GIRLS DOOR HANGER,UNMAPPED,,,,,,,0.0875,,,,,,,data_unavailable,inventory_snapshot_missing_or_empty
,21161,KEEP OUT BOYS DOOR HANGER,UNMAPPED,,,,,,,0.0875,,,,,,,data_unavailable,inventory_snapshot_missing_or_empty
,21162,TOXIC AREA DOOR HANGER,UNMAPPED,,,,,,,3.2133,,,,,,,data_unavailable,inventory_snapshot_missing_or_empty
,21163,DO NOT TOUCH MY STUFF DOOR HANGER,UNMAPPED,,,,,,,0.0875,,,,,,,data_unavailable,inventory_snapshot_missing_or_empty
,21164,HOME SWEET HOME METAL SIGN,UNMAPPED,,,,,,,1.7421,,,,,,,data_unavailable,inventory_snapshot_missing_or_empty
,21165,BEWARE OF THE CAT METAL SIGN,UNMAPPED,,,,,,,5.3050,,,,,,,data_unavailable,inventory_snapshot_missing_or_empty
,21166,COOK WITH WINE METAL SIGN,UNMAPPED,,,,,,,4.5332,,,,,,,data_unavailable,inventory_snapshot_missing_or_empty
,21167,WHITE SAGE INCENSE,UNMAPPED,,,,,,,0.8441,,,,,,,data_unavailable,inventory_snapshot_missing_or_empty
,21169,YOU'RE CONFUSING ME METAL SIGN,UNMAPPED,,,,,,,8.7582,,,,,,,data_unavailable,inventory_snapshot_missing_or_empty
,21171,BATHROOM METAL SIGN,UNMAPPED,,,,,,,0.0875,,,,,,,data_unavailable,inventory_snapshot_missing_or_empty
,21172,PARTY METAL SIGN,UNMAPPED,,,,,,,6.5840,,,,,,,data_unavailable,inventory_snapshot_missing_or_empty
,21173,UNKNOWN,UNMAPPED,,,,,,,0.0875,,,,,,,data_unavailable,inventory_snapshot_missing_or_empty
,21174,POTTERING IN THE SHED METAL SIGN,UNMAPPED,,,,,,,3.8926,,,,,,,data_unavailable,inventory_snapshot_missing_or_empty
,21175,GIN AND TONIC DIET METAL SIGN,UNMAPPED,,,,,,,12.7454,,,,,,,data_unavailable,inventory_snapshot_missing_or_empty
,21179,NO JUNK MAIL METAL SIGN,UNMAPPED,,,,,,,0.0875,,,,,,,data_unavailable,inventory_snapshot_missing_or_empty
,21181,PLEASE ONE PERSON METAL SIGN,UNMAPPED,,,,,,,5.8054,,,,,,,data_unavailable,inventory_snapshot_missing_or_empty
,21185,UNKNOWN,UNMAPPED,,,,,,,0.0875,,,,,,,data_unavailable,inventory_snapshot_missing_or_empty
,21186,WHITE DOVE HONEYCOMB PAPER GARLAND,UNMAPPED,,,,,,,0.0875,,,,,,,data_unavailable,inventory_snapshot_missing_or_empty
,21187,WHITE BELL HONEYCOMB PAPER GARLAND,UNMAPPED,,,,,,,0.0875,,,,,,,data_unavailable,inventory_snapshot_missing_or_empty
,21188,3D HEARTS HONEYCOMB PAPER GARLAND,UNMAPPED,,,,,,,0.0875,,,,,,,data_unavailable,inventory_snapshot_missing_or_empty
,21189,WHITE HONEYCOMB PAPER GARLAND,UNMAPPED,,,,,,,1.4169,,,,,,,data_unavailable,inventory_snapshot_missing_or_empty
,21190,PINK HEARTS PAPER GARLAND,UNMAPPED,,,,,,,0.1592,,,,,,,data_unavailable,inventory_snapshot_missing_or_empty
,21191,LARGE WHITE HONEYCOMB PAPER BELL,UNMAPPED,,,,,,,2.1772,,,,,,,data_unavailable,inventory_snapshot_missing_or_empty
,21192,WHITE BELL HONEYCOMB PAPER,UNMAPPED,,,,,,,0.2452,,,,,,,data_unavailable,inventory_snapshot_missing_or_empty
,21194,PINK HONEYCOMB PAPER FAN,UNMAPPED,,,,,,,0.5927,,,,,,,data_unavailable,inventory_snapshot_missing_or_empty
,21195,PINK HONEYCOMB PAPER BALL,UNMAPPED,,,,,,,0.0875,,,,,,,data_unavailable,inventory_snapshot_missing_or_empty
,21197,MULTICOLOUR CONFETTI IN TUBE,UNMAPPED,,,,,,,0.3759,,,,,,,data_unavailable,inventory_snapshot_missing_or_empty
,21198,WHITE HEART CONFETTI IN TUBE,UNMAPPED,,,,,,,0.3444,,,,,,,data_unavailable,inventory_snapshot_missing_or_empty
,21199,PINK HEART CONFETTI IN TUBE,UNMAPPED,,,,,,,0.2669,,,,,,,data_unavailable,inventory_snapshot_missing_or_empty
,21200,MULTICOLOUR HONEYCOMB PAPER GARLAND,UNMAPPED,,,,,,,0.2397,,,,,,,data_unavailable,inventory_snapshot_missing_or_empty
,21201,TROPICAL HONEYCOMB PAPER GARLAND,UNMAPPED,,,,,,,0.6039,,,,,,,data_unavailable,inventory_snapshot_missing_or_empty
,21202,DOLLY HONEYCOMB GARLAND,UNMAPPED,,,,,,,0.1345,,,,,,,data_unavailable,inventory_snapshot_missing_or_empty
,21203,BUTTERFLIES HONEYCOMB GARLAND,UNMAPPED,,,,,,,0.0875,,,,,,,data_unavailable,inventory_snapshot_missing_or_empty
,21204,DAISIES HONEYCOMB GARLAND,UNMAPPED,,,,,,,0.3349,,,,,,,data_unavailable,inventory_snapshot_missing_or_empty
,21205,MULTICOLOUR 3D BALLS GARLAND,UNMAPPED,,,,,,,0.1792,,,,,,,data_unavailable,inventory_snapshot_missing_or_empty
,21206,STRAWBERRY HONEYCOMB GARLAND,UNMAPPED,,,,,,,0.1717,,,,,,,data_unavailable,inventory_snapshot_missing_or_empty
,21207,SKULL AND CROSSBONES GARLAND,UNMAPPED,,,,,,,0.5084,,,,,,,data_unavailable,inventory_snapshot_missing_or_empty
,21208,PASTEL COLOUR HONEYCOMB FAN,UNMAPPED,,,,,,,0.9494,,,,,,,data_unavailable,inventory_snapshot_missing_or_empty
,21209,MULTICOLOUR HONEYCOMB FAN,UNMAPPED,,,,,,,0.7054,,,,,,,data_unavailable,inventory_snapshot_missing_or_empty
,21210,SET OF 72 RETROSPOT PAPER DOILIES,UNMAPPED,,,,,,,8.3045,,,,,,,data_unavailable,inventory_snapshot_missing_or_empty
,21211,SET OF 72 SKULL PAPER DOILIES,UNMAPPED,,,,,,,0.4143,,,,,,,data_unavailable,inventory_snapshot_missing_or_empty
,21212,PACK OF 72 RETROSPOT CAKE CASES,UNMAPPED,,,,,,,16.0058,,,,,,,data_unavailable,inventory_snapshot_missing_or_empty
,21213,PACK OF 72 SKULL CAKE CASES,UNMAPPED,,,,,,,8.9967,,,,,,,data_unavailable,inventory_snapshot_missing_or_empty
,21214,UNKNOWN,UNMAPPED,,,,,,,0.0875,,,,,,,data_unavailable,inventory_snapshot_missing_or_empty
,21215,IVORY PAPER CUP CAKE CASES,UNMAPPED,,,,,,,0.2755,,,,,,,data_unavailable,inventory_snapshot_missing_or_empty
,21216,"SET 3 RETROSPOT TEA,COFFEE,SUGAR",UNMAPPED,,,,,,,2.7858,,,,,,,data_unavailable,inventory_snapshot_missing_or_empty
,21217,RED RETROSPOT ROUND CAKE TINS,UNMAPPED,,,,,,,2.0553,,,,,,,data_unavailable,inventory_snapshot_missing_or_empty
,21218,RED SPOTTY BISCUIT TIN,UNMAPPED,,,,,,,4.4053,,,,,,,data_unavailable,inventory_snapshot_missing_or_empty
,21219,SET/4 BADGES BALLOON GIRL,UNMAPPED,,,,,,,0.5968,,,,,,,data_unavailable,inventory_snapshot_missing_or_empty
,21220,SET/4 BADGES DOGS,UNMAPPED,,,,,,,0.6714,,,,,,,data_unavailable,inventory_snapshot_missing_or_empty
,21221,SET/4 BADGES CUTE CREATURES,UNMAPPED,,,,,,,0.2413,,,,,,,data_unavailable,inventory_snapshot_missing_or_empty
,21222,SET/4 BADGES BEETLES,UNMAPPED,,,,,,,0.3611,,,,,,,data_unavailable,inventory_snapshot_missing_or_empty
,21223,SET/4 BADGES WOODLAND ANIMAL,UNMAPPED,,,,,,,0.0875,,,,,,,data_unavailable,inventory_snapshot_missing_or_empty
,21224,SET/4 SKULL BADGES,UNMAPPED,,,,,,,1.5022,,,,,,,data_unavailable,inventory_snapshot_missing_or_empty
,21226,POCKET MIRROR WOODLAND,UNMAPPED,,,,,,,0.1945,,,,,,,data_unavailable,inventory_snapshot_missing_or_empty
,21231,SWEETHEART CERAMIC TRINKET BOX,UNMAPPED,,,,,,,10.5943,,,,,,,data_unavailable,inventory_snapshot_missing_or_empty
,21232,STRAWBERRY CERAMIC TRINKET POT,UNMAPPED,,,,,,,12.4056,,,,,,,data_unavailable,inventory_snapshot_missing_or_empty
,21238,RED RETROSPOT CUP,UNMAPPED,,,,,,,4.1838,,,,,,,data_unavailable,inventory_snapshot_missing_or_empty
,21239,PINK POLKADOT CUP,UNMAPPED,,,,,,,1.9630,,,,,,,data_unavailable,inventory_snapshot_missing_or_empty
,21240,BLUE POLKADOT CUP,UNMAPPED,,,,,,,1.5828,,,,,,,data_unavailable,inventory_snapshot_missing_or_empty
,21241,GREEN POLKADOT CUP,UNMAPPED,,,,,,,0.0875,,,,,,,data_unavailable,inventory_snapshot_missing_or_empty
,21242,RED RETROSPOT PLATE,UNMAPPED,,,,,,,2.2201,,,,,,,data_unavailable,inventory_snapshot_missing_or_empty
,21243,PINK POLKADOT PLATE,UNMAPPED,,,,,,,1.7213,,,,,,,data_unavailable,inventory_snapshot_missing_or_empty
,21244,BLUE POLKADOT PLATE,UNMAPPED,,,,,,,0.1565,,,,,,,data_unavailable,inventory_snapshot_missing_or_empty
,21245,GREEN POLKADOT PLATE,UNMAPPED,,,,,,,0.5461,,,,,,,data_unavailable,inventory_snapshot_missing_or_empty
,21246,RED RETROSPOT BIG BOWL,UNMAPPED,,,,,,,0.0875,,,,,,,data_unavailable,inventory_snapshot_missing_or_empty
,21247,SET OF RED SALAD SERVERS,UNMAPPED,,,,,,,0.0875,,,,,,,data_unavailable,inventory_snapshot_missing_or_empty
,21248,DOOR HANGER MUM + DADS ROOM,UNMAPPED,,,,,,,0.5675,,,,,,,data_unavailable,inventory_snapshot_missing_or_empty
,21249,WOODLAND HEIGHT CHART STICKERS,UNMAPPED,,,,,,,0.5824,,,,,,,data_unavailable,inventory_snapshot_missing_or_empty
,21250,SET OF SKULL WALL STICKERS,UNMAPPED,,,,,,,0.1723,,,,,,,data_unavailable,inventory_snapshot_missing_or_empty
,21251,DINOSAUR HEIGHT CHART STICKER SET,UNMAPPED,,,,,,,0.2753,,,,,,,data_unavailable,inventory_snapshot_missing_or_empty
,21253,SET OF PICTURE FRAME STICKERS,UNMAPPED,,,,,,,0.1861,,,,,,,data_unavailable,inventory_snapshot_missing_or_empty
,21255,UNKNOWN,UNMAPPED,,,,,,,0.0875,,,,,,,data_unavailable,inventory_snapshot_missing_or_empty
,21256,UNKNOWN,UNMAPPED,,,,,,,0.0875,,,,,,,data_unavailable,inventory_snapshot_missing_or_empty
,21257,VICTORIAN SEWING BOX MEDIUM,UNMAPPED,,,,,,,2.7671,,,,,,,data_unavailable,inventory_snapshot_missing_or_empty
,21258,VICTORIAN SEWING BOX LARGE,UNMAPPED,,,,,,,1.4639,,,,,,,data_unavailable,inventory_snapshot_missing_or_empty
,21259,VICTORIAN SEWING BOX SMALL,UNMAPPED,,,,,,,2.2658,,,,,,,data_unavailable,inventory_snapshot_missing_or_empty
,21260,FIRST AID TIN,UNMAPPED,,,,,,,0.7792,,,,,,,data_unavailable,inventory_snapshot_missing_or_empty
,21261,GREEN GOOSE FEATHER CHRISTMAS TREE,UNMAPPED,,,,,,,0.2523,,,,,,,data_unavailable,inventory_snapshot_missing_or_empty
,21262,WHITE GOOSE FEATHER CHRISTMAS TREE,UNMAPPED,,,,,,,1.0507,,,,,,,data_unavailable,inventory_snapshot_missing_or_empty
,21263,GREEN GOOSE FEATHER TREE 60CM,UNMAPPED,,,,,,,0.6810,,,,,,,data_unavailable,inventory_snapshot_missing_or_empty
,21264,WHITE GOOSE FEATHER TREE 60CM,UNMAPPED,,,,,,,1.1909,,,,,,,data_unavailable,inventory_snapshot_missing_or_empty
,21268,VINTAGE BLUE TINSEL REEL,UNMAPPED,,,,,,,0.0875,,,,,,,data_unavailable,inventory_snapshot_missing_or_empty
,21269,ANTIQUE CREAM CUTLERY SHELF,UNMAPPED,,,,,,,0.1084,,,,,,,data_unavailable,inventory_snapshot_missing_or_empty
,21270,ANTIQUE CREAM CUTLERY CUPBOARD,UNMAPPED,,,,,,,0.1320,,,,,,,data_unavailable,inventory_snapshot_missing_or_empty
,21272,UNKNOWN,UNMAPPED,,,,,,,0.0875,,,,,,,data_unavailable,inventory_snapshot_missing_or_empty
,21274,EMBOSSED HEART 3 DRAWER SHELF,UNMAPPED,,,,,,,0.0875,,,,,,,data_unavailable,inventory_snapshot_missing_or_empty
,21275,ZINC TOP 2 DOOR WOODEN SHELF,UNMAPPED,,,,,,,0.0914,,,,,,,data_unavailable,inventory_snapshot_missing_or_empty
,21277,FRENCH STYLE EMBOSSED HEART CABINET,UNMAPPED,,,,,,,0.1500,,,,,,,data_unavailable,inventory_snapshot_missing_or_empty
,21278,VINTAGE KITCHEN PRINT PUDDINGS,UNMAPPED,,,,,,,0.0875,,,,,,,data_unavailable,inventory_snapshot_missing_or_empty
,21279,VINTAGE KITCHEN PRINT FRUITS,UNMAPPED,,,,,,,0.1057,,,,,,,data_unavailable,inventory_snapshot_missing_or_empty
,21280,VINTAGE KITCHEN PRINT VEGETABLES,UNMAPPED,,,,,,,0.0982,,,,,,,data_unavailable,inventory_snapshot_missing_or_empty
,21281,VINTAGE KITCHEN PRINT SEAFOOD,UNMAPPED,,,,,,,0.0947,,,,,,,data_unavailable,inventory_snapshot_missing_or_empty
,21282,NATURAL BARK CANDLE LARGE,UNMAPPED,,,,,,,0.0875,,,,,,,data_unavailable,inventory_snapshot_missing_or_empty
,21283,NATURAL BARK CANDLE SMALL,UNMAPPED,,,,,,,0.0875,,,,,,,data_unavailable,inventory_snapshot_missing_or_empty
,21284,RETROSPOT CANDLE SMALL,UNMAPPED,,,,,,,0.8124,,,,,,,data_unavailable,inventory_snapshot_missing_or_empty
,21285,RETROSPOT CANDLE MEDIUM,UNMAPPED,,,,,,,0.8640,,,,,,,data_unavailable,inventory_snapshot_missing_or_empty
,21286,RETROSPOT CANDLE LARGE,UNMAPPED,,,,,,,0.6727,,,,,,,data_unavailable,inventory_snapshot_missing_or_empty
,21287,SCENTED VELVET LOUNGE CANDLE,UNMAPPED,,,,,,,3.8268,,,,,,,data_unavailable,inventory_snapshot_missing_or_empty
,21288,STRIPEY CHOCOLATE NESTING BOXES,UNMAPPED,,,,,,,0.6076,,,,,,,data_unavailable,inventory_snapshot_missing_or_empty
,21289,LARGE STRIPES CHOCOLATE GIFT BAG,UNMAPPED,,,,,,,0.2252,,,,,,,data_unavailable,inventory_snapshot_missing_or_empty
,21291,SMALL POLKADOT CHOCOLATE GIFT BAG,UNMAPPED,,,,,,,0.5994,,,,,,,data_unavailable,inventory_snapshot_missing_or_empty
,21292,SMALL STRIPES CHOCOLATE GIFT BAG,UNMAPPED,,,,,,,0.5572,,,,,,,data_unavailable,inventory_snapshot_missing_or_empty
,21293,MIRRORED DOVE WALL DECORATION,UNMAPPED,,,,,,,0.3659,,,,,,,data_unavailable,inventory_snapshot_missing_or_empty
,21294,ETCHED GLASS COASTER,UNMAPPED,,,,,,,0.0875,,,,,,,data_unavailable,inventory_snapshot_missing_or_empty
,21306,SET/4 DAISY MIRROR MAGNETS,UNMAPPED,,,,,,,0.8663,,,,,,,data_unavailable,inventory_snapshot_missing_or_empty
,21307,SET/4 BUTTERFLY MIRROR MAGNETS,UNMAPPED,,,,,,,0.0875,,,,,,,data_unavailable,inventory_snapshot_missing_or_empty
,21311,SET/4 BIRD MIRROR MAGNETS,UNMAPPED,,,,,,,0.4095,,,,,,,data_unavailable,inventory_snapshot_missing_or_empty
,21313,GLASS HEART T-LIGHT HOLDER,UNMAPPED,,,,,,,1.8933,,,,,,,data_unavailable,inventory_snapshot_missing_or_empty
,21314,SMALL GLASS HEART TRINKET POT,UNMAPPED,,,,,,,7.8912,,,,,,,data_unavailable,inventory_snapshot_missing_or_empty
,21316,SMALL CHUNKY GLASS ROMAN BOWL,UNMAPPED,,,,,,,0.0875,,,,,,,data_unavailable,inventory_snapshot_missing_or_empty
,21317,GLASS SPHERE CANDLE STAND MEDIUM,UNMAPPED,,,,,,,0.6597,,,,,,,data_unavailable,inventory_snapshot_missing_or_empty
,21318,GLASS CHALICE BLUE SMALL,UNMAPPED,,,,,,,0.0875,,,,,,,data_unavailable,inventory_snapshot_missing_or_empty
,21319,adjustment,UNMAPPED,,,,,,,0.0875,,,,,,,data_unavailable,inventory_snapshot_missing_or_empty
,21320,GLASS CHALICE GREEN LARGE,UNMAPPED,,,,,,,0.0875,,,,,,,data_unavailable,inventory_snapshot_missing_or_empty
,21323,UNKNOWN,UNMAPPED,,,,,,,0.0875,,,,,,,data_unavailable,inventory_snapshot_missing_or_empty
,21324,UNKNOWN,UNMAPPED,,,,,,,0.0875,,,,,,,data_unavailable,inventory_snapshot_missing_or_empty
,21326,AGED GLASS SILVER T-LIGHT HOLDER,UNMAPPED,,,,,,,13.1186,,,,,,,data_unavailable,inventory_snapshot_missing_or_empty
,21327,SKULLS WRITING SET,UNMAPPED,,,,,,,3.4380,,,,,,,data_unavailable,inventory_snapshot_missing_or_empty
,21328,BALLOONS WRITING SET,UNMAPPED,,,,,,,4.8061,,,,,,,data_unavailable,inventory_snapshot_missing_or_empty
,21329,DINOSAURS WRITING SET,UNMAPPED,,,,,,,3.9338,,,,,,,data_unavailable,inventory_snapshot_missing_or_empty
,21330,WOODLAND ANIMAL WRITING SET,UNMAPPED,,,,,,,0.0875,,,,,,,data_unavailable,inventory_snapshot_missing_or_empty
,21332,MOROCCAN BEATEN METAL MIRROR,UNMAPPED,,,,,,,0.0875,,,,,,,data_unavailable,inventory_snapshot_missing_or_empty
,21333,CLASSIC WHITE FRAME,UNMAPPED,,,,,,,0.0875,,,,,,,data_unavailable,inventory_snapshot_missing_or_empty
,21336,GOLD WASHBAG,UNMAPPED,,,,,,,0.0875,,,,,,,data_unavailable,inventory_snapshot_missing_or_empty
,21340,CLASSIC METAL BIRDCAGE PLANT HOLDER,UNMAPPED,,,,,,,1.2895,,,,,,,data_unavailable,inventory_snapshot_missing_or_empty
,21348,UNKNOWN,UNMAPPED,,,,,,,0.0875,,,,,,,data_unavailable,inventory_snapshot_missing_or_empty
,21349,check,UNMAPPED,,,,,,,0.0896,,,,,,,data_unavailable,inventory_snapshot_missing_or_empty
,21350,UNKNOWN,UNMAPPED,,,,,,,0.0875,,,,,,,data_unavailable,inventory_snapshot_missing_or_empty
,21351,CINAMMON & ORANGE WREATH,UNMAPPED,,,,,,,0.5096,,,,,,,data_unavailable,inventory_snapshot_missing_or_empty
,21352,EUCALYPTUS & PINECONE WREATH,UNMAPPED,,,,,,,0.1068,,,,,,,data_unavailable,inventory_snapshot_missing_or_empty
,21354,TOAST ITS - BEST MUM,UNMAPPED,,,,,,,0.5052,,,,,,,data_unavailable,inventory_snapshot_missing_or_empty
,21355,TOAST ITS - I LOVE YOU,UNMAPPED,,,,,,,0.2022,,,,,,,data_unavailable,inventory_snapshot_missing_or_empty
,21356,TOAST ITS - FAIRY FLOWER,UNMAPPED,,,,,,,3.5081,,,,,,,data_unavailable,inventory_snapshot_missing_or_empty
,21357,UNKNOWN,UNMAPPED,,,,,,,0.0875,,,,,,,data_unavailable,inventory_snapshot_missing_or_empty
,21358,TOAST ITS - HAPPY BIRTHDAY,UNMAPPED,,,,,,,0.6951,,,,,,,data_unavailable,inventory_snapshot_missing_or_empty
,21359,UNKNOWN,UNMAPPED,,,,,,,0.0875,,,,,,,data_unavailable,inventory_snapshot_missing_or_empty
,21360,JOY LARGE WOOD LETTERS,UNMAPPED,,,,,,,0.0875,,,,,,,data_unavailable,inventory_snapshot_missing_or_empty
,21361,LOVE LARGE WOOD LETTERS,UNMAPPED,,,,,,,0.0875,,,,,,,data_unavailable,inventory_snapshot_missing_or_empty
,21363,HOME SMALL WOOD LETTERS,UNMAPPED,,,,,,,0.0875,,,,,,,data_unavailable,inventory_snapshot_missing_or_empty
,21364,PEACE SMALL WOOD LETTERS,UNMAPPED,,,,,,,0.0875,,,,,,,data_unavailable,inventory_snapshot_missing_or_empty
,21365,MIRRORED WALL ART STARS,UNMAPPED,,,,,,,0.5980,,,,,,,data_unavailable,inventory_snapshot_missing_or_empty
,21366,MIRRORED WALL ART PHOTO FRAMES,UNMAPPED,,,,,,,0.1465,,,,,,,data_unavailable,inventory_snapshot_missing_or_empty
,21367,MIRRORED WALL ART GENTS,UNMAPPED,,,,,,,0.3069,,,,,,,data_unavailable,inventory_snapshot_missing_or_empty
,21368,MIRRORED WALL ART LADIES,UNMAPPED,,,,,,,0.2779,,,,,,,data_unavailable,inventory_snapshot_missing_or_empty
,21371,MIRRORED WALL ART POPPIES,UNMAPPED,,,,,,,0.3055,,,,,,,data_unavailable,inventory_snapshot_missing_or_empty
,21372,MIRRORED WALL ART TABLE LAMP,UNMAPPED,,,,,,,0.1803,,,,,,,data_unavailable,inventory_snapshot_missing_or_empty
,21373,MIRRORED WALL ART SNOWFLAKES,UNMAPPED,,,,,,,1.4259,,,,,,,data_unavailable,inventory_snapshot_missing_or_empty
,21374,MIRRORED WALL ART SKULLS,UNMAPPED,,,,,,,0.4892,,,,,,,data_unavailable,inventory_snapshot_missing_or_empty
,21375,LARGE CAMPHOR WOOD FIELD MUSHROOM,UNMAPPED,,,,,,,0.1577,,,,,,,data_unavailable,inventory_snapshot_missing_or_empty
,21376,LARGE TALL CAMPHOR WOOD TOADSTOOL,UNMAPPED,,,,,,,0.1727,,,,,,,data_unavailable,inventory_snapshot_missing_or_empty
,21377,SMALL CAMPHOR WOOD FIELD MUSHROOM,UNMAPPED,,,,,,,0.3518,,,,,,,data_unavailable,inventory_snapshot_missing_or_empty
,21378,SMALL TALL CAMPHOR WOOD TOADSTOOL,UNMAPPED,,,,,,,0.3379,,,,,,,data_unavailable,inventory_snapshot_missing_or_empty
,21379,CAMPHOR WOOD PORTOBELLO MUSHROOM,UNMAPPED,,,,,,,0.3178,,,,,,,data_unavailable,inventory_snapshot_missing_or_empty
,21380,WOODEN HAPPY BIRTHDAY GARLAND,UNMAPPED,,,,,,,0.9732,,,,,,,data_unavailable,inventory_snapshot_missing_or_empty
,21381,MINI WOODEN HAPPY BIRTHDAY GARLAND,UNMAPPED,,,,,,,0.8569,,,,,,,data_unavailable,inventory_snapshot_missing_or_empty
,21382,SET/4 SPRING FLOWER DECORATION,UNMAPPED,,,,,,,0.5929,,,,,,,data_unavailable,inventory_snapshot_missing_or_empty
,21383,PACK OF 12 STICKY BUNNIES,UNMAPPED,,,,,,,0.6651,,,,,,,data_unavailable,inventory_snapshot_missing_or_empty
,21384,UNKNOWN,UNMAPPED,,,,,,,0.0875,,,,,,,data_unavailable,inventory_snapshot_missing_or_empty
,21385,IVORY HANGING DECORATION HEART,UNMAPPED,,,,,,,1.6768,,,,,,,data_unavailable,inventory_snapshot_missing_or_empty
,21386,IVORY HANGING DECORATION EGG,UNMAPPED,,,,,,,0.4839,,,,,,,data_unavailable,inventory_snapshot_missing_or_empty
,21389,IVORY HANGING DECORATION BIRD,UNMAPPED,,,,,,,0.4781,,,,,,,data_unavailable,inventory_snapshot_missing_or_empty
,21390,FILIGRIS HEART WITH BUTTERFLY,UNMAPPED,,,,,,,1.7533,,,,,,,data_unavailable,inventory_snapshot_missing_or_empty
,21391,FRENCH LAVENDER SCENT HEART,UNMAPPED,,,,,,,0.1057,,,,,,,data_unavailable,inventory_snapshot_missing_or_empty
,21392,RED POLKADOT PUDDING BOWL,UNMAPPED,,,,,,,0.0875,,,,,,,data_unavailable,inventory_snapshot_missing_or_empty
,21393,UNKNOWN,UNMAPPED,,,,,,,0.0875,,,,,,,data_unavailable,inventory_snapshot_missing_or_empty
,21394,UNKNOWN,UNMAPPED,,,,,,,0.1607,,,,,,,data_unavailable,inventory_snapshot_missing_or_empty
,21395,BLUE POLKADOT BEAKER,UNMAPPED,,,,,,,0.0938,,,,,,,data_unavailable,inventory_snapshot_missing_or_empty
,21396,RED SPOTTY EGG CUP,UNMAPPED,,,,,,,0.0875,,,,,,,data_unavailable,inventory_snapshot_missing_or_empty
,21397,BLUE POLKADOT EGG CUP,UNMAPPED,,,,,,,0.0875,,,,,,,data_unavailable,inventory_snapshot_missing_or_empty
,21398,RED POLKADOT COFFEE MUG,UNMAPPED,,,,,,,0.0875,,,,,,,data_unavailable,inventory_snapshot_missing_or_empty
,21399,BLUE POLKADOT COFFEE MUG,UNMAPPED,,,,,,,0.0875,,,,,,,data_unavailable,inventory_snapshot_missing_or_empty
,21400,RED PUDDING SPOON,UNMAPPED,,,,,,,0.7269,,,,,,,data_unavailable,inventory_snapshot_missing_or_empty
,21401,BLUE PUDDING SPOON,UNMAPPED,,,,,,,0.5001,,,,,,,data_unavailable,inventory_snapshot_missing_or_empty
,21402,RED EGG SPOON,UNMAPPED,,,,,,,1.8071,,,,,,,data_unavailable,inventory_snapshot_missing_or_empty
,21403,BLUE EGG SPOON,UNMAPPED,,,,,,,1.2868,,,,,,,data_unavailable,inventory_snapshot_missing_or_empty
,21407,BROWN CHECK CAT DOORSTOP,UNMAPPED,,,,,,,0.1360,,,,,,,data_unavailable,inventory_snapshot_missing_or_empty
,21408,SPOTTY PINK DUCK DOORSTOP,UNMAPPED,,,,,,,1.0950,,,,,,,data_unavailable,inventory_snapshot_missing_or_empty
,21410,COUNTRY COTTAGE DOORSTOP GREEN,UNMAPPED,,,,,,,0.0875,,,,,,,data_unavailable,inventory_snapshot_missing_or_empty
,21411,GINGHAM HEART DOORSTOP RED,UNMAPPED,,,,,,,1.9892,,,,,,,data_unavailable,inventory_snapshot_missing_or_empty
,21412,VINTAGE GOLD TINSEL REEL,UNMAPPED,,,,,,,0.0875,,,,,,,data_unavailable,inventory_snapshot_missing_or_empty
,21413,PERIWINKLE T-LIGHT HOLDER,UNMAPPED,,,,,,,0.1028,,,,,,,data_unavailable,inventory_snapshot_missing_or_empty
,21414,SCALLOP SHELL SOAP DISH,UNMAPPED,,,,,,,0.0875,,,,,,,data_unavailable,inventory_snapshot_missing_or_empty
,21415,CLAM SHELL SMALL,UNMAPPED,,,,,,,0.2777,,,,,,,data_unavailable,inventory_snapshot_missing_or_empty
,21417,COCKLE SHELL DISH,UNMAPPED,,,,,,,0.3972,,,,,,,data_unavailable,inventory_snapshot_missing_or_empty
,21418,STARFISH SOAP DISH,UNMAPPED,,,,,,,0.2059,,,,,,,data_unavailable,inventory_snapshot_missing_or_empty
,21421,PORCELAIN ROSE LARGE,UNMAPPED,,,,,,,0.0875,,,,,,,data_unavailable,inventory_snapshot_missing_or_empty
,21422,PORCELAIN ROSE SMALL,UNMAPPED,,,,,,,0.2654,,,,,,,data_unavailable,inventory_snapshot_missing_or_empty
,21424,WOODLAND STORAGE BOX LARGE,UNMAPPED,,,,,,,0.0875,,,,,,,data_unavailable,inventory_snapshot_missing_or_empty
,21425,SKULLS STORAGE BOX LARGE,UNMAPPED,,,,,,,0.2307,,,,,,,data_unavailable,inventory_snapshot_missing_or_empty
,21426,WOODLAND STORAGE BOX SMALL,UNMAPPED,,,,,,,0.5883,,,,,,,data_unavailable,inventory_snapshot_missing_or_empty
,21427,SKULLS STORAGE BOX SMALL,UNMAPPED,,,,,,,0.3102,,,,,,,data_unavailable,inventory_snapshot_missing_or_empty
,21428,SET3 BOOK BOX GREEN GINGHAM FLOWER,UNMAPPED,,,,,,,2.1170,,,,,,,data_unavailable,inventory_snapshot_missing_or_empty
,21429,RED GINGHAM ROSE JEWELLERY BOX,UNMAPPED,,,,,,,6.2516,,,,,,,data_unavailable,inventory_snapshot_missing_or_empty
,21430,SET/3 RED GINGHAM ROSE STORAGE BOX,UNMAPPED,,,,,,,3.6574,,,,,,,data_unavailable,inventory_snapshot_missing_or_empty
,21431,GREEN GINGHAM FLOWER JEWELLERY BOX,UNMAPPED,,,,,,,0.0875,,,,,,,data_unavailable,inventory_snapshot_missing_or_empty
,21432,SET OF 3 CASES WOODLAND DESIGN,UNMAPPED,,,,,,,0.0875,,,,,,,data_unavailable,inventory_snapshot_missing_or_empty
,21437,24 HANGING EASTER EGGS FLORAL TUB,UNMAPPED,,,,,,,0.0875,,,,,,,data_unavailable,inventory_snapshot_missing_or_empty
,21439,BASKET OF TOADSTOOLS,UNMAPPED,,,,,,,0.9941,,,,,,,data_unavailable,inventory_snapshot_missing_or_empty
,21440,12 MINI TOADSTOOL PEGS,UNMAPPED,,,,,,,0.0875,,,,,,,data_unavailable,inventory_snapshot_missing_or_empty
,21441,BLUE BIRDHOUSE DECORATION,UNMAPPED,,,,,,,0.4722,,,,,,,data_unavailable,inventory_snapshot_missing_or_empty
,21442,GREEN BIRDHOUSE DECORATION,UNMAPPED,,,,,,,0.4760,,,,,,,data_unavailable,inventory_snapshot_missing_or_empty
,21444,BLUE CHALET BIRDFEEDER,UNMAPPED,,,,,,,0.0875,,,,,,,data_unavailable,inventory_snapshot_missing_or_empty
,21445,UNKNOWN,UNMAPPED,,,,,,,0.0875,,,,,,,data_unavailable,inventory_snapshot_missing_or_empty
,21446,12 RED ROSE PEG PLACE SETTINGS,UNMAPPED,,,,,,,0.8086,,,,,,,data_unavailable,inventory_snapshot_missing_or_empty
,21447,12 IVORY ROSE PEG PLACE SETTINGS,UNMAPPED,,,,,,,0.0875,,,,,,,data_unavailable,inventory_snapshot_missing_or_empty
,21448,12 DAISY PEGS IN WOOD BOX,UNMAPPED,,,,,,,0.0875,,,,,,,data_unavailable,inventory_snapshot_missing_or_empty
,21452,TOADSTOOL MONEY BOX,UNMAPPED,,,,,,,1.4335,,,,,,,data_unavailable,inventory_snapshot_missing_or_empty
,21454,PAINTED PINK RABBIT,UNMAPPED,,,,,,,0.2128,,,,,,,data_unavailable,inventory_snapshot_missing_or_empty
,21455,PAINTED YELLOW WOODEN DAISY,UNMAPPED,,,,,,,0.1771,,,,,,,data_unavailable,inventory_snapshot_missing_or_empty
,21456,2 PICTURE BOOK EGGS EASTER CHICKS,UNMAPPED,,,,,,,0.1238,,,,,,,data_unavailable,inventory_snapshot_missing_or_empty
,21457,2 PICTURE BOOK EGGS EASTER DUCKS,UNMAPPED,,,,,,,0.1024,,,,,,,data_unavailable,inventory_snapshot_missing_or_empty
,21458,2 PICTURE BOOK EGGS EASTER BUNNY,UNMAPPED,,,,,,,0.1024,,,,,,,data_unavailable,inventory_snapshot_missing_or_empty
,21459,YELLOW EASTER EGG HUNT START POST,UNMAPPED,,,,,,,0.0875,,,,,,,data_unavailable,inventory_snapshot_missing_or_empty
,21462,"NURSERY A,B,C PAINTED LETTERS",UNMAPPED,,,,,,,0.4261,,,,,,,data_unavailable,inventory_snapshot_missing_or_empty
,21463,MIRRORED DISCO BALL,UNMAPPED,,,,,,,1.7385,,,,,,,data_unavailable,inventory_snapshot_missing_or_empty
,21464,DISCO BALL ROTATOR BATTERY OPERATED,UNMAPPED,,,,,,,0.7437,,,,,,,data_unavailable,inventory_snapshot_missing_or_empty
,21465,PINK FLOWER CROCHET FOOD COVER,UNMAPPED,,,,,,,0.2101,,,,,,,data_unavailable,inventory_snapshot_missing_or_empty
,21466,RED FLOWER CROCHET FOOD COVER,UNMAPPED,,,,,,,0.4784,,,,,,,data_unavailable,inventory_snapshot_missing_or_empty
,21467,CHERRY CROCHET FOOD COVER,UNMAPPED,,,,,,,0.1526,,,,,,,data_unavailable,inventory_snapshot_missing_or_empty
,21468,BUTTERFLY CROCHET FOOD COVER,UNMAPPED,,,,,,,0.1248,,,,,,,data_unavailable,inventory_snapshot_missing_or_empty
,21469,POLKA DOT RAFFIA FOOD COVER,UNMAPPED,,,,,,,0.1471,,,,,,,data_unavailable,inventory_snapshot_missing_or_empty
,21470,FLOWER VINE RAFFIA FOOD COVER,UNMAPPED,,,,,,,0.5301,,,,,,,data_unavailable,inventory_snapshot_missing_or_empty
,21471,STRAWBERRY RAFFIA FOOD COVER,UNMAPPED,,,,,,,0.6285,,,,,,,data_unavailable,inventory_snapshot_missing_or_empty
,21472,UNKNOWN,UNMAPPED,,,,,,,0.0875,,,,,,,data_unavailable,inventory_snapshot_missing_or_empty
,21473,SWEETHEART CREAM STEEL TABLE RECT,UNMAPPED,,,,,,,0.1034,,,,,,,data_unavailable,inventory_snapshot_missing_or_empty
,21474,SWEETHEART CREAM STEEL FOLDIN BENCH,UNMAPPED,,,,,,,0.0875,,,,,,,data_unavailable,inventory_snapshot_missing_or_empty
,21476,STEEL SWEETHEART ROUND TABLE CREAM,UNMAPPED,,,,,,,0.0875,,,,,,,data_unavailable,inventory_snapshot_missing_or_empty
,21478,UNKNOWN,UNMAPPED,,,,,,,0.0875,,,,,,,data_unavailable,inventory_snapshot_missing_or_empty
,21479,WHITE SKULL HOT WATER BOTTLE,UNMAPPED,,,,,,,12.3785,,,,,,,data_unavailable,inventory_snapshot_missing_or_empty
,21481,FAWN BLUE HOT WATER BOTTLE,UNMAPPED,,,,,,,10.0362,,,,,,,data_unavailable,inventory_snapshot_missing_or_empty
,21482,MUSHROOM BLUE HOT WATER BOTTLE,UNMAPPED,,,,,,,0.0875,,,,,,,data_unavailable,inventory_snapshot_missing_or_empty
,21484,CHICK GREY HOT WATER BOTTLE,UNMAPPED,,,,,,,9.1100,,,,,,,data_unavailable,inventory_snapshot_missing_or_empty
,21485,RETROSPOT HEART HOT WATER BOTTLE,UNMAPPED,,,,,,,11.7541,,,,,,,data_unavailable,inventory_snapshot_missing_or_empty
,21486,PINK HEART DOTS HOT WATER BOTTLE,UNMAPPED,,,,,,,0.0875,,,,,,,data_unavailable,inventory_snapshot_missing_or_empty
,21488,RED WHITE SCARF HOT WATER BOTTLE,UNMAPPED,,,,,,,0.0875,,,,,,,data_unavailable,inventory_snapshot_missing_or_empty
,21491,UNKNOWN,UNMAPPED,,,,,,,0.0875,,,,,,,data_unavailable,inventory_snapshot_missing_or_empty
,21494,ROTATING LEAVES T-LIGHT HOLDER,UNMAPPED,,,,,,,8.4289,,,,,,,data_unavailable,inventory_snapshot_missing_or_empty
,21495,SKULLS AND CROSSBONES WRAP,UNMAPPED,,,,,,,5.4548,,,,,,,data_unavailable,inventory_snapshot_missing_or_empty
,21497,FANCY FONTS BIRTHDAY WRAP,UNMAPPED,,,,,,,7.3148,,,,,,,data_unavailable,inventory_snapshot_missing_or_empty
,21498,RED RETROSPOT WRAP,UNMAPPED,,,,,,,9.5297,,,,,,,data_unavailable,inventory_snapshot_missing_or_empty
,21499,BLUE POLKADOT WRAP,UNMAPPED,,,,,,,4.9474,,,,,,,data_unavailable,inventory_snapshot_missing_or_empty
,21500,PINK POLKADOT WRAP,UNMAPPED,,,,,,,4.5052,,,,,,,data_unavailable,inventory_snapshot_missing_or_empty
,21503,TOYBOX WRAP,UNMAPPED,,,,,,,0.2538,,,,,,,data_unavailable,inventory_snapshot_missing_or_empty
,21504,SKULLS GREETING CARD,UNMAPPED,,,,,,,1.1072,,,,,,,data_unavailable,inventory_snapshot_missing_or_empty
,21506,"FANCY FONT BIRTHDAY CARD,",UNMAPPED,,,,,,,7.1948,,,,,,,data_unavailable,inventory_snapshot_missing_or_empty
,21507,ELEPHANT BIRTHDAY CARD,UNMAPPED,,,,,,,4.6904,,,,,,,data_unavailable,inventory_snapshot_missing_or_empty
,21508,VINTAGE KID DOLLY CARD,UNMAPPED,,,,,,,1.2322,,,,,,,data_unavailable,inventory_snapshot_missing_or_empty
,21509,COWBOYS AND INDIANS BIRTHDAY CARD,UNMAPPED,,,,,,,2.6927,,,,,,,data_unavailable,inventory_snapshot_missing_or_empty
,21518,BANK ACCOUNT GREETING CARD,UNMAPPED,,,,,,,0.0875,,,,,,,data_unavailable,inventory_snapshot_missing_or_empty
,21519,GIN & TONIC DIET GREETING CARD,UNMAPPED,,,,,,,2.3636,,,,,,,data_unavailable,inventory_snapshot_missing_or_empty
,21520,BOOZE & WOMEN GREETING CARD,UNMAPPED,,,,,,,0.1583,,,,,,,data_unavailable,inventory_snapshot_missing_or_empty
,21523,DOORMAT FANCY FONT HOME SWEET HOME,UNMAPPED,,,,,,,3.9340,,,,,,,data_unavailable,inventory_snapshot_missing_or_empty
,21524,DOORMAT SPOTTY HOME SWEET HOME,UNMAPPED,,,,,,,2.2963,,,,,,,data_unavailable,inventory_snapshot_missing_or_empty
,21527,RED RETROSPOT TRADITIONAL TEAPOT,UNMAPPED,,,,,,,0.0875,,,,,,,data_unavailable,inventory_snapshot_missing_or_empty
,21528,DAIRY MAID TRADITIONAL TEAPOT,UNMAPPED,,,,,,,0.2324,,,,,,,data_unavailable,inventory_snapshot_missing_or_empty
,21529,UNKNOWN,UNMAPPED,,,,,,,0.0875,,,,,,,data_unavailable,inventory_snapshot_missing_or_empty
,21530,DAIRY MAID TOASTRACK,UNMAPPED,,,,,,,0.7042,,,,,,,data_unavailable,inventory_snapshot_missing_or_empty
,21531,RED RETROSPOT SUGAR JAM BOWL,UNMAPPED,,,,,,,2.3084,,,,,,,data_unavailable,inventory_snapshot_missing_or_empty
,21532,UNKNOWN,UNMAPPED,,,,,,,0.0875,,,,,,,data_unavailable,inventory_snapshot_missing_or_empty
,21533,RETROSPOT LARGE MILK JUG,UNMAPPED,,,,,,,1.3489,,,,,,,data_unavailable,inventory_snapshot_missing_or_empty
,21534,DAIRY MAID LARGE MILK JUG,UNMAPPED,,,,,,,0.4297,,,,,,,data_unavailable,inventory_snapshot_missing_or_empty
,21535,RED RETROSPOT SMALL MILK JUG,UNMAPPED,,,,,,,2.9145,,,,,,,data_unavailable,inventory_snapshot_missing_or_empty
,21536,DAIRY MAID SMALL MILK JUG,UNMAPPED,,,,,,,0.0875,,,,,,,data_unavailable,inventory_snapshot_missing_or_empty
,21537,RED RETROSPOT PUDDING BOWL,UNMAPPED,,,,,,,0.6917,,,,,,,data_unavailable,inventory_snapshot_missing_or_empty
,21538,DAIRY MAID PUDDING BOWL,UNMAPPED,,,,,,,0.0875,,,,,,,data_unavailable,inventory_snapshot_missing_or_empty
,21539,check,UNMAPPED,,,,,,,0.0905,,,,,,,data_unavailable,inventory_snapshot_missing_or_empty
,21540,DAIRY MAID BUTTER DISH,UNMAPPED,,,,,,,0.0875,,,,,,,data_unavailable,inventory_snapshot_missing_or_empty
,21541,DINOSAURS WATER TRANSFER TATTOOS,UNMAPPED,,,,,,,0.0875,,,,,,,data_unavailable,inventory_snapshot_missing_or_empty
,21542,UNKNOWN,UNMAPPED,,,,,,,0.0875,,,,,,,data_unavailable,inventory_snapshot_missing_or_empty
,21544,SKULLS WATER TRANSFER TATTOOS,UNMAPPED,,,,,,,2.4231,,,,,,,data_unavailable,inventory_snapshot_missing_or_empty
,21545,UNKNOWN,UNMAPPED,,,,,,,0.0875,,,,,,,data_unavailable,inventory_snapshot_missing_or_empty
,21547,CERAMIC BIRDHOUSE CRESTED TIT SMALL,UNMAPPED,,,,,,,0.0875,,,,,,,data_unavailable,inventory_snapshot_missing_or_empty
,21548,CERAMIC BIRDHOUSE FINCH BLUE ROOF,UNMAPPED,,,,,,,0.0875,,,,,,,data_unavailable,inventory_snapshot_missing_or_empty
,21549,CERAMIC BIRDHOUSE RED ROOF SMALL,UNMAPPED,,,,,,,0.0875,,,,,,,data_unavailable,inventory_snapshot_missing_or_empty
,21550,CERAMIC BIRDHOUSE CRESTED TIT LARGE,UNMAPPED,,,,,,,0.0875,,,,,,,data_unavailable,inventory_snapshot_missing_or_empty
,21555,CERAMIC STRAWBERRY TRINKET TRAY,UNMAPPED,,,,,,,0.3695,,,,,,,data_unavailable,inventory_snapshot_missing_or_empty
,21556,CERAMIC STRAWBERRY MONEY BOX,UNMAPPED,,,,,,,0.1457,,,,,,,data_unavailable,inventory_snapshot_missing_or_empty
,21557,SET OF 6 FUNKY BEAKERS,UNMAPPED,,,,,,,0.6257,,,,,,,data_unavailable,inventory_snapshot_missing_or_empty
,21558,SKULL LUNCH BOX WITH CUTLERY,UNMAPPED,,,,,,,3.0069,,,,,,,data_unavailable,inventory_snapshot_missing_or_empty
,21559,STRAWBERRY LUNCH BOX WITH CUTLERY,UNMAPPED,,,,,,,4.2642,,,,,,,data_unavailable,inventory_snapshot_missing_or_empty
,21561,DINOSAUR LUNCH BOX WITH CUTLERY,UNMAPPED,,,,,,,0.9761,,,,,,,data_unavailable,inventory_snapshot_missing_or_empty
,21562,HAWAIIAN GRASS SKIRT,UNMAPPED,,,,,,,0.1955,,,,,,,data_unavailable,inventory_snapshot_missing_or_empty
,21563,RED HEART SHAPE LOVE BUCKET,UNMAPPED,,,,,,,1.4170,,,,,,,data_unavailable,inventory_snapshot_missing_or_empty
,21564,PINK HEART SHAPE LOVE BUCKET,UNMAPPED,,,,,,,0.7690,,,,,,,data_unavailable,inventory_snapshot_missing_or_empty
,21576,LETS GO SHOPPING COTTON TOTE BAG,UNMAPPED,,,,,,,0.3416,,,,,,,data_unavailable,inventory_snapshot_missing_or_empty
,21577,SAVE THE PLANET COTTON TOTE BAG,UNMAPPED,,,,,,,0.7665,,,,,,,data_unavailable,inventory_snapshot_missing_or_empty
,21578,WOODLAND DESIGN COTTON TOTE BAG,UNMAPPED,,,,,,,0.1049,,,,,,,data_unavailable,inventory_snapshot_missing_or_empty
,21579,LOLITA DESIGN COTTON TOTE BAG,UNMAPPED,,,,,,,0.2630,,,,,,,data_unavailable,inventory_snapshot_missing_or_empty
,21580,RABBIT DESIGN COTTON TOTE BAG,UNMAPPED,,,,,,,0.2891,,,,,,,data_unavailable,inventory_snapshot_missing_or_empty
,21581,SKULLS DESIGN COTTON TOTE BAG,UNMAPPED,,,,,,,0.3566,,,,,,,data_unavailable,inventory_snapshot_missing_or_empty
,21584,RETROSPOT SMALL TUBE MATCHES,UNMAPPED,,,,,,,2.9444,,,,,,,data_unavailable,inventory_snapshot_missing_or_empty
,21586,KINGS CHOICE GIANT TUBE MATCHES,UNMAPPED,,,,,,,0.1328,,,,,,,data_unavailable,inventory_snapshot_missing_or_empty
,21587,COSY HOUR GIANT TUBE MATCHES,UNMAPPED,,,,,,,0.0875,,,,,,,data_unavailable,inventory_snapshot_missing_or_empty
,21588,RETROSPOT GIANT TUBE MATCHES,UNMAPPED,,,,,,,3.3867,,,,,,,data_unavailable,inventory_snapshot_missing_or_empty
,21589,SWALLOW GIANT TUBE MATCHES,UNMAPPED,,,,,,,0.0875,,,,,,,data_unavailable,inventory_snapshot_missing_or_empty
,21590,UNKNOWN,UNMAPPED,,,,,,,0.0875,,,,,,,data_unavailable,inventory_snapshot_missing_or_empty
,21591,COSY HOUR CIGAR BOX MATCHES,UNMAPPED,,,,,,,3.6458,,,,,,,data_unavailable,inventory_snapshot_missing_or_empty
,21592,RETROSPOT CIGAR BOX MATCHES,UNMAPPED,,,,,,,5.8195,,,,,,,data_unavailable,inventory_snapshot_missing_or_empty
,21593,SWALLOW CIGAR BOX MATCHES,UNMAPPED,,,,,,,0.0875,,,,,,,data_unavailable,inventory_snapshot_missing_or_empty
,21609,SET 12 LAVENDER BOTANICAL T-LIGHTS,UNMAPPED,,,,,,,0.0875,,,,,,,data_unavailable,inventory_snapshot_missing_or_empty
,21610,SET 12 PEAR BOTANICAL T-LIGHTS,UNMAPPED,,,,,,,0.0875,,,,,,,data_unavailable,inventory_snapshot_missing_or_empty
,21611,SET OF 12 LILY BOTANICAL T-LIGHTS,UNMAPPED,,,,,,,0.0875,,,,,,,data_unavailable,inventory_snapshot_missing_or_empty
,21612,SET 12 WILDFLOWER BOTANICAL T-LIGHT,UNMAPPED,,,,,,,0.0875,,,,,,,data_unavailable,inventory_snapshot_missing_or_empty
,21613,S/12 VANILLA BOTANICAL T-LIGHTS,UNMAPPED,,,,,,,0.0875,,,,,,,data_unavailable,inventory_snapshot_missing_or_empty
,21614,UNKNOWN,UNMAPPED,,,,,,,0.0875,,,,,,,data_unavailable,inventory_snapshot_missing_or_empty
,21615,4 LAVENDER BOTANICAL DINNER CANDLES,UNMAPPED,,,,,,,6.2412,,,,,,,data_unavailable,inventory_snapshot_missing_or_empty
,21616,4 PEAR BOTANICAL DINNER CANDLES,UNMAPPED,,,,,,,7.6940,,,,,,,data_unavailable,inventory_snapshot_missing_or_empty
,21617,4 LILY BOTANICAL DINNER CANDLES,UNMAPPED,,,,,,,1.0659,,,,,,,data_unavailable,inventory_snapshot_missing_or_empty
,21618,4 WILDFLOWER BOTANICAL CANDLES,UNMAPPED,,,,,,,0.3902,,,,,,,data_unavailable,inventory_snapshot_missing_or_empty
,21619,4 VANILLA BOTANICAL CANDLES,UNMAPPED,,,,,,,8.3936,,,,,,,data_unavailable,inventory_snapshot_missing_or_empty
,21620,SET OF 4 ROSE BOTANICAL CANDLES,UNMAPPED,,,,,,,6.2413,,,,,,,data_unavailable,inventory_snapshot_missing_or_empty
,21621,VINTAGE UNION JACK BUNTING,UNMAPPED,,,,,,,2.9208,,,,,,,data_unavailable,inventory_snapshot_missing_or_empty
,21622,VINTAGE UNION JACK CUSHION COVER,UNMAPPED,,,,,,,0.1600,,,,,,,data_unavailable,inventory_snapshot_missing_or_empty
,21623,VINTAGE UNION JACK MEMOBOARD,UNMAPPED,,,,,,,0.9795,,,,,,,data_unavailable,inventory_snapshot_missing_or_empty
,21624,VINTAGE UNION JACK DOORSTOP,UNMAPPED,,,,,,,0.4881,,,,,,,data_unavailable,inventory_snapshot_missing_or_empty
,21625,VINTAGE UNION JACK APRON,UNMAPPED,,,,,,,0.5947,,,,,,,data_unavailable,inventory_snapshot_missing_or_empty
,21626,VINTAGE UNION JACK PENNANT,UNMAPPED,,,,,,,0.1669,,,,,,,data_unavailable,inventory_snapshot_missing_or_empty
,21627,ELEPHANT CARNIVAL POUFFE,UNMAPPED,,,,,,,0.0875,,,,,,,data_unavailable,inventory_snapshot_missing_or_empty
,21628,TRIANGULAR POUFFE VINTAGE,UNMAPPED,,,,,,,0.1107,,,,,,,data_unavailable,inventory_snapshot_missing_or_empty
,21629,SQUARE FLOOR CUSHION VINTAGE RED,UNMAPPED,,,,,,,0.3719,,,,,,,data_unavailable,inventory_snapshot_missing_or_empty
,21630,FLOOR CUSHION ELEPHANT CARNIVAL,UNMAPPED,,,,,,,0.1841,,,,,,,data_unavailable,inventory_snapshot_missing_or_empty
,21631,HIPPY CHIC DECORATIVE PARASOL,UNMAPPED,,,,,,,0.0980,,,,,,,data_unavailable,inventory_snapshot_missing_or_empty
,21632,UNKNOWN,UNMAPPED,,,,,,,0.0875,,,,,,,data_unavailable,inventory_snapshot_missing_or_empty
,21633,SUNFLOWER DECORATIVE PARASOL,UNMAPPED,,,,,,,0.1521,,,,,,,data_unavailable,inventory_snapshot_missing_or_empty
,21634,ASSORTED MINI MADRAS NOTEBOOK,UNMAPPED,,,,,,,0.0875,,,,,,,data_unavailable,inventory_snapshot_missing_or_empty
,21635,UNKNOWN,UNMAPPED,,,,,,,0.0875,,,,,,,data_unavailable,inventory_snapshot_missing_or_empty
,21636,MADRAS NOTEBOOK MEDIUM,UNMAPPED,,,,,,,1.4677,,,,,,,data_unavailable,inventory_snapshot_missing_or_empty
,21637,ASSORTED SANSKRIT MINI NOTEBOOK,UNMAPPED,,,,,,,0.0875,,,,,,,data_unavailable,inventory_snapshot_missing_or_empty
,21638,ASSORTED TUTTI FRUTTI NOTEBOOK,UNMAPPED,,,,,,,0.8310,,,,,,,data_unavailable,inventory_snapshot_missing_or_empty
,21640,ASSORTED TUTTI FRUTTI FOB NOTEBOOK,UNMAPPED,,,,,,,1.4501,,,,,,,data_unavailable,inventory_snapshot_missing_or_empty
,21641,ASSORTED TUTTI FRUTTI KEYRING BALL,UNMAPPED,,,,,,,0.0875,,,,,,,data_unavailable,inventory_snapshot_missing_or_empty
,21642,ASSORTED TUTTI FRUTTI PEN,UNMAPPED,,,,,,,5.0332,,,,,,,data_unavailable,inventory_snapshot_missing_or_empty
,21643,ASSORTED TUTTI FRUTTI MIRROR,UNMAPPED,,,,,,,0.2423,,,,,,,data_unavailable,inventory_snapshot_missing_or_empty
,21644,ASSORTED TUTTI FRUTTI HEART BOX,UNMAPPED,,,,,,,0.2253,,,,,,,data_unavailable,inventory_snapshot_missing_or_empty
,21645,ASSORTED TUTTI FRUTTI ROUND BOX,UNMAPPED,,,,,,,0.0875,,,,,,,data_unavailable,inventory_snapshot_missing_or_empty
,21647,ASSORTED TUTTI FRUTTI LARGE PURSE,UNMAPPED,,,,,,,0.1497,,,,,,,data_unavailable,inventory_snapshot_missing_or_empty
,21648,ASSORTED TUTTI FRUTTI SMALL PURSE,UNMAPPED,,,,,,,0.5103,,,,,,,data_unavailable,inventory_snapshot_missing_or_empty
,21650,ASSORTED TUTTI FRUTTI BRACELET,UNMAPPED,,,,,,,4.8340,,,,,,,data_unavailable,inventory_snapshot_missing_or_empty
,21651,HANGING GLASS ETCHED TEALIGHT,UNMAPPED,,,,,,,0.0875,,,,,,,data_unavailable,inventory_snapshot_missing_or_empty
,21652,GLASS ETCHED T-LIGHT HOLDER MEDIUM,UNMAPPED,,,,,,,0.0875,,,,,,,data_unavailable,inventory_snapshot_missing_or_empty
,21653,GLASS ETCHED T-LIGHT HOLDER LARGE,UNMAPPED,,,,,,,0.0875,,,,,,,data_unavailable,inventory_snapshot_missing_or_empty
,21654,RIDGED GLASS FINGER BOWL,UNMAPPED,,,,,,,0.0875,,,,,,,data_unavailable,inventory_snapshot_missing_or_empty
,21655,UNKNOWN,UNMAPPED,,,,,,,0.0875,,,,,,,data_unavailable,inventory_snapshot_missing_or_empty
,21656,RIDGED GLASS POSY VASE,UNMAPPED,,,,,,,0.0875,,,,,,,data_unavailable,inventory_snapshot_missing_or_empty
,21657,MILK BOTTLE WITH GLASS STOPPER,UNMAPPED,,,,,,,0.0875,,,,,,,data_unavailable,inventory_snapshot_missing_or_empty
,21658,UNKNOWN,UNMAPPED,,,,,,,0.0875,,,,,,,data_unavailable,inventory_snapshot_missing_or_empty
,21659,UNKNOWN,UNMAPPED,,,,,,,0.0875,,,,,,,data_unavailable,inventory_snapshot_missing_or_empty
,21661,VINTAGE GLASS TEA CADDY,UNMAPPED,,,,,,,0.0875,,,,,,,data_unavailable,inventory_snapshot_missing_or_empty
,21662,UNKNOWN,UNMAPPED,,,,,,,0.0875,,,,,,,data_unavailable,inventory_snapshot_missing_or_empty
,21664,RIDGED GLASS STORAGE JAR CREAM LID,UNMAPPED,,,,,,,0.0875,,,,,,,data_unavailable,inventory_snapshot_missing_or_empty
,21665,TRIANGULAR RIDGED GLASS POSY HOLDER,UNMAPPED,,,,,,,0.0875,,,,,,,data_unavailable,inventory_snapshot_missing_or_empty
,21666,RIDGED GLASS T-LIGHT HOLDER,UNMAPPED,,,,,,,0.8753,,,,,,,data_unavailable,inventory_snapshot_missing_or_empty
,21667,UNKNOWN,UNMAPPED,,,,,,,0.0875,,,,,,,data_unavailable,inventory_snapshot_missing_or_empty
,21668,RED STRIPE CERAMIC DRAWER KNOB,UNMAPPED,,,,,,,4.2555,,,,,,,data_unavailable,inventory_snapshot_missing_or_empty
,21669,BLUE STRIPE CERAMIC DRAWER KNOB,UNMAPPED,,,,,,,5.1687,,,,,,,data_unavailable,inventory_snapshot_missing_or_empty
,21670,BLUE SPOT CERAMIC DRAWER KNOB,UNMAPPED,,,,,,,3.5549,,,,,,,data_unavailable,inventory_snapshot_missing_or_empty
,21671,RED SPOT CERAMIC DRAWER KNOB,UNMAPPED,,,,,,,4.4148,,,,,,,data_unavailable,inventory_snapshot_missing_or_empty
,21672,WHITE SPOT RED CERAMIC DRAWER KNOB,UNMAPPED,,,,,,,2.2702,,,,,,,data_unavailable,inventory_snapshot_missing_or_empty
,21673,WHITE SPOT BLUE CERAMIC DRAWER KNOB,UNMAPPED,,,,,,,3.1933,,,,,,,data_unavailable,inventory_snapshot_missing_or_empty
,21675,BUTTERFLIES STICKERS,UNMAPPED,,,,,,,1.0912,,,,,,,data_unavailable,inventory_snapshot_missing_or_empty
,21676,FLOWERS STICKERS,UNMAPPED,,,,,,,0.4649,,,,,,,data_unavailable,inventory_snapshot_missing_or_empty
,21677,HEARTS STICKERS,UNMAPPED,,,,,,,1.2476,,,,,,,data_unavailable,inventory_snapshot_missing_or_empty
,21678,PAISLEY PATTERN STICKERS,UNMAPPED,,,,,,,0.2894,,,,,,,data_unavailable,inventory_snapshot_missing_or_empty
,21679,SKULLS STICKERS,UNMAPPED,,,,,,,1.3072,,,,,,,data_unavailable,inventory_snapshot_missing_or_empty
,21680,WOODLAND STICKERS,UNMAPPED,,,,,,,1.4898,,,,,,,data_unavailable,inventory_snapshot_missing_or_empty
,21681,GIANT MEDINA STAMPED METAL BOWL,UNMAPPED,,,,,,,0.0875,,,,,,,data_unavailable,inventory_snapshot_missing_or_empty
,21682,LARGE MEDINA STAMPED METAL BOWL,UNMAPPED,,,,,,,0.3598,,,,,,,data_unavailable,inventory_snapshot_missing_or_empty
,21683,MEDIUM MEDINA STAMPED METAL BOWL,UNMAPPED,,,,,,,0.1989,,,,,,,data_unavailable,inventory_snapshot_missing_or_empty
,21684,SMALL MEDINA STAMPED METAL BOWL,UNMAPPED,,,,,,,0.6443,,,,,,,data_unavailable,inventory_snapshot_missing_or_empty
,21686,MEDINA STAMPED METAL STOOL,UNMAPPED,,,,,,,0.0875,,,,,,,data_unavailable,inventory_snapshot_missing_or_empty
,21687,UNKNOWN,UNMAPPED,,,,,,,0.0875,,,,,,,data_unavailable,inventory_snapshot_missing_or_empty
,21688,SILVER PLATE CANDLE BOWL SMALL,UNMAPPED,,,,,,,0.2548,,,,,,,data_unavailable,inventory_snapshot_missing_or_empty
,21689,SILVER VANILLA FLOWER CANDLE POT,UNMAPPED,,,,,,,0.2221,,,,,,,data_unavailable,inventory_snapshot_missing_or_empty
,21690,UNKNOWN,UNMAPPED,,,,,,,0.0875,,,,,,,data_unavailable,inventory_snapshot_missing_or_empty
,21691,SILVER VANILLA FLOWER CANDLE POT,UNMAPPED,,,,,,,0.0875,,,,,,,data_unavailable,inventory_snapshot_missing_or_empty
,21692,SILVER LATTICE VANILLA CANDLE POT,UNMAPPED,,,,,,,0.0875,,,,,,,data_unavailable,inventory_snapshot_missing_or_empty
,21693,SMALL HAMMERED SILVER CANDLEPOT,UNMAPPED,,,,,,,0.7210,,,,,,,data_unavailable,inventory_snapshot_missing_or_empty
,21694,SMALL REGAL SILVER CANDLEPOT,UNMAPPED,,,,,,,0.2288,,,,,,,data_unavailable,inventory_snapshot_missing_or_empty
,21695,SMALL SILVER FLOWER CANDLE POT,UNMAPPED,,,,,,,0.3157,,,,,,,data_unavailable,inventory_snapshot_missing_or_empty
,21696,SMALL SILVER TRELLIS CANDLEPOT,UNMAPPED,,,,,,,0.1787,,,,,,,data_unavailable,inventory_snapshot_missing_or_empty
,21698,MOCK LOBSTER FRIDGE MAGNET,UNMAPPED,,,,,,,0.4852,,,,,,,data_unavailable,inventory_snapshot_missing_or_empty
,21700,BIG DOUGHNUT FRIDGE MAGNETS,UNMAPPED,,,,,,,0.1825,,,,,,,data_unavailable,inventory_snapshot_missing_or_empty
,21703,BAG 125g SWIRLY MARBLES,UNMAPPED,,,,,,,9.2363,,,,,,,data_unavailable,inventory_snapshot_missing_or_empty
,21704,BAG 250g SWIRLY MARBLES,UNMAPPED,,,,,,,9.0868,,,,,,,data_unavailable,inventory_snapshot_missing_or_empty
,21705,BAG 500g SWIRLY MARBLES,UNMAPPED,,,,,,,3.1781,,,,,,,data_unavailable,inventory_snapshot_missing_or_empty
,21706,FOLDING UMBRELLA RED/WHITE POLKADOT,UNMAPPED,,,,,,,0.3933,,,,,,,data_unavailable,inventory_snapshot_missing_or_empty
,21707,FOLDING UMBRELLA BLACKBLUE POLKADOT,UNMAPPED,,,,,,,0.5010,,,,,,,data_unavailable,inventory_snapshot_missing_or_empty
,21708,FOLDING UMBRELLA CREAM POLKADOT,UNMAPPED,,,,,,,0.2361,,,,,,,data_unavailable,inventory_snapshot_missing_or_empty
,21709,FOLDING UMBRELLA CHOCOLATE POLKADOT,UNMAPPED,,,,,,,0.1943,,,,,,,data_unavailable,inventory_snapshot_missing_or_empty
,21710,FOLDING UMBRELLA PINKWHITE POLKADOT,UNMAPPED,,,,,,,0.2261,,,,,,,data_unavailable,inventory_snapshot_missing_or_empty
,21711,FOLDING UMBRELLA WHITE/RED POLKADOT,UNMAPPED,,,,,,,0.1905,,,,,,,data_unavailable,inventory_snapshot_missing_or_empty
,21713,CITRONELLA CANDLE FLOWERPOT,UNMAPPED,,,,,,,0.4802,,,,,,,data_unavailable,inventory_snapshot_missing_or_empty
,21714,CITRONELLA CANDLE GARDEN POT,UNMAPPED,,,,,,,1.0754,,,,,,,data_unavailable,inventory_snapshot_missing_or_empty
,21715,GIRLS VINTAGE TIN SEASIDE BUCKET,UNMAPPED,,,,,,,0.3972,,,,,,,data_unavailable,inventory_snapshot_missing_or_empty
,21716,BOYS VINTAGE TIN SEASIDE BUCKET,UNMAPPED,,,,,,,0.7066,,,,,,,data_unavailable,inventory_snapshot_missing_or_empty
,21717,UNKNOWN,UNMAPPED,,,,,,,0.0875,,,,,,,data_unavailable,inventory_snapshot_missing_or_empty
,21718,RED METAL BEACH SPADE,UNMAPPED,,,,,,,0.7827,,,,,,,data_unavailable,inventory_snapshot_missing_or_empty
,21719,LOVELY BONBON STICKER SHEET,UNMAPPED,,,,,,,0.2624,,,,,,,data_unavailable,inventory_snapshot_missing_or_empty
,21720,CAKE SHOP STICKER SHEET,UNMAPPED,,,,,,,0.0875,,,,,,,data_unavailable,inventory_snapshot_missing_or_empty
,21721,CANDY SHOP STICKER SHEET,UNMAPPED,,,,,,,0.1102,,,,,,,data_unavailable,inventory_snapshot_missing_or_empty
,21722,SWEET PUDDING STICKER SHEET,UNMAPPED,,,,,,,0.2048,,,,,,,data_unavailable,inventory_snapshot_missing_or_empty
,21723,ALPHABET HEARTS STICKER SHEET,UNMAPPED,,,,,,,0.2670,,,,,,,data_unavailable,inventory_snapshot_missing_or_empty
,21724,PANDA AND BUNNIES STICKER SHEET,UNMAPPED,,,,,,,0.4375,,,,,,,data_unavailable,inventory_snapshot_missing_or_empty
,21725,SWEETIES STICKERS,UNMAPPED,,,,,,,0.1083,,,,,,,data_unavailable,inventory_snapshot_missing_or_empty
,21726,MULTI HEARTS STICKERS,UNMAPPED,,,,,,,0.1569,,,,,,,data_unavailable,inventory_snapshot_missing_or_empty
,21728,UNKNOWN,UNMAPPED,,,,,,,0.0875,,,,,,,data_unavailable,inventory_snapshot_missing_or_empty
,21730,GLASS STAR FROSTED T-LIGHT HOLDER,UNMAPPED,,,,,,,1.3080,,,,,,,data_unavailable,inventory_snapshot_missing_or_empty
,21731,RED TOADSTOOL LED NIGHT LIGHT,UNMAPPED,,,,,,,15.5135,,,,,,,data_unavailable,inventory_snapshot_missing_or_empty
,21732,RED HANGING METAL STAR TLIGHT HLDR,UNMAPPED,,,,,,,0.0875,,,,,,,data_unavailable,inventory_snapshot_missing_or_empty
,21733,RED HANGING HEART T-LIGHT HOLDER,UNMAPPED,,,,,,,13.5663,,,,,,,data_unavailable,inventory_snapshot_missing_or_empty
,21735,TWO DOOR CURIO CABINET,UNMAPPED,,,,,,,0.0875,,,,,,,data_unavailable,inventory_snapshot_missing_or_empty
,21737,SET 3 WICKER LOG BASKETS,UNMAPPED,,,,,,,0.0875,,,,,,,data_unavailable,inventory_snapshot_missing_or_empty
,21738,COSY SLIPPER SHOES SMALL RED,UNMAPPED,,,,,,,0.0875,,,,,,,data_unavailable,inventory_snapshot_missing_or_empty
,21739,COSY SLIPPER SHOES SMALL GREEN,UNMAPPED,,,,,,,1.5148,,,,,,,data_unavailable,inventory_snapshot_missing_or_empty
,21741,COSY SLIPPER SHOES LARGE GREEN,UNMAPPED,,,,,,,0.1350,,,,,,,data_unavailable,inventory_snapshot_missing_or_empty
,21742,LARGE ROUND WICKER PLATTER,UNMAPPED,,,,,,,1.2058,,,,,,,data_unavailable,inventory_snapshot_missing_or_empty
,21743,STAR PORTABLE TABLE LIGHT,UNMAPPED,,,,,,,0.0875,,,,,,,data_unavailable,inventory_snapshot_missing_or_empty
,21744,SNOWFLAKE PORTABLE TABLE LIGHT,UNMAPPED,,,,,,,3.1402,,,,,,,data_unavailable,inventory_snapshot_missing_or_empty
,21745,GAOLERS KEYS DECORATIVE GARDEN,UNMAPPED,,,,,,,1.2800,,,,,,,data_unavailable,inventory_snapshot_missing_or_empty
,21746,SMALL RED RETROSPOT WINDMILL,UNMAPPED,,,,,,,0.4177,,,,,,,data_unavailable,inventory_snapshot_missing_or_empty
,21747,SMALL SKULL WINDMILL,UNMAPPED,,,,,,,0.2377,,,,,,,data_unavailable,inventory_snapshot_missing_or_empty
,21749,LARGE RED RETROSPOT WINDMILL,UNMAPPED,,,,,,,0.2172,,,,,,,data_unavailable,inventory_snapshot_missing_or_empty
,21750,LARGE SKULL WINDMILL,UNMAPPED,,,,,,,0.0903,,,,,,,data_unavailable,inventory_snapshot_missing_or_empty
,21752,GLASS CAKE STAND MIRRORED BASE,UNMAPPED,,,,,,,0.0875,,,,,,,data_unavailable,inventory_snapshot_missing_or_empty
,21754,HOME BUILDING BLOCK WORD,UNMAPPED,,,,,,,5.8362,,,,,,,data_unavailable,inventory_snapshot_missing_or_empty
,21755,LOVE BUILDING BLOCK WORD,UNMAPPED,,,,,,,2.8218,,,,,,,data_unavailable,inventory_snapshot_missing_or_empty
,21756,BATH BUILDING BLOCK WORD,UNMAPPED,,,,,,,0.9076,,,,,,,data_unavailable,inventory_snapshot_missing_or_empty
,21757,LIGHTHOUSE PRINTED METAL SIGN,UNMAPPED,,,,,,,0.0875,,,,,,,data_unavailable,inventory_snapshot_missing_or_empty
,21758,VINTAGE SHELLS PRINT,UNMAPPED,,,,,,,0.1959,,,,,,,data_unavailable,inventory_snapshot_missing_or_empty
,21765,HANGING METAL BIRD BATH,UNMAPPED,,,,,,,0.0875,,,,,,,data_unavailable,inventory_snapshot_missing_or_empty
,21768,UNKNOWN,UNMAPPED,,,,,,,0.0875,,,,,,,data_unavailable,inventory_snapshot_missing_or_empty
,21769,VINTAGE POST OFFICE CABINET,UNMAPPED,,,,,,,0.0875,,,,,,,data_unavailable,inventory_snapshot_missing_or_empty
,21770,OPEN CLOSED METAL SIGN,UNMAPPED,,,,,,,2.7444,,,,,,,data_unavailable,inventory_snapshot_missing_or_empty
,21773,DECORATIVE ROSE BATHROOM BOTTLE,UNMAPPED,,,,,,,0.6076,,,,,,,data_unavailable,inventory_snapshot_missing_or_empty
,21774,DECORATIVE CATS BATHROOM BOTTLE,UNMAPPED,,,,,,,0.8861,,,,,,,data_unavailable,inventory_snapshot_missing_or_empty
,21775,DECORATIVE FLORE BATHROOM BOTTLE,UNMAPPED,,,,,,,0.5626,,,,,,,data_unavailable,inventory_snapshot_missing_or_empty
,21777,UNKNOWN,UNMAPPED,,,,,,,0.0875,,,,,,,data_unavailable,inventory_snapshot_missing_or_empty
,21781,MA CAMPAGNE CUTLERY BOX,UNMAPPED,,,,,,,0.0875,,,,,,,data_unavailable,inventory_snapshot_missing_or_empty
,21784,UNKNOWN,UNMAPPED,,,,,,,0.0875,,,,,,,data_unavailable,inventory_snapshot_missing_or_empty
,21785,RAIN PONCHO,UNMAPPED,,,,,,,0.0875,,,,,,,data_unavailable,inventory_snapshot_missing_or_empty
,21786,POLKADOT RAIN HAT,UNMAPPED,,,,,,,3.2574,,,,,,,data_unavailable,inventory_snapshot_missing_or_empty
,21787,RAIN PONCHO RETROSPOT,UNMAPPED,,,,,,,5.6794,,,,,,,data_unavailable,inventory_snapshot_missing_or_empty
,21788,KIDS RAIN MAC BLUE,UNMAPPED,,,,,,,0.5747,,,,,,,data_unavailable,inventory_snapshot_missing_or_empty
,21789,KIDS RAIN MAC PINK,UNMAPPED,,,,,,,0.5796,,,,,,,data_unavailable,inventory_snapshot_missing_or_empty
,21790,VINTAGE SNAP CARDS,UNMAPPED,,,,,,,16.7218,,,,,,,data_unavailable,inventory_snapshot_missing_or_empty
,21791,VINTAGE HEADS AND TAILS CARD GAME,UNMAPPED,,,,,,,14.1273,,,,,,,data_unavailable,inventory_snapshot_missing_or_empty
,21792,CLASSIC FRENCH STYLE BASKET GREEN,UNMAPPED,,,,,,,0.0875,,,,,,,data_unavailable,inventory_snapshot_missing_or_empty
,21793,CLASSIC FRENCH STYLE BASKET BROWN,UNMAPPED,,,,,,,0.5382,,,,,,,data_unavailable,inventory_snapshot_missing_or_empty
,21794,adjustment,UNMAPPED,,,,,,,0.0875,,,,,,,data_unavailable,inventory_snapshot_missing_or_empty
,21795,UNKNOWN,UNMAPPED,,,,,,,0.0875,,,,,,,data_unavailable,inventory_snapshot_missing_or_empty
,21796,UNKNOWN,UNMAPPED,,,,,,,0.0875,,,,,,,data_unavailable,inventory_snapshot_missing_or_empty
,21801,CHRISTMAS TREE DECORATION WITH BELL,UNMAPPED,,,,,,,0.0881,,,,,,,data_unavailable,inventory_snapshot_missing_or_empty
,21802,CHRISTMAS TREE HEART DECORATION,UNMAPPED,,,,,,,0.1821,,,,,,,data_unavailable,inventory_snapshot_missing_or_empty
,21803,CHRISTMAS TREE STAR DECORATION,UNMAPPED,,,,,,,4.2623,,,,,,,data_unavailable,inventory_snapshot_missing_or_empty
,21804,dotcom,UNMAPPED,,,,,,,2.9451,,,,,,,data_unavailable,inventory_snapshot_missing_or_empty
,21805,WHITE CHRISTMAS TREE DECORATION,UNMAPPED,,,,,,,0.0875,,,,,,,data_unavailable,inventory_snapshot_missing_or_empty
,21806,WHITE CHRISTMAS HEART DECORATION,UNMAPPED,,,,,,,0.0875,,,,,,,data_unavailable,inventory_snapshot_missing_or_empty
,21807,WHITE CHRISTMAS STAR DECORATION,UNMAPPED,,,,,,,0.1824,,,,,,,data_unavailable,inventory_snapshot_missing_or_empty
,21808,"CHRISTMAS GARLAND STARS,TREES",UNMAPPED,,,,,,,0.6833,,,,,,,data_unavailable,inventory_snapshot_missing_or_empty
,21809,CHRISTMAS HANGING TREE WITH BELL,UNMAPPED,,,,,,,1.1622,,,,,,,data_unavailable,inventory_snapshot_missing_or_empty
,21810,CHRISTMAS HANGING STAR WITH BELL,UNMAPPED,,,,,,,16.2156,,,,,,,data_unavailable,inventory_snapshot_missing_or_empty
,21811,UNKNOWN,UNMAPPED,,,,,,,5.3698,,,,,,,data_unavailable,inventory_snapshot_missing_or_empty
,21812,GARLAND WITH HEARTS AND BELLS,UNMAPPED,,,,,,,1.2860,,,,,,,data_unavailable,inventory_snapshot_missing_or_empty
,21813,GARLAND WITH STARS AND BELLS,UNMAPPED,,,,,,,4.1879,,,,,,,data_unavailable,inventory_snapshot_missing_or_empty
,21814,HEART T-LIGHT HOLDER,UNMAPPED,,,,,,,0.3652,,,,,,,data_unavailable,inventory_snapshot_missing_or_empty
,21815,STAR T-LIGHT HOLDER,UNMAPPED,,,,,,,0.2907,,,,,,,data_unavailable,inventory_snapshot_missing_or_empty
,21816,CHRISTMAS TREE T-LIGHT HOLDER,UNMAPPED,,,,,,,0.1953,,,,,,,data_unavailable,inventory_snapshot_missing_or_empty
,21817,GLITTER CHRISTMAS TREE,UNMAPPED,,,,,,,0.2648,,,,,,,data_unavailable,inventory_snapshot_missing_or_empty
,21818,GLITTER HEART DECORATION,UNMAPPED,,,,,,,11.0220,,,,,,,data_unavailable,inventory_snapshot_missing_or_empty
,21819,GLITTER CHRISTMAS STAR,UNMAPPED,,,,,,,11.1537,,,,,,,data_unavailable,inventory_snapshot_missing_or_empty
,21820,GLITTER HEART GARLAND WITH BELLS,UNMAPPED,,,,,,,1.9064,,,,,,,data_unavailable,inventory_snapshot_missing_or_empty
,21821,GLITTER STAR GARLAND WITH BELLS,UNMAPPED,,,,,,,1.5027,,,,,,,data_unavailable,inventory_snapshot_missing_or_empty
,21822,GLITTER CHRISTMAS TREE WITH BELLS,UNMAPPED,,,,,,,8.5200,,,,,,,data_unavailable,inventory_snapshot_missing_or_empty
,21823,amazon adjust,UNMAPPED,,,,,,,0.1445,,,,,,,data_unavailable,inventory_snapshot_missing_or_empty
,21824,PAINTED METAL STAR WITH HOLLY BELLS,UNMAPPED,,,,,,,0.4626,,,,,,,data_unavailable,inventory_snapshot_missing_or_empty
,21825,PAINTED METAL TREE WITH HOLLY BELLS,UNMAPPED,,,,,,,0.0875,,,,,,,data_unavailable,inventory_snapshot_missing_or_empty
,21826,UNKNOWN,UNMAPPED,,,,,,,0.0875,,,,,,,data_unavailable,inventory_snapshot_missing_or_empty
,21827,EIGHT PIECE CREEPY CRAWLIE SET,UNMAPPED,,,,,,,0.0875,,,,,,,data_unavailable,inventory_snapshot_missing_or_empty
,21828,EIGHT PIECE SNAKE SET,UNMAPPED,,,,,,,1.0558,,,,,,,data_unavailable,inventory_snapshot_missing_or_empty
,21829,adjustment,UNMAPPED,,,,,,,0.0875,,,,,,,data_unavailable,inventory_snapshot_missing_or_empty
,21830,ASSORTED CREEPY CRAWLIES,UNMAPPED,,,,,,,0.1121,,,,,,,data_unavailable,inventory_snapshot_missing_or_empty
,21832,CHOCOLATE CALCULATOR,UNMAPPED,,,,,,,2.9413,,,,,,,data_unavailable,inventory_snapshot_missing_or_empty
,21833,CAMOUFLAGE LED TORCH,UNMAPPED,,,,,,,6.3617,,,,,,,data_unavailable,inventory_snapshot_missing_or_empty
,21836,GINGHAM OVEN GLOVE RED HEART,UNMAPPED,,,,,,,0.0875,,,,,,,data_unavailable,inventory_snapshot_missing_or_empty
,21837,UNKNOWN,UNMAPPED,,,,,,,0.0875,,,,,,,data_unavailable,inventory_snapshot_missing_or_empty
,21839,MUMMY MOUSE RED GINGHAM RIBBON,UNMAPPED,,,,,,,0.0875,,,,,,,data_unavailable,inventory_snapshot_missing_or_empty
,21841,BABY MOUSE RED GINGHAM DRESS,UNMAPPED,,,,,,,0.2271,,,,,,,data_unavailable,inventory_snapshot_missing_or_empty
,21843,RED RETROSPOT CAKE STAND,UNMAPPED,,,,,,,4.8313,,,,,,,data_unavailable,inventory_snapshot_missing_or_empty
,21844,RED RETROSPOT MUG,UNMAPPED,,,,,,,1.3864,,,,,,,data_unavailable,inventory_snapshot_missing_or_empty
,21845,DAIRY MAID STRIPE MUG,UNMAPPED,,,,,,,0.3650,,,,,,,data_unavailable,inventory_snapshot_missing_or_empty
,21846,PINK DIAMANTE PEN IN GIFT BOX,UNMAPPED,,,,,,,0.5391,,,,,,,data_unavailable,inventory_snapshot_missing_or_empty
,21847,GREEN DIAMANTE PEN IN GIFT BOX,UNMAPPED,,,,,,,0.0975,,,,,,,data_unavailable,inventory_snapshot_missing_or_empty
,21849,SILVER DIAMANTE PEN IN GIFT BOX,UNMAPPED,,,,,,,0.3090,,,,,,,data_unavailable,inventory_snapshot_missing_or_empty
,21850,BLUE DIAMANTE PEN IN GIFT BOX,UNMAPPED,,,,,,,0.3009,,,,,,,data_unavailable,inventory_snapshot_missing_or_empty
,21851,LILAC DIAMANTE PEN IN GIFT BOX,UNMAPPED,,,,,,,0.1642,,,,,,,data_unavailable,inventory_snapshot_missing_or_empty
,21864,UNION JACK FLAG PASSPORT COVER,UNMAPPED,,,,,,,0.8270,,,,,,,data_unavailable,inventory_snapshot_missing_or_empty
,21865,PINK UNION JACK PASSPORT COVER,UNMAPPED,,,,,,,0.5141,,,,,,,data_unavailable,inventory_snapshot_missing_or_empty
,21866,UNION JACK FLAG LUGGAGE TAG,UNMAPPED,,,,,,,1.1445,,,,,,,data_unavailable,inventory_snapshot_missing_or_empty
,21867,PINK UNION JACK LUGGAGE TAG,UNMAPPED,,,,,,,0.5808,,,,,,,data_unavailable,inventory_snapshot_missing_or_empty
,21868,POTTING SHED TEA MUG,UNMAPPED,,,,,,,2.3788,,,,,,,data_unavailable,inventory_snapshot_missing_or_empty
,21869,UNKNOWN,UNMAPPED,,,,,,,0.0875,,,,,,,data_unavailable,inventory_snapshot_missing_or_empty
,21870,I CAN ONLY PLEASE ONE PERSON MUG,UNMAPPED,,,,,,,0.0875,,,,,,,data_unavailable,inventory_snapshot_missing_or_empty
,21871,SAVE THE PLANET MUG,UNMAPPED,,,,,,,5.8149,,,,,,,data_unavailable,inventory_snapshot_missing_or_empty
,21872,GLAMOROUS MUG,UNMAPPED,,,,,,,1.6280,,,,,,,data_unavailable,inventory_snapshot_missing_or_empty
,21873,IF YOU CAN'T STAND THE HEAT MUG,UNMAPPED,,,,,,,0.6685,,,,,,,data_unavailable,inventory_snapshot_missing_or_empty
,21874,GIN AND TONIC MUG,UNMAPPED,,,,,,,4.0361,,,,,,,data_unavailable,inventory_snapshot_missing_or_empty
,21875,KINGS CHOICE MUG,UNMAPPED,,,,,,,1.5817,,,,,,,data_unavailable,inventory_snapshot_missing_or_empty
,21876,POTTERING MUG,UNMAPPED,,,,,,,4.3311,,,,,,,data_unavailable,inventory_snapshot_missing_or_empty
,21877,HOME SWEET HOME MUG,UNMAPPED,,,,,,,3.3127,,,,,,,data_unavailable,inventory_snapshot_missing_or_empty
,21878,PACK OF 6 SANDCASTLE FLAGS ASSORTED,UNMAPPED,,,,,,,0.4733,,,,,,,data_unavailable,inventory_snapshot_missing_or_empty
,21879,HEARTS GIFT TAPE,UNMAPPED,,,,,,,0.2267,,,,,,,data_unavailable,inventory_snapshot_missing_or_empty
,21880,RED RETROSPOT TAPE,UNMAPPED,,,,,,,1.7315,,,,,,,data_unavailable,inventory_snapshot_missing_or_empty
,21881,CUTE CATS TAPE,UNMAPPED,,,,,,,0.3226,,,,,,,data_unavailable,inventory_snapshot_missing_or_empty
,21882,SKULLS TAPE,UNMAPPED,,,,,,,0.3721,,,,,,,data_unavailable,inventory_snapshot_missing_or_empty
,21883,STARS GIFT TAPE,UNMAPPED,,,,,,,0.7741,,,,,,,data_unavailable,inventory_snapshot_missing_or_empty
,21884,CAKES AND BOWS GIFT TAPE,UNMAPPED,,,,,,,0.3074,,,,,,,data_unavailable,inventory_snapshot_missing_or_empty
,21888,BINGO SET,UNMAPPED,,,,,,,5.4445,,,,,,,data_unavailable,inventory_snapshot_missing_or_empty
,21889,WOODEN BOX OF DOMINOES,UNMAPPED,,,,,,,14.8301,,,,,,,data_unavailable,inventory_snapshot_missing_or_empty
,21890,S/6 WOODEN SKITTLES IN COTTON BAG,UNMAPPED,,,,,,,2.2252,,,,,,,data_unavailable,inventory_snapshot_missing_or_empty
,21891,TRADITIONAL WOODEN SKIPPING ROPE,UNMAPPED,,,,,,,11.5904,,,,,,,data_unavailable,inventory_snapshot_missing_or_empty
,21892,TRADITIONAL WOODEN CATCH CUP GAME,UNMAPPED,,,,,,,9.6382,,,,,,,data_unavailable,inventory_snapshot_missing_or_empty
,21894,POTTING SHED SEED ENVELOPES,UNMAPPED,,,,,,,0.9211,,,,,,,data_unavailable,inventory_snapshot_missing_or_empty
,21895,POTTING SHED SOW 'N' GROW SET,UNMAPPED,,,,,,,0.0875,,,,,,,data_unavailable,inventory_snapshot_missing_or_empty
,21896,POTTING SHED TWINE,UNMAPPED,,,,,,,0.2395,,,,,,,data_unavailable,inventory_snapshot_missing_or_empty
,21897,UNKNOWN,UNMAPPED,,,,,,,0.0875,,,,,,,data_unavailable,inventory_snapshot_missing_or_empty
,21898,UNKNOWN,UNMAPPED,,,,,,,0.0875,,,,,,,data_unavailable,inventory_snapshot_missing_or_empty
,21899,GARAGE KEY FOB,UNMAPPED,,,,,,,2.5991,,,,,,,data_unavailable,inventory_snapshot_missing_or_empty
,21900,"KEY FOB , SHED",UNMAPPED,,,,,,,4.0898,,,,,,,data_unavailable,inventory_snapshot_missing_or_empty
,21901,"KEY FOB , BACK DOOR",UNMAPPED,,,,,,,2.8945,,,,,,,data_unavailable,inventory_snapshot_missing_or_empty
,21902,"KEY FOB , FRONT DOOR",UNMAPPED,,,,,,,2.0287,,,,,,,data_unavailable,inventory_snapshot_missing_or_empty
,21903,MAN FLU METAL SIGN,UNMAPPED,,,,,,,1.1488,,,,,,,data_unavailable,inventory_snapshot_missing_or_empty
,21904,UNKNOWN,UNMAPPED,,,,,,,0.0875,,,,,,,data_unavailable,inventory_snapshot_missing_or_empty
,21905,MORE BUTTER METAL SIGN,UNMAPPED,,,,,,,1.2670,,,,,,,data_unavailable,inventory_snapshot_missing_or_empty
,21906,PHARMACIE FIRST AID TIN,UNMAPPED,,,,,,,0.4105,,,,,,,data_unavailable,inventory_snapshot_missing_or_empty
,21907,I'M ON HOLIDAY METAL SIGN,UNMAPPED,,,,,,,1.8755,,,,,,,data_unavailable,inventory_snapshot_missing_or_empty
,21908,CHOCOLATE THIS WAY METAL SIGN,UNMAPPED,,,,,,,5.2266,,,,,,,data_unavailable,inventory_snapshot_missing_or_empty
,21910,WAY OUT METAL SIGN,UNMAPPED,,,,,,,0.0875,,,,,,,data_unavailable,inventory_snapshot_missing_or_empty
,21911,UNKNOWN,UNMAPPED,,,,,,,0.0875,,,,,,,data_unavailable,inventory_snapshot_missing_or_empty
,21912,VINTAGE SNAKES & LADDERS,UNMAPPED,,,,,,,4.8712,,,,,,,data_unavailable,inventory_snapshot_missing_or_empty
,21913,VINTAGE SEASIDE JIGSAW PUZZLES,UNMAPPED,,,,,,,0.4663,,,,,,,data_unavailable,inventory_snapshot_missing_or_empty
,21914,BLUE HARMONICA IN BOX,UNMAPPED,,,,,,,15.6445,,,,,,,data_unavailable,inventory_snapshot_missing_or_empty
,21915,RED HARMONICA IN BOX,UNMAPPED,,,,,,,4.5304,,,,,,,data_unavailable,inventory_snapshot_missing_or_empty
,21916,SET 12 RETRO WHITE CHALK STICKS,UNMAPPED,,,,,,,4.9825,,,,,,,data_unavailable,inventory_snapshot_missing_or_empty
,21917,SET 12 KIDS WHITE CHALK STICKS,UNMAPPED,,,,,,,2.9366,,,,,,,data_unavailable,inventory_snapshot_missing_or_empty
,21918,SET 12 KIDS COLOUR CHALK STICKS,UNMAPPED,,,,,,,7.9306,,,,,,,data_unavailable,inventory_snapshot_missing_or_empty
,21922,UNION STRIPE WITH FRINGE HAMMOCK,UNMAPPED,,,,,,,0.2647,,,,,,,data_unavailable,inventory_snapshot_missing_or_empty
,21923,UNKNOWN,UNMAPPED,,,,,,,0.0875,,,,,,,data_unavailable,inventory_snapshot_missing_or_empty
,21924,UNKNOWN,UNMAPPED,,,,,,,0.0875,,,,,,,data_unavailable,inventory_snapshot_missing_or_empty
,21925,UNION STRIPE CUSHION COVER,UNMAPPED,,,,,,,0.1207,,,,,,,data_unavailable,inventory_snapshot_missing_or_empty
,21926,RED/CREAM STRIPE CUSHION COVER,UNMAPPED,,,,,,,0.2404,,,,,,,data_unavailable,inventory_snapshot_missing_or_empty
,21927,BLUE/CREAM STRIPE CUSHION COVER,UNMAPPED,,,,,,,0.6643,,,,,,,data_unavailable,inventory_snapshot_missing_or_empty
,21928,JUMBO BAG SCANDINAVIAN BLUE PAISLEY,UNMAPPED,,,,,,,9.6574,,,,,,,data_unavailable,inventory_snapshot_missing_or_empty
,21929,JUMBO BAG PINK VINTAGE PAISLEY,UNMAPPED,,,,,,,8.6683,,,,,,,data_unavailable,inventory_snapshot_missing_or_empty
,21930,JUMBO STORAGE BAG SKULLS,UNMAPPED,,,,,,,9.6718,,,,,,,data_unavailable,inventory_snapshot_missing_or_empty
,21931,JUMBO STORAGE BAG SUKI,UNMAPPED,,,,,,,13.2706,,,,,,,data_unavailable,inventory_snapshot_missing_or_empty
,21932,SCANDINAVIAN PAISLEY PICNIC BAG,UNMAPPED,,,,,,,2.8066,,,,,,,data_unavailable,inventory_snapshot_missing_or_empty
,21933,PINK VINTAGE PAISLEY PICNIC BAG,UNMAPPED,,,,,,,2.4754,,,,,,,data_unavailable,inventory_snapshot_missing_or_empty
,21934,SKULL SHOULDER BAG,UNMAPPED,,,,,,,8.2393,,,,,,,data_unavailable,inventory_snapshot_missing_or_empty
,21935,SUKI SHOULDER BAG,UNMAPPED,,,,,,,10.0626,,,,,,,data_unavailable,inventory_snapshot_missing_or_empty
,21936,RED RETROSPOT PICNIC BAG,UNMAPPED,,,,,,,0.9992,,,,,,,data_unavailable,inventory_snapshot_missing_or_empty
,21937,STRAWBERRY PICNIC BAG,UNMAPPED,,,,,,,0.3572,,,,,,,data_unavailable,inventory_snapshot_missing_or_empty
,21942,SKULLS DESIGN FLANNEL,UNMAPPED,,,,,,,1.0230,,,,,,,data_unavailable,inventory_snapshot_missing_or_empty
,21943,CAKES AND RABBITS DESIGN FLANNEL,UNMAPPED,,,,,,,0.2057,,,,,,,data_unavailable,inventory_snapshot_missing_or_empty
,21944,KITTENS DESIGN FLANNEL,UNMAPPED,,,,,,,0.8609,,,,,,,data_unavailable,inventory_snapshot_missing_or_empty
,21945,STRAWBERRIES DESIGN FLANNEL,UNMAPPED,,,,,,,0.9228,,,,,,,data_unavailable,inventory_snapshot_missing_or_empty
,21946,PARTY TIME DESIGN FLANNEL,UNMAPPED,,,,,,,0.1954,,,,,,,data_unavailable,inventory_snapshot_missing_or_empty
,21947,SET OF 6 HEART CHOPSTICKS,UNMAPPED,,,,,,,0.9070,,,,,,,data_unavailable,inventory_snapshot_missing_or_empty
,21948,SET OF 6 CAKE CHOPSTICKS,UNMAPPED,,,,,,,0.6278,,,,,,,data_unavailable,inventory_snapshot_missing_or_empty
,21949,SET OF 6 STRAWBERRY CHOPSTICKS,UNMAPPED,,,,,,,0.8469,,,,,,,data_unavailable,inventory_snapshot_missing_or_empty
,21955,DOORMAT UNION JACK GUNS AND ROSES,UNMAPPED,,,,,,,0.4150,,,,,,,data_unavailable,inventory_snapshot_missing_or_empty
,21967,PACK OF 12 SKULL TISSUES,UNMAPPED,,,,,,,2.6645,,,,,,,data_unavailable,inventory_snapshot_missing_or_empty
,21972,SET OF 36 DINOSAUR PAPER DOILIES,UNMAPPED,,,,,,,0.3922,,,,,,,data_unavailable,inventory_snapshot_missing_or_empty
,21973,SET OF 36 MUSHROOM PAPER DOILIES,UNMAPPED,,,,,,,0.1267,,,,,,,data_unavailable,inventory_snapshot_missing_or_empty
,21974,SET OF 36 PAISLEY FLOWER DOILIES,UNMAPPED,,,,,,,3.8215,,,,,,,data_unavailable,inventory_snapshot_missing_or_empty
,21975,PACK OF 60 DINOSAUR CAKE CASES,UNMAPPED,,,,,,,8.3632,,,,,,,data_unavailable,inventory_snapshot_missing_or_empty
,21976,PACK OF 60 MUSHROOM CAKE CASES,UNMAPPED,,,,,,,3.6946,,,,,,,data_unavailable,inventory_snapshot_missing_or_empty
,21977,PACK OF 60 PINK PAISLEY CAKE CASES,UNMAPPED,,,,,,,12.9580,,,,,,,data_unavailable,inventory_snapshot_missing_or_empty
,21980,PACK OF 12 RED RETROSPOT TISSUES,UNMAPPED,,,,,,,4.4612,,,,,,,data_unavailable,inventory_snapshot_missing_or_empty
,21981,PACK OF 12 WOODLAND TISSUES,UNMAPPED,,,,,,,3.6136,,,,,,,data_unavailable,inventory_snapshot_missing_or_empty
,21982,PACK OF 12 SUKI TISSUES,UNMAPPED,,,,,,,7.5650,,,,,,,data_unavailable,inventory_snapshot_missing_or_empty
,21983,PACK OF 12 BLUE PAISLEY TISSUES,UNMAPPED,,,,,,,2.0107,,,,,,,data_unavailable,inventory_snapshot_missing_or_empty
,21984,PACK OF 12 PINK PAISLEY TISSUES,UNMAPPED,,,,,,,1.7823,,,,,,,data_unavailable,inventory_snapshot_missing_or_empty
,21985,PACK OF 12 HEARTS DESIGN TISSUES,UNMAPPED,,,,,,,6.5518,,,,,,,data_unavailable,inventory_snapshot_missing_or_empty
,21986,PACK OF 12 PINK POLKADOT TISSUES,UNMAPPED,,,,,,,1.7426,,,,,,,data_unavailable,inventory_snapshot_missing_or_empty
,21987,PACK OF 6 SKULL PAPER CUPS,UNMAPPED,,,,,,,1.7261,,,,,,,data_unavailable,inventory_snapshot_missing_or_empty
,21988,PACK OF 6 SKULL PAPER PLATES,UNMAPPED,,,,,,,1.5120,,,,,,,data_unavailable,inventory_snapshot_missing_or_empty
,21989,PACK OF 20 SKULL PAPER NAPKINS,UNMAPPED,,,,,,,2.7812,,,,,,,data_unavailable,inventory_snapshot_missing_or_empty
,21990,MODERN FLORAL STATIONERY SET,UNMAPPED,,,,,,,7.8054,,,,,,,data_unavailable,inventory_snapshot_missing_or_empty
,21991,BOHEMIAN COLLAGE STATIONERY SET,UNMAPPED,,,,,,,2.7105,,,,,,,data_unavailable,inventory_snapshot_missing_or_empty
,21992,check,UNMAPPED,,,,,,,0.8875,,,,,,,data_unavailable,inventory_snapshot_missing_or_empty
,21993,FLORAL FOLK STATIONERY SET,UNMAPPED,,,,,,,9.4242,,,,,,,data_unavailable,inventory_snapshot_missing_or_empty
,22021,BLUE FELT EASTER EGG BASKET,UNMAPPED,,,,,,,0.0875,,,,,,,data_unavailable,inventory_snapshot_missing_or_empty
,22023,EMPIRE BIRTHDAY CARD,UNMAPPED,,,,,,,0.9092,,,,,,,data_unavailable,inventory_snapshot_missing_or_empty
,22024,RAINY LADIES BIRTHDAY CARD,UNMAPPED,,,,,,,1.9897,,,,,,,data_unavailable,inventory_snapshot_missing_or_empty
,22025,RING OF ROSES BIRTHDAY CARD,UNMAPPED,,,,,,,0.7232,,,,,,,data_unavailable,inventory_snapshot_missing_or_empty
,22026,BANQUET BIRTHDAY CARD,UNMAPPED,,,,,,,1.1162,,,,,,,data_unavailable,inventory_snapshot_missing_or_empty
,22027,TEA PARTY BIRTHDAY CARD,UNMAPPED,,,,,,,4.5745,,,,,,,data_unavailable,inventory_snapshot_missing_or_empty
,22028,PENNY FARTHING BIRTHDAY CARD,UNMAPPED,,,,,,,4.5574,,,,,,,data_unavailable,inventory_snapshot_missing_or_empty
,22029,SPACEBOY BIRTHDAY CARD,UNMAPPED,,,,,,,9.5425,,,,,,,data_unavailable,inventory_snapshot_missing_or_empty
,22030,SWALLOWS GREETING CARD,UNMAPPED,,,,,,,5.6573,,,,,,,data_unavailable,inventory_snapshot_missing_or_empty
,22031,BOTANICAL LAVENDER BIRTHDAY CARD,UNMAPPED,,,,,,,0.5186,,,,,,,data_unavailable,inventory_snapshot_missing_or_empty
,22032,BOTANICAL LILY GREETING CARD,UNMAPPED,,,,,,,0.4899,,,,,,,data_unavailable,inventory_snapshot_missing_or_empty
,22033,BOTANICAL ROSE GREETING CARD,UNMAPPED,,,,,,,0.1084,,,,,,,data_unavailable,inventory_snapshot_missing_or_empty
,22034,ROBIN CHRISTMAS CARD,UNMAPPED,,,,,,,0.1411,,,,,,,data_unavailable,inventory_snapshot_missing_or_empty
,22035,VINTAGE CARAVAN GREETING CARD,UNMAPPED,,,,,,,0.0880,,,,,,,data_unavailable,inventory_snapshot_missing_or_empty
,22036,DINOSAUR BIRTHDAY CARD,UNMAPPED,,,,,,,0.0875,,,,,,,data_unavailable,inventory_snapshot_missing_or_empty
,22037,ROBOT BIRTHDAY CARD,UNMAPPED,,,,,,,5.7471,,,,,,,data_unavailable,inventory_snapshot_missing_or_empty
,22038,BOTANICAL LAVENDER GIFT WRAP,UNMAPPED,,,,,,,0.2689,,,,,,,data_unavailable,inventory_snapshot_missing_or_empty
,22040,BOTANICAL ROSE GIFT WRAP,UNMAPPED,,,,,,,0.1997,,,,,,,data_unavailable,inventory_snapshot_missing_or_empty
,22041,"RECORD FRAME 7"" SINGLE SIZE",UNMAPPED,,,,,,,4.8367,,,,,,,data_unavailable,inventory_snapshot_missing_or_empty
,22042,CHRISTMAS CARD SINGING ANGEL,UNMAPPED,,,,,,,1.0462,,,,,,,data_unavailable,inventory_snapshot_missing_or_empty
,22043,CHRISTMAS CARD SCREEN PRINT,UNMAPPED,,,,,,,4.1377,,,,,,,data_unavailable,inventory_snapshot_missing_or_empty
,22044,CHRISTMAS CARD STACK OF PRESENTS,UNMAPPED,,,,,,,0.1087,,,,,,,data_unavailable,inventory_snapshot_missing_or_empty
,22045,SPACEBOY GIFT WRAP,UNMAPPED,,,,,,,6.2511,,,,,,,data_unavailable,inventory_snapshot_missing_or_empty
,22046,TEA PARTY WRAPPING PAPER,UNMAPPED,,,,,,,1.0803,,,,,,,data_unavailable,inventory_snapshot_missing_or_empty
,22047,EMPIRE GIFT WRAP,UNMAPPED,,,,,,,2.1525,,,,,,,data_unavailable,inventory_snapshot_missing_or_empty
,22048,BIRTHDAY BANQUET GIFT WRAP,UNMAPPED,,,,,,,0.2174,,,,,,,data_unavailable,inventory_snapshot_missing_or_empty
,22049,WRAP CHRISTMAS SCREEN PRINT,UNMAPPED,,,,,,,0.0875,,,,,,,data_unavailable,inventory_snapshot_missing_or_empty
,22050,PINK PAISLEY ROSE GIFT WRAP,UNMAPPED,,,,,,,0.2088,,,,,,,data_unavailable,inventory_snapshot_missing_or_empty
,22051,BLUE SCANDINAVIAN PAISLEY WRAP,UNMAPPED,,,,,,,0.3505,,,,,,,data_unavailable,inventory_snapshot_missing_or_empty
,22052,VINTAGE CARAVAN GIFT WRAP,UNMAPPED,,,,,,,0.0875,,,,,,,data_unavailable,inventory_snapshot_missing_or_empty
,22053,EMPIRE DESIGN ROSETTE,UNMAPPED,,,,,,,0.1037,,,,,,,data_unavailable,inventory_snapshot_missing_or_empty
,22054,MINI CAKE STAND HANGING HEARTS,UNMAPPED,,,,,,,0.0875,,,,,,,data_unavailable,inventory_snapshot_missing_or_empty
,22055,MINI CAKE STAND HANGING STRAWBERY,UNMAPPED,,,,,,,1.2123,,,,,,,data_unavailable,inventory_snapshot_missing_or_empty
,22056,CERAMIC PLATE LOVE HEART DESIGN,UNMAPPED,,,,,,,0.0875,,,,,,,data_unavailable,inventory_snapshot_missing_or_empty
,22057,CERAMIC PLATE STRAWBERRY DESIGN,UNMAPPED,,,,,,,0.8758,,,,,,,data_unavailable,inventory_snapshot_missing_or_empty
,22058,CERAMIC LOVE HEARTS DESIGN MUG,UNMAPPED,,,,,,,0.0875,,,,,,,data_unavailable,inventory_snapshot_missing_or_empty
,22059,CERAMIC STRAWBERRY DESIGN MUG,UNMAPPED,,,,,,,1.4737,,,,,,,data_unavailable,inventory_snapshot_missing_or_empty
,22060,LARGE CAKE STAND HANGING HEARTS,UNMAPPED,,,,,,,0.0875,,,,,,,data_unavailable,inventory_snapshot_missing_or_empty
,22061,LARGE CAKE STAND HANGING STRAWBERY,UNMAPPED,,,,,,,1.1616,,,,,,,data_unavailable,inventory_snapshot_missing_or_empty
,22062,UNKNOWN,UNMAPPED,,,,,,,0.0875,,,,,,,data_unavailable,inventory_snapshot_missing_or_empty
,22063,CERAMIC BOWL WITH STRAWBERRY DESIGN,UNMAPPED,,,,,,,0.7076,,,,,,,data_unavailable,inventory_snapshot_missing_or_empty
,22064,PINK DOUGHNUT TRINKET POT,UNMAPPED,,,,,,,3.9618,,,,,,,data_unavailable,inventory_snapshot_missing_or_empty
,22065,CHRISTMAS PUDDING TRINKET POT,UNMAPPED,,,,,,,15.0824,,,,,,,data_unavailable,inventory_snapshot_missing_or_empty
,22066,LOVE HEART TRINKET POT,UNMAPPED,,,,,,,3.0461,,,,,,,data_unavailable,inventory_snapshot_missing_or_empty
,22067,CHOC TRUFFLE GOLD TRINKET POT,UNMAPPED,,,,,,,0.5765,,,,,,,data_unavailable,inventory_snapshot_missing_or_empty
,22068,BLACK PIRATE TREASURE CHEST,UNMAPPED,,,,,,,0.8677,,,,,,,data_unavailable,inventory_snapshot_missing_or_empty
,22069,BROWN PIRATE TREASURE CHEST,UNMAPPED,,,,,,,1.4880,,,,,,,data_unavailable,inventory_snapshot_missing_or_empty
,22070,SMALL RED RETROSPOT MUG IN BOX,UNMAPPED,,,,,,,2.6536,,,,,,,data_unavailable,inventory_snapshot_missing_or_empty
,22071,SMALL WHITE RETROSPOT MUG IN BOX,UNMAPPED,,,,,,,1.7894,,,,,,,data_unavailable,inventory_snapshot_missing_or_empty
,22072,RED RETROSPOT TEA CUP AND SAUCER,UNMAPPED,,,,,,,1.1214,,,,,,,data_unavailable,inventory_snapshot_missing_or_empty
,22073,RED RETROSPOT STORAGE JAR,UNMAPPED,,,,,,,0.0875,,,,,,,data_unavailable,inventory_snapshot_missing_or_empty
,22074,6 RIBBONS SHIMMERING PINKS,UNMAPPED,,,,,,,2.4230,,,,,,,data_unavailable,inventory_snapshot_missing_or_empty
,22075,6 RIBBONS ELEGANT CHRISTMAS,UNMAPPED,,,,,,,8.5232,,,,,,,data_unavailable,inventory_snapshot_missing_or_empty
,22076,6 RIBBONS EMPIRE,UNMAPPED,,,,,,,4.4227,,,,,,,data_unavailable,inventory_snapshot_missing_or_empty
,22077,6 RIBBONS RUSTIC CHARM,UNMAPPED,,,,,,,11.9936,,,,,,,data_unavailable,inventory_snapshot_missing_or_empty
,22078,RIBBON REEL LACE DESIGN,UNMAPPED,,,,,,,2.0304,,,,,,,data_unavailable,inventory_snapshot_missing_or_empty
,22079,RIBBON REEL HEARTS DESIGN,UNMAPPED,,,,,,,3.8546,,,,,,,data_unavailable,inventory_snapshot_missing_or_empty
,22080,RIBBON REEL POLKADOTS,UNMAPPED,,,,,,,3.7476,,,,,,,data_unavailable,inventory_snapshot_missing_or_empty
,22081,RIBBON REEL FLORA + FAUNA,UNMAPPED,,,,,,,0.8017,,,,,,,data_unavailable,inventory_snapshot_missing_or_empty
,22082,RIBBON REEL STRIPES DESIGN,UNMAPPED,,,,,,,7.8687,,,,,,,data_unavailable,inventory_snapshot_missing_or_empty
,22083,PAPER CHAIN KIT RETROSPOT,UNMAPPED,,,,,,,10.0062,,,,,,,data_unavailable,inventory_snapshot_missing_or_empty
,22084,PAPER CHAIN KIT EMPIRE,UNMAPPED,,,,,,,0.1465,,,,,,,data_unavailable,inventory_snapshot_missing_or_empty
,22085,PAPER CHAIN KIT SKULLS,UNMAPPED,,,,,,,0.4452,,,,,,,data_unavailable,inventory_snapshot_missing_or_empty
,22086,PAPER CHAIN KIT 50'S CHRISTMAS,UNMAPPED,,,,,,,20.2834,,,,,,,data_unavailable,inventory_snapshot_missing_or_empty
,22087,PAPER BUNTING WHITE LACE,UNMAPPED,,,,,,,2.9029,,,,,,,data_unavailable,inventory_snapshot_missing_or_empty
,22088,UNKNOWN,UNMAPPED,,,,,,,0.0875,,,,,,,data_unavailable,inventory_snapshot_missing_or_empty
,22089,PAPER BUNTING VINTAGE PAISLEY,UNMAPPED,,,,,,,1.4292,,,,,,,data_unavailable,inventory_snapshot_missing_or_empty
,22090,PAPER BUNTING RETROSPOT,UNMAPPED,,,,,,,5.2516,,,,,,,data_unavailable,inventory_snapshot_missing_or_empty
,22091,EMPIRE TISSUE BOX,UNMAPPED,,,,,,,2.9550,,,,,,,data_unavailable,inventory_snapshot_missing_or_empty
,22092,BLUE PAISLEY TISSUE BOX,UNMAPPED,,,,,,,1.1924,,,,,,,data_unavailable,inventory_snapshot_missing_or_empty
,22093,MOTORING TISSUE BOX,UNMAPPED,,,,,,,2.7157,,,,,,,data_unavailable,inventory_snapshot_missing_or_empty
,22094,RED RETROSPOT TISSUE BOX,UNMAPPED,,,,,,,4.1092,,,,,,,data_unavailable,inventory_snapshot_missing_or_empty
,22095,LADS ONLY TISSUE BOX,UNMAPPED,,,,,,,3.6146,,,,,,,data_unavailable,inventory_snapshot_missing_or_empty
,22096,PINK PAISLEY SQUARE TISSUE BOX,UNMAPPED,,,,,,,1.5137,,,,,,,data_unavailable,inventory_snapshot_missing_or_empty
,22097,SWALLOW SQUARE TISSUE BOX,UNMAPPED,,,,,,,2.1353,,,,,,,data_unavailable,inventory_snapshot_missing_or_empty
,22098,BOUDOIR SQUARE TISSUE BOX,UNMAPPED,,,,,,,2.2365,,,,,,,data_unavailable,inventory_snapshot_missing_or_empty
,22099,CARAVAN SQUARE TISSUE BOX,UNMAPPED,,,,,,,1.2903,,,,,,,data_unavailable,inventory_snapshot_missing_or_empty
,22100,SKULLS SQUARE TISSUE BOX,UNMAPPED,,,,,,,0.6227,,,,,,,data_unavailable,inventory_snapshot_missing_or_empty
,22101,MIRROR MOSAIC VOTIVE HOLDER,UNMAPPED,,,,,,,0.5948,,,,,,,data_unavailable,inventory_snapshot_missing_or_empty
,22102,MIRROR MOSAIC T-LIGHT HOLDER,UNMAPPED,,,,,,,0.2106,,,,,,,data_unavailable,inventory_snapshot_missing_or_empty
,22103,MIRROR MOSAIC T-LIGHT HOLDER ROUND,UNMAPPED,,,,,,,0.0875,,,,,,,data_unavailable,inventory_snapshot_missing_or_empty
,22104,MIRROR MOSAIC CANDLE PLATE,UNMAPPED,,,,,,,0.3486,,,,,,,data_unavailable,inventory_snapshot_missing_or_empty
,22105,MIRROR MOSAIC GOBLET CANDLE HOLDER,UNMAPPED,,,,,,,0.1810,,,,,,,data_unavailable,inventory_snapshot_missing_or_empty
,22106,MIRROR MOSAIC HURRICANE LAMP,UNMAPPED,,,,,,,0.3889,,,,,,,data_unavailable,inventory_snapshot_missing_or_empty
,22107,PIZZA PLATE IN BOX,UNMAPPED,,,,,,,4.5425,,,,,,,data_unavailable,inventory_snapshot_missing_or_empty
,22108,PING! MICROWAVE PLATE,UNMAPPED,,,,,,,0.8418,,,,,,,data_unavailable,inventory_snapshot_missing_or_empty
,22109,FULL ENGLISH BREAKFAST PLATE,UNMAPPED,,,,,,,6.0241,,,,,,,data_unavailable,inventory_snapshot_missing_or_empty
,22110,BIRD HOUSE HOT WATER BOTTLE,UNMAPPED,,,,,,,6.6872,,,,,,,data_unavailable,inventory_snapshot_missing_or_empty
,22111,SCOTTIE DOG HOT WATER BOTTLE,UNMAPPED,,,,,,,13.4670,,,,,,,data_unavailable,inventory_snapshot_missing_or_empty
,22112,CHOCOLATE HOT WATER BOTTLE,UNMAPPED,,,,,,,16.0750,,,,,,,data_unavailable,inventory_snapshot_missing_or_empty
,22113,GREY HEART HOT WATER BOTTLE,UNMAPPED,,,,,,,11.2789,,,,,,,data_unavailable,inventory_snapshot_missing_or_empty
,22114,HOT WATER BOTTLE TEA AND SYMPATHY,UNMAPPED,,,,,,,16.1449,,,,,,,data_unavailable,inventory_snapshot_missing_or_empty
,22115,METAL SIGN EMPIRE TEA,UNMAPPED,,,,,,,4.3241,,,,,,,data_unavailable,inventory_snapshot_missing_or_empty
,22116,METAL SIGN HIS DINNER IS SERVED,UNMAPPED,,,,,,,1.1598,,,,,,,data_unavailable,inventory_snapshot_missing_or_empty
,22117,METAL SIGN HER DINNER IS SERVED,UNMAPPED,,,,,,,0.2941,,,,,,,data_unavailable,inventory_snapshot_missing_or_empty
,22118,JOY WOODEN BLOCK LETTERS,UNMAPPED,,,,,,,0.7720,,,,,,,data_unavailable,inventory_snapshot_missing_or_empty
,22119,PEACE WOODEN BLOCK LETTERS,UNMAPPED,,,,,,,0.7891,,,,,,,data_unavailable,inventory_snapshot_missing_or_empty
,22120,WELCOME WOODEN BLOCK LETTERS,UNMAPPED,,,,,,,0.9538,,,,,,,data_unavailable,inventory_snapshot_missing_or_empty
,22121,NOEL WOODEN BLOCK LETTERS,UNMAPPED,,,,,,,1.5613,,,,,,,data_unavailable,inventory_snapshot_missing_or_empty
,22122,SET OF 2 FANCY FONT TEA TOWELS,UNMAPPED,,,,,,,0.0875,,,,,,,data_unavailable,inventory_snapshot_missing_or_empty
,22123,PING MICROWAVE APRON,UNMAPPED,,,,,,,1.0638,,,,,,,data_unavailable,inventory_snapshot_missing_or_empty
,22124,SET OF 2 TEA TOWELS PING MICROWAVE,UNMAPPED,,,,,,,0.6850,,,,,,,data_unavailable,inventory_snapshot_missing_or_empty
,22125,UNKNOWN,UNMAPPED,,,,,,,0.1886,,,,,,,data_unavailable,inventory_snapshot_missing_or_empty
,22127,PARTY CONES CARNIVAL ASSORTED,UNMAPPED,,,,,,,0.0875,,,,,,,data_unavailable,inventory_snapshot_missing_or_empty
,22128,PARTY CONES CANDY ASSORTED,UNMAPPED,,,,,,,0.2034,,,,,,,data_unavailable,inventory_snapshot_missing_or_empty
,22129,PARTY CONES CANDY DECORATION,UNMAPPED,,,,,,,0.9896,,,,,,,data_unavailable,inventory_snapshot_missing_or_empty
,22130,PARTY CONE CHRISTMAS DECORATION,UNMAPPED,,,,,,,4.8954,,,,,,,data_unavailable,inventory_snapshot_missing_or_empty
,22131,FOOD CONTAINER SET 3 LOVE HEART,UNMAPPED,,,,,,,1.7138,,,,,,,data_unavailable,inventory_snapshot_missing_or_empty
,22132,RED LOVE HEART SHAPE CUP,UNMAPPED,,,,,,,0.9143,,,,,,,data_unavailable,inventory_snapshot_missing_or_empty
,22133,PINK LOVE HEART SHAPE CUP,UNMAPPED,,,,,,,0.3966,,,,,,,data_unavailable,inventory_snapshot_missing_or_empty
,22134,MINI LADLE LOVE HEART RED,UNMAPPED,,,,,,,1.0858,,,,,,,data_unavailable,inventory_snapshot_missing_or_empty
,22135,MINI LADLE LOVE HEART PINK,UNMAPPED,,,,,,,1.2193,,,,,,,data_unavailable,inventory_snapshot_missing_or_empty
,22136,LOVE HEART SOCK HANGER,UNMAPPED,,,,,,,0.0966,,,,,,,data_unavailable,inventory_snapshot_missing_or_empty
,22137,BATHROOM SET LOVE HEART DESIGN,UNMAPPED,,,,,,,0.0875,,,,,,,data_unavailable,inventory_snapshot_missing_or_empty
,22138,BAKING SET 9 PIECE RETROSPOT,UNMAPPED,,,,,,,13.8180,,,,,,,data_unavailable,inventory_snapshot_missing_or_empty
,22139,RETROSPOT TEA SET CERAMIC 11 PC,UNMAPPED,,,,,,,13.2548,,,,,,,data_unavailable,inventory_snapshot_missing_or_empty
,22141,CHRISTMAS CRAFT TREE TOP ANGEL,UNMAPPED,,,,,,,12.5090,,,,,,,data_unavailable,inventory_snapshot_missing_or_empty
,22142,CHRISTMAS CRAFT WHITE FAIRY,UNMAPPED,,,,,,,12.3493,,,,,,,data_unavailable,inventory_snapshot_missing_or_empty
,22143,CHRISTMAS CRAFT HEART DECORATIONS,UNMAPPED,,,,,,,0.0875,,,,,,,data_unavailable,inventory_snapshot_missing_or_empty
,22144,CHRISTMAS CRAFT LITTLE FRIENDS,UNMAPPED,,,,,,,14.8231,,,,,,,data_unavailable,inventory_snapshot_missing_or_empty
,22145,UNKNOWN,UNMAPPED,,,,,,,0.0875,,,,,,,data_unavailable,inventory_snapshot_missing_or_empty
,22146,EASTER CRAFT IVY WREATH WITH CHICK,UNMAPPED,,,,,,,0.0875,,,,,,,data_unavailable,inventory_snapshot_missing_or_empty
,22147,FELTCRAFT BUTTERFLY HEARTS,UNMAPPED,,,,,,,0.3303,,,,,,,data_unavailable,inventory_snapshot_missing_or_empty
,22148,EASTER CRAFT 4 CHICKS,UNMAPPED,,,,,,,0.3614,,,,,,,data_unavailable,inventory_snapshot_missing_or_empty
,22149,check,UNMAPPED,,,,,,,0.2088,,,,,,,data_unavailable,inventory_snapshot_missing_or_empty
,22150,3 STRIPEY MICE FELTCRAFT,UNMAPPED,,,,,,,8.6610,,,,,,,data_unavailable,inventory_snapshot_missing_or_empty
,22151,PLACE SETTING WHITE HEART,UNMAPPED,,,,,,,8.7169,,,,,,,data_unavailable,inventory_snapshot_missing_or_empty
,22152,PLACE SETTING WHITE STAR,UNMAPPED,,,,,,,3.3726,,,,,,,data_unavailable,inventory_snapshot_missing_or_empty
,22153,ANGEL DECORATION STARS ON DRESS,UNMAPPED,,,,,,,6.7657,,,,,,,data_unavailable,inventory_snapshot_missing_or_empty
,22154,ANGEL DECORATION 3 BUTTONS,UNMAPPED,,,,,,,8.9833,,,,,,,data_unavailable,inventory_snapshot_missing_or_empty
,22155,STAR DECORATION RUSTIC,UNMAPPED,,,,,,,6.5683,,,,,,,data_unavailable,inventory_snapshot_missing_or_empty
,22156,HEART DECORATION WITH PEARLS,UNMAPPED,,,,,,,3.1482,,,,,,,data_unavailable,inventory_snapshot_missing_or_empty
,22157,ANGEL DECORATION WITH LACE PADDED,UNMAPPED,,,,,,,0.0875,,,,,,,data_unavailable,inventory_snapshot_missing_or_empty
,22158,3 HEARTS HANGING DECORATION RUSTIC,UNMAPPED,,,,,,,11.2128,,,,,,,data_unavailable,inventory_snapshot_missing_or_empty
,22161,HEART DECORATION RUSTIC HANGING,UNMAPPED,,,,,,,2.9600,,,,,,,data_unavailable,inventory_snapshot_missing_or_empty
,22162,HEART GARLAND RUSTIC PADDED,UNMAPPED,,,,,,,0.3967,,,,,,,data_unavailable,inventory_snapshot_missing_or_empty
,22163,HEART STRING MEMO HOLDER HANGING,UNMAPPED,,,,,,,4.3321,,,,,,,data_unavailable,inventory_snapshot_missing_or_empty
,22164,STRING OF STARS CARD HOLDER,UNMAPPED,,,,,,,0.2648,,,,,,,data_unavailable,inventory_snapshot_missing_or_empty
,22165,"DIAMANTE HEART SHAPED WALL MIRROR,",UNMAPPED,,,,,,,0.8745,,,,,,,data_unavailable,inventory_snapshot_missing_or_empty
,22166,WALL MIRROR RECTANGLE DIAMANTE PINK,UNMAPPED,,,,,,,0.4052,,,,,,,data_unavailable,inventory_snapshot_missing_or_empty
,22167,OVAL WALL MIRROR DIAMANTE,UNMAPPED,,,,,,,0.5236,,,,,,,data_unavailable,inventory_snapshot_missing_or_empty
,22168,ORGANISER WOOD ANTIQUE WHITE,UNMAPPED,,,,,,,0.0875,,,,,,,data_unavailable,inventory_snapshot_missing_or_empty
,22169,FAMILY ALBUM WHITE PICTURE FRAME,UNMAPPED,,,,,,,2.0428,,,,,,,data_unavailable,inventory_snapshot_missing_or_empty
,22170,PICTURE FRAME WOOD TRIPLE PORTRAIT,UNMAPPED,,,,,,,2.0795,,,,,,,data_unavailable,inventory_snapshot_missing_or_empty
,22171,3 HOOK PHOTO SHELF ANTIQUE WHITE,UNMAPPED,,,,,,,2.0069,,,,,,,data_unavailable,inventory_snapshot_missing_or_empty
,22172,METAL SHELF WITH RAIL,UNMAPPED,,,,,,,0.0875,,,,,,,data_unavailable,inventory_snapshot_missing_or_empty
,22173,METAL 4 HOOK HANGER FRENCH CHATEAU,UNMAPPED,,,,,,,3.7762,,,,,,,data_unavailable,inventory_snapshot_missing_or_empty
,22174,PHOTO CUBE,UNMAPPED,,,,,,,6.1618,,,,,,,data_unavailable,inventory_snapshot_missing_or_empty
,22175,PINK OWL SOFT TOY,UNMAPPED,,,,,,,2.8912,,,,,,,data_unavailable,inventory_snapshot_missing_or_empty
,22176,amazon,UNMAPPED,,,,,,,0.1163,,,,,,,data_unavailable,inventory_snapshot_missing_or_empty
,22177,5 HOOK BLACKBOARD ORGANISER,UNMAPPED,,,,,,,0.0875,,,,,,,data_unavailable,inventory_snapshot_missing_or_empty
,22178,VICTORIAN GLASS HANGING T-LIGHT,UNMAPPED,,,,,,,15.1139,,,,,,,data_unavailable,inventory_snapshot_missing_or_empty
,22179,SET 10 NIGHT OWL LIGHTS,UNMAPPED,,,,,,,3.3449,,,,,,,data_unavailable,inventory_snapshot_missing_or_empty
,22180,RETROSPOT LAMP,UNMAPPED,,,,,,,0.0911,,,,,,,data_unavailable,inventory_snapshot_missing_or_empty
,22181,SNOWSTORM PHOTO FRAME FRIDGE MAGNET,UNMAPPED,,,,,,,0.5328,,,,,,,data_unavailable,inventory_snapshot_missing_or_empty
,22182,CAKE STAND VICTORIAN FILIGREE SMALL,UNMAPPED,,,,,,,0.3822,,,,,,,data_unavailable,inventory_snapshot_missing_or_empty
,22183,CAKE STAND VICTORIAN FILIGREE MED,UNMAPPED,,,,,,,0.0935,,,,,,,data_unavailable,inventory_snapshot_missing_or_empty
,22184,CAKE STAND VICTORIAN FILIGREE LARGE,UNMAPPED,,,,,,,0.0875,,,,,,,data_unavailable,inventory_snapshot_missing_or_empty
,22185,SLATE TILE NATURAL HANGING,UNMAPPED,,,,,,,2.4808,,,,,,,data_unavailable,inventory_snapshot_missing_or_empty
,22186,RED STAR CARD HOLDER,UNMAPPED,,,,,,,5.0737,,,,,,,data_unavailable,inventory_snapshot_missing_or_empty
,22187,GREEN CHRISTMAS TREE CARD HOLDER,UNMAPPED,,,,,,,8.2242,,,,,,,data_unavailable,inventory_snapshot_missing_or_empty
,22188,BLACK HEART CARD HOLDER,UNMAPPED,,,,,,,0.7382,,,,,,,data_unavailable,inventory_snapshot_missing_or_empty
,22189,CREAM HEART CARD HOLDER,UNMAPPED,,,,,,,5.2920,,,,,,,data_unavailable,inventory_snapshot_missing_or_empty
,22190,LOCAL CAFE MUG,UNMAPPED,,,,,,,1.0503,,,,,,,data_unavailable,inventory_snapshot_missing_or_empty
,22191,IVORY DINER WALL CLOCK,UNMAPPED,,,,,,,2.0047,,,,,,,data_unavailable,inventory_snapshot_missing_or_empty
,22192,BLUE DINER WALL CLOCK,UNMAPPED,,,,,,,1.6922,,,,,,,data_unavailable,inventory_snapshot_missing_or_empty
,22193,RED DINER WALL CLOCK,UNMAPPED,,,,,,,2.4483,,,,,,,data_unavailable,inventory_snapshot_missing_or_empty
,22194,UNKNOWN,UNMAPPED,,,,,,,0.0875,,,,,,,data_unavailable,inventory_snapshot_missing_or_empty
,22195,LARGE HEART MEASURING SPOONS,UNMAPPED,,,,,,,4.6257,,,,,,,data_unavailable,inventory_snapshot_missing_or_empty
,22196,SMALL HEART MEASURING SPOONS,UNMAPPED,,,,,,,7.5199,,,,,,,data_unavailable,inventory_snapshot_missing_or_empty
,22197,POPCORN HOLDER,UNMAPPED,,,,,,,20.8220,,,,,,,data_unavailable,inventory_snapshot_missing_or_empty
,22198,LARGE POPCORN HOLDER,UNMAPPED,,,,,,,0.0875,,,,,,,data_unavailable,inventory_snapshot_missing_or_empty
,22199,FRYING PAN RED RETROSPOT,UNMAPPED,,,,,,,0.9234,,,,,,,data_unavailable,inventory_snapshot_missing_or_empty
,22200,FRYING PAN PINK POLKADOT,UNMAPPED,,,,,,,0.7077,,,,,,,data_unavailable,inventory_snapshot_missing_or_empty
,22201,FRYING PAN BLUE POLKADOT,UNMAPPED,,,,,,,0.4060,,,,,,,data_unavailable,inventory_snapshot_missing_or_empty
,22202,UNKNOWN,UNMAPPED,,,,,,,0.0875,,,,,,,data_unavailable,inventory_snapshot_missing_or_empty
,22203,MILK PAN RED RETROSPOT,UNMAPPED,,,,,,,0.8092,,,,,,,data_unavailable,inventory_snapshot_missing_or_empty
,22204,MILK PAN BLUE POLKADOT,UNMAPPED,,,,,,,0.2288,,,,,,,data_unavailable,inventory_snapshot_missing_or_empty
,22207,FRYING PAN UNION FLAG,UNMAPPED,,,,,,,1.7821,,,,,,,data_unavailable,inventory_snapshot_missing_or_empty
,22208,WOOD STAMP SET THANK YOU,UNMAPPED,,,,,,,6.5098,,,,,,,data_unavailable,inventory_snapshot_missing_or_empty
,22209,WOOD STAMP SET HAPPY BIRTHDAY,UNMAPPED,,,,,,,1.3815,,,,,,,data_unavailable,inventory_snapshot_missing_or_empty
,22210,WOOD STAMP SET BEST WISHES,UNMAPPED,,,,,,,2.5847,,,,,,,data_unavailable,inventory_snapshot_missing_or_empty
,22211,WOOD STAMP SET FLOWERS,UNMAPPED,,,,,,,3.1144,,,,,,,data_unavailable,inventory_snapshot_missing_or_empty
,22212,FOUR HOOK WHITE LOVEBIRDS,UNMAPPED,,,,,,,3.2237,,,,,,,data_unavailable,inventory_snapshot_missing_or_empty
,22214,CANDLE PLATE LACE WHITE,UNMAPPED,,,,,,,0.1983,,,,,,,data_unavailable,inventory_snapshot_missing_or_empty
,22215,CAKE STAND WHITE TWO TIER LACE,UNMAPPED,,,,,,,0.5472,,,,,,,data_unavailable,inventory_snapshot_missing_or_empty
,22216,T-LIGHT HOLDER WHITE LACE,UNMAPPED,,,,,,,0.5126,,,,,,,data_unavailable,inventory_snapshot_missing_or_empty
,22217,T-LIGHT HOLDER HANGING LACE,UNMAPPED,,,,,,,1.2247,,,,,,,data_unavailable,inventory_snapshot_missing_or_empty
,22218,CAKE STAND LACE WHITE,UNMAPPED,,,,,,,0.0875,,,,,,,data_unavailable,inventory_snapshot_missing_or_empty
,22219,LOVEBIRD HANGING DECORATION WHITE,UNMAPPED,,,,,,,7.2819,,,,,,,data_unavailable,inventory_snapshot_missing_or_empty
,22220,CAKE STAND LOVEBIRD 2 TIER WHITE,UNMAPPED,,,,,,,0.6057,,,,,,,data_unavailable,inventory_snapshot_missing_or_empty
,22221,CAKE STAND LOVEBIRD 2 TIER PINK,UNMAPPED,,,,,,,0.3495,,,,,,,data_unavailable,inventory_snapshot_missing_or_empty
,22222,CAKE PLATE LOVEBIRD WHITE,UNMAPPED,,,,,,,0.6661,,,,,,,data_unavailable,inventory_snapshot_missing_or_empty
,22223,CAKE PLATE LOVEBIRD PINK,UNMAPPED,,,,,,,0.2681,,,,,,,data_unavailable,inventory_snapshot_missing_or_empty
,22224,WHITE LOVEBIRD LANTERN,UNMAPPED,,,,,,,1.1135,,,,,,,data_unavailable,inventory_snapshot_missing_or_empty
,22227,HANGING HEART MIRROR DECORATION,UNMAPPED,,,,,,,2.8888,,,,,,,data_unavailable,inventory_snapshot_missing_or_empty
,22228,BUNNY WOODEN PAINTED WITH BIRD,UNMAPPED,,,,,,,0.6242,,,,,,,data_unavailable,inventory_snapshot_missing_or_empty
,22229,BUNNY WOODEN PAINTED WITH FLOWER,UNMAPPED,,,,,,,0.2656,,,,,,,data_unavailable,inventory_snapshot_missing_or_empty
,22230,JIGSAW TREE WITH WATERING CAN,UNMAPPED,,,,,,,0.6658,,,,,,,data_unavailable,inventory_snapshot_missing_or_empty
,22231,JIGSAW TREE WITH BIRDHOUSE,UNMAPPED,,,,,,,0.6836,,,,,,,data_unavailable,inventory_snapshot_missing_or_empty
,22232,JIGSAW TOADSTOOLS 3 PIECE,UNMAPPED,,,,,,,0.6221,,,,,,,data_unavailable,inventory_snapshot_missing_or_empty
,22233,JIGSAW RABBIT AND BIRDHOUSE,UNMAPPED,,,,,,,0.7186,,,,,,,data_unavailable,inventory_snapshot_missing_or_empty
,22236,CAKE STAND 3 TIER MAGIC GARDEN,UNMAPPED,,,,,,,0.2687,,,,,,,data_unavailable,inventory_snapshot_missing_or_empty
,22241,GARLAND WOODEN HAPPY EASTER,UNMAPPED,,,,,,,0.2326,,,,,,,data_unavailable,inventory_snapshot_missing_or_empty
,22242,5 HOOK HANGER MAGIC TOADSTOOL,UNMAPPED,,,,,,,0.0875,,,,,,,data_unavailable,inventory_snapshot_missing_or_empty
,22243,5 HOOK HANGER RED MAGIC TOADSTOOL,UNMAPPED,,,,,,,0.1376,,,,,,,data_unavailable,inventory_snapshot_missing_or_empty
,22244,3 HOOK HANGER MAGIC GARDEN,UNMAPPED,,,,,,,0.0875,,,,,,,data_unavailable,inventory_snapshot_missing_or_empty
,22245,"HOOK, 1 HANGER ,MAGIC GARDEN",UNMAPPED,,,,,,,0.0875,,,,,,,data_unavailable,inventory_snapshot_missing_or_empty
,22246,MAGIC GARDEN FELT GARLAND,UNMAPPED,,,,,,,0.3426,,,,,,,data_unavailable,inventory_snapshot_missing_or_empty
,22247,BUNNY DECORATION MAGIC GARDEN,UNMAPPED,,,,,,,0.1654,,,,,,,data_unavailable,inventory_snapshot_missing_or_empty
,22248,DECORATION PINK CHICK MAGIC GARDEN,UNMAPPED,,,,,,,0.1531,,,,,,,data_unavailable,inventory_snapshot_missing_or_empty
,22249,DECORATION WHITE CHICK MAGIC GARDEN,UNMAPPED,,,,,,,0.1622,,,,,,,data_unavailable,inventory_snapshot_missing_or_empty
,22250,DECORATION BUTTERFLY MAGIC GARDEN,UNMAPPED,,,,,,,0.1395,,,,,,,data_unavailable,inventory_snapshot_missing_or_empty
,22251,BIRDHOUSE DECORATION MAGIC GARDEN,UNMAPPED,,,,,,,0.3378,,,,,,,data_unavailable,inventory_snapshot_missing_or_empty
,22252,BIRDCAGE DECORATION TEALIGHT HOLDER,UNMAPPED,,,,,,,0.5275,,,,,,,data_unavailable,inventory_snapshot_missing_or_empty
,22253,6 CROCHET STRAWBERRIES,UNMAPPED,,,,,,,0.0875,,,,,,,data_unavailable,inventory_snapshot_missing_or_empty
,22254,FELT TOADSTOOL LARGE,UNMAPPED,,,,,,,0.3092,,,,,,,data_unavailable,inventory_snapshot_missing_or_empty
,22255,FELT TOADSTOOL SMALL,UNMAPPED,,,,,,,0.5751,,,,,,,data_unavailable,inventory_snapshot_missing_or_empty
,22256,FELT FARM ANIMAL CHICKEN,UNMAPPED,,,,,,,0.0875,,,,,,,data_unavailable,inventory_snapshot_missing_or_empty
,22257,FELT FARM ANIMAL SHEEP,UNMAPPED,,,,,,,0.0885,,,,,,,data_unavailable,inventory_snapshot_missing_or_empty
,22258,FELT FARM ANIMAL RABBIT,UNMAPPED,,,,,,,0.1409,,,,,,,data_unavailable,inventory_snapshot_missing_or_empty
,22259,FELT FARM ANIMAL HEN,UNMAPPED,,,,,,,0.0875,,,,,,,data_unavailable,inventory_snapshot_missing_or_empty
,22260,FELT EGG COSY BLUE RABBIT,UNMAPPED,,,,,,,0.6675,,,,,,,data_unavailable,inventory_snapshot_missing_or_empty
,22261,FELT EGG COSY WHITE RABBIT,UNMAPPED,,,,,,,0.6361,,,,,,,data_unavailable,inventory_snapshot_missing_or_empty
,22262,FELT EGG COSY CHICKEN,UNMAPPED,,,,,,,0.7045,,,,,,,data_unavailable,inventory_snapshot_missing_or_empty
,22263,FELT EGG COSY LADYBIRD,UNMAPPED,,,,,,,0.3443,,,,,,,data_unavailable,inventory_snapshot_missing_or_empty
,22264,FELT FARM ANIMAL WHITE BUNNY,UNMAPPED,,,,,,,0.0875,,,,,,,data_unavailable,inventory_snapshot_missing_or_empty
,22265,EASTER DECORATION NATURAL CHICK,UNMAPPED,,,,,,,0.2174,,,,,,,data_unavailable,inventory_snapshot_missing_or_empty
,22266,EASTER DECORATION HANGING BUNNY,UNMAPPED,,,,,,,0.9395,,,,,,,data_unavailable,inventory_snapshot_missing_or_empty
,22267,EASTER DECORATION EGG BUNNY,UNMAPPED,,,,,,,0.4652,,,,,,,data_unavailable,inventory_snapshot_missing_or_empty
,22268,DECORATION SITTING BUNNY,UNMAPPED,,,,,,,0.1242,,,,,,,data_unavailable,inventory_snapshot_missing_or_empty
,22269,EGG CUP NATURAL CHICKEN,UNMAPPED,,,,,,,0.7432,,,,,,,data_unavailable,inventory_snapshot_missing_or_empty
,22270,HAPPY EASTER HANGING DECORATION,UNMAPPED,,,,,,,0.1558,,,,,,,data_unavailable,inventory_snapshot_missing_or_empty
,22271,FELTCRAFT DOLL ROSIE,UNMAPPED,,,,,,,3.3807,,,,,,,data_unavailable,inventory_snapshot_missing_or_empty
,22272,FELTCRAFT DOLL MARIA,UNMAPPED,,,,,,,0.0875,,,,,,,data_unavailable,inventory_snapshot_missing_or_empty
,22273,FELTCRAFT DOLL MOLLY,UNMAPPED,,,,,,,5.7844,,,,,,,data_unavailable,inventory_snapshot_missing_or_empty
,22274,FELTCRAFT DOLL EMILY,UNMAPPED,,,,,,,4.8855,,,,,,,data_unavailable,inventory_snapshot_missing_or_empty
,22275,WEEKEND BAG VINTAGE ROSE PAISLEY,UNMAPPED,,,,,,,0.0875,,,,,,,data_unavailable,inventory_snapshot_missing_or_empty
,22276,WASH BAG VINTAGE ROSE PAISLEY,UNMAPPED,,,,,,,0.1204,,,,,,,data_unavailable,inventory_snapshot_missing_or_empty
,22277,COSMETIC BAG VINTAGE ROSE PAISLEY,UNMAPPED,,,,,,,0.4108,,,,,,,data_unavailable,inventory_snapshot_missing_or_empty
,22278,OVERNIGHT BAG VINTAGE ROSE PAISLEY,UNMAPPED,,,,,,,1.3074,,,,,,,data_unavailable,inventory_snapshot_missing_or_empty
,22279,POCKET BAG BLUE PAISLEY RED SPOT,UNMAPPED,,,,,,,1.7481,,,,,,,data_unavailable,inventory_snapshot_missing_or_empty
,22280,POCKET BAG PINK PAISELY BROWN SPOT,UNMAPPED,,,,,,,0.5870,,,,,,,data_unavailable,inventory_snapshot_missing_or_empty
,22281,EASTER TREE YELLOW BIRDS,UNMAPPED,,,,,,,0.0978,,,,,,,data_unavailable,inventory_snapshot_missing_or_empty
,22282,12 EGG HOUSE PAINTED WOOD,UNMAPPED,,,,,,,0.3579,,,,,,,data_unavailable,inventory_snapshot_missing_or_empty
,22283,6 EGG HOUSE PAINTED WOOD,UNMAPPED,,,,,,,0.4452,,,,,,,data_unavailable,inventory_snapshot_missing_or_empty
,22284,HEN HOUSE DECORATION,UNMAPPED,,,,,,,0.5484,,,,,,,data_unavailable,inventory_snapshot_missing_or_empty
,22285,HANGING HEN ON NEST DECORATION,UNMAPPED,,,,,,,0.3754,,,,,,,data_unavailable,inventory_snapshot_missing_or_empty
,22286,DECORATION WOBBLY RABBIT METAL,UNMAPPED,,,,,,,0.4449,,,,,,,data_unavailable,inventory_snapshot_missing_or_empty
,22287,DECORATION WOBBLY CHICKEN,UNMAPPED,,,,,,,0.4799,,,,,,,data_unavailable,inventory_snapshot_missing_or_empty
,22288,HANGING METAL RABBIT DECORATION,UNMAPPED,,,,,,,0.1467,,,,,,,data_unavailable,inventory_snapshot_missing_or_empty
,22289,HANGING METAL CHICKEN DECORATION,UNMAPPED,,,,,,,0.1084,,,,,,,data_unavailable,inventory_snapshot_missing_or_empty
,22290,UNKNOWN,UNMAPPED,,,,,,,0.0875,,,,,,,data_unavailable,inventory_snapshot_missing_or_empty
,22291,HANGING CHICK CREAM DECORATION,UNMAPPED,,,,,,,0.1411,,,,,,,data_unavailable,inventory_snapshot_missing_or_empty
,22292,HANGING CHICK YELLOW DECORATION,UNMAPPED,,,,,,,0.1864,,,,,,,data_unavailable,inventory_snapshot_missing_or_empty
,22293,HANGING CHICK GREEN DECORATION,UNMAPPED,,,,,,,0.1573,,,,,,,data_unavailable,inventory_snapshot_missing_or_empty
,22294,HEART FILIGREE DOVE SMALL,UNMAPPED,,,,,,,5.0697,,,,,,,data_unavailable,inventory_snapshot_missing_or_empty
,22295,HEART FILIGREE DOVE LARGE,UNMAPPED,,,,,,,1.5207,,,,,,,data_unavailable,inventory_snapshot_missing_or_empty
,22296,HEART IVORY TRELLIS LARGE,UNMAPPED,,,,,,,2.9516,,,,,,,data_unavailable,inventory_snapshot_missing_or_empty
,22297,HEART IVORY TRELLIS SMALL,UNMAPPED,,,,,,,4.6844,,,,,,,data_unavailable,inventory_snapshot_missing_or_empty
,22299,PIG KEYRING WITH LIGHT & SOUND,UNMAPPED,,,,,,,2.3689,,,,,,,data_unavailable,inventory_snapshot_missing_or_empty
,22300,COFFEE MUG DOG + BALL DESIGN,UNMAPPED,,,,,,,1.6586,,,,,,,data_unavailable,inventory_snapshot_missing_or_empty
,22301,COFFEE MUG CAT + BIRD DESIGN,UNMAPPED,,,,,,,1.9840,,,,,,,data_unavailable,inventory_snapshot_missing_or_empty
,22302,COFFEE MUG PEARS DESIGN,UNMAPPED,,,,,,,2.6801,,,,,,,data_unavailable,inventory_snapshot_missing_or_empty
,22303,COFFEE MUG APPLES DESIGN,UNMAPPED,,,,,,,3.6445,,,,,,,data_unavailable,inventory_snapshot_missing_or_empty
,22304,COFFEE MUG BLUE PAISLEY DESIGN,UNMAPPED,,,,,,,0.3693,,,,,,,data_unavailable,inventory_snapshot_missing_or_empty
,22305,COFFEE MUG PINK PAISLEY DESIGN,UNMAPPED,,,,,,,0.2022,,,,,,,data_unavailable,inventory_snapshot_missing_or_empty
,22306,SILVER MUG BONE CHINA TREE OF LIFE,UNMAPPED,,,,,,,6.9707,,,,,,,data_unavailable,inventory_snapshot_missing_or_empty
,22307,GOLD MUG BONE CHINA TREE OF LIFE,UNMAPPED,,,,,,,3.6524,,,,,,,data_unavailable,inventory_snapshot_missing_or_empty
,22308,TEA COSY BLUE STRIPE,UNMAPPED,,,,,,,0.6929,,,,,,,data_unavailable,inventory_snapshot_missing_or_empty
,22309,TEA COSY RED STRIPE,UNMAPPED,,,,,,,0.7687,,,,,,,data_unavailable,inventory_snapshot_missing_or_empty
,22310,IVORY KNITTED MUG COSY,UNMAPPED,,,,,,,1.5212,,,,,,,data_unavailable,inventory_snapshot_missing_or_empty
,22311,OFFICE MUG WARMER BLACK+SILVER,UNMAPPED,,,,,,,1.9282,,,,,,,data_unavailable,inventory_snapshot_missing_or_empty
,22312,OFFICE MUG WARMER POLKADOT,UNMAPPED,,,,,,,2.3434,,,,,,,data_unavailable,inventory_snapshot_missing_or_empty
,22313,OFFICE MUG WARMER PINK,UNMAPPED,,,,,,,0.6545,,,,,,,data_unavailable,inventory_snapshot_missing_or_empty
,22314,OFFICE MUG WARMER CHOC+BLUE,UNMAPPED,,,,,,,0.9187,,,,,,,data_unavailable,inventory_snapshot_missing_or_empty
,22315,200 RED + WHITE BENDY STRAWS,UNMAPPED,,,,,,,0.5621,,,,,,,data_unavailable,inventory_snapshot_missing_or_empty
,22316,200 BENDY SKULL STRAWS,UNMAPPED,,,,,,,0.2453,,,,,,,data_unavailable,inventory_snapshot_missing_or_empty
,22317,FIVE CATS HANGING DECORATION,UNMAPPED,,,,,,,0.2487,,,,,,,data_unavailable,inventory_snapshot_missing_or_empty
,22318,FIVE HEART HANGING DECORATION,UNMAPPED,,,,,,,0.2857,,,,,,,data_unavailable,inventory_snapshot_missing_or_empty
,22319,HAIRCLIPS FORTIES FABRIC ASSORTED,UNMAPPED,,,,,,,0.8541,,,,,,,data_unavailable,inventory_snapshot_missing_or_empty
,22320,BIRDS MOBILE VINTAGE DESIGN,UNMAPPED,,,,,,,0.4053,,,,,,,data_unavailable,inventory_snapshot_missing_or_empty
,22321,BIRD DECORATION RED RETROSPOT,UNMAPPED,,,,,,,0.8649,,,,,,,data_unavailable,inventory_snapshot_missing_or_empty
,22322,BIRD DECORATION GREEN POLKADOT,UNMAPPED,,,,,,,0.1025,,,,,,,data_unavailable,inventory_snapshot_missing_or_empty
,22323,UNKNOWN,UNMAPPED,,,,,,,0.0875,,,,,,,data_unavailable,inventory_snapshot_missing_or_empty
,22324,BLUE POLKADOT KIDS BAG,UNMAPPED,,,,,,,0.3510,,,,,,,data_unavailable,inventory_snapshot_missing_or_empty
,22325,MOBILE VINTAGE HEARTS,UNMAPPED,,,,,,,0.3806,,,,,,,data_unavailable,inventory_snapshot_missing_or_empty
,22326,ROUND SNACK BOXES SET OF4 WOODLAND,UNMAPPED,,,,,,,11.3663,,,,,,,data_unavailable,inventory_snapshot_missing_or_empty
,22327,ROUND SNACK BOXES SET OF 4 SKULLS,UNMAPPED,,,,,,,2.9904,,,,,,,data_unavailable,inventory_snapshot_missing_or_empty
,22328,ROUND SNACK BOXES SET OF 4 FRUITS,UNMAPPED,,,,,,,6.8135,,,,,,,data_unavailable,inventory_snapshot_missing_or_empty
,22329,ROUND CONTAINER SET OF 5 RETROSPOT,UNMAPPED,,,,,,,1.4182,,,,,,,data_unavailable,inventory_snapshot_missing_or_empty
,22331,WOODLAND PARTY BAG + STICKER SET,UNMAPPED,,,,,,,1.3368,,,,,,,data_unavailable,inventory_snapshot_missing_or_empty
,22332,SKULLS PARTY BAG + STICKER SET,UNMAPPED,,,,,,,0.8413,,,,,,,data_unavailable,inventory_snapshot_missing_or_empty
,22333,RETROSPOT PARTY BAG + STICKER SET,UNMAPPED,,,,,,,4.0577,,,,,,,data_unavailable,inventory_snapshot_missing_or_empty
,22334,DINOSAUR PARTY BAG + STICKER SET,UNMAPPED,,,,,,,0.4385,,,,,,,data_unavailable,inventory_snapshot_missing_or_empty
,22335,HEART DECORATION PAINTED ZINC,UNMAPPED,,,,,,,3.0751,,,,,,,data_unavailable,inventory_snapshot_missing_or_empty
,22336,DOVE DECORATION PAINTED ZINC,UNMAPPED,,,,,,,0.0875,,,,,,,data_unavailable,inventory_snapshot_missing_or_empty
,22337,ANGEL DECORATION PAINTED ZINC,UNMAPPED,,,,,,,3.2634,,,,,,,data_unavailable,inventory_snapshot_missing_or_empty
,22338,STAR DECORATION PAINTED ZINC,UNMAPPED,,,,,,,14.6459,,,,,,,data_unavailable,inventory_snapshot_missing_or_empty
,22339,CHRISTMAS TREE PAINTED ZINC,UNMAPPED,,,,,,,1.9667,,,,,,,data_unavailable,inventory_snapshot_missing_or_empty
,22340,NOEL GARLAND PAINTED ZINC,UNMAPPED,,,,,,,11.7176,,,,,,,data_unavailable,inventory_snapshot_missing_or_empty
,22341,LOVE GARLAND PAINTED ZINC,UNMAPPED,,,,,,,0.2104,,,,,,,data_unavailable,inventory_snapshot_missing_or_empty
,22342,HOME GARLAND PAINTED ZINC,UNMAPPED,,,,,,,0.3914,,,,,,,data_unavailable,inventory_snapshot_missing_or_empty
,22343,PARTY PIZZA DISH RED RETROSPOT,UNMAPPED,,,,,,,0.8532,,,,,,,data_unavailable,inventory_snapshot_missing_or_empty
,22344,PARTY PIZZA DISH PINK POLKADOT,UNMAPPED,,,,,,,0.7079,,,,,,,data_unavailable,inventory_snapshot_missing_or_empty
,22345,PARTY PIZZA DISH BLUE POLKADOT,UNMAPPED,,,,,,,0.5871,,,,,,,data_unavailable,inventory_snapshot_missing_or_empty
,22346,PARTY PIZZA DISH GREEN POLKADOT,UNMAPPED,,,,,,,0.7732,,,,,,,data_unavailable,inventory_snapshot_missing_or_empty
,22347,UNKNOWN,UNMAPPED,,,,,,,0.0875,,,,,,,data_unavailable,inventory_snapshot_missing_or_empty
,22348,TEA BAG PLATE RED RETROSPOT,UNMAPPED,,,,,,,7.6487,,,,,,,data_unavailable,inventory_snapshot_missing_or_empty
,22349,DOG BOWL CHASING BALL DESIGN,UNMAPPED,,,,,,,0.6357,,,,,,,data_unavailable,inventory_snapshot_missing_or_empty
,22350,ILLUSTRATED CAT BOWL,UNMAPPED,,,,,,,0.6228,,,,,,,data_unavailable,inventory_snapshot_missing_or_empty
,22352,LUNCH BOX WITH CUTLERY RETROSPOT,UNMAPPED,,,,,,,2.8525,,,,,,,data_unavailable,inventory_snapshot_missing_or_empty
,22353,LUNCH BOX WITH CUTLERY FAIRY CAKES,UNMAPPED,,,,,,,0.0875,,,,,,,data_unavailable,inventory_snapshot_missing_or_empty
,22354,RETROSPOT PADDED SEAT CUSHION,UNMAPPED,,,,,,,0.1699,,,,,,,data_unavailable,inventory_snapshot_missing_or_empty
,22355,CHARLOTTE BAG SUKI DESIGN,UNMAPPED,,,,,,,14.8922,,,,,,,data_unavailable,inventory_snapshot_missing_or_empty
,22356,CHARLOTTE BAG PINK POLKADOT,UNMAPPED,,,,,,,13.4274,,,,,,,data_unavailable,inventory_snapshot_missing_or_empty
,22357,KINGS CHOICE BISCUIT TIN,UNMAPPED,,,,,,,1.6031,,,,,,,data_unavailable,inventory_snapshot_missing_or_empty
,22358,KINGS CHOICE TEA CADDY,UNMAPPED,,,,,,,1.0772,,,,,,,data_unavailable,inventory_snapshot_missing_or_empty
,22359,GLASS JAR KINGS CHOICE,UNMAPPED,,,,,,,0.3117,,,,,,,data_unavailable,inventory_snapshot_missing_or_empty
,22360,GLASS JAR ENGLISH CONFECTIONERY,UNMAPPED,,,,,,,1.1211,,,,,,,data_unavailable,inventory_snapshot_missing_or_empty
,22361,GLASS JAR DAISY FRESH COTTON WOOL,UNMAPPED,,,,,,,1.3962,,,,,,,data_unavailable,inventory_snapshot_missing_or_empty
,22362,GLASS JAR PEACOCK BATH SALTS,UNMAPPED,,,,,,,0.4790,,,,,,,data_unavailable,inventory_snapshot_missing_or_empty
,22363,GLASS JAR MARMALADE,UNMAPPED,,,,,,,0.2876,,,,,,,data_unavailable,inventory_snapshot_missing_or_empty
,22364,GLASS JAR DIGESTIVE BISCUITS,UNMAPPED,,,,,,,0.5985,,,,,,,data_unavailable,inventory_snapshot_missing_or_empty
,22365,DOORMAT RESPECTABLE HOUSE,UNMAPPED,,,,,,,1.3483,,,,,,,data_unavailable,inventory_snapshot_missing_or_empty
,22366,DOORMAT AIRMAIL,UNMAPPED,,,,,,,0.8832,,,,,,,data_unavailable,inventory_snapshot_missing_or_empty
,22367,CHILDRENS APRON SPACEBOY DESIGN,UNMAPPED,,,,,,,10.1921,,,,,,,data_unavailable,inventory_snapshot_missing_or_empty
,22371,AIRLINE BAG VINTAGE TOKYO 78,UNMAPPED,,,,,,,4.1112,,,,,,,data_unavailable,inventory_snapshot_missing_or_empty
,22372,AIRLINE BAG VINTAGE WORLD CHAMPION,UNMAPPED,,,,,,,0.9638,,,,,,,data_unavailable,inventory_snapshot_missing_or_empty
,22374,AIRLINE BAG VINTAGE JET SET RED,UNMAPPED,,,,,,,1.2302,,,,,,,data_unavailable,inventory_snapshot_missing_or_empty
,22375,AIRLINE BAG VINTAGE JET SET BROWN,UNMAPPED,,,,,,,0.9173,,,,,,,data_unavailable,inventory_snapshot_missing_or_empty
,22376,AIRLINE BAG VINTAGE JET SET WHITE,UNMAPPED,,,,,,,0.5024,,,,,,,data_unavailable,inventory_snapshot_missing_or_empty
,22377,BOTTLE BAG RETROSPOT,UNMAPPED,,,,,,,0.4528,,,,,,,data_unavailable,inventory_snapshot_missing_or_empty
,22378,WALL TIDY RETROSPOT,UNMAPPED,,,,,,,1.5218,,,,,,,data_unavailable,inventory_snapshot_missing_or_empty
,22379,RECYCLING BAG RETROSPOT,UNMAPPED,,,,,,,9.1284,,,,,,,data_unavailable,inventory_snapshot_missing_or_empty
,22380,TOY TIDY SPACEBOY,UNMAPPED,,,,,,,2.7032,,,,,,,data_unavailable,inventory_snapshot_missing_or_empty
,22381,TOY TIDY PINK POLKADOT,UNMAPPED,,,,,,,2.9286,,,,,,,data_unavailable,inventory_snapshot_missing_or_empty
,22382,LUNCH BAG SPACEBOY DESIGN,UNMAPPED,,,,,,,13.5207,,,,,,,data_unavailable,inventory_snapshot_missing_or_empty
,22383,LUNCH BAG SUKI DESIGN,UNMAPPED,,,,,,,12.7301,,,,,,,data_unavailable,inventory_snapshot_missing_or_empty
,22384,LUNCH BAG PINK POLKADOT,UNMAPPED,,,,,,,12.0665,,,,,,,data_unavailable,inventory_snapshot_missing_or_empty
,22385,JUMBO BAG SPACEBOY DESIGN,UNMAPPED,,,,,,,9.5497,,,,,,,data_unavailable,inventory_snapshot_missing_or_empty
,22386,JUMBO BAG PINK POLKADOT,UNMAPPED,,,,,,,13.9935,,,,,,,data_unavailable,inventory_snapshot_missing_or_empty
,22389,PAPERWEIGHT SAVE THE PLANET,UNMAPPED,,,,,,,0.5263,,,,,,,data_unavailable,inventory_snapshot_missing_or_empty
,22390,PAPERWEIGHT CHILDHOOD MEMORIES,UNMAPPED,,,,,,,0.4270,,,,,,,data_unavailable,inventory_snapshot_missing_or_empty
,22391,PAPERWEIGHT HOME SWEET HOME,UNMAPPED,,,,,,,0.3409,,,,,,,data_unavailable,inventory_snapshot_missing_or_empty
,22393,PAPERWEIGHT VINTAGE COLLAGE,UNMAPPED,,,,,,,0.7474,,,,,,,data_unavailable,inventory_snapshot_missing_or_empty
,22394,PAPERWEIGHT KINGS CHOICE,UNMAPPED,,,,,,,0.3066,,,,,,,data_unavailable,inventory_snapshot_missing_or_empty
,22395,PAPERWEIGHT VINTAGE PAISLEY,UNMAPPED,,,,,,,0.4659,,,,,,,data_unavailable,inventory_snapshot_missing_or_empty
,22396,MAGNETS PACK OF 4 RETRO PHOTO,UNMAPPED,,,,,,,1.1359,,,,,,,data_unavailable,inventory_snapshot_missing_or_empty
,22398,MAGNETS PACK OF 4 SWALLOWS,UNMAPPED,,,,,,,5.2149,,,,,,,data_unavailable,inventory_snapshot_missing_or_empty
,22399,MAGNETS PACK OF 4 CHILDHOOD MEMORY,UNMAPPED,,,,,,,0.2721,,,,,,,data_unavailable,inventory_snapshot_missing_or_empty
,22400,MAGNETS PACK OF 4 HOME SWEET HOME,UNMAPPED,,,,,,,2.6972,,,,,,,data_unavailable,inventory_snapshot_missing_or_empty
,22402,MAGNETS PACK OF 4 VINTAGE COLLAGE,UNMAPPED,,,,,,,2.5075,,,,,,,data_unavailable,inventory_snapshot_missing_or_empty
,22403,MAGNETS PACK OF 4 VINTAGE LABELS,UNMAPPED,,,,,,,1.4178,,,,,,,data_unavailable,inventory_snapshot_missing_or_empty
,22405,MONEY BOX POCKET MONEY DESIGN,UNMAPPED,,,,,,,0.5725,,,,,,,data_unavailable,inventory_snapshot_missing_or_empty
,22406,MONEY BOX KINGS CHOICE DESIGN,UNMAPPED,,,,,,,1.0047,,,,,,,data_unavailable,inventory_snapshot_missing_or_empty
,22407,MONEY BOX FIRST AID DESIGN,UNMAPPED,,,,,,,0.2230,,,,,,,data_unavailable,inventory_snapshot_missing_or_empty
,22408,MONEY BOX CONFECTIONERY DESIGN,UNMAPPED,,,,,,,0.3698,,,,,,,data_unavailable,inventory_snapshot_missing_or_empty
,22409,MONEY BOX BISCUITS DESIGN,UNMAPPED,,,,,,,0.1914,,,,,,,data_unavailable,inventory_snapshot_missing_or_empty
,22410,MONEY BOX HOUSEKEEPING DESIGN,UNMAPPED,,,,,,,0.6090,,,,,,,data_unavailable,inventory_snapshot_missing_or_empty
,22411,JUMBO SHOPPER VINTAGE RED PAISLEY,UNMAPPED,,,,,,,14.1155,,,,,,,data_unavailable,inventory_snapshot_missing_or_empty
,22412,METAL SIGN NEIGHBOURHOOD WITCH,UNMAPPED,,,,,,,0.1164,,,,,,,data_unavailable,inventory_snapshot_missing_or_empty
,22413,METAL SIGN TAKE IT OR LEAVE IT,UNMAPPED,,,,,,,2.1618,,,,,,,data_unavailable,inventory_snapshot_missing_or_empty
,22414,DOORMAT NEIGHBOURHOOD WITCH,UNMAPPED,,,,,,,0.4330,,,,,,,data_unavailable,inventory_snapshot_missing_or_empty
,22415,WHITE TISSUE REAM,UNMAPPED,,,,,,,0.0875,,,,,,,data_unavailable,inventory_snapshot_missing_or_empty
,22416,SET OF 36 SPACEBOY PAPER DOILIES,UNMAPPED,,,,,,,0.3169,,,,,,,data_unavailable,inventory_snapshot_missing_or_empty
,22417,PACK OF 60 SPACEBOY CAKE CASES,UNMAPPED,,,,,,,7.1595,,,,,,,data_unavailable,inventory_snapshot_missing_or_empty
,22418,10 COLOUR SPACEBOY PEN,UNMAPPED,,,,,,,8.3198,,,,,,,data_unavailable,inventory_snapshot_missing_or_empty
,22419,LIPSTICK PEN RED,UNMAPPED,,,,,,,8.9177,,,,,,,data_unavailable,inventory_snapshot_missing_or_empty
,22420,LIPSTICK PEN BABY PINK,UNMAPPED,,,,,,,4.0314,,,,,,,data_unavailable,inventory_snapshot_missing_or_empty
,22421,LIPSTICK PEN FUSCHIA,UNMAPPED,,,,,,,5.2985,,,,,,,data_unavailable,inventory_snapshot_missing_or_empty
,22422,TOOTHPASTE TUBE PEN,UNMAPPED,,,,,,,6.2189,,,,,,,data_unavailable,inventory_snapshot_missing_or_empty
,22423,REGENCY CAKESTAND 3 TIER,UNMAPPED,,,,,,,13.9657,,,,,,,data_unavailable,inventory_snapshot_missing_or_empty
,22424,ENAMEL BREAD BIN CREAM,UNMAPPED,,,,,,,1.4817,,,,,,,data_unavailable,inventory_snapshot_missing_or_empty
,22425,ENAMEL COLANDER CREAM,UNMAPPED,,,,,,,0.7133,,,,,,,data_unavailable,inventory_snapshot_missing_or_empty
,22426,ENAMEL WASH BOWL CREAM,UNMAPPED,,,,,,,0.8315,,,,,,,data_unavailable,inventory_snapshot_missing_or_empty
,22427,ENAMEL FLOWER JUG CREAM,UNMAPPED,,,,,,,0.2081,,,,,,,data_unavailable,inventory_snapshot_missing_or_empty
,22428,ENAMEL FIRE BUCKET CREAM,UNMAPPED,,,,,,,0.4494,,,,,,,data_unavailable,inventory_snapshot_missing_or_empty
,22429,ENAMEL MEASURING JUG CREAM,UNMAPPED,,,,,,,1.7758,,,,,,,data_unavailable,inventory_snapshot_missing_or_empty
,22430,ENAMEL WATERING CAN CREAM,UNMAPPED,,,,,,,0.3236,,,,,,,data_unavailable,inventory_snapshot_missing_or_empty
,22431,WATERING CAN BLUE ELEPHANT,UNMAPPED,,,,,,,0.8033,,,,,,,data_unavailable,inventory_snapshot_missing_or_empty
,22432,WATERING CAN PINK BUNNY,UNMAPPED,,,,,,,0.2934,,,,,,,data_unavailable,inventory_snapshot_missing_or_empty
,22433,WATERING CAN GREEN DINOSAUR,UNMAPPED,,,,,,,0.3439,,,,,,,data_unavailable,inventory_snapshot_missing_or_empty
,22434,BALLOON PUMP WITH 10 BALLOONS,UNMAPPED,,,,,,,0.9700,,,,,,,data_unavailable,inventory_snapshot_missing_or_empty
,22435,SET OF 9 HEART SHAPED BALLOONS,UNMAPPED,,,,,,,3.8823,,,,,,,data_unavailable,inventory_snapshot_missing_or_empty
,22436,12 COLOURED PARTY BALLOONS,UNMAPPED,,,,,,,3.1895,,,,,,,data_unavailable,inventory_snapshot_missing_or_empty
,22437,SET OF 9 BLACK SKULL BALLOONS,UNMAPPED,,,,,,,2.6176,,,,,,,data_unavailable,inventory_snapshot_missing_or_empty
,22438,BALLOON ART MAKE YOUR OWN FLOWERS,UNMAPPED,,,,,,,1.6439,,,,,,,data_unavailable,inventory_snapshot_missing_or_empty
,22439,6 ROCKET BALLOONS,UNMAPPED,,,,,,,3.8259,,,,,,,data_unavailable,inventory_snapshot_missing_or_empty
,22440,BALLOON WATER BOMB PACK OF 35,UNMAPPED,,,,,,,3.2338,,,,,,,data_unavailable,inventory_snapshot_missing_or_empty
,22441,GROW YOUR OWN BASIL IN ENAMEL MUG,UNMAPPED,,,,,,,2.7890,,,,,,,data_unavailable,inventory_snapshot_missing_or_empty
,22442,GROW YOUR OWN FLOWERS SET OF 3,UNMAPPED,,,,,,,0.5683,,,,,,,data_unavailable,inventory_snapshot_missing_or_empty
,22443,GROW YOUR OWN HERBS SET OF 3,UNMAPPED,,,,,,,0.0875,,,,,,,data_unavailable,inventory_snapshot_missing_or_empty
,22444,UNKNOWN,UNMAPPED,,,,,,,0.0875,,,,,,,data_unavailable,inventory_snapshot_missing_or_empty
,22445,PENCIL CASE LIFE IS BEAUTIFUL,UNMAPPED,,,,,,,1.2009,,,,,,,data_unavailable,inventory_snapshot_missing_or_empty
,22446,PIN CUSHION BABUSHKA PINK,UNMAPPED,,,,,,,2.2523,,,,,,,data_unavailable,inventory_snapshot_missing_or_empty
,22447,PIN CUSHION BABUSHKA BLUE,UNMAPPED,,,,,,,0.1820,,,,,,,data_unavailable,inventory_snapshot_missing_or_empty
,22448,PIN CUSHION BABUSHKA RED,UNMAPPED,,,,,,,0.4914,,,,,,,data_unavailable,inventory_snapshot_missing_or_empty
,22449,SILK PURSE BABUSHKA PINK,UNMAPPED,,,,,,,0.2847,,,,,,,data_unavailable,inventory_snapshot_missing_or_empty
,22450,SILK PURSE BABUSHKA BLUE,UNMAPPED,,,,,,,0.3574,,,,,,,data_unavailable,inventory_snapshot_missing_or_empty
,22451,SILK PURSE BABUSHKA RED,UNMAPPED,,,,,,,0.0875,,,,,,,data_unavailable,inventory_snapshot_missing_or_empty
,22452,MEASURING TAPE BABUSHKA PINK,UNMAPPED,,,,,,,0.3146,,,,,,,data_unavailable,inventory_snapshot_missing_or_empty
,22453,MEASURING TAPE BABUSHKA BLUE,UNMAPPED,,,,,,,0.6476,,,,,,,data_unavailable,inventory_snapshot_missing_or_empty
,22454,MEASURING TAPE BABUSHKA RED,UNMAPPED,,,,,,,0.1566,,,,,,,data_unavailable,inventory_snapshot_missing_or_empty
,22456,NATURAL SLATE CHALKBOARD LARGE,UNMAPPED,,,,,,,3.1528,,,,,,,data_unavailable,inventory_snapshot_missing_or_empty
,22457,NATURAL SLATE HEART CHALKBOARD,UNMAPPED,,,,,,,13.2301,,,,,,,data_unavailable,inventory_snapshot_missing_or_empty
,22458,CAST IRON HOOK GARDEN FORK,UNMAPPED,,,,,,,0.0875,,,,,,,data_unavailable,inventory_snapshot_missing_or_empty
,22459,UNKNOWN,UNMAPPED,,,,,,,0.0875,,,,,,,data_unavailable,inventory_snapshot_missing_or_empty
,22460,EMBOSSED GLASS TEALIGHT HOLDER,UNMAPPED,,,,,,,3.8280,,,,,,,data_unavailable,inventory_snapshot_missing_or_empty
,22461,SAVOY ART DECO CLOCK,UNMAPPED,,,,,,,0.0875,,,,,,,data_unavailable,inventory_snapshot_missing_or_empty
,22464,HANGING METAL HEART LANTERN,UNMAPPED,,,,,,,6.1142,,,,,,,data_unavailable,inventory_snapshot_missing_or_empty
,22465,HANGING METAL STAR LANTERN,UNMAPPED,,,,,,,5.2503,,,,,,,data_unavailable,inventory_snapshot_missing_or_empty
,22466,FAIRY TALE COTTAGE NIGHT LIGHT,UNMAPPED,,,,,,,4.3597,,,,,,,data_unavailable,inventory_snapshot_missing_or_empty
,22467,GUMBALL COAT RACK,UNMAPPED,,,,,,,12.2776,,,,,,,data_unavailable,inventory_snapshot_missing_or_empty
,22468,BABUSHKA LIGHTS STRING OF 10,UNMAPPED,,,,,,,1.1955,,,,,,,data_unavailable,inventory_snapshot_missing_or_empty
,22469,HEART OF WICKER SMALL,UNMAPPED,,,,,,,14.7357,,,,,,,data_unavailable,inventory_snapshot_missing_or_empty
,22470,HEART OF WICKER LARGE,UNMAPPED,,,,,,,10.9123,,,,,,,data_unavailable,inventory_snapshot_missing_or_empty
,22471,TV DINNER TRAY AIR HOSTESS,UNMAPPED,,,,,,,0.6829,,,,,,,data_unavailable,inventory_snapshot_missing_or_empty
,22472,TV DINNER TRAY DOLLY GIRL,UNMAPPED,,,,,,,0.7035,,,,,,,data_unavailable,inventory_snapshot_missing_or_empty
,22473,TV DINNER TRAY VINTAGE PAISLEY,UNMAPPED,,,,,,,0.9578,,,,,,,data_unavailable,inventory_snapshot_missing_or_empty
,22474,SPACEBOY TV DINNER TRAY,UNMAPPED,,,,,,,1.0483,,,,,,,data_unavailable,inventory_snapshot_missing_or_empty
,22475,SKULL DESIGN TV DINNER TRAY,UNMAPPED,,,,,,,1.6059,,,,,,,data_unavailable,inventory_snapshot_missing_or_empty
,22476,EMPIRE UNION JACK TV DINNER TRAY,UNMAPPED,,,,,,,1.1085,,,,,,,data_unavailable,inventory_snapshot_missing_or_empty
,22477,WATERING CAN GARDEN MARKER,UNMAPPED,,,,,,,0.8974,,,,,,,data_unavailable,inventory_snapshot_missing_or_empty
,22478,BIRDHOUSE GARDEN MARKER,UNMAPPED,,,,,,,1.0687,,,,,,,data_unavailable,inventory_snapshot_missing_or_empty
,22479,DAISY GARDEN MARKER,UNMAPPED,,,,,,,0.3708,,,,,,,data_unavailable,inventory_snapshot_missing_or_empty
,22480,RED TEA TOWEL CLASSIC DESIGN,UNMAPPED,,,,,,,0.0875,,,,,,,data_unavailable,inventory_snapshot_missing_or_empty
,22481,BLACK TEA TOWEL CLASSIC DESIGN,UNMAPPED,,,,,,,1.1780,,,,,,,data_unavailable,inventory_snapshot_missing_or_empty
,22482,BLUE TEA TOWEL CLASSIC DESIGN,UNMAPPED,,,,,,,0.0875,,,,,,,data_unavailable,inventory_snapshot_missing_or_empty
,22483,RED GINGHAM TEDDY BEAR,UNMAPPED,,,,,,,2.1467,,,,,,,data_unavailable,inventory_snapshot_missing_or_empty
,22485,SET OF 2 WOODEN MARKET CRATES,UNMAPPED,,,,,,,0.8226,,,,,,,data_unavailable,inventory_snapshot_missing_or_empty
,22486,PLASMATRONIC LAMP,UNMAPPED,,,,,,,0.2535,,,,,,,data_unavailable,inventory_snapshot_missing_or_empty
,22487,WHITE WOOD GARDEN PLANT LADDER,UNMAPPED,,,,,,,1.1396,,,,,,,data_unavailable,inventory_snapshot_missing_or_empty
,22488,NATURAL SLATE RECTANGLE CHALKBOARD,UNMAPPED,,,,,,,3.9576,,,,,,,data_unavailable,inventory_snapshot_missing_or_empty
,22489,PACK OF 12 TRADITIONAL CRAYONS,UNMAPPED,,,,,,,10.8029,,,,,,,data_unavailable,inventory_snapshot_missing_or_empty
,22491,PACK OF 12 COLOURED PENCILS,UNMAPPED,,,,,,,4.2989,,,,,,,data_unavailable,inventory_snapshot_missing_or_empty
,22492,MINI PAINT SET VINTAGE,UNMAPPED,,,,,,,13.7440,,,,,,,data_unavailable,inventory_snapshot_missing_or_empty
,22493,PAINT YOUR OWN CANVAS SET,UNMAPPED,,,,,,,3.1437,,,,,,,data_unavailable,inventory_snapshot_missing_or_empty
,22494,EMERGENCY FIRST AID TIN,UNMAPPED,,,,,,,1.6226,,,,,,,data_unavailable,inventory_snapshot_missing_or_empty
,22495,SET OF 2 ROUND TINS CAMEMBERT,UNMAPPED,,,,,,,0.6397,,,,,,,data_unavailable,inventory_snapshot_missing_or_empty
,22496,SET OF 2 ROUND TINS DUTCH CHEESE,UNMAPPED,,,,,,,0.6354,,,,,,,data_unavailable,inventory_snapshot_missing_or_empty
,22497,SET OF 2 TINS VINTAGE BATHROOM,UNMAPPED,,,,,,,0.1588,,,,,,,data_unavailable,inventory_snapshot_missing_or_empty
,22498,WOODEN REGATTA BUNTING,UNMAPPED,,,,,,,0.3819,,,,,,,data_unavailable,inventory_snapshot_missing_or_empty
,22499,WOODEN UNION JACK BUNTING,UNMAPPED,,,,,,,1.2100,,,,,,,data_unavailable,inventory_snapshot_missing_or_empty
,22500,SET OF 2 TINS JARDIN DE PROVENCE,UNMAPPED,,,,,,,0.5126,,,,,,,data_unavailable,inventory_snapshot_missing_or_empty
,22501,PICNIC BASKET WICKER LARGE,UNMAPPED,,,,,,,0.1000,,,,,,,data_unavailable,inventory_snapshot_missing_or_empty
,22502,PICNIC BASKET WICKER SMALL,UNMAPPED,,,,,,,0.0875,,,,,,,data_unavailable,inventory_snapshot_missing_or_empty
,22503,CABIN BAG VINTAGE PAISLEY,UNMAPPED,,,,,,,0.1582,,,,,,,data_unavailable,inventory_snapshot_missing_or_empty
,22504,CABIN BAG VINTAGE RETROSPOT,UNMAPPED,,,,,,,0.2166,,,,,,,data_unavailable,inventory_snapshot_missing_or_empty
,22505,MEMO BOARD COTTAGE DESIGN,UNMAPPED,,,,,,,1.9609,,,,,,,data_unavailable,inventory_snapshot_missing_or_empty
,22507,MEMO BOARD RETROSPOT DESIGN,UNMAPPED,,,,,,,3.9412,,,,,,,data_unavailable,inventory_snapshot_missing_or_empty
,22508,DOORSTOP RETROSPOT HEART,UNMAPPED,,,,,,,2.5807,,,,,,,data_unavailable,inventory_snapshot_missing_or_empty
,22509,SEWING BOX RETROSPOT DESIGN,UNMAPPED,,,,,,,0.6374,,,,,,,data_unavailable,inventory_snapshot_missing_or_empty
,22510,GINGHAM BABUSHKA DOORSTOP,UNMAPPED,,,,,,,0.4022,,,,,,,data_unavailable,inventory_snapshot_missing_or_empty
,22511,RETROSPOT BABUSHKA DOORSTOP,UNMAPPED,,,,,,,0.5222,,,,,,,data_unavailable,inventory_snapshot_missing_or_empty
,22512,DOORSTOP RACING CAR DESIGN,UNMAPPED,,,,,,,0.4490,,,,,,,data_unavailable,inventory_snapshot_missing_or_empty
,22513,DOORSTOP FOOTBALL DESIGN,UNMAPPED,,,,,,,0.4491,,,,,,,data_unavailable,inventory_snapshot_missing_or_empty
,22514,CHILDS GARDEN SPADE BLUE,UNMAPPED,,,,,,,0.5736,,,,,,,data_unavailable,inventory_snapshot_missing_or_empty
,22515,CHILDS GARDEN SPADE PINK,UNMAPPED,,,,,,,0.5261,,,,,,,data_unavailable,inventory_snapshot_missing_or_empty
,22516,CHILDS GARDEN RAKE BLUE,UNMAPPED,,,,,,,0.4437,,,,,,,data_unavailable,inventory_snapshot_missing_or_empty
,22517,CHILDS GARDEN RAKE PINK,UNMAPPED,,,,,,,0.4515,,,,,,,data_unavailable,inventory_snapshot_missing_or_empty
,22518,CHILDS GARDEN BRUSH BLUE,UNMAPPED,,,,,,,0.0875,,,,,,,data_unavailable,inventory_snapshot_missing_or_empty
,22519,CHILDS GARDEN BRUSH PINK,UNMAPPED,,,,,,,0.0875,,,,,,,data_unavailable,inventory_snapshot_missing_or_empty
,22520,CHILDS GARDEN TROWEL BLUE,UNMAPPED,,,,,,,0.0875,,,,,,,data_unavailable,inventory_snapshot_missing_or_empty
,22521,CHILDS GARDEN TROWEL PINK,UNMAPPED,,,,,,,0.0875,,,,,,,data_unavailable,inventory_snapshot_missing_or_empty
,22522,CHILDS GARDEN FORK BLUE,UNMAPPED,,,,,,,0.2108,,,,,,,data_unavailable,inventory_snapshot_missing_or_empty
,22523,CHILDS GARDEN FORK PINK,UNMAPPED,,,,,,,0.5201,,,,,,,data_unavailable,inventory_snapshot_missing_or_empty
,22524,CHILDRENS GARDEN GLOVES BLUE,UNMAPPED,,,,,,,0.0875,,,,,,,data_unavailable,inventory_snapshot_missing_or_empty
,22525,CHILDRENS GARDEN GLOVES PINK,UNMAPPED,,,,,,,0.0875,,,,,,,data_unavailable,inventory_snapshot_missing_or_empty
,22526,WHEELBARROW FOR CHILDREN,UNMAPPED,,,,,,,0.2029,,,,,,,data_unavailable,inventory_snapshot_missing_or_empty
,22528,GARDENERS KNEELING PAD,UNMAPPED,,,,,,,0.0875,,,,,,,data_unavailable,inventory_snapshot_missing_or_empty
,22529,MAGIC DRAWING SLATE GO TO THE FAIR,UNMAPPED,,,,,,,1.4366,,,,,,,data_unavailable,inventory_snapshot_missing_or_empty
,22530,MAGIC DRAWING SLATE DOLLY GIRL,UNMAPPED,,,,,,,5.6106,,,,,,,data_unavailable,inventory_snapshot_missing_or_empty
,22531,MAGIC DRAWING SLATE CIRCUS PARADE,UNMAPPED,,,,,,,4.2902,,,,,,,data_unavailable,inventory_snapshot_missing_or_empty
,22532,MAGIC DRAWING SLATE LEAP FROG,UNMAPPED,,,,,,,0.8139,,,,,,,data_unavailable,inventory_snapshot_missing_or_empty
,22533,MAGIC DRAWING SLATE BAKE A CAKE,UNMAPPED,,,,,,,1.2254,,,,,,,data_unavailable,inventory_snapshot_missing_or_empty
,22534,MAGIC DRAWING SLATE SPACEBOY,UNMAPPED,,,,,,,7.0882,,,,,,,data_unavailable,inventory_snapshot_missing_or_empty
,22535,MAGIC DRAWING SLATE BUNNIES,UNMAPPED,,,,,,,2.1087,,,,,,,data_unavailable,inventory_snapshot_missing_or_empty
,22536,MAGIC DRAWING SLATE PURDEY,UNMAPPED,,,,,,,1.2161,,,,,,,data_unavailable,inventory_snapshot_missing_or_empty
,22537,MAGIC DRAWING SLATE DINOSAUR,UNMAPPED,,,,,,,3.6949,,,,,,,data_unavailable,inventory_snapshot_missing_or_empty
,22538,MINI JIGSAW GO TO THE FAIR,UNMAPPED,,,,,,,0.3561,,,,,,,data_unavailable,inventory_snapshot_missing_or_empty
,22539,MINI JIGSAW DOLLY GIRL,UNMAPPED,,,,,,,1.7080,,,,,,,data_unavailable,inventory_snapshot_missing_or_empty
,22540,MINI JIGSAW CIRCUS PARADE,UNMAPPED,,,,,,,1.2610,,,,,,,data_unavailable,inventory_snapshot_missing_or_empty
,22541,MINI JIGSAW LEAP FROG,UNMAPPED,,,,,,,0.4585,,,,,,,data_unavailable,inventory_snapshot_missing_or_empty
,22543,MINI JIGSAW BAKE A CAKE,UNMAPPED,,,,,,,0.4903,,,,,,,data_unavailable,inventory_snapshot_missing_or_empty
,22544,MINI JIGSAW SPACEBOY,UNMAPPED,,,,,,,3.9364,,,,,,,data_unavailable,inventory_snapshot_missing_or_empty
,22545,MINI JIGSAW BUNNIES,UNMAPPED,,,,,,,0.7472,,,,,,,data_unavailable,inventory_snapshot_missing_or_empty
,22546,MINI JIGSAW PURDEY,UNMAPPED,,,,,,,1.6886,,,,,,,data_unavailable,inventory_snapshot_missing_or_empty
,22547,MINI JIGSAW DINOSAUR,UNMAPPED,,,,,,,1.4386,,,,,,,data_unavailable,inventory_snapshot_missing_or_empty
,22548,adjustment,UNMAPPED,,,,,,,0.2217,,,,,,,data_unavailable,inventory_snapshot_missing_or_empty
,22549,PICTURE DOMINOES,UNMAPPED,,,,,,,10.4805,,,,,,,data_unavailable,inventory_snapshot_missing_or_empty
,22550,HOLIDAY FUN LUDO,UNMAPPED,,,,,,,1.8602,,,,,,,data_unavailable,inventory_snapshot_missing_or_empty
,22551,PLASTERS IN TIN SPACEBOY,UNMAPPED,,,,,,,13.1190,,,,,,,data_unavailable,inventory_snapshot_missing_or_empty
,22553,PLASTERS IN TIN SKULLS,UNMAPPED,,,,,,,10.6482,,,,,,,data_unavailable,inventory_snapshot_missing_or_empty
,22554,PLASTERS IN TIN WOODLAND ANIMALS,UNMAPPED,,,,,,,12.1920,,,,,,,data_unavailable,inventory_snapshot_missing_or_empty
,22555,PLASTERS IN TIN STRONGMAN,UNMAPPED,,,,,,,10.7493,,,,,,,data_unavailable,inventory_snapshot_missing_or_empty
,22556,PLASTERS IN TIN CIRCUS PARADE,UNMAPPED,,,,,,,10.5322,,,,,,,data_unavailable,inventory_snapshot_missing_or_empty
,22557,PLASTERS IN TIN VINTAGE PAISLEY,UNMAPPED,,,,,,,9.6083,,,,,,,data_unavailable,inventory_snapshot_missing_or_empty
,22558,CLOTHES PEGS RETROSPOT PACK 24,UNMAPPED,,,,,,,8.7603,,,,,,,data_unavailable,inventory_snapshot_missing_or_empty
,22559,SEASIDE FLYING DISC,UNMAPPED,,,,,,,0.4235,,,,,,,data_unavailable,inventory_snapshot_missing_or_empty
,22560,TRADITIONAL MODELLING CLAY,UNMAPPED,,,,,,,10.6116,,,,,,,data_unavailable,inventory_snapshot_missing_or_empty
,22561,WOODEN SCHOOL COLOURING SET,UNMAPPED,,,,,,,11.3500,,,,,,,data_unavailable,inventory_snapshot_missing_or_empty
,22562,MONSTERS STENCIL CRAFT,UNMAPPED,,,,,,,3.4214,,,,,,,data_unavailable,inventory_snapshot_missing_or_empty
,22563,HAPPY STENCIL CRAFT,UNMAPPED,,,,,,,5.8038,,,,,,,data_unavailable,inventory_snapshot_missing_or_empty
,22564,ALPHABET STENCIL CRAFT,UNMAPPED,,,,,,,3.4018,,,,,,,data_unavailable,inventory_snapshot_missing_or_empty
,22565,FELTCRAFT HAIRBANDS PINK AND WHITE,UNMAPPED,,,,,,,2.4175,,,,,,,data_unavailable,inventory_snapshot_missing_or_empty
,22566,FELTCRAFT HAIRBAND PINK AND PURPLE,UNMAPPED,,,,,,,3.7292,,,,,,,data_unavailable,inventory_snapshot_missing_or_empty
,22567,20 DOLLY PEGS RETROSPOT,UNMAPPED,,,,,,,2.1419,,,,,,,data_unavailable,inventory_snapshot_missing_or_empty
,22568,FELTCRAFT CUSHION OWL,UNMAPPED,,,,,,,5.4057,,,,,,,data_unavailable,inventory_snapshot_missing_or_empty
,22569,FELTCRAFT CUSHION BUTTERFLY,UNMAPPED,,,,,,,0.0875,,,,,,,data_unavailable,inventory_snapshot_missing_or_empty
,22570,UNKNOWN,UNMAPPED,,,,,,,0.2172,,,,,,,data_unavailable,inventory_snapshot_missing_or_empty
,22571,ROCKING HORSE RED CHRISTMAS,UNMAPPED,,,,,,,11.0107,,,,,,,data_unavailable,inventory_snapshot_missing_or_empty
,22572,ROCKING HORSE GREEN CHRISTMAS,UNMAPPED,,,,,,,5.5618,,,,,,,data_unavailable,inventory_snapshot_missing_or_empty
,22573,STAR WOODEN CHRISTMAS DECORATION,UNMAPPED,,,,,,,10.6355,,,,,,,data_unavailable,inventory_snapshot_missing_or_empty
,22574,HEART WOODEN CHRISTMAS DECORATION,UNMAPPED,,,,,,,12.0592,,,,,,,data_unavailable,inventory_snapshot_missing_or_empty
,22575,METAL MERRY CHRISTMAS WREATH,UNMAPPED,,,,,,,0.5267,,,,,,,data_unavailable,inventory_snapshot_missing_or_empty
,22576,SWALLOW WOODEN CHRISTMAS DECORATION,UNMAPPED,,,,,,,8.1660,,,,,,,data_unavailable,inventory_snapshot_missing_or_empty
,22577,WOODEN HEART CHRISTMAS SCANDINAVIAN,UNMAPPED,,,,,,,18.9644,,,,,,,data_unavailable,inventory_snapshot_missing_or_empty
,22578,WOODEN STAR CHRISTMAS SCANDINAVIAN,UNMAPPED,,,,,,,19.0878,,,,,,,data_unavailable,inventory_snapshot_missing_or_empty
,22579,WOODEN TREE CHRISTMAS SCANDINAVIAN,UNMAPPED,,,,,,,9.4326,,,,,,,data_unavailable,inventory_snapshot_missing_or_empty
,22580,ADVENT CALENDAR GINGHAM SACK,UNMAPPED,,,,,,,9.7151,,,,,,,data_unavailable,inventory_snapshot_missing_or_empty
,22581,WOOD STOCKING CHRISTMAS SCANDISPOT,UNMAPPED,,,,,,,8.9150,,,,,,,data_unavailable,inventory_snapshot_missing_or_empty
,22582,PACK OF 6 SWEETIE GIFT BOXES,UNMAPPED,,,,,,,0.5538,,,,,,,data_unavailable,inventory_snapshot_missing_or_empty
,22583,PACK OF 6 HANDBAG GIFT BOXES,UNMAPPED,,,,,,,0.4073,,,,,,,data_unavailable,inventory_snapshot_missing_or_empty
,22584,PACK OF 6 PANETTONE GIFT BOXES,UNMAPPED,,,,,,,1.5957,,,,,,,data_unavailable,inventory_snapshot_missing_or_empty
,22585,PACK OF 6 BIRDY GIFT TAGS,UNMAPPED,,,,,,,7.3970,,,,,,,data_unavailable,inventory_snapshot_missing_or_empty
,22586,FELTCRAFT HAIRBAND PINK AND BLUE,UNMAPPED,,,,,,,2.3593,,,,,,,data_unavailable,inventory_snapshot_missing_or_empty
,22587,FELTCRAFT HAIRBAND RED AND BLUE,UNMAPPED,,,,,,,3.9379,,,,,,,data_unavailable,inventory_snapshot_missing_or_empty
,22588,CARD HOLDER GINGHAM HEART,UNMAPPED,,,,,,,2.2165,,,,,,,data_unavailable,inventory_snapshot_missing_or_empty
,22589,CARDHOLDER GINGHAM STAR,UNMAPPED,,,,,,,1.5827,,,,,,,data_unavailable,inventory_snapshot_missing_or_empty
,22591,CARDHOLDER GINGHAM CHRISTMAS TREE,UNMAPPED,,,,,,,2.3772,,,,,,,data_unavailable,inventory_snapshot_missing_or_empty
,22592,CARDHOLDER HOLLY WREATH METAL,UNMAPPED,,,,,,,5.5519,,,,,,,data_unavailable,inventory_snapshot_missing_or_empty
,22593,CHRISTMAS GINGHAM STAR,UNMAPPED,,,,,,,10.3466,,,,,,,data_unavailable,inventory_snapshot_missing_or_empty
,22594,CHRISTMAS GINGHAM TREE,UNMAPPED,,,,,,,9.6406,,,,,,,data_unavailable,inventory_snapshot_missing_or_empty
,22595,GINGHAM HEART DECORATION,UNMAPPED,,,,,,,10.5959,,,,,,,data_unavailable,inventory_snapshot_missing_or_empty
,22596,CHRISTMAS STAR WISH LIST CHALKBOARD,UNMAPPED,,,,,,,11.4963,,,,,,,data_unavailable,inventory_snapshot_missing_or_empty
,22597,MUSICAL ZINC HEART DECORATION,UNMAPPED,,,,,,,13.0697,,,,,,,data_unavailable,inventory_snapshot_missing_or_empty
,22598,CHRISTMAS MUSICAL ZINC TREE,UNMAPPED,,,,,,,5.4091,,,,,,,data_unavailable,inventory_snapshot_missing_or_empty
,22599,CHRISTMAS MUSICAL ZINC STAR,UNMAPPED,,,,,,,9.0896,,,,,,,data_unavailable,inventory_snapshot_missing_or_empty
,22600,CHRISTMAS RETROSPOT STAR WOOD,UNMAPPED,,,,,,,8.6826,,,,,,,data_unavailable,inventory_snapshot_missing_or_empty
,22601,CHRISTMAS RETROSPOT ANGEL WOOD,UNMAPPED,,,,,,,8.8112,,,,,,,data_unavailable,inventory_snapshot_missing_or_empty
,22602,RETROSPOT WOODEN HEART DECORATION,UNMAPPED,,,,,,,6.8736,,,,,,,data_unavailable,inventory_snapshot_missing_or_empty
,22603,CHRISTMAS RETROSPOT TREE WOOD,UNMAPPED,,,,,,,7.5771,,,,,,,data_unavailable,inventory_snapshot_missing_or_empty
,22604,SET OF 4 NAPKIN CHARMS CUTLERY,UNMAPPED,,,,,,,1.3603,,,,,,,data_unavailable,inventory_snapshot_missing_or_empty
,22605,WOODEN CROQUET GARDEN SET,UNMAPPED,,,,,,,0.9310,,,,,,,data_unavailable,inventory_snapshot_missing_or_empty
,22606,WOODEN SKITTLES GARDEN SET,UNMAPPED,,,,,,,0.2458,,,,,,,data_unavailable,inventory_snapshot_missing_or_empty
,22607,WOODEN ROUNDERS GARDEN SET,UNMAPPED,,,,,,,1.6855,,,,,,,data_unavailable,inventory_snapshot_missing_or_empty
,22608,PENS ASSORTED FUNKY JEWELED,UNMAPPED,,,,,,,6.0247,,,,,,,data_unavailable,inventory_snapshot_missing_or_empty
,22609,PENS ASSORTED SPACEBALL,UNMAPPED,,,,,,,9.2145,,,,,,,data_unavailable,inventory_snapshot_missing_or_empty
,22610,PENS ASSORTED FUNNY FACE,UNMAPPED,,,,,,,9.5890,,,,,,,data_unavailable,inventory_snapshot_missing_or_empty
,22611,VINTAGE UNION JACK SHOPPING BAG,UNMAPPED,,,,,,,0.1458,,,,,,,data_unavailable,inventory_snapshot_missing_or_empty
,22612,TEA COSY VINTAGE UNION JACK,UNMAPPED,,,,,,,0.0875,,,,,,,data_unavailable,inventory_snapshot_missing_or_empty
,22613,PACK OF 20 SPACEBOY NAPKINS,UNMAPPED,,,,,,,0.6939,,,,,,,data_unavailable,inventory_snapshot_missing_or_empty
,22614,PACK OF 12 SPACEBOY TISSUES,UNMAPPED,,,,,,,4.3185,,,,,,,data_unavailable,inventory_snapshot_missing_or_empty
,22615,PACK OF 12 CIRCUS PARADE TISSUES,UNMAPPED,,,,,,,0.7137,,,,,,,data_unavailable,inventory_snapshot_missing_or_empty
,22616,PACK OF 12 LONDON TISSUES,UNMAPPED,,,,,,,11.2651,,,,,,,data_unavailable,inventory_snapshot_missing_or_empty
,22617,BAKING SET SPACEBOY DESIGN,UNMAPPED,,,,,,,8.9139,,,,,,,data_unavailable,inventory_snapshot_missing_or_empty
,22618,COOKING SET RETROSPOT,UNMAPPED,,,,,,,0.0875,,,,,,,data_unavailable,inventory_snapshot_missing_or_empty
,22619,SET OF 6 SOLDIER SKITTLES,UNMAPPED,,,,,,,8.9291,,,,,,,data_unavailable,inventory_snapshot_missing_or_empty
,22620,4 TRADITIONAL SPINNING TOPS,UNMAPPED,,,,,,,11.2695,,,,,,,data_unavailable,inventory_snapshot_missing_or_empty
,22621,TRADITIONAL KNITTING NANCY,UNMAPPED,,,,,,,13.9004,,,,,,,data_unavailable,inventory_snapshot_missing_or_empty
,22622,BOX OF VINTAGE ALPHABET BLOCKS,UNMAPPED,,,,,,,2.1310,,,,,,,data_unavailable,inventory_snapshot_missing_or_empty
,22623,BOX OF VINTAGE JIGSAW BLOCKS,UNMAPPED,,,,,,,2.1641,,,,,,,data_unavailable,inventory_snapshot_missing_or_empty
,22624,IVORY KITCHEN SCALES,UNMAPPED,,,,,,,3.9288,,,,,,,data_unavailable,inventory_snapshot_missing_or_empty
,22625,RED KITCHEN SCALES,UNMAPPED,,,,,,,3.2002,,,,,,,data_unavailable,inventory_snapshot_missing_or_empty
,22626,BLACK KITCHEN SCALES,UNMAPPED,,,,,,,0.5923,,,,,,,data_unavailable,inventory_snapshot_missing_or_empty
,22627,MINT KITCHEN SCALES,UNMAPPED,,,,,,,2.1079,,,,,,,data_unavailable,inventory_snapshot_missing_or_empty
,22628,PICNIC BOXES SET OF 3 RETROSPOT,UNMAPPED,,,,,,,0.7684,,,,,,,data_unavailable,inventory_snapshot_missing_or_empty
,22629,SPACEBOY LUNCH BOX,UNMAPPED,,,,,,,12.6267,,,,,,,data_unavailable,inventory_snapshot_missing_or_empty
,22630,DOLLY GIRL LUNCH BOX,UNMAPPED,,,,,,,11.5233,,,,,,,data_unavailable,inventory_snapshot_missing_or_empty
,22631,CIRCUS PARADE LUNCH BOX,UNMAPPED,,,,,,,3.9023,,,,,,,data_unavailable,inventory_snapshot_missing_or_empty
,22632,HAND WARMER RED RETROSPOT,UNMAPPED,,,,,,,13.2979,,,,,,,data_unavailable,inventory_snapshot_missing_or_empty
,22633,HAND WARMER UNION JACK,UNMAPPED,,,,,,,14.3869,,,,,,,data_unavailable,inventory_snapshot_missing_or_empty
,22634,CHILDS BREAKFAST SET SPACEBOY,UNMAPPED,,,,,,,1.6995,,,,,,,data_unavailable,inventory_snapshot_missing_or_empty
,22635,CHILDS BREAKFAST SET DOLLY GIRL,UNMAPPED,,,,,,,1.6237,,,,,,,data_unavailable,inventory_snapshot_missing_or_empty
,22636,CHILDS BREAKFAST SET CIRCUS PARADE,UNMAPPED,,,,,,,1.9588,,,,,,,data_unavailable,inventory_snapshot_missing_or_empty
,22637,PIGGY BANK RETROSPOT,UNMAPPED,,,,,,,0.9254,,,,,,,data_unavailable,inventory_snapshot_missing_or_empty
,22638,SET OF 4 NAPKIN CHARMS CROWNS,UNMAPPED,,,,,,,0.6194,,,,,,,data_unavailable,inventory_snapshot_missing_or_empty
,22639,SET OF 4 NAPKIN CHARMS HEARTS,UNMAPPED,,,,,,,1.3997,,,,,,,data_unavailable,inventory_snapshot_missing_or_empty
,22640,SET OF 4 NAPKIN CHARMS 3 KEYS,UNMAPPED,,,,,,,0.3776,,,,,,,data_unavailable,inventory_snapshot_missing_or_empty
,22641,SET OF 4 NAPKIN CHARMS INSTRUMENT,UNMAPPED,,,,,,,0.2399,,,,,,,data_unavailable,inventory_snapshot_missing_or_empty
,22642,SET OF 4 NAPKIN CHARMS STARS,UNMAPPED,,,,,,,0.7349,,,,,,,data_unavailable,inventory_snapshot_missing_or_empty
,22643,SET OF 4 NAPKIN CHARMS LEAVES,UNMAPPED,,,,,,,0.5611,,,,,,,data_unavailable,inventory_snapshot_missing_or_empty
,22644,CERAMIC CHERRY CAKE MONEY BANK,UNMAPPED,,,,,,,4.5128,,,,,,,data_unavailable,inventory_snapshot_missing_or_empty
,22645,CERAMIC HEART FAIRY CAKE MONEY BANK,UNMAPPED,,,,,,,4.9378,,,,,,,data_unavailable,inventory_snapshot_missing_or_empty
,22646,CERAMIC STRAWBERRY CAKE MONEY BANK,UNMAPPED,,,,,,,5.8550,,,,,,,data_unavailable,inventory_snapshot_missing_or_empty
,22647,CERAMIC LOVE HEART MONEY BANK,UNMAPPED,,,,,,,0.5245,,,,,,,data_unavailable,inventory_snapshot_missing_or_empty
,22649,STRAWBERRY FAIRY CAKE TEAPOT,UNMAPPED,,,,,,,0.9321,,,,,,,data_unavailable,inventory_snapshot_missing_or_empty
,22650,CERAMIC PIRATE CHEST MONEY BANK,UNMAPPED,,,,,,,1.6515,,,,,,,data_unavailable,inventory_snapshot_missing_or_empty
,22651,GENTLEMAN SHIRT REPAIR KIT,UNMAPPED,,,,,,,2.2168,,,,,,,data_unavailable,inventory_snapshot_missing_or_empty
,22652,TRAVEL SEWING KIT,UNMAPPED,,,,,,,0.2582,,,,,,,data_unavailable,inventory_snapshot_missing_or_empty
,22653,BUTTON BOX,UNMAPPED,,,,,,,7.1526,,,,,,,data_unavailable,inventory_snapshot_missing_or_empty
,22654,DELUXE SEWING KIT,UNMAPPED,,,,,,,3.4736,,,,,,,data_unavailable,inventory_snapshot_missing_or_empty
,22655,VINTAGE RED KITCHEN CABINET,UNMAPPED,,,,,,,0.0881,,,,,,,data_unavailable,inventory_snapshot_missing_or_empty
,22656,VINTAGE BLUE KITCHEN CABINET,UNMAPPED,,,,,,,0.0875,,,,,,,data_unavailable,inventory_snapshot_missing_or_empty
,22659,LUNCH BOX I LOVE LONDON,UNMAPPED,,,,,,,7.8569,,,,,,,data_unavailable,inventory_snapshot_missing_or_empty
,22660,DOORMAT I LOVE LONDON,UNMAPPED,,,,,,,0.5546,,,,,,,data_unavailable,inventory_snapshot_missing_or_empty
,22661,CHARLOTTE BAG DOLLY GIRL DESIGN,UNMAPPED,,,,,,,7.9990,,,,,,,data_unavailable,inventory_snapshot_missing_or_empty
,22662,LUNCH BAG DOLLY GIRL DESIGN,UNMAPPED,,,,,,,9.2431,,,,,,,data_unavailable,inventory_snapshot_missing_or_empty
,22663,JUMBO BAG DOLLY GIRL DESIGN,UNMAPPED,,,,,,,4.0257,,,,,,,data_unavailable,inventory_snapshot_missing_or_empty
,22664,TOY TIDY DOLLY GIRL DESIGN,UNMAPPED,,,,,,,1.2477,,,,,,,data_unavailable,inventory_snapshot_missing_or_empty
,22665,RECIPE BOX BLUE SKETCHBOOK DESIGN,UNMAPPED,,,,,,,0.5308,,,,,,,data_unavailable,inventory_snapshot_missing_or_empty
,22666,RECIPE BOX PANTRY YELLOW DESIGN,UNMAPPED,,,,,,,12.4332,,,,,,,data_unavailable,inventory_snapshot_missing_or_empty
,22667,RECIPE BOX RETROSPOT,UNMAPPED,,,,,,,6.2893,,,,,,,data_unavailable,inventory_snapshot_missing_or_empty
,22668,PINK BABY BUNTING,UNMAPPED,,,,,,,1.5186,,,,,,,data_unavailable,inventory_snapshot_missing_or_empty
,22669,RED BABY BUNTING,UNMAPPED,,,,,,,1.4042,,,,,,,data_unavailable,inventory_snapshot_missing_or_empty
,22670,FRENCH WC SIGN BLUE METAL,UNMAPPED,,,,,,,2.4685,,,,,,,data_unavailable,inventory_snapshot_missing_or_empty
,22671,FRENCH LAUNDRY SIGN BLUE METAL,UNMAPPED,,,,,,,0.8186,,,,,,,data_unavailable,inventory_snapshot_missing_or_empty
,22672,FRENCH BATHROOM SIGN BLUE METAL,UNMAPPED,,,,,,,1.3072,,,,,,,data_unavailable,inventory_snapshot_missing_or_empty
,22673,FRENCH GARDEN SIGN BLUE METAL,UNMAPPED,,,,,,,0.4319,,,,,,,data_unavailable,inventory_snapshot_missing_or_empty
,22674,FRENCH TOILET SIGN BLUE METAL,UNMAPPED,,,,,,,1.1803,,,,,,,data_unavailable,inventory_snapshot_missing_or_empty
,22675,FRENCH KITCHEN SIGN BLUE METAL,UNMAPPED,,,,,,,0.6362,,,,,,,data_unavailable,inventory_snapshot_missing_or_empty
,22676,FRENCH BLUE METAL DOOR SIGN 1,UNMAPPED,,,,,,,0.9677,,,,,,,data_unavailable,inventory_snapshot_missing_or_empty
,22677,FRENCH BLUE METAL DOOR SIGN 2,UNMAPPED,,,,,,,0.6179,,,,,,,data_unavailable,inventory_snapshot_missing_or_empty
,22678,FRENCH BLUE METAL DOOR SIGN 3,UNMAPPED,,,,,,,0.7347,,,,,,,data_unavailable,inventory_snapshot_missing_or_empty
,22679,FRENCH BLUE METAL DOOR SIGN 4,UNMAPPED,,,,,,,0.5914,,,,,,,data_unavailable,inventory_snapshot_missing_or_empty
,22680,FRENCH BLUE METAL DOOR SIGN 5,UNMAPPED,,,,,,,0.7843,,,,,,,data_unavailable,inventory_snapshot_missing_or_empty
,22681,FRENCH BLUE METAL DOOR SIGN 6,UNMAPPED,,,,,,,0.7114,,,,,,,data_unavailable,inventory_snapshot_missing_or_empty
,22682,FRENCH BLUE METAL DOOR SIGN 7,UNMAPPED,,,,,,,0.6911,,,,,,,data_unavailable,inventory_snapshot_missing_or_empty
,22683,FRENCH BLUE METAL DOOR SIGN 8,UNMAPPED,,,,,,,0.4275,,,,,,,data_unavailable,inventory_snapshot_missing_or_empty
,22684,FRENCH BLUE METAL DOOR SIGN 9,UNMAPPED,,,,,,,0.4590,,,,,,,data_unavailable,inventory_snapshot_missing_or_empty
,22685,FRENCH BLUE METAL DOOR SIGN 0,UNMAPPED,,,,,,,0.5131,,,,,,,data_unavailable,inventory_snapshot_missing_or_empty
,22686,FRENCH BLUE METAL DOOR SIGN No,UNMAPPED,,,,,,,0.7941,,,,,,,data_unavailable,inventory_snapshot_missing_or_empty
,22687,DOORMAT CHRISTMAS VILLAGE,UNMAPPED,,,,,,,0.5815,,,,,,,data_unavailable,inventory_snapshot_missing_or_empty
,22688,DOORMAT PEACE ON EARTH BLUE,UNMAPPED,,,,,,,0.2772,,,,,,,data_unavailable,inventory_snapshot_missing_or_empty
,22689,UNKNOWN,UNMAPPED,,,,,,,1.1333,,,,,,,data_unavailable,inventory_snapshot_missing_or_empty
,22690,DOORMAT HOME SWEET HOME BLUE,UNMAPPED,,,,,,,1.0841,,,,,,,data_unavailable,inventory_snapshot_missing_or_empty
,22691,DOORMAT WELCOME SUNRISE,UNMAPPED,,,,,,,0.5293,,,,,,,data_unavailable,inventory_snapshot_missing_or_empty
,22692,DOORMAT WELCOME TO OUR HOME,UNMAPPED,,,,,,,1.3451,,,,,,,data_unavailable,inventory_snapshot_missing_or_empty
,22693,GROW A FLYTRAP OR SUNFLOWER IN TIN,UNMAPPED,,,,,,,8.6291,,,,,,,data_unavailable,inventory_snapshot_missing_or_empty
,22694,WICKER STAR,UNMAPPED,,,,,,,9.1243,,,,,,,data_unavailable,inventory_snapshot_missing_or_empty
,22695,WICKER WREATH SMALL,UNMAPPED,,,,,,,2.6092,,,,,,,data_unavailable,inventory_snapshot_missing_or_empty
,22696,WICKER WREATH LARGE,UNMAPPED,,,,,,,2.9664,,,,,,,data_unavailable,inventory_snapshot_missing_or_empty
,22697,GREEN REGENCY TEACUP AND SAUCER,UNMAPPED,,,,,,,10.6772,,,,,,,data_unavailable,inventory_snapshot_missing_or_empty
,22698,PINK REGENCY TEACUP AND SAUCER,UNMAPPED,,,,,,,9.3755,,,,,,,data_unavailable,inventory_snapshot_missing_or_empty
,22699,ROSES REGENCY TEACUP AND SAUCER,UNMAPPED,,,,,,,11.4414,,,,,,,data_unavailable,inventory_snapshot_missing_or_empty
,22700,BLACK AND WHITE DOG BOWL,UNMAPPED,,,,,,,0.0875,,,,,,,data_unavailable,inventory_snapshot_missing_or_empty
,22701,PINK DOG BOWL,UNMAPPED,,,,,,,1.4759,,,,,,,data_unavailable,inventory_snapshot_missing_or_empty
,22702,BLACK AND WHITE CAT BOWL,UNMAPPED,,,,,,,0.2569,,,,,,,data_unavailable,inventory_snapshot_missing_or_empty
,22703,PINK CAT BOWL,UNMAPPED,,,,,,,1.7820,,,,,,,data_unavailable,inventory_snapshot_missing_or_empty
,22704,WRAP RED APPLES,UNMAPPED,,,,,,,2.1708,,,,,,,data_unavailable,inventory_snapshot_missing_or_empty
,22705,WRAP GREEN PEARS,UNMAPPED,,,,,,,0.4578,,,,,,,data_unavailable,inventory_snapshot_missing_or_empty
,22706,WRAP COWBOYS,UNMAPPED,,,,,,,0.7511,,,,,,,data_unavailable,inventory_snapshot_missing_or_empty
,22707,WRAP MONSTER FUN,UNMAPPED,,,,,,,1.1495,,,,,,,data_unavailable,inventory_snapshot_missing_or_empty
,22708,WRAP DOLLY GIRL,UNMAPPED,,,,,,,2.1601,,,,,,,data_unavailable,inventory_snapshot_missing_or_empty
,22709,WRAP WEDDING DAY,UNMAPPED,,,,,,,0.1133,,,,,,,data_unavailable,inventory_snapshot_missing_or_empty
,22710,WRAP I LOVE LONDON,UNMAPPED,,,,,,,2.1202,,,,,,,data_unavailable,inventory_snapshot_missing_or_empty
,22711,WRAP CIRCUS PARADE,UNMAPPED,,,,,,,0.6487,,,,,,,data_unavailable,inventory_snapshot_missing_or_empty
,22712,CARD DOLLY GIRL,UNMAPPED,,,,,,,5.7826,,,,,,,data_unavailable,inventory_snapshot_missing_or_empty
,22713,CARD I LOVE LONDON,UNMAPPED,,,,,,,1.6511,,,,,,,data_unavailable,inventory_snapshot_missing_or_empty
,22714,CARD BIRTHDAY COWBOY,UNMAPPED,,,,,,,2.2319,,,,,,,data_unavailable,inventory_snapshot_missing_or_empty
,22715,CARD WEDDING DAY,UNMAPPED,,,,,,,0.1789,,,,,,,data_unavailable,inventory_snapshot_missing_or_empty
,22716,CARD CIRCUS PARADE,UNMAPPED,,,,,,,1.4166,,,,,,,data_unavailable,inventory_snapshot_missing_or_empty
,22717,CARD DOG AND BALL,UNMAPPED,,,,,,,0.6102,,,,,,,data_unavailable,inventory_snapshot_missing_or_empty
,22718,CARD CAT AND TREE,UNMAPPED,,,,,,,0.5858,,,,,,,data_unavailable,inventory_snapshot_missing_or_empty
,22719,UNKNOWN,UNMAPPED,,,,,,,0.0875,,,,,,,data_unavailable,inventory_snapshot_missing_or_empty
,22720,SET OF 3 CAKE TINS PANTRY DESIGN,UNMAPPED,,,,,,,9.8544,,,,,,,data_unavailable,inventory_snapshot_missing_or_empty
,22721,SET OF 3 CAKE TINS SKETCHBOOK,UNMAPPED,,,,,,,1.3806,,,,,,,data_unavailable,inventory_snapshot_missing_or_empty
,22722,SET OF 6 SPICE TINS PANTRY DESIGN,UNMAPPED,,,,,,,9.7562,,,,,,,data_unavailable,inventory_snapshot_missing_or_empty
,22723,SET OF 6 HERB TINS SKETCHBOOK,UNMAPPED,,,,,,,1.1964,,,,,,,data_unavailable,inventory_snapshot_missing_or_empty
,22725,ALARM CLOCK BAKELIKE CHOCOLATE,UNMAPPED,,,,,,,6.2380,,,,,,,data_unavailable,inventory_snapshot_missing_or_empty
,22726,ALARM CLOCK BAKELIKE GREEN,UNMAPPED,,,,,,,14.1676,,,,,,,data_unavailable,inventory_snapshot_missing_or_empty
,22727,ALARM CLOCK BAKELIKE RED,UNMAPPED,,,,,,,14.0299,,,,,,,data_unavailable,inventory_snapshot_missing_or_empty
,22728,ALARM CLOCK BAKELIKE PINK,UNMAPPED,,,,,,,10.4504,,,,,,,data_unavailable,inventory_snapshot_missing_or_empty
,22729,ALARM CLOCK BAKELIKE ORANGE,UNMAPPED,,,,,,,0.4513,,,,,,,data_unavailable,inventory_snapshot_missing_or_empty
,22730,ALARM CLOCK BAKELIKE IVORY,UNMAPPED,,,,,,,7.9779,,,,,,,data_unavailable,inventory_snapshot_missing_or_empty
,22731,3D CHRISTMAS STAMPS STICKERS,UNMAPPED,,,,,,,3.2549,,,,,,,data_unavailable,inventory_snapshot_missing_or_empty
,22732,3D VINTAGE CHRISTMAS STICKERS,UNMAPPED,,,,,,,6.7581,,,,,,,data_unavailable,inventory_snapshot_missing_or_empty
,22733,3D TRADITIONAL CHRISTMAS STICKERS,UNMAPPED,,,,,,,5.6581,,,,,,,data_unavailable,inventory_snapshot_missing_or_empty
,22734,SET OF 6 RIBBONS VINTAGE CHRISTMAS,UNMAPPED,,,,,,,13.2541,,,,,,,data_unavailable,inventory_snapshot_missing_or_empty
,22735,RIBBON REEL SOCKS AND MITTENS,UNMAPPED,,,,,,,2.9583,,,,,,,data_unavailable,inventory_snapshot_missing_or_empty
,22736,RIBBON REEL MAKING SNOWMEN,UNMAPPED,,,,,,,7.1055,,,,,,,data_unavailable,inventory_snapshot_missing_or_empty
,22737,RIBBON REEL CHRISTMAS PRESENT,UNMAPPED,,,,,,,8.6701,,,,,,,data_unavailable,inventory_snapshot_missing_or_empty
,22738,RIBBON REEL SNOWY VILLAGE,UNMAPPED,,,,,,,7.6209,,,,,,,data_unavailable,inventory_snapshot_missing_or_empty
,22739,RIBBON REEL CHRISTMAS SOCK BAUBLE,UNMAPPED,,,,,,,9.6174,,,,,,,data_unavailable,inventory_snapshot_missing_or_empty
,22740,adjustment,UNMAPPED,,,,,,,0.0875,,,,,,,data_unavailable,inventory_snapshot_missing_or_empty
,22741,FUNKY DIVA PEN,UNMAPPED,,,,,,,7.6956,,,,,,,data_unavailable,inventory_snapshot_missing_or_empty
,22742,MAKE YOUR OWN PLAYTIME CARD KIT,UNMAPPED,,,,,,,1.1233,,,,,,,data_unavailable,inventory_snapshot_missing_or_empty
,22743,MAKE YOUR OWN FLOWERPOWER CARD KIT,UNMAPPED,,,,,,,1.3653,,,,,,,data_unavailable,inventory_snapshot_missing_or_empty
,22744,MAKE YOUR OWN MONSOON CARD KIT,UNMAPPED,,,,,,,1.7462,,,,,,,data_unavailable,inventory_snapshot_missing_or_empty
,22745,POPPY'S PLAYHOUSE BEDROOM,UNMAPPED,,,,,,,5.1161,,,,,,,data_unavailable,inventory_snapshot_missing_or_empty
,22746,POPPY'S PLAYHOUSE LIVINGROOM,UNMAPPED,,,,,,,2.7120,,,,,,,data_unavailable,inventory_snapshot_missing_or_empty
,22747,POPPY'S PLAYHOUSE BATHROOM,UNMAPPED,,,,,,,1.6673,,,,,,,data_unavailable,inventory_snapshot_missing_or_empty
,22748,POPPY'S PLAYHOUSE KITCHEN,UNMAPPED,,,,,,,5.1787,,,,,,,data_unavailable,inventory_snapshot_missing_or_empty
,22749,FELTCRAFT PRINCESS CHARLOTTE DOLL,UNMAPPED,,,,,,,7.2488,,,,,,,data_unavailable,inventory_snapshot_missing_or_empty
,22750,FELTCRAFT PRINCESS LOLA DOLL,UNMAPPED,,,,,,,7.2144,,,,,,,data_unavailable,inventory_snapshot_missing_or_empty
,22751,FELTCRAFT PRINCESS OLIVIA DOLL,UNMAPPED,,,,,,,3.6172,,,,,,,data_unavailable,inventory_snapshot_missing_or_empty
,22752,SET 7 BABUSHKA NESTING BOXES,UNMAPPED,,,,,,,4.7689,,,,,,,data_unavailable,inventory_snapshot_missing_or_empty
,22753,SMALL YELLOW BABUSHKA NOTEBOOK,UNMAPPED,,,,,,,4.6343,,,,,,,data_unavailable,inventory_snapshot_missing_or_empty
,22754,SMALL RED BABUSHKA NOTEBOOK,UNMAPPED,,,,,,,5.4296,,,,,,,data_unavailable,inventory_snapshot_missing_or_empty
,22755,SMALL PURPLE BABUSHKA NOTEBOOK,UNMAPPED,,,,,,,3.6939,,,,,,,data_unavailable,inventory_snapshot_missing_or_empty
,22756,LARGE YELLOW BABUSHKA NOTEBOOK,UNMAPPED,,,,,,,1.4653,,,,,,,data_unavailable,inventory_snapshot_missing_or_empty
,22757,LARGE RED BABUSHKA NOTEBOOK,UNMAPPED,,,,,,,1.9279,,,,,,,data_unavailable,inventory_snapshot_missing_or_empty
,22758,LARGE PURPLE BABUSHKA NOTEBOOK,UNMAPPED,,,,,,,1.7311,,,,,,,data_unavailable,inventory_snapshot_missing_or_empty
,22759,check,UNMAPPED,,,,,,,7.7226,,,,,,,data_unavailable,inventory_snapshot_missing_or_empty
,22760,"TRAY, BREAKFAST IN BED",UNMAPPED,,,,,,,0.0875,,,,,,,data_unavailable,inventory_snapshot_missing_or_empty
,22761,CHEST 7 DRAWER MA CAMPAGNE,UNMAPPED,,,,,,,0.1619,,,,,,,data_unavailable,inventory_snapshot_missing_or_empty
,22762,CUPBOARD 3 DRAWER MA CAMPAGNE,UNMAPPED,,,,,,,0.3515,,,,,,,data_unavailable,inventory_snapshot_missing_or_empty
,22763,KEY CABINET MA CAMPAGNE,UNMAPPED,,,,,,,0.4691,,,,,,,data_unavailable,inventory_snapshot_missing_or_empty
,22765,NEWSPAPER STAND,UNMAPPED,,,,,,,0.0875,,,,,,,data_unavailable,inventory_snapshot_missing_or_empty
,22766,PHOTO FRAME CORNICE,UNMAPPED,,,,,,,4.2559,,,,,,,data_unavailable,inventory_snapshot_missing_or_empty
,22767,TRIPLE PHOTO FRAME CORNICE,UNMAPPED,,,,,,,0.8086,,,,,,,data_unavailable,inventory_snapshot_missing_or_empty
,22768,FAMILY PHOTO FRAME CORNICE,UNMAPPED,,,,,,,1.9125,,,,,,,data_unavailable,inventory_snapshot_missing_or_empty
,22769,CHALKBOARD KITCHEN ORGANISER,UNMAPPED,,,,,,,0.0875,,,,,,,data_unavailable,inventory_snapshot_missing_or_empty
,22770,MIRROR CORNICE,UNMAPPED,,,,,,,0.2219,,,,,,,data_unavailable,inventory_snapshot_missing_or_empty
,22771,CLEAR DRAWER KNOB ACRYLIC EDWARDIAN,UNMAPPED,,,,,,,6.8343,,,,,,,data_unavailable,inventory_snapshot_missing_or_empty
,22772,PINK DRAWER KNOB ACRYLIC EDWARDIAN,UNMAPPED,,,,,,,2.4118,,,,,,,data_unavailable,inventory_snapshot_missing_or_empty
,22773,GREEN DRAWER KNOB ACRYLIC EDWARDIAN,UNMAPPED,,,,,,,1.1224,,,,,,,data_unavailable,inventory_snapshot_missing_or_empty
,22774,RED DRAWER KNOB ACRYLIC EDWARDIAN,UNMAPPED,,,,,,,1.2566,,,,,,,data_unavailable,inventory_snapshot_missing_or_empty
,22775,PURPLE DRAWERKNOB ACRYLIC EDWARDIAN,UNMAPPED,,,,,,,3.9237,,,,,,,data_unavailable,inventory_snapshot_missing_or_empty
,22776,SWEETHEART 3 TIER CAKE STAND,UNMAPPED,,,,,,,1.7260,,,,,,,data_unavailable,inventory_snapshot_missing_or_empty
,22777,GLASS CLOCHE LARGE,UNMAPPED,,,,,,,0.0875,,,,,,,data_unavailable,inventory_snapshot_missing_or_empty
,22778,GLASS CLOCHE SMALL,UNMAPPED,,,,,,,0.4342,,,,,,,data_unavailable,inventory_snapshot_missing_or_empty
,22779,WOODEN OWLS LIGHT GARLAND,UNMAPPED,,,,,,,1.8051,,,,,,,data_unavailable,inventory_snapshot_missing_or_empty
,22780,LIGHT GARLAND BUTTERFILES PINK,UNMAPPED,,,,,,,1.7732,,,,,,,data_unavailable,inventory_snapshot_missing_or_empty
,22781,GUMBALL MAGAZINE RACK,UNMAPPED,,,,,,,1.5929,,,,,,,data_unavailable,inventory_snapshot_missing_or_empty
,22782,SET 3 WICKER STORAGE BASKETS,UNMAPPED,,,,,,,0.2996,,,,,,,data_unavailable,inventory_snapshot_missing_or_empty
,22783,UNKNOWN,UNMAPPED,,,,,,,0.0875,,,,,,,data_unavailable,inventory_snapshot_missing_or_empty
,22784,LANTERN CREAM GAZEBO,UNMAPPED,,,,,,,2.7443,,,,,,,data_unavailable,inventory_snapshot_missing_or_empty
,22785,SQUARECUSHION COVER PINK UNION JACK,UNMAPPED,,,,,,,0.4260,,,,,,,data_unavailable,inventory_snapshot_missing_or_empty
,22786,CUSHION COVER PINK UNION JACK,UNMAPPED,,,,,,,0.3132,,,,,,,data_unavailable,inventory_snapshot_missing_or_empty
,22788,BROCANTE COAT RACK,UNMAPPED,,,,,,,0.0875,,,,,,,data_unavailable,inventory_snapshot_missing_or_empty
,22789,T-LIGHT HOLDER SWEETHEART HANGING,UNMAPPED,,,,,,,0.4107,,,,,,,data_unavailable,inventory_snapshot_missing_or_empty
,22791,T-LIGHT GLASS FLUTED ANTIQUE,UNMAPPED,,,,,,,12.8551,,,,,,,data_unavailable,inventory_snapshot_missing_or_empty
,22792,FLUTED ANTIQUE CANDLE HOLDER,UNMAPPED,,,,,,,10.1918,,,,,,,data_unavailable,inventory_snapshot_missing_or_empty
,22794,SWEETHEART WIRE MAGAZINE RACK,UNMAPPED,,,,,,,0.3234,,,,,,,data_unavailable,inventory_snapshot_missing_or_empty
,22795,SWEETHEART RECIPE BOOK STAND,UNMAPPED,,,,,,,3.5207,,,,,,,data_unavailable,inventory_snapshot_missing_or_empty
,22796,PHOTO FRAME 3 CLASSIC HANGING,UNMAPPED,,,,,,,1.0574,,,,,,,data_unavailable,inventory_snapshot_missing_or_empty
,22797,CHEST OF DRAWERS GINGHAM HEART,UNMAPPED,,,,,,,0.3473,,,,,,,data_unavailable,inventory_snapshot_missing_or_empty
,22798,ANTIQUE GLASS DRESSING TABLE POT,UNMAPPED,,,,,,,3.7529,,,,,,,data_unavailable,inventory_snapshot_missing_or_empty
,22799,SWEETHEART WIRE FRUIT BOWL,UNMAPPED,,,,,,,0.4682,,,,,,,data_unavailable,inventory_snapshot_missing_or_empty
,22800,ANTIQUE TALL SWIRLGLASS TRINKET POT,UNMAPPED,,,,,,,1.8020,,,,,,,data_unavailable,inventory_snapshot_missing_or_empty
,22801,ANTIQUE GLASS PEDESTAL BOWL,UNMAPPED,,,,,,,2.8653,,,,,,,data_unavailable,inventory_snapshot_missing_or_empty
,22802,FAUX FUR CHOCOLATE THROW,UNMAPPED,,,,,,,0.4226,,,,,,,data_unavailable,inventory_snapshot_missing_or_empty
,22804,PINK HANGING HEART T-LIGHT HOLDER,UNMAPPED,,,,,,,4.9068,,,,,,,data_unavailable,inventory_snapshot_missing_or_empty
,22805,BLUE DRAWER KNOB ACRYLIC EDWARDIAN,UNMAPPED,,,,,,,1.2651,,,,,,,data_unavailable,inventory_snapshot_missing_or_empty
,22806,SET OF 6 T-LIGHTS WEDDING CAKE,UNMAPPED,,,,,,,0.4385,,,,,,,data_unavailable,inventory_snapshot_missing_or_empty
,22807,SET OF 6 T-LIGHTS TOADSTOOLS,UNMAPPED,,,,,,,1.5987,,,,,,,data_unavailable,inventory_snapshot_missing_or_empty
,22808,SET OF 6 T-LIGHTS EASTER CHICKS,UNMAPPED,,,,,,,0.1515,,,,,,,data_unavailable,inventory_snapshot_missing_or_empty
,22809,SET OF 6 T-LIGHTS SANTA,UNMAPPED,,,,,,,6.7511,,,,,,,data_unavailable,inventory_snapshot_missing_or_empty
,22810,SET OF 6 T-LIGHTS SNOWMEN,UNMAPPED,,,,,,,4.6742,,,,,,,data_unavailable,inventory_snapshot_missing_or_empty
,22811,SET OF 6 T-LIGHTS CACTI,UNMAPPED,,,,,,,1.6600,,,,,,,data_unavailable,inventory_snapshot_missing_or_empty
,22812,PACK 3 BOXES CHRISTMAS PANETTONE,UNMAPPED,,,,,,,2.2914,,,,,,,data_unavailable,inventory_snapshot_missing_or_empty
,22813,PACK 3 BOXES BIRD PANETTONE,UNMAPPED,,,,,,,2.8697,,,,,,,data_unavailable,inventory_snapshot_missing_or_empty
,22814,CARD PARTY GAMES,UNMAPPED,,,,,,,4.1846,,,,,,,data_unavailable,inventory_snapshot_missing_or_empty
,22815,CARD PSYCHEDELIC APPLES,UNMAPPED,,,,,,,4.4700,,,,,,,data_unavailable,inventory_snapshot_missing_or_empty
,22816,CARD MOTORBIKE SANTA,UNMAPPED,,,,,,,15.1471,,,,,,,data_unavailable,inventory_snapshot_missing_or_empty
,22817,CARD SUKI BIRTHDAY,UNMAPPED,,,,,,,4.7447,,,,,,,data_unavailable,inventory_snapshot_missing_or_empty
,22818,CARD CHRISTMAS VILLAGE,UNMAPPED,,,,,,,14.3678,,,,,,,data_unavailable,inventory_snapshot_missing_or_empty
,22819,"BIRTHDAY CARD, RETRO SPOT",UNMAPPED,,,,,,,5.1152,,,,,,,data_unavailable,inventory_snapshot_missing_or_empty
,22820,GIFT BAG BIRTHDAY,UNMAPPED,,,,,,,0.2971,,,,,,,data_unavailable,inventory_snapshot_missing_or_empty
,22821,GIFT BAG PSYCHEDELIC APPLES,UNMAPPED,,,,,,,1.7873,,,,,,,data_unavailable,inventory_snapshot_missing_or_empty
,22822,CREAM WALL PLANTER HEART SHAPED,UNMAPPED,,,,,,,0.2270,,,,,,,data_unavailable,inventory_snapshot_missing_or_empty
,22824,3 TIER SWEETHEART GARDEN SHELF,UNMAPPED,,,,,,,0.1113,,,,,,,data_unavailable,inventory_snapshot_missing_or_empty
,22825,DECORATIVE PLANT POT WITH FRIEZE,UNMAPPED,,,,,,,0.1283,,,,,,,data_unavailable,inventory_snapshot_missing_or_empty
,22826,LOVE SEAT ANTIQUE WHITE METAL,UNMAPPED,,,,,,,0.2311,,,,,,,data_unavailable,inventory_snapshot_missing_or_empty
,22827,RUSTIC SEVENTEEN DRAWER SIDEBOARD,UNMAPPED,,,,,,,0.1207,,,,,,,data_unavailable,inventory_snapshot_missing_or_empty
,22829,SWEETHEART WIRE WALL TIDY,UNMAPPED,,,,,,,0.0928,,,,,,,data_unavailable,inventory_snapshot_missing_or_empty
,22831,WHITE BROCANTE SOAP DISH,UNMAPPED,,,,,,,0.6724,,,,,,,data_unavailable,inventory_snapshot_missing_or_empty
,22832,BROCANTE SHELF WITH HOOKS,UNMAPPED,,,,,,,0.4114,,,,,,,data_unavailable,inventory_snapshot_missing_or_empty
,22834,HAND WARMER BABUSHKA DESIGN,UNMAPPED,,,,,,,3.8531,,,,,,,data_unavailable,inventory_snapshot_missing_or_empty
,22835,HOT WATER BOTTLE I AM SO POORLY,UNMAPPED,,,,,,,14.0587,,,,,,,data_unavailable,inventory_snapshot_missing_or_empty
,22837,UNKNOWN,UNMAPPED,,,,,,,0.0875,,,,,,,data_unavailable,inventory_snapshot_missing_or_empty
,22838,3 TIER CAKE TIN RED AND CREAM,UNMAPPED,,,,,,,0.8533,,,,,,,data_unavailable,inventory_snapshot_missing_or_empty
,22839,3 TIER CAKE TIN GREEN AND CREAM,UNMAPPED,,,,,,,0.8778,,,,,,,data_unavailable,inventory_snapshot_missing_or_empty
,22840,ROUND CAKE TIN VINTAGE RED,UNMAPPED,,,,,,,1.1963,,,,,,,data_unavailable,inventory_snapshot_missing_or_empty
,22841,ROUND CAKE TIN VINTAGE GREEN,UNMAPPED,,,,,,,0.5836,,,,,,,data_unavailable,inventory_snapshot_missing_or_empty
,22842,BISCUIT TIN VINTAGE RED,UNMAPPED,,,,,,,0.4314,,,,,,,data_unavailable,inventory_snapshot_missing_or_empty
,22843,BISCUIT TIN VINTAGE GREEN,UNMAPPED,,,,,,,0.2695,,,,,,,data_unavailable,inventory_snapshot_missing_or_empty
,22844,VINTAGE CREAM DOG FOOD CONTAINER,UNMAPPED,,,,,,,2.0236,,,,,,,data_unavailable,inventory_snapshot_missing_or_empty
,22845,VINTAGE CREAM CAT FOOD CONTAINER,UNMAPPED,,,,,,,1.5603,,,,,,,data_unavailable,inventory_snapshot_missing_or_empty
,22846,BREAD BIN DINER STYLE RED,UNMAPPED,,,,,,,1.2970,,,,,,,data_unavailable,inventory_snapshot_missing_or_empty
,22847,BREAD BIN DINER STYLE IVORY,UNMAPPED,,,,,,,2.3399,,,,,,,data_unavailable,inventory_snapshot_missing_or_empty
,22848,AMAZON,UNMAPPED,,,,,,,0.1196,,,,,,,data_unavailable,inventory_snapshot_missing_or_empty
,22849,BREAD BIN DINER STYLE MINT,UNMAPPED,,,,,,,0.0875,,,,,,,data_unavailable,inventory_snapshot_missing_or_empty
,22851,SET 20 NAPKINS FAIRY CAKES DESIGN,UNMAPPED,,,,,,,3.5397,,,,,,,data_unavailable,inventory_snapshot_missing_or_empty
,22852,DOG BOWL VINTAGE CREAM,UNMAPPED,,,,,,,0.6385,,,,,,,data_unavailable,inventory_snapshot_missing_or_empty
,22853,CAT BOWL VINTAGE CREAM,UNMAPPED,,,,,,,0.6905,,,,,,,data_unavailable,inventory_snapshot_missing_or_empty
,22854,CREAM SWEETHEART EGG HOLDER,UNMAPPED,,,,,,,0.0875,,,,,,,data_unavailable,inventory_snapshot_missing_or_empty
,22855,FINE WICKER HEART,UNMAPPED,,,,,,,0.0875,,,,,,,data_unavailable,inventory_snapshot_missing_or_empty
,22857,ASSORTED EASTER GIFT TAGS,UNMAPPED,,,,,,,0.0875,,,,,,,data_unavailable,inventory_snapshot_missing_or_empty
,22858,EASTER TIN KEEPSAKE,UNMAPPED,,,,,,,0.0875,,,,,,,data_unavailable,inventory_snapshot_missing_or_empty
,22859,EASTER TIN BUNNY BOUQUET,UNMAPPED,,,,,,,0.1363,,,,,,,data_unavailable,inventory_snapshot_missing_or_empty
,22860,EASTER TIN CHICKS PINK DAISY,UNMAPPED,,,,,,,0.1255,,,,,,,data_unavailable,inventory_snapshot_missing_or_empty
,22861,EASTER TIN CHICKS IN GARDEN,UNMAPPED,,,,,,,0.0875,,,,,,,data_unavailable,inventory_snapshot_missing_or_empty
,22862,LOVE HEART NAPKIN BOX,UNMAPPED,,,,,,,0.0875,,,,,,,data_unavailable,inventory_snapshot_missing_or_empty
,22863,SOAP DISH BROCANTE,UNMAPPED,,,,,,,0.4172,,,,,,,data_unavailable,inventory_snapshot_missing_or_empty
,22865,HAND WARMER OWL DESIGN,UNMAPPED,,,,,,,16.9672,,,,,,,data_unavailable,inventory_snapshot_missing_or_empty
,22866,HAND WARMER SCOTTY DOG DESIGN,UNMAPPED,,,,,,,15.8297,,,,,,,data_unavailable,inventory_snapshot_missing_or_empty
,22867,HAND WARMER BIRD DESIGN,UNMAPPED,,,,,,,15.7455,,,,,,,data_unavailable,inventory_snapshot_missing_or_empty
,22869,NUMBER TILE COTTAGE GARDEN 1,UNMAPPED,,,,,,,0.1351,,,,,,,data_unavailable,inventory_snapshot_missing_or_empty
,22870,NUMBER TILE COTTAGE GARDEN 2,UNMAPPED,,,,,,,0.1208,,,,,,,data_unavailable,inventory_snapshot_missing_or_empty
,22872,NUMBER TILE COTTAGE GARDEN 4,UNMAPPED,,,,,,,0.1361,,,,,,,data_unavailable,inventory_snapshot_missing_or_empty
,22873,NUMBER TILE COTTAGE GARDEN 5,UNMAPPED,,,,,,,0.1189,,,,,,,data_unavailable,inventory_snapshot_missing_or_empty
,22878,NUMBER TILE COTTAGE GARDEN No,UNMAPPED,,,,,,,0.1017,,,,,,,data_unavailable,inventory_snapshot_missing_or_empty
,22880,NUMBER TILE VINTAGE FONT 1,UNMAPPED,,,,,,,0.1006,,,,,,,data_unavailable,inventory_snapshot_missing_or_empty
,22881,NUMBER TILE VINTAGE FONT 2,UNMAPPED,,,,,,,0.1006,,,,,,,data_unavailable,inventory_snapshot_missing_or_empty
,22882,NUMBER TILE VINTAGE FONT 3,UNMAPPED,,,,,,,0.1444,,,,,,,data_unavailable,inventory_snapshot_missing_or_empty
,22884,NUMBER TILE VINTAGE FONT 5,UNMAPPED,,,,,,,0.2164,,,,,,,data_unavailable,inventory_snapshot_missing_or_empty
,22890,NOVELTY BISCUITS CAKE STAND 3 TIER,UNMAPPED,,,,,,,0.7503,,,,,,,data_unavailable,inventory_snapshot_missing_or_empty
,22891,TEA FOR ONE POLKADOT,UNMAPPED,,,,,,,1.0668,,,,,,,data_unavailable,inventory_snapshot_missing_or_empty
,22892,SET OF SALT AND PEPPER TOADSTOOLS,UNMAPPED,,,,,,,0.3093,,,,,,,data_unavailable,inventory_snapshot_missing_or_empty
,22893,MINI CAKE STAND T-LIGHT HOLDER,UNMAPPED,,,,,,,0.7402,,,,,,,data_unavailable,inventory_snapshot_missing_or_empty
,22894,TABLECLOTH RED APPLES DESIGN,UNMAPPED,,,,,,,0.1930,,,,,,,data_unavailable,inventory_snapshot_missing_or_empty
,22895,SET OF 2 TEA TOWELS APPLE AND PEARS,UNMAPPED,,,,,,,3.3406,,,,,,,data_unavailable,inventory_snapshot_missing_or_empty
,22896,PEG BAG APPLES DESIGN,UNMAPPED,,,,,,,0.9562,,,,,,,data_unavailable,inventory_snapshot_missing_or_empty
,22897,OVEN MITT APPLES DESIGN,UNMAPPED,,,,,,,2.3471,,,,,,,data_unavailable,inventory_snapshot_missing_or_empty
,22898,CHILDRENS APRON APPLES DESIGN,UNMAPPED,,,,,,,7.8800,,,,,,,data_unavailable,inventory_snapshot_missing_or_empty
,22899,CHILDREN'S APRON DOLLY GIRL,UNMAPPED,,,,,,,5.1391,,,,,,,data_unavailable,inventory_snapshot_missing_or_empty
,22900,SET 2 TEA TOWELS I LOVE LONDON,UNMAPPED,,,,,,,6.5422,,,,,,,data_unavailable,inventory_snapshot_missing_or_empty
,22902,TOTE BAG I LOVE LONDON,UNMAPPED,,,,,,,0.8439,,,,,,,data_unavailable,inventory_snapshot_missing_or_empty
,22903,CALENDAR FAMILY FAVOURITES,UNMAPPED,,,,,,,0.9445,,,,,,,data_unavailable,inventory_snapshot_missing_or_empty
,22904,CALENDAR PAPER CUT DESIGN,UNMAPPED,,,,,,,0.4667,,,,,,,data_unavailable,inventory_snapshot_missing_or_empty
,22905,CALENDAR IN SEASON DESIGN,UNMAPPED,,,,,,,2.6191,,,,,,,data_unavailable,inventory_snapshot_missing_or_empty
,22906,12 MESSAGE CARDS WITH ENVELOPES,UNMAPPED,,,,,,,2.6868,,,,,,,data_unavailable,inventory_snapshot_missing_or_empty
,22907,PACK OF 20 NAPKINS PANTRY DESIGN,UNMAPPED,,,,,,,4.9569,,,,,,,data_unavailable,inventory_snapshot_missing_or_empty
,22908,PACK OF 20 NAPKINS RED APPLES,UNMAPPED,,,,,,,2.2905,,,,,,,data_unavailable,inventory_snapshot_missing_or_empty
,22909,SET OF 20 VINTAGE CHRISTMAS NAPKINS,UNMAPPED,,,,,,,16.5274,,,,,,,data_unavailable,inventory_snapshot_missing_or_empty
,22910,PAPER CHAIN KIT VINTAGE CHRISTMAS,UNMAPPED,,,,,,,18.4867,,,,,,,data_unavailable,inventory_snapshot_missing_or_empty
,22911,PAPER CHAIN KIT LONDON,UNMAPPED,,,,,,,0.8112,,,,,,,data_unavailable,inventory_snapshot_missing_or_empty
,22912,YELLOW COAT RACK PARIS FASHION,UNMAPPED,,,,,,,0.3145,,,,,,,data_unavailable,inventory_snapshot_missing_or_empty
,22913,RED COAT RACK PARIS FASHION,UNMAPPED,,,,,,,0.3089,,,,,,,data_unavailable,inventory_snapshot_missing_or_empty
,22914,BLUE COAT RACK PARIS FASHION,UNMAPPED,,,,,,,0.4042,,,,,,,data_unavailable,inventory_snapshot_missing_or_empty
,22915,ASSORTED BOTTLE TOP MAGNETS,UNMAPPED,,,,,,,3.8034,,,,,,,data_unavailable,inventory_snapshot_missing_or_empty
,22916,HERB MARKER THYME,UNMAPPED,,,,,,,1.1382,,,,,,,data_unavailable,inventory_snapshot_missing_or_empty
,22917,HERB MARKER ROSEMARY,UNMAPPED,,,,,,,1.2769,,,,,,,data_unavailable,inventory_snapshot_missing_or_empty
,22918,HERB MARKER PARSLEY,UNMAPPED,,,,,,,1.1984,,,,,,,data_unavailable,inventory_snapshot_missing_or_empty
,22919,HERB MARKER MINT,UNMAPPED,,,,,,,0.9709,,,,,,,data_unavailable,inventory_snapshot_missing_or_empty
,22920,HERB MARKER BASIL,UNMAPPED,,,,,,,1.3028,,,,,,,data_unavailable,inventory_snapshot_missing_or_empty
,22921,HERB MARKER CHIVES,UNMAPPED,,,,,,,0.8986,,,,,,,data_unavailable,inventory_snapshot_missing_or_empty
,22922,FRIDGE MAGNETS US DINER ASSORTED,UNMAPPED,,,,,,,0.9783,,,,,,,data_unavailable,inventory_snapshot_missing_or_empty
,22923,FRIDGE MAGNETS LES ENFANTS ASSORTED,UNMAPPED,,,,,,,0.9486,,,,,,,data_unavailable,inventory_snapshot_missing_or_empty
,22924,FRIDGE MAGNETS LA VIE EN ROSE,UNMAPPED,,,,,,,1.5270,,,,,,,data_unavailable,inventory_snapshot_missing_or_empty
,22925,AMAZON,UNMAPPED,,,,,,,0.1110,,,,,,,data_unavailable,inventory_snapshot_missing_or_empty
,22926,IVORY GIANT GARDEN THERMOMETER,UNMAPPED,,,,,,,0.0875,,,,,,,data_unavailable,inventory_snapshot_missing_or_empty
,22927,GREEN GIANT GARDEN THERMOMETER,UNMAPPED,,,,,,,0.1127,,,,,,,data_unavailable,inventory_snapshot_missing_or_empty
,22928,YELLOW GIANT GARDEN THERMOMETER,UNMAPPED,,,,,,,1.0405,,,,,,,data_unavailable,inventory_snapshot_missing_or_empty
,22930,BAKING MOULD HEART MILK CHOCOLATE,UNMAPPED,,,,,,,0.7289,,,,,,,data_unavailable,inventory_snapshot_missing_or_empty
,22931,BAKING MOULD HEART WHITE CHOCOLATE,UNMAPPED,,,,,,,0.3419,,,,,,,data_unavailable,inventory_snapshot_missing_or_empty
,22932,BAKING MOULD TOFFEE CUP CHOCOLATE,UNMAPPED,,,,,,,0.2027,,,,,,,data_unavailable,inventory_snapshot_missing_or_empty
,22933,BAKING MOULD EASTER EGG MILK CHOC,UNMAPPED,,,,,,,0.1338,,,,,,,data_unavailable,inventory_snapshot_missing_or_empty
,22934,BAKING MOULD EASTER EGG WHITE CHOC,UNMAPPED,,,,,,,0.0921,,,,,,,data_unavailable,inventory_snapshot_missing_or_empty
,22935,BAKING MOULD ROSE MILK CHOCOLATE,UNMAPPED,,,,,,,0.2666,,,,,,,data_unavailable,inventory_snapshot_missing_or_empty
,22936,BAKING MOULD ROSE WHITE CHOCOLATE,UNMAPPED,,,,,,,0.2604,,,,,,,data_unavailable,inventory_snapshot_missing_or_empty
,22937,BAKING MOULD CHOCOLATE CUPCAKES,UNMAPPED,,,,,,,0.2425,,,,,,,data_unavailable,inventory_snapshot_missing_or_empty
,22938,CUPCAKE LACE PAPER SET 6,UNMAPPED,,,,,,,1.9960,,,,,,,data_unavailable,inventory_snapshot_missing_or_empty
,22939,ADULT APRON APPLE DELIGHT,UNMAPPED,,,,,,,0.7366,,,,,,,data_unavailable,inventory_snapshot_missing_or_empty
,22940,FELTCRAFT CHRISTMAS FAIRY,UNMAPPED,,,,,,,8.0344,,,,,,,data_unavailable,inventory_snapshot_missing_or_empty
,22941,CHRISTMAS LIGHTS 10 REINDEER,UNMAPPED,,,,,,,9.0815,,,,,,,data_unavailable,inventory_snapshot_missing_or_empty
,22942,CHRISTMAS LIGHTS 10 SANTAS,UNMAPPED,,,,,,,3.0943,,,,,,,data_unavailable,inventory_snapshot_missing_or_empty
,22943,CHRISTMAS LIGHTS 10 VINTAGE BAUBLES,UNMAPPED,,,,,,,1.7604,,,,,,,data_unavailable,inventory_snapshot_missing_or_empty
,22944,CHRISTMAS METAL POSTCARD WITH BELLS,UNMAPPED,,,,,,,10.8209,,,,,,,data_unavailable,inventory_snapshot_missing_or_empty
,22945,CHRISTMAS METAL TAGS ASSORTED,UNMAPPED,,,,,,,7.2120,,,,,,,data_unavailable,inventory_snapshot_missing_or_empty
,22946,WOODEN ADVENT CALENDAR CREAM,UNMAPPED,,,,,,,1.0218,,,,,,,data_unavailable,inventory_snapshot_missing_or_empty
,22947,UNKNOWN,UNMAPPED,,,,,,,6.2718,,,,,,,data_unavailable,inventory_snapshot_missing_or_empty
,22948,METAL DECORATION NAUGHTY CHILDREN,UNMAPPED,,,,,,,4.2612,,,,,,,data_unavailable,inventory_snapshot_missing_or_empty
,22949,SET OF 36 DOLLY GIRL PAPER DOILIES,UNMAPPED,,,,,,,0.5972,,,,,,,data_unavailable,inventory_snapshot_missing_or_empty
,22950,36 DOILIES VINTAGE CHRISTMAS,UNMAPPED,,,,,,,0.1041,,,,,,,data_unavailable,inventory_snapshot_missing_or_empty
,22951,60 CAKE CASES DOLLY GIRL DESIGN,UNMAPPED,,,,,,,6.6788,,,,,,,data_unavailable,inventory_snapshot_missing_or_empty
,22952,60 CAKE CASES VINTAGE CHRISTMAS,UNMAPPED,,,,,,,18.5709,,,,,,,data_unavailable,inventory_snapshot_missing_or_empty
,22953,BIRTHDAY PARTY CORDON BARRIER TAPE,UNMAPPED,,,,,,,0.4409,,,,,,,data_unavailable,inventory_snapshot_missing_or_empty
,22954,HEN PARTY CORDON BARRIER TAPE,UNMAPPED,,,,,,,0.1462,,,,,,,data_unavailable,inventory_snapshot_missing_or_empty
,22955,36 FOIL STAR CAKE CASES,UNMAPPED,,,,,,,1.3160,,,,,,,data_unavailable,inventory_snapshot_missing_or_empty
,22956,36 FOIL HEART CAKE CASES,UNMAPPED,,,,,,,0.8893,,,,,,,data_unavailable,inventory_snapshot_missing_or_empty
,22957,SET 3 PAPER VINTAGE CHICK PAPER EGG,UNMAPPED,,,,,,,0.0875,,,,,,,data_unavailable,inventory_snapshot_missing_or_empty
,22959,WRAP CHRISTMAS VILLAGE,UNMAPPED,,,,,,,13.4381,,,,,,,data_unavailable,inventory_snapshot_missing_or_empty
,22960,JAM MAKING SET WITH JARS,UNMAPPED,,,,,,,11.5550,,,,,,,data_unavailable,inventory_snapshot_missing_or_empty
,22961,JAM MAKING SET PRINTED,UNMAPPED,,,,,,,14.8293,,,,,,,data_unavailable,inventory_snapshot_missing_or_empty
,22962,JAM JAR WITH PINK LID,UNMAPPED,,,,,,,2.8166,,,,,,,data_unavailable,inventory_snapshot_missing_or_empty
,22963,JAM JAR WITH GREEN LID,UNMAPPED,,,,,,,1.6626,,,,,,,data_unavailable,inventory_snapshot_missing_or_empty
,22964,3 PIECE SPACEBOY COOKIE CUTTER SET,UNMAPPED,,,,,,,3.9236,,,,,,,data_unavailable,inventory_snapshot_missing_or_empty
,22965,3 TRADITIONAl BISCUIT CUTTERS SET,UNMAPPED,,,,,,,1.9242,,,,,,,data_unavailable,inventory_snapshot_missing_or_empty
,22966,GINGERBREAD MAN COOKIE CUTTER,UNMAPPED,,,,,,,12.0970,,,,,,,data_unavailable,inventory_snapshot_missing_or_empty
,22967,SET 3 SONG BIRD PAPER EGGS ASSORTED,UNMAPPED,,,,,,,0.1143,,,,,,,data_unavailable,inventory_snapshot_missing_or_empty
,22968,ROSE COTTAGE KEEPSAKE BOX,UNMAPPED,,,,,,,0.3825,,,,,,,data_unavailable,inventory_snapshot_missing_or_empty
,22969,HOMEMADE JAM SCENTED CANDLES,UNMAPPED,,,,,,,9.2062,,,,,,,data_unavailable,inventory_snapshot_missing_or_empty
,22970,LONDON BUS COFFEE MUG,UNMAPPED,,,,,,,5.4904,,,,,,,data_unavailable,inventory_snapshot_missing_or_empty
,22971,QUEENS GUARD COFFEE MUG,UNMAPPED,,,,,,,3.7368,,,,,,,data_unavailable,inventory_snapshot_missing_or_empty
,22972,CHILDREN'S SPACEBOY MUG,UNMAPPED,,,,,,,2.0195,,,,,,,data_unavailable,inventory_snapshot_missing_or_empty
,22973,CHILDREN'S CIRCUS PARADE MUG,UNMAPPED,,,,,,,0.7641,,,,,,,data_unavailable,inventory_snapshot_missing_or_empty
,22974,CHILDRENS DOLLY GIRL MUG,UNMAPPED,,,,,,,2.0506,,,,,,,data_unavailable,inventory_snapshot_missing_or_empty
,22975,SPACEBOY CHILDRENS EGG CUP,UNMAPPED,,,,,,,1.4429,,,,,,,data_unavailable,inventory_snapshot_missing_or_empty
,22976,CIRCUS PARADE CHILDRENS EGG CUP,UNMAPPED,,,,,,,0.9311,,,,,,,data_unavailable,inventory_snapshot_missing_or_empty
,22977,DOLLY GIRL CHILDRENS EGG CUP,UNMAPPED,,,,,,,0.6331,,,,,,,data_unavailable,inventory_snapshot_missing_or_empty
,22978,PANTRY ROLLING PIN,UNMAPPED,,,,,,,1.4046,,,,,,,data_unavailable,inventory_snapshot_missing_or_empty
,22979,PANTRY WASHING UP BRUSH,UNMAPPED,,,,,,,4.9383,,,,,,,data_unavailable,inventory_snapshot_missing_or_empty
,22980,PANTRY SCRUBBING BRUSH,UNMAPPED,,,,,,,1.4447,,,,,,,data_unavailable,inventory_snapshot_missing_or_empty
,22981,PANTRY APPLE CORER,UNMAPPED,,,,,,,0.9056,,,,,,,data_unavailable,inventory_snapshot_missing_or_empty
,22982,PANTRY PASTRY BRUSH,UNMAPPED,,,,,,,1.8117,,,,,,,data_unavailable,inventory_snapshot_missing_or_empty
,22983,CARD BILLBOARD FONT,UNMAPPED,,,,,,,7.1408,,,,,,,data_unavailable,inventory_snapshot_missing_or_empty
,22984,CARD GINGHAM ROSE,UNMAPPED,,,,,,,1.2436,,,,,,,data_unavailable,inventory_snapshot_missing_or_empty
,22985,WRAP BILLBOARD FONTS DESIGN,UNMAPPED,,,,,,,0.8693,,,,,,,data_unavailable,inventory_snapshot_missing_or_empty
,22986,WRAP GINGHAM ROSE,UNMAPPED,,,,,,,1.0198,,,,,,,data_unavailable,inventory_snapshot_missing_or_empty
,22988,SOLDIERS EGG CUP,UNMAPPED,,,,,,,9.6219,,,,,,,data_unavailable,inventory_snapshot_missing_or_empty
,22989,SET 2 PANTRY DESIGN TEA TOWELS,UNMAPPED,,,,,,,2.4144,,,,,,,data_unavailable,inventory_snapshot_missing_or_empty
,22990,COTTON APRON PANTRY DESIGN,UNMAPPED,,,,,,,0.7588,,,,,,,data_unavailable,inventory_snapshot_missing_or_empty
,22991,GIRAFFE WOODEN RULER,UNMAPPED,,,,,,,7.8886,,,,,,,data_unavailable,inventory_snapshot_missing_or_empty
,22992,REVOLVER WOODEN RULER,UNMAPPED,,,,,,,11.0027,,,,,,,data_unavailable,inventory_snapshot_missing_or_empty
,22993,SET OF 4 PANTRY JELLY MOULDS,UNMAPPED,,,,,,,14.8058,,,,,,,data_unavailable,inventory_snapshot_missing_or_empty
,22994,TRAVEL CARD WALLET RETROSPOT,UNMAPPED,,,,,,,3.5154,,,,,,,data_unavailable,inventory_snapshot_missing_or_empty
,22995,TRAVEL CARD WALLET SUKI,UNMAPPED,,,,,,,3.2207,,,,,,,data_unavailable,inventory_snapshot_missing_or_empty
,22996,TRAVEL CARD WALLET VINTAGE TICKET,UNMAPPED,,,,,,,7.8541,,,,,,,data_unavailable,inventory_snapshot_missing_or_empty
,22997,TRAVEL CARD WALLET UNION JACK,UNMAPPED,,,,,,,5.1155,,,,,,,data_unavailable,inventory_snapshot_missing_or_empty
,22998,TRAVEL CARD WALLET KEEP CALM,UNMAPPED,,,,,,,11.6130,,,,,,,data_unavailable,inventory_snapshot_missing_or_empty
,22999,TRAVEL CARD WALLET VINTAGE LEAF,UNMAPPED,,,,,,,2.7415,,,,,,,data_unavailable,inventory_snapshot_missing_or_empty
,23000,TRAVEL CARD WALLET TRANSPORT,UNMAPPED,,,,,,,3.6987,,,,,,,data_unavailable,inventory_snapshot_missing_or_empty
,23002,TRAVEL CARD WALLET SKULLS,UNMAPPED,,,,,,,2.7556,,,,,,,data_unavailable,inventory_snapshot_missing_or_empty
,23003,TRAVEL CARD WALLET VINTAGE ROSE,UNMAPPED,,,,,,,0.0875,,,,,,,data_unavailable,inventory_snapshot_missing_or_empty
,23004,TRAVEL CARD WALLET PANTRY,UNMAPPED,,,,,,,3.6405,,,,,,,data_unavailable,inventory_snapshot_missing_or_empty
,23005,TRAVEL CARD WALLET I LOVE LONDON,UNMAPPED,,,,,,,9.4347,,,,,,,data_unavailable,inventory_snapshot_missing_or_empty
,23006,TRAVEL CARD WALLET FLOWER MEADOW,UNMAPPED,,,,,,,1.4285,,,,,,,data_unavailable,inventory_snapshot_missing_or_empty
,23007,SPACEBOY BABY GIFT SET,UNMAPPED,,,,,,,1.0455,,,,,,,data_unavailable,inventory_snapshot_missing_or_empty
,23008,DOLLY GIRL BABY GIFT SET,UNMAPPED,,,,,,,0.4721,,,,,,,data_unavailable,inventory_snapshot_missing_or_empty
,23009,I LOVE LONDON BABY GIFT SET,UNMAPPED,,,,,,,0.8628,,,,,,,data_unavailable,inventory_snapshot_missing_or_empty
,23010,CIRCUS PARADE BABY GIFT SET,UNMAPPED,,,,,,,0.6823,,,,,,,data_unavailable,inventory_snapshot_missing_or_empty
,23012,GLASS APOTHECARY BOTTLE PERFUME,UNMAPPED,,,,,,,3.7786,,,,,,,data_unavailable,inventory_snapshot_missing_or_empty
,23013,GLASS APOTHECARY BOTTLE TONIC,UNMAPPED,,,,,,,4.5355,,,,,,,data_unavailable,inventory_snapshot_missing_or_empty
,23014,GLASS APOTHECARY BOTTLE ELIXIR,UNMAPPED,,,,,,,1.9174,,,,,,,data_unavailable,inventory_snapshot_missing_or_empty
,23020,GLASS SONGBIRD STORAGE JAR,UNMAPPED,,,,,,,0.4032,,,,,,,data_unavailable,inventory_snapshot_missing_or_empty
,23025,DRAWER KNOB VINTAGE GLASS BALL,UNMAPPED,,,,,,,0.6540,,,,,,,data_unavailable,inventory_snapshot_missing_or_empty
,23026,DRAWER KNOB VINTAGE GLASS STAR,UNMAPPED,,,,,,,0.6136,,,,,,,data_unavailable,inventory_snapshot_missing_or_empty
,23028,DRAWER KNOB CRACKLE GLAZE BLUE,UNMAPPED,,,,,,,0.0889,,,,,,,data_unavailable,inventory_snapshot_missing_or_empty
,23029,DRAWER KNOB CRACKLE GLAZE GREEN,UNMAPPED,,,,,,,2.0221,,,,,,,data_unavailable,inventory_snapshot_missing_or_empty
,23031,DRAWER KNOB CRACKLE GLAZE PINK,UNMAPPED,,,,,,,2.1439,,,,,,,data_unavailable,inventory_snapshot_missing_or_empty
,23032,DRAWER KNOB CRACKLE GLAZE IVORY,UNMAPPED,,,,,,,0.5706,,,,,,,data_unavailable,inventory_snapshot_missing_or_empty
,23033,DRAWER KNOB CERAMIC RED,UNMAPPED,,,,,,,1.2410,,,,,,,data_unavailable,inventory_snapshot_missing_or_empty
,23034,DRAWER KNOB CERAMIC BLACK,UNMAPPED,,,,,,,1.1257,,,,,,,data_unavailable,inventory_snapshot_missing_or_empty
,23035,DRAWER KNOB CERAMIC IVORY,UNMAPPED,,,,,,,8.1567,,,,,,,data_unavailable,inventory_snapshot_missing_or_empty
,23041,PAPER LANTERN 9 POINT SNOW STAR,UNMAPPED,,,,,,,0.7864,,,,,,,data_unavailable,inventory_snapshot_missing_or_empty
,23048,SET OF 10 LANTERNS FAIRY LIGHT STAR,UNMAPPED,,,,,,,0.7741,,,,,,,data_unavailable,inventory_snapshot_missing_or_empty
,23049,RECYCLED ACAPULCO MAT RED,UNMAPPED,,,,,,,0.3865,,,,,,,data_unavailable,inventory_snapshot_missing_or_empty
,23050,RECYCLED ACAPULCO MAT GREEN,UNMAPPED,,,,,,,0.3124,,,,,,,data_unavailable,inventory_snapshot_missing_or_empty
,23051,RECYCLED ACAPULCO MAT BLUE,UNMAPPED,,,,,,,0.2276,,,,,,,data_unavailable,inventory_snapshot_missing_or_empty
,23052,RECYCLED ACAPULCO MAT TURQUOISE,UNMAPPED,,,,,,,0.4035,,,,,,,data_unavailable,inventory_snapshot_missing_or_empty
,23053,RECYCLED ACAPULCO MAT PINK,UNMAPPED,,,,,,,0.1813,,,,,,,data_unavailable,inventory_snapshot_missing_or_empty
,23054,RECYCLED ACAPULCO MAT LAVENDER,UNMAPPED,,,,,,,0.1547,,,,,,,data_unavailable,inventory_snapshot_missing_or_empty
,23055,IVORY CHANDELIER T-LIGHT HOLDER,UNMAPPED,,,,,,,0.3325,,,,,,,data_unavailable,inventory_snapshot_missing_or_empty
,23056,FLOWERS CHANDELIER T-LIGHT HOLDER,UNMAPPED,,,,,,,0.3696,,,,,,,data_unavailable,inventory_snapshot_missing_or_empty
,23057,BEADED CHANDELIER T-LIGHT HOLDER,UNMAPPED,,,,,,,0.3407,,,,,,,data_unavailable,inventory_snapshot_missing_or_empty
,23060,HEART BEADED TRELLIS DECORATION,UNMAPPED,,,,,,,0.4323,,,,,,,data_unavailable,inventory_snapshot_missing_or_empty
,23061,VINTAGE EMBOSSED HEART,UNMAPPED,,,,,,,1.2908,,,,,,,data_unavailable,inventory_snapshot_missing_or_empty
,23065,LARGE DECO JEWELLERY STAND,UNMAPPED,,,,,,,0.0875,,,,,,,data_unavailable,inventory_snapshot_missing_or_empty
,23066,SMALL DECO JEWELLERY STAND,UNMAPPED,,,,,,,0.0875,,,,,,,data_unavailable,inventory_snapshot_missing_or_empty
,23067,HANGING ENGRAVED METAL HEART,UNMAPPED,,,,,,,0.5450,,,,,,,data_unavailable,inventory_snapshot_missing_or_empty
,23068,ALUMINIUM STAMPED HEART,UNMAPPED,,,,,,,1.1824,,,,,,,data_unavailable,inventory_snapshot_missing_or_empty
,23070,EDWARDIAN HEART PHOTO FRAME,UNMAPPED,,,,,,,0.3259,,,,,,,data_unavailable,inventory_snapshot_missing_or_empty
,23073,GEORGIAN TRINKET BOX,UNMAPPED,,,,,,,0.4089,,,,,,,data_unavailable,inventory_snapshot_missing_or_empty
,23075,PARLOUR CERAMIC WALL HOOK,UNMAPPED,,,,,,,0.8144,,,,,,,data_unavailable,inventory_snapshot_missing_or_empty
,23076,ICE CREAM SUNDAE LIP GLOSS,UNMAPPED,,,,,,,7.9291,,,,,,,data_unavailable,inventory_snapshot_missing_or_empty
,23077,DOUGHNUT LIP GLOSS,UNMAPPED,,,,,,,14.8409,,,,,,,data_unavailable,inventory_snapshot_missing_or_empty
,23078,ICE CREAM PEN LIP GLOSS,UNMAPPED,,,,,,,7.7101,,,,,,,data_unavailable,inventory_snapshot_missing_or_empty
,23079,TOADSTOOL BEDSIDE LIGHT,UNMAPPED,,,,,,,1.2305,,,,,,,data_unavailable,inventory_snapshot_missing_or_empty
,23080,RED METAL BOX TOP SECRET,UNMAPPED,,,,,,,4.1835,,,,,,,data_unavailable,inventory_snapshot_missing_or_empty
,23081,GREEN METAL BOX ARMY SUPPLIES,UNMAPPED,,,,,,,2.2088,,,,,,,data_unavailable,inventory_snapshot_missing_or_empty
,23082,SET 6 PAPER TABLE LANTERN HEARTS,UNMAPPED,,,,,,,9.6051,,,,,,,data_unavailable,inventory_snapshot_missing_or_empty
,23083,SET 6 PAPER TABLE LANTERN STARS,UNMAPPED,,,,,,,10.2309,,,,,,,data_unavailable,inventory_snapshot_missing_or_empty
,23084,RABBIT NIGHT LIGHT,UNMAPPED,,,,,,,21.3073,,,,,,,data_unavailable,inventory_snapshot_missing_or_empty
,23085,ANTIQUE SILVER BAUBLE LAMP,UNMAPPED,,,,,,,2.2419,,,,,,,data_unavailable,inventory_snapshot_missing_or_empty
,23086,ZINC STAR T-LIGHT HOLDER,UNMAPPED,,,,,,,1.0960,,,,,,,data_unavailable,inventory_snapshot_missing_or_empty
,23087,ZINC HEART T-LIGHT HOLDER,UNMAPPED,,,,,,,0.8267,,,,,,,data_unavailable,inventory_snapshot_missing_or_empty
,23088,ZINC HEART FLOWER T-LIGHT HOLDER,UNMAPPED,,,,,,,0.5946,,,,,,,data_unavailable,inventory_snapshot_missing_or_empty
,23089,GLASS BON BON JAR,UNMAPPED,,,,,,,6.0142,,,,,,,data_unavailable,inventory_snapshot_missing_or_empty
,23090,VINTAGE GLASS T-LIGHT HOLDER,UNMAPPED,,,,,,,8.0849,,,,,,,data_unavailable,inventory_snapshot_missing_or_empty
,23091,ZINC HERB GARDEN CONTAINER,UNMAPPED,,,,,,,0.0943,,,,,,,data_unavailable,inventory_snapshot_missing_or_empty
,23092,LARGE ANTIQUE WHITE PHOTO FRAME,UNMAPPED,,,,,,,0.6790,,,,,,,data_unavailable,inventory_snapshot_missing_or_empty
,23093,SMALL PARISIENNE HEART PHOTO FRAME,UNMAPPED,,,,,,,0.9951,,,,,,,data_unavailable,inventory_snapshot_missing_or_empty
,23094,LE GRAND TRAY CHIC SET,UNMAPPED,,,,,,,0.1842,,,,,,,data_unavailable,inventory_snapshot_missing_or_empty
,23096,PETIT TRAY CHIC,UNMAPPED,,,,,,,3.4683,,,,,,,data_unavailable,inventory_snapshot_missing_or_empty
,23099,FRENCH CARRIAGE LANTERN,UNMAPPED,,,,,,,0.3231,,,,,,,data_unavailable,inventory_snapshot_missing_or_empty
,23100,SILVER BELLS TABLE DECORATION,UNMAPPED,,,,,,,10.3588,,,,,,,data_unavailable,inventory_snapshot_missing_or_empty
,23101,SILVER STARS TABLE DECORATION,UNMAPPED,,,,,,,6.5416,,,,,,,data_unavailable,inventory_snapshot_missing_or_empty
,23102,SILVER HEARTS TABLE DECORATION,UNMAPPED,,,,,,,1.9362,,,,,,,data_unavailable,inventory_snapshot_missing_or_empty
,23103,JINGLE BELL HEART DECORATION,UNMAPPED,,,,,,,13.1100,,,,,,,data_unavailable,inventory_snapshot_missing_or_empty
,23106,ZINC HEARTS PLANT POT HOLDER,UNMAPPED,,,,,,,0.4892,,,,,,,data_unavailable,inventory_snapshot_missing_or_empty
,23107,WHITE HEARTS WIRE PLANT POT HOLDER,UNMAPPED,,,,,,,0.5169,,,,,,,data_unavailable,inventory_snapshot_missing_or_empty
,23108,SET OF 10 LED DOLLY LIGHTS,UNMAPPED,,,,,,,5.6652,,,,,,,data_unavailable,inventory_snapshot_missing_or_empty
,23109,PACK OF SIX LED TEA LIGHTS,UNMAPPED,,,,,,,11.2397,,,,,,,data_unavailable,inventory_snapshot_missing_or_empty
,23110,PARISIENNE KEY CABINET,UNMAPPED,,,,,,,1.2356,,,,,,,data_unavailable,inventory_snapshot_missing_or_empty
,23111,PARISIENNE SEWING BOX,UNMAPPED,,,,,,,0.8021,,,,,,,data_unavailable,inventory_snapshot_missing_or_empty
,23112,PARISIENNE CURIO CABINET,UNMAPPED,,,,,,,1.4695,,,,,,,data_unavailable,inventory_snapshot_missing_or_empty
,23118,PARISIENNE JEWELLERY DRAWER,UNMAPPED,,,,,,,1.7636,,,,,,,data_unavailable,inventory_snapshot_missing_or_empty
,23119,PACK OF 6 LARGE FRUIT STRAWS,UNMAPPED,,,,,,,1.8824,,,,,,,data_unavailable,inventory_snapshot_missing_or_empty
,23120,PACK OF 6 SMALL FRUIT STRAWS,UNMAPPED,,,,,,,1.9930,,,,,,,data_unavailable,inventory_snapshot_missing_or_empty
,23121,PACK OF 6 COCKTAIL PARASOL STRAWS,UNMAPPED,,,,,,,2.3944,,,,,,,data_unavailable,inventory_snapshot_missing_or_empty
,23122,PARTY CHARMS 50 PIECES,UNMAPPED,,,,,,,1.9489,,,,,,,data_unavailable,inventory_snapshot_missing_or_empty
,23123,COCKTAIL SWORDS 50 PIECES,UNMAPPED,,,,,,,1.2030,,,,,,,data_unavailable,inventory_snapshot_missing_or_empty
,23124,18PC WOODEN CUTLERY SET DISPOSABLE,UNMAPPED,,,,,,,0.0891,,,,,,,data_unavailable,inventory_snapshot_missing_or_empty
,23126,FELTCRAFT GIRL AMELIE KIT,UNMAPPED,,,,,,,4.4577,,,,,,,data_unavailable,inventory_snapshot_missing_or_empty
,23127,FELTCRAFT GIRL NICOLE KIT,UNMAPPED,,,,,,,2.7193,,,,,,,data_unavailable,inventory_snapshot_missing_or_empty
,23128,FELTCRAFT BOY JEAN-PAUL KIT,UNMAPPED,,,,,,,1.0586,,,,,,,data_unavailable,inventory_snapshot_missing_or_empty
,23129,HEART SHAPED HOLLY WREATH,UNMAPPED,,,,,,,3.0772,,,,,,,data_unavailable,inventory_snapshot_missing_or_empty
,23130,MISTLETOE HEART WREATH GREEN,UNMAPPED,,,,,,,4.1083,,,,,,,data_unavailable,inventory_snapshot_missing_or_empty
,23131,MISTLETOE HEART WREATH CREAM,UNMAPPED,,,,,,,1.2469,,,,,,,data_unavailable,inventory_snapshot_missing_or_empty
,23132,SMALL IVORY HEART WALL ORGANISER,UNMAPPED,,,,,,,1.2756,,,,,,,data_unavailable,inventory_snapshot_missing_or_empty
,23133,LARGE IVORY HEART WALL ORGANISER,UNMAPPED,,,,,,,0.6876,,,,,,,data_unavailable,inventory_snapshot_missing_or_empty
,23134,UNKNOWN,UNMAPPED,,,,,,,0.0875,,,,,,,data_unavailable,inventory_snapshot_missing_or_empty
,23135,SMALL ZINC HEART WALL ORGANISER,UNMAPPED,,,,,,,0.1521,,,,,,,data_unavailable,inventory_snapshot_missing_or_empty
,23136,IVORY WIRE SWEETHEART LETTER TRAY,UNMAPPED,,,,,,,0.3781,,,,,,,data_unavailable,inventory_snapshot_missing_or_empty
,23138,SINGLE WIRE HOOK IVORY HEART,UNMAPPED,,,,,,,0.3019,,,,,,,data_unavailable,inventory_snapshot_missing_or_empty
,23140,TRIPLE WIRE HOOK IVORY HEART,UNMAPPED,,,,,,,0.0953,,,,,,,data_unavailable,inventory_snapshot_missing_or_empty
,23144,ZINC T-LIGHT HOLDER STARS SMALL,UNMAPPED,,,,,,,6.8148,,,,,,,data_unavailable,inventory_snapshot_missing_or_empty
,23145,ZINC T-LIGHT HOLDER STAR LARGE,UNMAPPED,,,,,,,2.0123,,,,,,,data_unavailable,inventory_snapshot_missing_or_empty
,23146,TRIPLE HOOK ANTIQUE IVORY ROSE,UNMAPPED,,,,,,,1.4553,,,,,,,data_unavailable,inventory_snapshot_missing_or_empty
,23147,SINGLE ANTIQUE ROSE HOOK IVORY,UNMAPPED,,,,,,,3.0377,,,,,,,data_unavailable,inventory_snapshot_missing_or_empty
,23148,MINIATURE ANTIQUE ROSE HOOK IVORY,UNMAPPED,,,,,,,3.2209,,,,,,,data_unavailable,inventory_snapshot_missing_or_empty
,23150,IVORY SWEETHEART SOAP DISH,UNMAPPED,,,,,,,0.4901,,,,,,,data_unavailable,inventory_snapshot_missing_or_empty
,23152,IVORY SWEETHEART WIRE LETTER RACK,UNMAPPED,,,,,,,0.6242,,,,,,,data_unavailable,inventory_snapshot_missing_or_empty
,23153,ZINC SWEETHEART WIRE LETTER RACK,UNMAPPED,,,,,,,0.5654,,,,,,,data_unavailable,inventory_snapshot_missing_or_empty
,23154,SET OF 4 JAM JAR MAGNETS,UNMAPPED,,,,,,,4.7035,,,,,,,data_unavailable,inventory_snapshot_missing_or_empty
,23155,KNICKERBOCKERGLORY MAGNET ASSORTED,UNMAPPED,,,,,,,1.3454,,,,,,,data_unavailable,inventory_snapshot_missing_or_empty
,23156,SET OF 5 MINI GROCERY MAGNETS,UNMAPPED,,,,,,,3.3122,,,,,,,data_unavailable,inventory_snapshot_missing_or_empty
,23157,SET OF 6 NATIVITY MAGNETS,UNMAPPED,,,,,,,6.5871,,,,,,,data_unavailable,inventory_snapshot_missing_or_empty
,23158,SET OF 5 LUCKY CAT MAGNETS,UNMAPPED,,,,,,,6.4639,,,,,,,data_unavailable,inventory_snapshot_missing_or_empty
,23159,SET OF 5 PANCAKE DAY MAGNETS,UNMAPPED,,,,,,,2.8832,,,,,,,data_unavailable,inventory_snapshot_missing_or_empty
,23160,REGENCY TEA SPOON,UNMAPPED,,,,,,,0.4120,,,,,,,data_unavailable,inventory_snapshot_missing_or_empty
,23161,REGENCY CAKE FORK,UNMAPPED,,,,,,,1.0164,,,,,,,data_unavailable,inventory_snapshot_missing_or_empty
,23162,REGENCY TEA STRAINER,UNMAPPED,,,,,,,1.7631,,,,,,,data_unavailable,inventory_snapshot_missing_or_empty
,23163,REGENCY SUGAR TONGS,UNMAPPED,,,,,,,1.5762,,,,,,,data_unavailable,inventory_snapshot_missing_or_empty
,23164,REGENCY CAKE SLICE,UNMAPPED,,,,,,,0.6355,,,,,,,data_unavailable,inventory_snapshot_missing_or_empty
,23165,LARGE CERAMIC TOP STORAGE JAR,UNMAPPED,,,,,,,5.6539,,,,,,,data_unavailable,inventory_snapshot_missing_or_empty
,23166,MEDIUM CERAMIC TOP STORAGE JAR,UNMAPPED,,,,,,,6.5661,,,,,,,data_unavailable,inventory_snapshot_missing_or_empty
,23167,SMALL CERAMIC TOP STORAGE JAR,UNMAPPED,,,,,,,5.6756,,,,,,,data_unavailable,inventory_snapshot_missing_or_empty
,23168,CLASSIC CAFE SUGAR DISPENSER,UNMAPPED,,,,,,,7.9069,,,,,,,data_unavailable,inventory_snapshot_missing_or_empty
,23169,CLASSIC GLASS COOKIE JAR,UNMAPPED,,,,,,,6.0495,,,,,,,data_unavailable,inventory_snapshot_missing_or_empty
,23170,REGENCY TEA PLATE ROSES,UNMAPPED,,,,,,,5.2456,,,,,,,data_unavailable,inventory_snapshot_missing_or_empty
,23171,REGENCY TEA PLATE GREEN,UNMAPPED,,,,,,,5.2355,,,,,,,data_unavailable,inventory_snapshot_missing_or_empty
,23172,REGENCY TEA PLATE PINK,UNMAPPED,,,,,,,3.4629,,,,,,,data_unavailable,inventory_snapshot_missing_or_empty
,23173,REGENCY TEAPOT ROSES,UNMAPPED,,,,,,,2.8566,,,,,,,data_unavailable,inventory_snapshot_missing_or_empty
,23174,REGENCY SUGAR BOWL GREEN,UNMAPPED,,,,,,,2.2679,,,,,,,data_unavailable,inventory_snapshot_missing_or_empty
,23175,REGENCY MILK JUG PINK,UNMAPPED,,,,,,,2.5241,,,,,,,data_unavailable,inventory_snapshot_missing_or_empty
,23176,ABC TREASURE BOOK BOX,UNMAPPED,,,,,,,2.8000,,,,,,,data_unavailable,inventory_snapshot_missing_or_empty
,23177,TREASURE ISLAND BOOK BOX,UNMAPPED,,,,,,,3.8454,,,,,,,data_unavailable,inventory_snapshot_missing_or_empty
,23178,JAM CLOCK MAGNET,UNMAPPED,,,,,,,0.5397,,,,,,,data_unavailable,inventory_snapshot_missing_or_empty
,23179,CLOCK MAGNET MUM'S KITCHEN,UNMAPPED,,,,,,,0.4088,,,,,,,data_unavailable,inventory_snapshot_missing_or_empty
,23180,MUM'S KITCHEN CLOCK,UNMAPPED,,,,,,,0.3176,,,,,,,data_unavailable,inventory_snapshot_missing_or_empty
,23181,BULL DOG BOTTLE TOP WALL CLOCK,UNMAPPED,,,,,,,0.2866,,,,,,,data_unavailable,inventory_snapshot_missing_or_empty
,23182,TOILET SIGN OCCUPIED OR VACANT,UNMAPPED,,,,,,,4.8863,,,,,,,data_unavailable,inventory_snapshot_missing_or_empty
,23183,MOTHER'S KITCHEN SPOON REST,UNMAPPED,,,,,,,0.3240,,,,,,,data_unavailable,inventory_snapshot_missing_or_empty
,23184,BULL DOG BOTTLE OPENER,UNMAPPED,,,,,,,2.1501,,,,,,,data_unavailable,inventory_snapshot_missing_or_empty
,23186,FRENCH STYLE STORAGE JAR CAFE,UNMAPPED,,,,,,,2.4611,,,,,,,data_unavailable,inventory_snapshot_missing_or_empty
,23187,FRENCH STYLE STORAGE JAR BONBONS,UNMAPPED,,,,,,,0.1029,,,,,,,data_unavailable,inventory_snapshot_missing_or_empty
,23188,VINTAGE 2 METRE FOLDING RULER,UNMAPPED,,,,,,,10.5018,,,,,,,data_unavailable,inventory_snapshot_missing_or_empty
,23189,SET OF 12 FORK CANDLES,UNMAPPED,,,,,,,3.4161,,,,,,,data_unavailable,inventory_snapshot_missing_or_empty
,23190,BUNDLE OF 3 SCHOOL EXERCISE BOOKS,UNMAPPED,,,,,,,2.7318,,,,,,,data_unavailable,inventory_snapshot_missing_or_empty
,23191,BUNDLE OF 3 RETRO NOTE BOOKS,UNMAPPED,,,,,,,5.7537,,,,,,,data_unavailable,inventory_snapshot_missing_or_empty
,23192,BUNDLE OF 3 ALPHABET EXERCISE BOOKS,UNMAPPED,,,,,,,9.0432,,,,,,,data_unavailable,inventory_snapshot_missing_or_empty
,23193,BUFFALO BILL TREASURE BOOK BOX,UNMAPPED,,,,,,,2.4833,,,,,,,data_unavailable,inventory_snapshot_missing_or_empty
,23194,GYMKHANA TREASURE BOOK BOX,UNMAPPED,,,,,,,2.5176,,,,,,,data_unavailable,inventory_snapshot_missing_or_empty
,23196,VINTAGE LEAF MAGNETIC NOTEPAD,UNMAPPED,,,,,,,5.5049,,,,,,,data_unavailable,inventory_snapshot_missing_or_empty
,23197,SKETCHBOOK MAGNETIC SHOPPING LIST,UNMAPPED,,,,,,,6.8885,,,,,,,data_unavailable,inventory_snapshot_missing_or_empty
,23198,PANTRY MAGNETIC SHOPPING LIST,UNMAPPED,,,,,,,10.4290,,,,,,,data_unavailable,inventory_snapshot_missing_or_empty
,23199,JUMBO BAG APPLES,UNMAPPED,,,,,,,13.8399,,,,,,,data_unavailable,inventory_snapshot_missing_or_empty
,23200,JUMBO BAG PEARS,UNMAPPED,,,,,,,11.4113,,,,,,,data_unavailable,inventory_snapshot_missing_or_empty
,23201,JUMBO BAG ALPHABET,UNMAPPED,,,,,,,13.8147,,,,,,,data_unavailable,inventory_snapshot_missing_or_empty
,23202,JUMBO BAG VINTAGE LEAF,UNMAPPED,,,,,,,14.5526,,,,,,,data_unavailable,inventory_snapshot_missing_or_empty
,23203,JUMBO BAG VINTAGE DOILY,UNMAPPED,,,,,,,17.3928,,,,,,,data_unavailable,inventory_snapshot_missing_or_empty
,23204,CHARLOTTE BAG APPLES DESIGN,UNMAPPED,,,,,,,12.2157,,,,,,,data_unavailable,inventory_snapshot_missing_or_empty
,23205,CHARLOTTE BAG VINTAGE ALPHABET,UNMAPPED,,,,,,,10.5922,,,,,,,data_unavailable,inventory_snapshot_missing_or_empty
,23206,LUNCH BAG APPLE DESIGN,UNMAPPED,,,,,,,13.9199,,,,,,,data_unavailable,inventory_snapshot_missing_or_empty
,23207,LUNCH BAG ALPHABET DESIGN,UNMAPPED,,,,,,,11.6190,,,,,,,data_unavailable,inventory_snapshot_missing_or_empty
,23208,LUNCH BAG VINTAGE LEAF DESIGN,UNMAPPED,,,,,,,10.5526,,,,,,,data_unavailable,inventory_snapshot_missing_or_empty
,23209,LUNCH BAG VINTAGE DOILY,UNMAPPED,,,,,,,15.2104,,,,,,,data_unavailable,inventory_snapshot_missing_or_empty
,23210,WHITE ROCKING HORSE HAND PAINTED,UNMAPPED,,,,,,,9.4119,,,,,,,data_unavailable,inventory_snapshot_missing_or_empty
,23211,RED ROCKING HORSE HAND PAINTED,UNMAPPED,,,,,,,6.9979,,,,,,,data_unavailable,inventory_snapshot_missing_or_empty
,23212,HEART WREATH DECORATION WITH BELL,UNMAPPED,,,,,,,7.9560,,,,,,,data_unavailable,inventory_snapshot_missing_or_empty
,23213,STAR WREATH DECORATION WITH BELL,UNMAPPED,,,,,,,6.9881,,,,,,,data_unavailable,inventory_snapshot_missing_or_empty
,23214,JINGLE BELL HEART ANTIQUE GOLD,UNMAPPED,,,,,,,4.5523,,,,,,,data_unavailable,inventory_snapshot_missing_or_empty
,23215,JINGLE BELL HEART ANTIQUE SILVER,UNMAPPED,,,,,,,12.4392,,,,,,,data_unavailable,inventory_snapshot_missing_or_empty
,23217,LAUREL HEART ANTIQUE SILVER,UNMAPPED,,,,,,,3.5042,,,,,,,data_unavailable,inventory_snapshot_missing_or_empty
,23220,REINDEER HEART DECORATION GOLD,UNMAPPED,,,,,,,5.1730,,,,,,,data_unavailable,inventory_snapshot_missing_or_empty
,23221,REINDEER HEART DECORATION SILVER,UNMAPPED,,,,,,,7.5999,,,,,,,data_unavailable,inventory_snapshot_missing_or_empty
,23222,CHRISTMAS TREE HANGING GOLD,UNMAPPED,,,,,,,2.5697,,,,,,,data_unavailable,inventory_snapshot_missing_or_empty
,23223,CHRISTMAS TREE HANGING SILVER,UNMAPPED,,,,,,,3.4241,,,,,,,data_unavailable,inventory_snapshot_missing_or_empty
,23224,CHERUB HEART DECORATION GOLD,UNMAPPED,,,,,,,2.4492,,,,,,,data_unavailable,inventory_snapshot_missing_or_empty
,23225,CHERUB HEART DECORATION SILVER,UNMAPPED,,,,,,,3.7103,,,,,,,data_unavailable,inventory_snapshot_missing_or_empty
,23226,FILIGREE HEART DAISY WHITE,UNMAPPED,,,,,,,1.4207,,,,,,,data_unavailable,inventory_snapshot_missing_or_empty
,23227,FILIGREE HEART BUTTERFLY WHITE,UNMAPPED,,,,,,,2.6986,,,,,,,data_unavailable,inventory_snapshot_missing_or_empty
,23228,FILIGREE HEART BIRD WHITE,UNMAPPED,,,,,,,3.8182,,,,,,,data_unavailable,inventory_snapshot_missing_or_empty
,23229,VINTAGE DONKEY TAIL GAME,UNMAPPED,,,,,,,7.0514,,,,,,,data_unavailable,inventory_snapshot_missing_or_empty
,23230,WRAP ALPHABET DESIGN,UNMAPPED,,,,,,,3.4769,,,,,,,data_unavailable,inventory_snapshot_missing_or_empty
,23231,WRAP VINTAGE DOILY,UNMAPPED,,,,,,,6.6713,,,,,,,data_unavailable,inventory_snapshot_missing_or_empty
,23232,WRAP VINTAGE LEAF DESIGN,UNMAPPED,,,,,,,7.0574,,,,,,,data_unavailable,inventory_snapshot_missing_or_empty
,23233,WRAP POPPIES DESIGN,UNMAPPED,,,,,,,1.1552,,,,,,,data_unavailable,inventory_snapshot_missing_or_empty
,23234,BISCUIT TIN VINTAGE CHRISTMAS,UNMAPPED,,,,,,,7.4560,,,,,,,data_unavailable,inventory_snapshot_missing_or_empty
,23235,STORAGE TIN VINTAGE LEAF,UNMAPPED,,,,,,,0.5347,,,,,,,data_unavailable,inventory_snapshot_missing_or_empty
,23236,STORAGE TIN VINTAGE DOILY,UNMAPPED,,,,,,,2.4671,,,,,,,data_unavailable,inventory_snapshot_missing_or_empty
,23237,SET OF 4 KNICK KNACK TINS LEAF,UNMAPPED,,,,,,,1.8683,,,,,,,data_unavailable,inventory_snapshot_missing_or_empty
,23238,SET OF 4 KNICK KNACK TINS LONDON,UNMAPPED,,,,,,,4.4262,,,,,,,data_unavailable,inventory_snapshot_missing_or_empty
,23239,SET OF 4 KNICK KNACK TINS POPPIES,UNMAPPED,,,,,,,1.7205,,,,,,,data_unavailable,inventory_snapshot_missing_or_empty
,23240,SET OF 4 KNICK KNACK TINS DOILY,UNMAPPED,,,,,,,10.1843,,,,,,,data_unavailable,inventory_snapshot_missing_or_empty
,23241,TREASURE TIN GYMKHANA DESIGN,UNMAPPED,,,,,,,6.6826,,,,,,,data_unavailable,inventory_snapshot_missing_or_empty
,23242,TREASURE TIN BUFFALO BILL,UNMAPPED,,,,,,,3.0132,,,,,,,data_unavailable,inventory_snapshot_missing_or_empty
,23243,SET OF TEA COFFEE SUGAR TINS PANTRY,UNMAPPED,,,,,,,6.4121,,,,,,,data_unavailable,inventory_snapshot_missing_or_empty
,23244,ROUND STORAGE TIN VINTAGE LEAF,UNMAPPED,,,,,,,0.9871,,,,,,,data_unavailable,inventory_snapshot_missing_or_empty
,23245,SET OF 3 REGENCY CAKE TINS,UNMAPPED,,,,,,,12.3486,,,,,,,data_unavailable,inventory_snapshot_missing_or_empty
,23247,BISCUIT TIN 50'S CHRISTMAS,UNMAPPED,,,,,,,8.2267,,,,,,,data_unavailable,inventory_snapshot_missing_or_empty
,23249,VINTAGE RED ENAMEL TRIM PLATE,UNMAPPED,,,,,,,0.6479,,,,,,,data_unavailable,inventory_snapshot_missing_or_empty
,23250,VINTAGE RED TRIM ENAMEL BOWL,UNMAPPED,,,,,,,2.3554,,,,,,,data_unavailable,inventory_snapshot_missing_or_empty
,23251,VINTAGE RED ENAMEL TRIM MUG,UNMAPPED,,,,,,,1.6767,,,,,,,data_unavailable,inventory_snapshot_missing_or_empty
,23252,VINTAGE RED ENAMEL TRIM JUG,UNMAPPED,,,,,,,0.7753,,,,,,,data_unavailable,inventory_snapshot_missing_or_empty
,23253,16 PIECE CUTLERY SET PANTRY DESIGN,UNMAPPED,,,,,,,0.3100,,,,,,,data_unavailable,inventory_snapshot_missing_or_empty
,23254,CHILDRENS CUTLERY DOLLY GIRL,UNMAPPED,,,,,,,4.6983,,,,,,,data_unavailable,inventory_snapshot_missing_or_empty
,23255,CHILDRENS CUTLERY CIRCUS PARADE,UNMAPPED,,,,,,,1.0109,,,,,,,data_unavailable,inventory_snapshot_missing_or_empty
,23256,CHILDRENS CUTLERY SPACEBOY,UNMAPPED,,,,,,,5.9682,,,,,,,data_unavailable,inventory_snapshot_missing_or_empty
,23263,SET OF 3 WOODEN HEART DECORATIONS,UNMAPPED,,,,,,,13.1976,,,,,,,data_unavailable,inventory_snapshot_missing_or_empty
,23264,SET OF 3 WOODEN SLEIGH DECORATIONS,UNMAPPED,,,,,,,11.6778,,,,,,,data_unavailable,inventory_snapshot_missing_or_empty
,23265,SET OF 3 WOODEN TREE DECORATIONS,UNMAPPED,,,,,,,10.7654,,,,,,,data_unavailable,inventory_snapshot_missing_or_empty
,23266,SET OF 3 WOODEN STOCKING DECORATION,UNMAPPED,,,,,,,11.4674,,,,,,,data_unavailable,inventory_snapshot_missing_or_empty
,23267,SET OF 4 SANTA PLACE SETTINGS,UNMAPPED,,,,,,,5.1550,,,,,,,data_unavailable,inventory_snapshot_missing_or_empty
,23268,UNKNOWN,UNMAPPED,,,,,,,0.1900,,,,,,,data_unavailable,inventory_snapshot_missing_or_empty
,23269,SET OF 2 CERAMIC CHRISTMAS TREES,UNMAPPED,,,,,,,3.7466,,,,,,,data_unavailable,inventory_snapshot_missing_or_empty
,23270,SET OF 2 CERAMIC PAINTED HEARTS,UNMAPPED,,,,,,,2.6527,,,,,,,data_unavailable,inventory_snapshot_missing_or_empty
,23271,CHRISTMAS TABLE SILVER CANDLE SPIKE,UNMAPPED,,,,,,,6.1783,,,,,,,data_unavailable,inventory_snapshot_missing_or_empty
,23273,HEART T-LIGHT HOLDER WILLIE WINKIE,UNMAPPED,,,,,,,2.8187,,,,,,,data_unavailable,inventory_snapshot_missing_or_empty
,23274,STAR T-LIGHT HOLDER WILLIE WINKIE,UNMAPPED,,,,,,,3.6192,,,,,,,data_unavailable,inventory_snapshot_missing_or_empty
,23275,SET OF 3 HANGING OWLS OLLIE BEAK,UNMAPPED,,,,,,,14.0657,,,,,,,data_unavailable,inventory_snapshot_missing_or_empty
,23280,FOLDING BUTTERFLY MIRROR HOT PINK,UNMAPPED,,,,,,,4.2247,,,,,,,data_unavailable,inventory_snapshot_missing_or_empty
,23281,FOLDING BUTTERFLY MIRROR RED,UNMAPPED,,,,,,,1.6806,,,,,,,data_unavailable,inventory_snapshot_missing_or_empty
,23282,FOLDING BUTTERFLY MIRROR IVORY,UNMAPPED,,,,,,,1.5236,,,,,,,data_unavailable,inventory_snapshot_missing_or_empty
,23283,DOORMAT VINTAGE LEAF,UNMAPPED,,,,,,,2.1566,,,,,,,data_unavailable,inventory_snapshot_missing_or_empty
,23284,DOORMAT KEEP CALM AND COME IN,UNMAPPED,,,,,,,11.0008,,,,,,,data_unavailable,inventory_snapshot_missing_or_empty
,23285,PINK VINTAGE SPOT BEAKER,UNMAPPED,,,,,,,0.8180,,,,,,,data_unavailable,inventory_snapshot_missing_or_empty
,23286,BLUE VINTAGE SPOT BEAKER,UNMAPPED,,,,,,,1.9598,,,,,,,data_unavailable,inventory_snapshot_missing_or_empty
,23287,RED VINTAGE SPOT BEAKER,UNMAPPED,,,,,,,1.2361,,,,,,,data_unavailable,inventory_snapshot_missing_or_empty
,23288,GREEN VINTAGE SPOT BEAKER,UNMAPPED,,,,,,,1.5527,,,,,,,data_unavailable,inventory_snapshot_missing_or_empty
,23289,DOLLY GIRL CHILDRENS BOWL,UNMAPPED,,,,,,,3.6929,,,,,,,data_unavailable,inventory_snapshot_missing_or_empty
,23290,SPACEBOY CHILDRENS BOWL,UNMAPPED,,,,,,,5.2411,,,,,,,data_unavailable,inventory_snapshot_missing_or_empty
,23291,DOLLY GIRL CHILDRENS CUP,UNMAPPED,,,,,,,3.8161,,,,,,,data_unavailable,inventory_snapshot_missing_or_empty
,23292,SPACEBOY CHILDRENS CUP,UNMAPPED,,,,,,,5.1931,,,,,,,data_unavailable,inventory_snapshot_missing_or_empty
,23293,SET OF 12 FAIRY CAKE BAKING CASES,UNMAPPED,,,,,,,14.2473,,,,,,,data_unavailable,inventory_snapshot_missing_or_empty
,23294,SET OF 6 SNACK LOAF BAKING CASES,UNMAPPED,,,,,,,8.6353,,,,,,,data_unavailable,inventory_snapshot_missing_or_empty
,23295,SET OF 12 MINI LOAF BAKING CASES,UNMAPPED,,,,,,,11.9726,,,,,,,data_unavailable,inventory_snapshot_missing_or_empty
,23296,SET OF 6 TEA TIME BAKING CASES,UNMAPPED,,,,,,,10.9326,,,,,,,data_unavailable,inventory_snapshot_missing_or_empty
,23297,SET 40 HEART SHAPE PETIT FOUR CASES,UNMAPPED,,,,,,,0.1674,,,,,,,data_unavailable,inventory_snapshot_missing_or_empty
,23298,SPOTTY BUNTING,UNMAPPED,,,,,,,10.7843,,,,,,,data_unavailable,inventory_snapshot_missing_or_empty
,23299,FOOD COVER WITH BEADS SET 2,UNMAPPED,,,,,,,0.4807,,,,,,,data_unavailable,inventory_snapshot_missing_or_empty
,23300,GARDENERS KNEELING PAD CUP OF TEA,UNMAPPED,,,,,,,14.5335,,,,,,,data_unavailable,inventory_snapshot_missing_or_empty
,23301,GARDENERS KNEELING PAD KEEP CALM,UNMAPPED,,,,,,,17.3509,,,,,,,data_unavailable,inventory_snapshot_missing_or_empty
,23302,KNEELING MAT HOUSEWORK DESIGN,UNMAPPED,,,,,,,3.3227,,,,,,,data_unavailable,inventory_snapshot_missing_or_empty
,23306,SET OF 36 PANTRY PAPER DOILIES,UNMAPPED,,,,,,,1.0144,,,,,,,data_unavailable,inventory_snapshot_missing_or_empty
,23307,SET OF 60 PANTRY DESIGN CAKE CASES,UNMAPPED,,,,,,,11.8147,,,,,,,data_unavailable,inventory_snapshot_missing_or_empty
,23308,SET OF 60 VINTAGE LEAF CAKE CASES,UNMAPPED,,,,,,,6.4811,,,,,,,data_unavailable,inventory_snapshot_missing_or_empty
,23309,SET OF 60 I LOVE LONDON CAKE CASES,UNMAPPED,,,,,,,12.2281,,,,,,,data_unavailable,inventory_snapshot_missing_or_empty
,23310,BUBBLEGUM RING ASSORTED,UNMAPPED,,,,,,,16.3686,,,,,,,data_unavailable,inventory_snapshot_missing_or_empty
,23311,VINTAGE CHRISTMAS STOCKING,UNMAPPED,,,,,,,12.6916,,,,,,,data_unavailable,inventory_snapshot_missing_or_empty
,23312,VINTAGE CHRISTMAS GIFT SACK,UNMAPPED,,,,,,,7.8625,,,,,,,data_unavailable,inventory_snapshot_missing_or_empty
,23313,VINTAGE CHRISTMAS BUNTING,UNMAPPED,,,,,,,13.5247,,,,,,,data_unavailable,inventory_snapshot_missing_or_empty
,23314,VINTAGE CHRISTMAS TABLECLOTH,UNMAPPED,,,,,,,1.4666,,,,,,,data_unavailable,inventory_snapshot_missing_or_empty
,23315,IVORY REFECTORY CLOCK,UNMAPPED,,,,,,,0.5831,,,,,,,data_unavailable,inventory_snapshot_missing_or_empty
,23316,RED REFECTORY CLOCK,UNMAPPED,,,,,,,0.8121,,,,,,,data_unavailable,inventory_snapshot_missing_or_empty
,23317,BLUE REFECTORY CLOCK,UNMAPPED,,,,,,,0.5912,,,,,,,data_unavailable,inventory_snapshot_missing_or_empty
,23318,BOX OF 6 MINI VINTAGE CRACKERS,UNMAPPED,,,,,,,13.8646,,,,,,,data_unavailable,inventory_snapshot_missing_or_empty
,23319,BOX OF 6 MINI 50'S CRACKERS,UNMAPPED,,,,,,,13.6327,,,,,,,data_unavailable,inventory_snapshot_missing_or_empty
,23320,GIANT 50'S CHRISTMAS CRACKER,UNMAPPED,,,,,,,11.9146,,,,,,,data_unavailable,inventory_snapshot_missing_or_empty
,23321,SMALL WHITE HEART OF WICKER,UNMAPPED,,,,,,,14.3261,,,,,,,data_unavailable,inventory_snapshot_missing_or_empty
,23322,LARGE WHITE HEART OF WICKER,UNMAPPED,,,,,,,11.3766,,,,,,,data_unavailable,inventory_snapshot_missing_or_empty
,23323,WHITE WICKER STAR,UNMAPPED,,,,,,,9.7461,,,,,,,data_unavailable,inventory_snapshot_missing_or_empty
,23324,RUSTIC STRAWBERRY JAM POT LARGE,UNMAPPED,,,,,,,0.4673,,,,,,,data_unavailable,inventory_snapshot_missing_or_empty
,23326,HANGING MINI COLOURED BOTTLES,UNMAPPED,,,,,,,1.6181,,,,,,,data_unavailable,inventory_snapshot_missing_or_empty
,23328,SET 6 SCHOOL MILK BOTTLES IN CRATE,UNMAPPED,,,,,,,13.4445,,,,,,,data_unavailable,inventory_snapshot_missing_or_empty
,23329,DECORATIVE WICKER HEART LARGE,UNMAPPED,,,,,,,9.1533,,,,,,,data_unavailable,inventory_snapshot_missing_or_empty
,23330,DECORATIVE WICKER HEART MEDIUM,UNMAPPED,,,,,,,9.2511,,,,,,,data_unavailable,inventory_snapshot_missing_or_empty
,23331,DECORATIVE WICKER HEART SMALL,UNMAPPED,,,,,,,5.2807,,,,,,,data_unavailable,inventory_snapshot_missing_or_empty
,23332,IVORY WICKER HEART LARGE,UNMAPPED,,,,,,,9.2997,,,,,,,data_unavailable,inventory_snapshot_missing_or_empty
,23333,IVORY WICKER HEART MEDIUM,UNMAPPED,,,,,,,9.9383,,,,,,,data_unavailable,inventory_snapshot_missing_or_empty
,23334,IVORY WICKER HEART SMALL,UNMAPPED,,,,,,,6.3961,,,,,,,data_unavailable,inventory_snapshot_missing_or_empty
,23335,EGG FRYING PAN IVORY,UNMAPPED,,,,,,,1.4887,,,,,,,data_unavailable,inventory_snapshot_missing_or_empty
,23336,EGG FRYING PAN PINK,UNMAPPED,,,,,,,0.9127,,,,,,,data_unavailable,inventory_snapshot_missing_or_empty
,23337,EGG FRYING PAN MINT,UNMAPPED,,,,,,,0.7565,,,,,,,data_unavailable,inventory_snapshot_missing_or_empty
,23338,EGG FRYING PAN RED,UNMAPPED,,,,,,,1.7076,,,,,,,data_unavailable,inventory_snapshot_missing_or_empty
,23339,EGG FRYING PAN BLUE,UNMAPPED,,,,,,,0.9449,,,,,,,data_unavailable,inventory_snapshot_missing_or_empty
,23340,VINTAGE CHRISTMAS CAKE FRILL,UNMAPPED,,,,,,,2.5939,,,,,,,data_unavailable,inventory_snapshot_missing_or_empty
,23341,PINK DINER WALL CLOCK,UNMAPPED,,,,,,,0.9330,,,,,,,data_unavailable,inventory_snapshot_missing_or_empty
,23342,MINT DINER WALL CLOCK,UNMAPPED,,,,,,,1.0225,,,,,,,data_unavailable,inventory_snapshot_missing_or_empty
,23343,JUMBO BAG VINTAGE CHRISTMAS,UNMAPPED,,,,,,,16.0833,,,,,,,data_unavailable,inventory_snapshot_missing_or_empty
,23344,JUMBO BAG 50'S CHRISTMAS,UNMAPPED,,,,,,,18.0166,,,,,,,data_unavailable,inventory_snapshot_missing_or_empty
,23345,DOLLY GIRL BEAKER,UNMAPPED,,,,,,,3.5094,,,,,,,data_unavailable,inventory_snapshot_missing_or_empty
,23346,SPACEBOY BEAKER,UNMAPPED,,,,,,,3.6881,,,,,,,data_unavailable,inventory_snapshot_missing_or_empty
,23347,I LOVE LONDON BEAKER,UNMAPPED,,,,,,,1.1493,,,,,,,data_unavailable,inventory_snapshot_missing_or_empty
,23348,UNKNOWN,UNMAPPED,,,,,,,2.3534,,,,,,,data_unavailable,inventory_snapshot_missing_or_empty
,23349,ROLL WRAP VINTAGE CHRISTMAS,UNMAPPED,,,,,,,13.3742,,,,,,,data_unavailable,inventory_snapshot_missing_or_empty
,23350,ROLL WRAP VINTAGE SPOT,UNMAPPED,,,,,,,11.2441,,,,,,,data_unavailable,inventory_snapshot_missing_or_empty
,23351,ROLL WRAP 50'S CHRISTMAS,UNMAPPED,,,,,,,14.3308,,,,,,,data_unavailable,inventory_snapshot_missing_or_empty
,23352,ROLL WRAP 50'S RED CHRISTMAS,UNMAPPED,,,,,,,9.2439,,,,,,,data_unavailable,inventory_snapshot_missing_or_empty
,23353,6 GIFT TAGS VINTAGE CHRISTMAS,UNMAPPED,,,,,,,13.1039,,,,,,,data_unavailable,inventory_snapshot_missing_or_empty
,23354,6 GIFT TAGS 50'S CHRISTMAS,UNMAPPED,,,,,,,13.7309,,,,,,,data_unavailable,inventory_snapshot_missing_or_empty
,23355,HOT WATER BOTTLE KEEP CALM,UNMAPPED,,,,,,,17.2579,,,,,,,data_unavailable,inventory_snapshot_missing_or_empty
,23356,LOVE HOT WATER BOTTLE,UNMAPPED,,,,,,,12.4444,,,,,,,data_unavailable,inventory_snapshot_missing_or_empty
,23357,HOT WATER BOTTLE SEX BOMB,UNMAPPED,,,,,,,2.6122,,,,,,,data_unavailable,inventory_snapshot_missing_or_empty
,23358,HOT STUFF HOT WATER BOTTLE,UNMAPPED,,,,,,,2.9506,,,,,,,data_unavailable,inventory_snapshot_missing_or_empty
,23359,SET OF 12 T-LIGHTS VINTAGE DOILY,UNMAPPED,,,,,,,2.6072,,,,,,,data_unavailable,inventory_snapshot_missing_or_empty
,23360,SET 8 CANDLES VINTAGE DOILY,UNMAPPED,,,,,,,2.5184,,,,,,,data_unavailable,inventory_snapshot_missing_or_empty
,23365,SET 12 COLOUR PENCILS LOVE LONDON,UNMAPPED,,,,,,,10.6727,,,,,,,data_unavailable,inventory_snapshot_missing_or_empty
,23366,SET 12 COLOURING PENCILS DOILY,UNMAPPED,,,,,,,11.8936,,,,,,,data_unavailable,inventory_snapshot_missing_or_empty
,23367,SET 12 COLOUR PENCILS SPACEBOY,UNMAPPED,,,,,,,14.8522,,,,,,,data_unavailable,inventory_snapshot_missing_or_empty
,23368,SET 12 COLOUR PENCILS DOLLY GIRL,UNMAPPED,,,,,,,10.5791,,,,,,,data_unavailable,inventory_snapshot_missing_or_empty
,23369,SET 36 COLOUR PENCILS LOVE LONDON,UNMAPPED,,,,,,,6.9144,,,,,,,data_unavailable,inventory_snapshot_missing_or_empty
,23370,SET 36 COLOURING PENCILS DOILY,UNMAPPED,,,,,,,7.9732,,,,,,,data_unavailable,inventory_snapshot_missing_or_empty
,23371,SET 36 COLOUR PENCILS SPACEBOY,UNMAPPED,,,,,,,10.0517,,,,,,,data_unavailable,inventory_snapshot_missing_or_empty
,23372,SET 36 COLOUR PENCILS DOLLY GIRL,UNMAPPED,,,,,,,7.9770,,,,,,,data_unavailable,inventory_snapshot_missing_or_empty
,23373,VINTAGE CHRISTMAS PAPER GIFT BAG,UNMAPPED,,,,,,,2.9012,,,,,,,data_unavailable,inventory_snapshot_missing_or_empty
,23374,RED SPOT PAPER GIFT BAG,UNMAPPED,,,,,,,6.7560,,,,,,,data_unavailable,inventory_snapshot_missing_or_empty
,23375,50'S CHRISTMAS PAPER GIFT BAG,UNMAPPED,,,,,,,4.7732,,,,,,,data_unavailable,inventory_snapshot_missing_or_empty
,23376,PACK OF 12 VINTAGE CHRISTMAS TISSUE,UNMAPPED,,,,,,,11.7951,,,,,,,data_unavailable,inventory_snapshot_missing_or_empty
,23377,PACK OF 12 DOLLY GIRL TISSUES,UNMAPPED,,,,,,,5.1796,,,,,,,data_unavailable,inventory_snapshot_missing_or_empty
,23378,PACK OF 12 50'S CHRISTMAS TISSUES,UNMAPPED,,,,,,,11.4111,,,,,,,data_unavailable,inventory_snapshot_missing_or_empty
,23379,PACK OF 12 RED APPLE TISSUES,UNMAPPED,,,,,,,1.8684,,,,,,,data_unavailable,inventory_snapshot_missing_or_empty
,23380,PACK OF 12 VINTAGE DOILY TISSUES,UNMAPPED,,,,,,,3.7355,,,,,,,data_unavailable,inventory_snapshot_missing_or_empty
,23381,PACK OF 12 VINTAGE LEAF TISSUES,UNMAPPED,,,,,,,1.1802,,,,,,,data_unavailable,inventory_snapshot_missing_or_empty
,23388,WOODLAND MINI BACKPACK,UNMAPPED,,,,,,,2.4160,,,,,,,data_unavailable,inventory_snapshot_missing_or_empty
,23389,SPACEBOY MINI BACKPACK,UNMAPPED,,,,,,,5.7516,,,,,,,data_unavailable,inventory_snapshot_missing_or_empty
,23390,DOLLY GIRL MINI BACKPACK,UNMAPPED,,,,,,,2.6781,,,,,,,data_unavailable,inventory_snapshot_missing_or_empty
,23391,I LOVE LONDON MINI BACKPACK,UNMAPPED,,,,,,,1.4420,,,,,,,data_unavailable,inventory_snapshot_missing_or_empty
,23392,SPACEBOY ROCKET LOLLY MAKERS,UNMAPPED,,,,,,,3.7604,,,,,,,data_unavailable,inventory_snapshot_missing_or_empty
,23393,HOME SWEET HOME CUSHION COVER,UNMAPPED,,,,,,,5.2916,,,,,,,data_unavailable,inventory_snapshot_missing_or_empty
,23394,POSTE FRANCE CUSHION COVER,UNMAPPED,,,,,,,3.3552,,,,,,,data_unavailable,inventory_snapshot_missing_or_empty
,23395,BELLE JARDINIERE CUSHION COVER,UNMAPPED,,,,,,,5.1810,,,,,,,data_unavailable,inventory_snapshot_missing_or_empty
,23396,LE JARDIN BOTANIQUE CUSHION COVER,UNMAPPED,,,,,,,4.3141,,,,,,,data_unavailable,inventory_snapshot_missing_or_empty
,23397,FOOT STOOL HOME SWEET HOME,UNMAPPED,,,,,,,2.8655,,,,,,,data_unavailable,inventory_snapshot_missing_or_empty
,23398,HANGING HEART BONHEUR,UNMAPPED,,,,,,,1.7967,,,,,,,data_unavailable,inventory_snapshot_missing_or_empty
,23399,HOME SWEET HOME HANGING HEART,UNMAPPED,,,,,,,8.2182,,,,,,,data_unavailable,inventory_snapshot_missing_or_empty
,23400,SHELF WITH 4 HOOKS HOME SWEET HOME,UNMAPPED,,,,,,,0.6849,,,,,,,data_unavailable,inventory_snapshot_missing_or_empty
,23401,RUSTIC MIRROR WITH LACE HEART,UNMAPPED,,,,,,,1.0848,,,,,,,data_unavailable,inventory_snapshot_missing_or_empty
,23402,HOME SWEET HOME 3 PEG HANGER,UNMAPPED,,,,,,,0.7785,,,,,,,data_unavailable,inventory_snapshot_missing_or_empty
,23403,LETTER HOLDER HOME SWEET HOME,UNMAPPED,,,,,,,1.9285,,,,,,,data_unavailable,inventory_snapshot_missing_or_empty
,23404,HOME SWEET HOME BLACKBOARD,UNMAPPED,,,,,,,4.1438,,,,,,,data_unavailable,inventory_snapshot_missing_or_empty
,23405,HOME SWEET HOME 2 DRAWER CABINET,UNMAPPED,,,,,,,1.4513,,,,,,,data_unavailable,inventory_snapshot_missing_or_empty
,23406,UNKNOWN,UNMAPPED,,,,,,,1.7150,,,,,,,data_unavailable,inventory_snapshot_missing_or_empty
,23407,SET OF 2 TRAYS HOME SWEET HOME,UNMAPPED,,,,,,,1.4399,,,,,,,data_unavailable,inventory_snapshot_missing_or_empty
,23408,PHOTO FRAME LINEN AND LACE SMALL,UNMAPPED,,,,,,,1.2791,,,,,,,data_unavailable,inventory_snapshot_missing_or_empty
,23411,TRELLIS COAT RACK,UNMAPPED,,,,,,,0.6550,,,,,,,data_unavailable,inventory_snapshot_missing_or_empty
,23414,ZINC BOX SIGN HOME,UNMAPPED,,,,,,,0.4196,,,,,,,data_unavailable,inventory_snapshot_missing_or_empty
,23418,LAVENDER TOILETTE BOTTLE,UNMAPPED,,,,,,,1.1780,,,,,,,data_unavailable,inventory_snapshot_missing_or_empty
,23419,HOME SWEET HOME BOTTLE,UNMAPPED,,,,,,,1.6131,,,,,,,data_unavailable,inventory_snapshot_missing_or_empty
,23423,PANTRY 3 HOOK ROLLING PIN HANGER,UNMAPPED,,,,,,,0.8145,,,,,,,data_unavailable,inventory_snapshot_missing_or_empty
,23424,GINGHAM RECIPE BOOK BOX,UNMAPPED,,,,,,,2.6800,,,,,,,data_unavailable,inventory_snapshot_missing_or_empty
,23426,METAL SIGN DROP YOUR PANTS,UNMAPPED,,,,,,,6.1031,,,,,,,data_unavailable,inventory_snapshot_missing_or_empty
,23427,STOOL HOME SWEET HOME,UNMAPPED,,,,,,,0.2426,,,,,,,data_unavailable,inventory_snapshot_missing_or_empty
,23431,NATURAL HANGING QUILTED HEARTS,UNMAPPED,,,,,,,0.9621,,,,,,,data_unavailable,inventory_snapshot_missing_or_empty
,23432,PRETTY HANGING QUILTED HEARTS,UNMAPPED,,,,,,,1.6240,,,,,,,data_unavailable,inventory_snapshot_missing_or_empty
,23433,HANGING QUILTED PATCHWORK APPLES,UNMAPPED,,,,,,,3.4226,,,,,,,data_unavailable,inventory_snapshot_missing_or_empty
,23434,3 RAFFIA RIBBONS 50'S CHRISTMAS,UNMAPPED,,,,,,,12.2081,,,,,,,data_unavailable,inventory_snapshot_missing_or_empty
,23435,3 RAFFIA RIBBONS VINTAGE CHRISTMAS,UNMAPPED,,,,,,,3.3670,,,,,,,data_unavailable,inventory_snapshot_missing_or_empty
,23436,VINTAGE CHRISTMAS GIFT BAG LARGE,UNMAPPED,,,,,,,4.3321,,,,,,,data_unavailable,inventory_snapshot_missing_or_empty
,23437,50'S CHRISTMAS GIFT BAG LARGE,UNMAPPED,,,,,,,5.2791,,,,,,,data_unavailable,inventory_snapshot_missing_or_empty
,23438,RED SPOT GIFT BAG LARGE,UNMAPPED,,,,,,,3.8060,,,,,,,data_unavailable,inventory_snapshot_missing_or_empty
,23439,HAND WARMER RED LOVE HEART,UNMAPPED,,,,,,,14.4505,,,,,,,data_unavailable,inventory_snapshot_missing_or_empty
,23444,Next Day Carriage,UNMAPPED,,,,,,,0.8068,,,,,,,data_unavailable,inventory_snapshot_missing_or_empty
,23445,ICE CREAM BUBBLES,UNMAPPED,,,,,,,6.9477,,,,,,,data_unavailable,inventory_snapshot_missing_or_empty
,23461,SWEETHEART BIRD HOUSE,UNMAPPED,,,,,,,1.8950,,,,,,,data_unavailable,inventory_snapshot_missing_or_empty
,23493,VINTAGE DOILY TRAVEL SEWING KIT,UNMAPPED,,,,,,,16.4993,,,,,,,data_unavailable,inventory_snapshot_missing_or_empty
,23494,VINTAGE DOILY DELUXE SEWING KIT,UNMAPPED,,,,,,,7.8391,,,,,,,data_unavailable,inventory_snapshot_missing_or_empty
,23502,PLAYING CARDS VINTAGE DOILY,UNMAPPED,,,,,,,3.3408,,,,,,,data_unavailable,inventory_snapshot_missing_or_empty
,23503,PLAYING CARDS KEEP CALM & CARRY ON,UNMAPPED,,,,,,,14.5951,,,,,,,data_unavailable,inventory_snapshot_missing_or_empty
,23504,PLAYING CARDS JUBILEE UNION JACK,UNMAPPED,,,,,,,9.9519,,,,,,,data_unavailable,inventory_snapshot_missing_or_empty
,23505,PLAYING CARDS I LOVE LONDON,UNMAPPED,,,,,,,4.4977,,,,,,,data_unavailable,inventory_snapshot_missing_or_empty
,23506,MINI PLAYING CARDS SPACEBOY,UNMAPPED,,,,,,,8.8641,,,,,,,data_unavailable,inventory_snapshot_missing_or_empty
,23507,MINI PLAYING CARDS BUFFALO BILL,UNMAPPED,,,,,,,5.7112,,,,,,,data_unavailable,inventory_snapshot_missing_or_empty
,23508,MINI PLAYING CARDS DOLLY GIRL,UNMAPPED,,,,,,,8.0326,,,,,,,data_unavailable,inventory_snapshot_missing_or_empty
,23510,MINI PLAYING CARDS GYMKHANA,UNMAPPED,,,,,,,6.5292,,,,,,,data_unavailable,inventory_snapshot_missing_or_empty
,23511,EMBROIDERED RIBBON REEL EMILY,UNMAPPED,,,,,,,1.6831,,,,,,,data_unavailable,inventory_snapshot_missing_or_empty
,23513,EMBROIDERED RIBBON REEL SUSIE,UNMAPPED,,,,,,,0.7972,,,,,,,data_unavailable,inventory_snapshot_missing_or_empty
,23514,EMBROIDERED RIBBON REEL SALLY,UNMAPPED,,,,,,,1.7799,,,,,,,data_unavailable,inventory_snapshot_missing_or_empty
,23515,EMBROIDERED RIBBON REEL DAISY,UNMAPPED,,,,,,,1.1340,,,,,,,data_unavailable,inventory_snapshot_missing_or_empty
,23517,EMBROIDERED RIBBON REEL REBECCA,UNMAPPED,,,,,,,0.6152,,,,,,,data_unavailable,inventory_snapshot_missing_or_empty
,23526,WALL ART DOG LICENCE,UNMAPPED,,,,,,,4.2209,,,,,,,data_unavailable,inventory_snapshot_missing_or_empty
,23531,WALL ART BIG LOVE,UNMAPPED,,,,,,,2.9760,,,,,,,data_unavailable,inventory_snapshot_missing_or_empty
,23534,WALL ART STOP FOR TEA,UNMAPPED,,,,,,,8.7383,,,,,,,data_unavailable,inventory_snapshot_missing_or_empty
,23535,WALL ART BICYCLE SAFETY,UNMAPPED,,,,,,,9.1887,,,,,,,data_unavailable,inventory_snapshot_missing_or_empty
,23541,WALL ART CLASSIC PUDDINGS,UNMAPPED,,,,,,,3.2564,,,,,,,data_unavailable,inventory_snapshot_missing_or_empty
,23545,WRAP RED VINTAGE DOILY,UNMAPPED,,,,,,,3.8006,,,,,,,data_unavailable,inventory_snapshot_missing_or_empty
,23546,WRAP PAISLEY PARK,UNMAPPED,,,,,,,5.3832,,,,,,,data_unavailable,inventory_snapshot_missing_or_empty
,23547,WRAP FLOWER SHOP,UNMAPPED,,,,,,,1.6906,,,,,,,data_unavailable,inventory_snapshot_missing_or_empty
,23549,WRAP BIRD GARDEN,UNMAPPED,,,,,,,1.0273,,,,,,,data_unavailable,inventory_snapshot_missing_or_empty
,23550,WRAP ALPHABET POSTER,UNMAPPED,,,,,,,0.7619,,,,,,,data_unavailable,inventory_snapshot_missing_or_empty
,23551,PACK OF 12 PAISLEY PARK TISSUES,UNMAPPED,,,,,,,4.6257,,,,,,,data_unavailable,inventory_snapshot_missing_or_empty
,23559,WOODLAND BUNNIES LOLLY MAKERS,UNMAPPED,,,,,,,2.3712,,,,,,,data_unavailable,inventory_snapshot_missing_or_empty
,35001G,HAND OPEN SHAPE GOLD,UNMAPPED,,,,,,,0.4366,,,,,,,data_unavailable,inventory_snapshot_missing_or_empty
,35001W,HAND OPEN SHAPE DECO.WHITE,UNMAPPED,,,,,,,0.0875,,,,,,,data_unavailable,inventory_snapshot_missing_or_empty
,35004B,SET OF 3 BLACK FLYING DUCKS,UNMAPPED,,,,,,,0.3186,,,,,,,data_unavailable,inventory_snapshot_missing_or_empty
,35004C,SET OF 3 COLOURED FLYING DUCKS,UNMAPPED,,,,,,,0.0875,,,,,,,data_unavailable,inventory_snapshot_missing_or_empty
,35004G,SET OF 3 GOLD FLYING DUCKS,UNMAPPED,,,,,,,0.3322,,,,,,,data_unavailable,inventory_snapshot_missing_or_empty
,35004P,UNKNOWN,UNMAPPED,,,,,,,0.0875,,,,,,,data_unavailable,inventory_snapshot_missing_or_empty
,35015,JACOBS LADDER SMALL,UNMAPPED,,,,,,,0.0875,,,,,,,data_unavailable,inventory_snapshot_missing_or_empty
,35095A,BLUE VICTORIAN FABRIC OVAL BOX,UNMAPPED,,,,,,,2.7710,,,,,,,data_unavailable,inventory_snapshot_missing_or_empty
,35095B,RED VICTORIAN FABRIC OVAL BOX,UNMAPPED,,,,,,,1.1207,,,,,,,data_unavailable,inventory_snapshot_missing_or_empty
,35096A,UNKNOWN,UNMAPPED,,,,,,,0.0875,,,,,,,data_unavailable,inventory_snapshot_missing_or_empty
,35160,UNKNOWN,UNMAPPED,,,,,,,0.0875,,,,,,,data_unavailable,inventory_snapshot_missing_or_empty
,35240,UNKNOWN,UNMAPPED,,,,,,,0.0875,,,,,,,data_unavailable,inventory_snapshot_missing_or_empty
,35241,ENAMEL BLUE RIM BISCUIT BIN,UNMAPPED,,,,,,,0.0875,,,,,,,data_unavailable,inventory_snapshot_missing_or_empty
,35400,WOODEN BOX ADVENT CALENDAR,UNMAPPED,,,,,,,0.1850,,,,,,,data_unavailable,inventory_snapshot_missing_or_empty
,35471A,SET OF 3 BIRD L.BLUE FEATHER,UNMAPPED,,,,,,,0.0875,,,,,,,data_unavailable,inventory_snapshot_missing_or_empty
,35471D,SET OF 3 BIRD LIGHT PINK FEATHER,UNMAPPED,,,,,,,9.9664,,,,,,,data_unavailable,inventory_snapshot_missing_or_empty
,35594,WOODEN CHRISTMAS TREE 3 HANGING,UNMAPPED,,,,,,,0.0875,,,,,,,data_unavailable,inventory_snapshot_missing_or_empty
,35598B,BLACK CHRISTMAS TREE 60CM,UNMAPPED,,,,,,,0.7564,,,,,,,data_unavailable,inventory_snapshot_missing_or_empty
,35598D,PINK/WHITE CHRISTMAS TREE 60CM,UNMAPPED,,,,,,,0.4526,,,,,,,data_unavailable,inventory_snapshot_missing_or_empty
,35599B,BLACK CHRISTMAS TREE 120CM,UNMAPPED,,,,,,,0.8029,,,,,,,data_unavailable,inventory_snapshot_missing_or_empty
,35599D,PINK AND WHITE CHRISTMAS TREE 120CM,UNMAPPED,,,,,,,0.5541,,,,,,,data_unavailable,inventory_snapshot_missing_or_empty
,35607A,UNKNOWN,UNMAPPED,,,,,,,0.0875,,,,,,,data_unavailable,inventory_snapshot_missing_or_empty
,35637A,IVORY STRING CURTAIN WITH POLE,UNMAPPED,,,,,,,0.2034,,,,,,,data_unavailable,inventory_snapshot_missing_or_empty
,35645,VINTAGE BEAD PINK JEWEL BOX,UNMAPPED,,,,,,,0.0875,,,,,,,data_unavailable,inventory_snapshot_missing_or_empty
,35646,VINTAGE BEAD PINK EVENING BAG,UNMAPPED,,,,,,,1.8776,,,,,,,data_unavailable,inventory_snapshot_missing_or_empty
,35647,VINTAGE BEAD PINK SHADE,UNMAPPED,,,,,,,0.0875,,,,,,,data_unavailable,inventory_snapshot_missing_or_empty
,35648,VINTAGE BEAD PINK PURSE,UNMAPPED,,,,,,,1.9005,,,,,,,data_unavailable,inventory_snapshot_missing_or_empty
,35649,VINTAGE BEAD COSMETIC BAG,UNMAPPED,,,,,,,0.3407,,,,,,,data_unavailable,inventory_snapshot_missing_or_empty
,35651,VINTAGE BEAD PINK SCARF,UNMAPPED,,,,,,,0.1221,,,,,,,data_unavailable,inventory_snapshot_missing_or_empty
,35653,VINTAGE BEAD NOTEBOOK,UNMAPPED,,,,,,,0.0875,,,,,,,data_unavailable,inventory_snapshot_missing_or_empty
,35809A,ENAMEL PINK TEA CONTAINER,UNMAPPED,,,,,,,0.0875,,,,,,,data_unavailable,inventory_snapshot_missing_or_empty
,35810A,ENAMEL PINK COFFEE CONTAINER,UNMAPPED,,,,,,,0.0885,,,,,,,data_unavailable,inventory_snapshot_missing_or_empty
,35810B,ENAMEL BLUE RIM COFFEE CONTAINER,UNMAPPED,,,,,,,0.1835,,,,,,,data_unavailable,inventory_snapshot_missing_or_empty
,35811A,UNKNOWN,UNMAPPED,,,,,,,0.0875,,,,,,,data_unavailable,inventory_snapshot_missing_or_empty
,35832,UNKNOWN,UNMAPPED,,,,,,,0.0875,,,,,,,data_unavailable,inventory_snapshot_missing_or_empty
,35833P,4 PINK FLOCK CHRISTMAS BALLS,UNMAPPED,,,,,,,0.2953,,,,,,,data_unavailable,inventory_snapshot_missing_or_empty
,35911A,MULTICOLOUR RABBIT EGG WARMER,UNMAPPED,,,,,,,0.0897,,,,,,,data_unavailable,inventory_snapshot_missing_or_empty
,35914,UNKNOWN,UNMAPPED,,,,,,,0.0875,,,,,,,data_unavailable,inventory_snapshot_missing_or_empty
,35915B,BLUE KNITTED HEN,UNMAPPED,,,,,,,0.0875,,,,,,,data_unavailable,inventory_snapshot_missing_or_empty
,35915C,UNKNOWN,UNMAPPED,,,,,,,0.0875,,,,,,,data_unavailable,inventory_snapshot_missing_or_empty
,35916A,YELLOW FELT HANGING HEART W FLOWER,UNMAPPED,,,,,,,0.0875,,,,,,,data_unavailable,inventory_snapshot_missing_or_empty
,35916B,BLUE FELT HANGING HEART WITH FLOWER,UNMAPPED,,,,,,,0.0875,,,,,,,data_unavailable,inventory_snapshot_missing_or_empty
,35916C,PINK FELT HANGING HEART W FLOWER,UNMAPPED,,,,,,,0.0875,,,,,,,data_unavailable,inventory_snapshot_missing_or_empty
,35921,EASTER BUNNY HANGING GARLAND,UNMAPPED,,,,,,,0.0875,,,,,,,data_unavailable,inventory_snapshot_missing_or_empty
,35922,EASTER BUNNY WREATH,UNMAPPED,,,,,,,0.0875,,,,,,,data_unavailable,inventory_snapshot_missing_or_empty
,35923,CANDY HEART HANGING DECORATION,UNMAPPED,,,,,,,0.5170,,,,,,,data_unavailable,inventory_snapshot_missing_or_empty
,35924,HANGING FAIRY CAKE DECORATION,UNMAPPED,,,,,,,0.1722,,,,,,,data_unavailable,inventory_snapshot_missing_or_empty
,35951,UNKNOWN,UNMAPPED,,,,,,,0.0875,,,,,,,data_unavailable,inventory_snapshot_missing_or_empty
,35953,FOLKART STAR CHRISTMAS DECORATIONS,UNMAPPED,,,,,,,14.5340,,,,,,,data_unavailable,inventory_snapshot_missing_or_empty
,35954,check,UNMAPPED,,,,,,,0.3177,,,,,,,data_unavailable,inventory_snapshot_missing_or_empty
,35957,SMALLFOLKART BAUBLE CHRISTMAS DEC,UNMAPPED,,,,,,,0.0875,,,,,,,data_unavailable,inventory_snapshot_missing_or_empty
,35958,UNKNOWN,UNMAPPED,,,,,,,0.0875,,,,,,,data_unavailable,inventory_snapshot_missing_or_empty
,35961,FOLKART ZINC HEART CHRISTMAS DEC,UNMAPPED,,,,,,,4.0959,,,,,,,data_unavailable,inventory_snapshot_missing_or_empty
,35962,UNKNOWN,UNMAPPED,,,,,,,0.0875,,,,,,,data_unavailable,inventory_snapshot_missing_or_empty
,35964,FOLKART CLIP ON STARS,UNMAPPED,,,,,,,3.7320,,,,,,,data_unavailable,inventory_snapshot_missing_or_empty
,35965,FOLKART HEART NAPKIN RINGS,UNMAPPED,,,,,,,0.1706,,,,,,,data_unavailable,inventory_snapshot_missing_or_empty
,35967,FOLK ART METAL STAR T-LIGHT HOLDER,UNMAPPED,,,,,,,1.8765,,,,,,,data_unavailable,inventory_snapshot_missing_or_empty
,35968,check,UNMAPPED,,,,,,,0.0958,,,,,,,data_unavailable,inventory_snapshot_missing_or_empty
,35969,FOLKART CROWN TABLE DECORATIONS,UNMAPPED,,,,,,,0.0875,,,,,,,data_unavailable,inventory_snapshot_missing_or_empty
,35970,ZINC FOLKART SLEIGH BELLS,UNMAPPED,,,,,,,15.8065,,,,,,,data_unavailable,inventory_snapshot_missing_or_empty
,35971,ROSE FOLKART HEART DECORATIONS,UNMAPPED,,,,,,,0.7866,,,,,,,data_unavailable,inventory_snapshot_missing_or_empty
,35972,DAISY FOLKART HEART DECORATION,UNMAPPED,,,,,,,0.0926,,,,,,,data_unavailable,inventory_snapshot_missing_or_empty
,35981C,WHITE SNOW SCANDINAVIAN STOCKING,UNMAPPED,,,,,,,0.0875,,,,,,,data_unavailable,inventory_snapshot_missing_or_empty
,35991,SET/6 BLACK SNOWFLAKE T-LIGHTS,UNMAPPED,,,,,,,0.0875,,,,,,,data_unavailable,inventory_snapshot_missing_or_empty
,37327,adjustment,UNMAPPED,,,,,,,0.1302,,,,,,,data_unavailable,inventory_snapshot_missing_or_empty
,37333,"RETRO ""TEA FOR ONE""",UNMAPPED,,,,,,,0.0875,,,,,,,data_unavailable,inventory_snapshot_missing_or_empty
,37340,MULTICOLOUR SPRING FLOWER MUG,UNMAPPED,,,,,,,2.5919,,,,,,,data_unavailable,inventory_snapshot_missing_or_empty
,37342,UNKNOWN,UNMAPPED,,,,,,,0.0875,,,,,,,data_unavailable,inventory_snapshot_missing_or_empty
,37343,POLKADOT MUG PINK,UNMAPPED,,,,,,,0.0875,,,,,,,data_unavailable,inventory_snapshot_missing_or_empty
,37370,RETRO COFFEE MUGS ASSORTED,UNMAPPED,,,,,,,0.1353,,,,,,,data_unavailable,inventory_snapshot_missing_or_empty
,37413,ICON MUG REVOLUTIONARY,UNMAPPED,,,,,,,1.4283,,,,,,,data_unavailable,inventory_snapshot_missing_or_empty
,37422,WHITE WITH BLACK CATS BOWL,UNMAPPED,,,,,,,0.0875,,,,,,,data_unavailable,inventory_snapshot_missing_or_empty
,37423,WHITE WITH BLACK CATS PLATE,UNMAPPED,,,,,,,0.0875,,,,,,,data_unavailable,inventory_snapshot_missing_or_empty
,37424,WHITE WITH BLACK CATS MUG,UNMAPPED,,,,,,,0.0875,,,,,,,data_unavailable,inventory_snapshot_missing_or_empty
,37441,UNKNOWN,UNMAPPED,,,,,,,0.0875,,,,,,,data_unavailable,inventory_snapshot_missing_or_empty
,37444A,UNKNOWN,UNMAPPED,,,,,,,0.0875,,,,,,,data_unavailable,inventory_snapshot_missing_or_empty
,37444C,UNKNOWN,UNMAPPED,,,,,,,0.0875,,,,,,,data_unavailable,inventory_snapshot_missing_or_empty
,37446,MINI CAKE STAND WITH HANGING CAKES,UNMAPPED,,,,,,,0.6201,,,,,,,data_unavailable,inventory_snapshot_missing_or_empty
,37447,CERAMIC CAKE DESIGN SPOTTED PLATE,UNMAPPED,,,,,,,0.5378,,,,,,,data_unavailable,inventory_snapshot_missing_or_empty
,37448,CERAMIC CAKE DESIGN SPOTTED MUG,UNMAPPED,,,,,,,1.2160,,,,,,,data_unavailable,inventory_snapshot_missing_or_empty
,37449,CERAMIC CAKE STAND + HANGING CAKES,UNMAPPED,,,,,,,0.5702,,,,,,,data_unavailable,inventory_snapshot_missing_or_empty
,37450,CERAMIC CAKE BOWL + HANGING CAKES,UNMAPPED,,,,,,,0.4271,,,,,,,data_unavailable,inventory_snapshot_missing_or_empty
,37461,UNKNOWN,UNMAPPED,,,,,,,0.0875,,,,,,,data_unavailable,inventory_snapshot_missing_or_empty
,37462B,"PET MUG, BUDGIE",UNMAPPED,,,,,,,0.0875,,,,,,,data_unavailable,inventory_snapshot_missing_or_empty
,37464,ROBOT MUG IN DISPLAY BOX,UNMAPPED,,,,,,,0.0875,,,,,,,data_unavailable,inventory_snapshot_missing_or_empty
,37467,UNKNOWN,UNMAPPED,,,,,,,0.0875,,,,,,,data_unavailable,inventory_snapshot_missing_or_empty
,37474,UNKNOWN,UNMAPPED,,,,,,,0.0875,,,,,,,data_unavailable,inventory_snapshot_missing_or_empty
,37475,SET/4 COLOURFUL MIXING BOWLS,UNMAPPED,,,,,,,0.3356,,,,,,,data_unavailable,inventory_snapshot_missing_or_empty
,37476,CONDIMENT TRAY 4 BOWLS AND 4 SPOONS,UNMAPPED,,,,,,,0.0875,,,,,,,data_unavailable,inventory_snapshot_missing_or_empty
,37479B,UNKNOWN,UNMAPPED,,,,,,,0.0875,,,,,,,data_unavailable,inventory_snapshot_missing_or_empty
,37479P,CUBIC MUG FLOCK PINK ON BROWN,UNMAPPED,,,,,,,0.1035,,,,,,,data_unavailable,inventory_snapshot_missing_or_empty
,37482P,CUBIC MUG PINK POLKADOT,UNMAPPED,,,,,,,0.0875,,,,,,,data_unavailable,inventory_snapshot_missing_or_empty
,37492B,BLUE YELLOW FLOWER PIGGY BANK,UNMAPPED,,,,,,,0.0875,,,,,,,data_unavailable,inventory_snapshot_missing_or_empty
,37494A,FAIRY CAKE CERAMIC BUTTER DISH,UNMAPPED,,,,,,,0.0875,,,,,,,data_unavailable,inventory_snapshot_missing_or_empty
,37495,FAIRY CAKE BIRTHDAY CANDLE SET,UNMAPPED,,,,,,,0.2111,,,,,,,data_unavailable,inventory_snapshot_missing_or_empty
,37500,TEA TIME TEAPOT IN GIFT BOX,UNMAPPED,,,,,,,1.2063,,,,,,,data_unavailable,inventory_snapshot_missing_or_empty
,37501,UNKNOWN,UNMAPPED,,,,,,,0.0875,,,,,,,data_unavailable,inventory_snapshot_missing_or_empty
,37502,TEA TIME MUG IN GIFT BOX,UNMAPPED,,,,,,,0.0875,,,,,,,data_unavailable,inventory_snapshot_missing_or_empty
,37503,TEA TIME CAKE STAND IN GIFT BOX,UNMAPPED,,,,,,,0.0875,,,,,,,data_unavailable,inventory_snapshot_missing_or_empty
,37508,NEW ENGLAND CERAMIC CAKE SERVER,UNMAPPED,,,,,,,0.0875,,,,,,,data_unavailable,inventory_snapshot_missing_or_empty
,40001,WHITE BAMBOO RIBS LAMPSHADE,UNMAPPED,,,,,,,0.1164,,,,,,,data_unavailable,inventory_snapshot_missing_or_empty
,40003,WHITE BAMBOO RIBS LAMPSHADE,UNMAPPED,,,,,,,0.0875,,,,,,,data_unavailable,inventory_snapshot_missing_or_empty
,40016,CHINESE DRAGON PAPER LANTERNS,UNMAPPED,,,,,,,0.0875,,,,,,,data_unavailable,inventory_snapshot_missing_or_empty
,40018E,UNKNOWN,UNMAPPED,,,,,,,0.0875,,,,,,,data_unavailable,inventory_snapshot_missing_or_empty
,40018F,CHERRY DESIGN PAPERLANTERNS,UNMAPPED,,,,,,,0.0875,,,,,,,data_unavailable,inventory_snapshot_missing_or_empty
,40046A,RED DAISY PAPER LAMPSHADE,UNMAPPED,,,,,,,0.0875,,,,,,,data_unavailable,inventory_snapshot_missing_or_empty
,44230,SQUARE MIRROR CURTAIN,UNMAPPED,,,,,,,0.0875,,,,,,,data_unavailable,inventory_snapshot_missing_or_empty
,44234,ASSORTED CIRCULAR MOBILE,UNMAPPED,,,,,,,0.2760,,,,,,,data_unavailable,inventory_snapshot_missing_or_empty
,45008C,DECORATIVE NET CANOPY CREAM,UNMAPPED,,,,,,,0.0875,,,,,,,data_unavailable,inventory_snapshot_missing_or_empty
,46000M,POLYESTER FILLER PAD 45x45cm,UNMAPPED,,,,,,,1.8429,,,,,,,data_unavailable,inventory_snapshot_missing_or_empty
,46000P,POLYESTER FILLER PAD 65CMx65CM,UNMAPPED,,,,,,,0.0875,,,,,,,data_unavailable,inventory_snapshot_missing_or_empty
,46000R,POLYESTER FILLER PAD 45x30cm,UNMAPPED,,,,,,,0.1849,,,,,,,data_unavailable,inventory_snapshot_missing_or_empty
,46000S,POLYESTER FILLER PAD 40x40cm,UNMAPPED,,,,,,,3.6323,,,,,,,data_unavailable,inventory_snapshot_missing_or_empty
,46000U,POLYESTER FILLER PAD 30CMx30CM,UNMAPPED,,,,,,,0.1599,,,,,,,data_unavailable,inventory_snapshot_missing_or_empty
,46118,FUNKY MONKEY CUSHION COVER,UNMAPPED,,,,,,,0.3157,,,,,,,data_unavailable,inventory_snapshot_missing_or_empty
,46126A,ELVIS WALLHANGING / CURTAIN,UNMAPPED,,,,,,,0.0875,,,,,,,data_unavailable,inventory_snapshot_missing_or_empty
,46775D,SUNSET COLOUR CHUNKY KNITTED THROW,UNMAPPED,,,,,,,0.1455,,,,,,,data_unavailable,inventory_snapshot_missing_or_empty
,46775E,CANDY POP CHUNKY KNITTED THROW,UNMAPPED,,,,,,,0.0875,,,,,,,data_unavailable,inventory_snapshot_missing_or_empty
,46776A,WOVEN BUBBLE GUM CUSHION COVER,UNMAPPED,,,,,,,0.7312,,,,,,,data_unavailable,inventory_snapshot_missing_or_empty
,46776B,WOVEN BERRIES CUSHION COVER,UNMAPPED,,,,,,,0.7411,,,,,,,data_unavailable,inventory_snapshot_missing_or_empty
,46776C,WOVEN FROST CUSHION COVER,UNMAPPED,,,,,,,0.6726,,,,,,,data_unavailable,inventory_snapshot_missing_or_empty
,46776D,WOVEN SUNSET CUSHION COVER,UNMAPPED,,,,,,,0.5601,,,,,,,data_unavailable,inventory_snapshot_missing_or_empty
,46776E,WOVEN CANDY CUSHION COVER,UNMAPPED,,,,,,,0.3333,,,,,,,data_unavailable,inventory_snapshot_missing_or_empty
,46776F,WOVEN ROSE GARDEN CUSHION COVER,UNMAPPED,,,,,,,0.8498,,,,,,,data_unavailable,inventory_snapshot_missing_or_empty
,47021G,SET/6 BEAD COASTERS GAUZE BAG GOLD,UNMAPPED,,,,,,,0.0875,,,,,,,data_unavailable,inventory_snapshot_missing_or_empty
,47310M,SMALL POP BOX FUNKY MONKEY,UNMAPPED,,,,,,,1.4448,,,,,,,data_unavailable,inventory_snapshot_missing_or_empty
,47367B,PAIR PADDED HANGERS PINK CHECK,UNMAPPED,,,,,,,0.0875,,,,,,,data_unavailable,inventory_snapshot_missing_or_empty
,47421,ASSORTED COLOUR LIZARD SUCTION HOOK,UNMAPPED,,,,,,,0.7307,,,,,,,data_unavailable,inventory_snapshot_missing_or_empty
,47422,ASSORTED MONKEY SUCTION CUP HOOK,UNMAPPED,,,,,,,0.3555,,,,,,,data_unavailable,inventory_snapshot_missing_or_empty
,47471,RAINBOW PEGS PHOTO CLIP STRING,UNMAPPED,,,,,,,0.2730,,,,,,,data_unavailable,inventory_snapshot_missing_or_empty
,47480,HANGING PHOTO CLIP ROPE LADDER,UNMAPPED,,,,,,,0.8717,,,,,,,data_unavailable,inventory_snapshot_missing_or_empty
,47481,50CM METAL STRING WITH 7 CLIPS,UNMAPPED,,,,,,,0.1989,,,,,,,data_unavailable,inventory_snapshot_missing_or_empty
,47502,POLKADOT CUTLERY 24 PCS IN TRAY,UNMAPPED,,,,,,,0.0875,,,,,,,data_unavailable,inventory_snapshot_missing_or_empty
,47503A,ASS FLORAL PRINT MULTI SCREWDRIVER,UNMAPPED,,,,,,,3.9473,,,,,,,data_unavailable,inventory_snapshot_missing_or_empty
,47503H,ASS FLORAL PRINT SPIRIT LEVEL,UNMAPPED,,,,,,,0.3908,,,,,,,data_unavailable,inventory_snapshot_missing_or_empty
,47503J,SET/3 FLORAL GARDEN TOOLS IN BAG,UNMAPPED,,,,,,,0.0875,,,,,,,data_unavailable,inventory_snapshot_missing_or_empty
,47503K,ASSORTED FLORAL SECATEURS,UNMAPPED,,,,,,,0.0875,,,,,,,data_unavailable,inventory_snapshot_missing_or_empty
,47504E,ENGLISH ROSE SCISSORS,UNMAPPED,,,,,,,0.0875,,,,,,,data_unavailable,inventory_snapshot_missing_or_empty
,47504G,ENGLISH ROSE TAPE MEASURE,UNMAPPED,,,,,,,0.0875,,,,,,,data_unavailable,inventory_snapshot_missing_or_empty
,47504H,ENGLISH ROSE SPIRIT LEVEL,UNMAPPED,,,,,,,2.1449,,,,,,,data_unavailable,inventory_snapshot_missing_or_empty
,47504K,ENGLISH ROSE GARDEN SECATEURS,UNMAPPED,,,,,,,0.1143,,,,,,,data_unavailable,inventory_snapshot_missing_or_empty
,47505,UNKNOWN,UNMAPPED,,,,,,,0.0875,,,,,,,data_unavailable,inventory_snapshot_missing_or_empty
,47518F,ICON PLACEMAT POP ART ELVIS,UNMAPPED,,,,,,,0.1600,,,,,,,data_unavailable,inventory_snapshot_missing_or_empty
,47556B,TEA TIME TEA TOWELS,UNMAPPED,,,,,,,0.0875,,,,,,,data_unavailable,inventory_snapshot_missing_or_empty
,47559B,TEA TIME OVEN GLOVE,UNMAPPED,,,,,,,3.8909,,,,,,,data_unavailable,inventory_snapshot_missing_or_empty
,47562,ENGLISH ROSE IRONING BOARD COVER,UNMAPPED,,,,,,,0.0875,,,,,,,data_unavailable,inventory_snapshot_missing_or_empty
,47563A,RETRO LONGBOARD IRONING BOARD COVER,UNMAPPED,,,,,,,0.7814,,,,,,,data_unavailable,inventory_snapshot_missing_or_empty
,47566,PARTY BUNTING,UNMAPPED,,,,,,,11.1767,,,,,,,data_unavailable,inventory_snapshot_missing_or_empty
,47566B,TEA TIME PARTY BUNTING,UNMAPPED,,,,,,,0.2180,,,,,,,data_unavailable,inventory_snapshot_missing_or_empty
,47567B,TEA TIME KITCHEN APRON,UNMAPPED,,,,,,,1.1626,,,,,,,data_unavailable,inventory_snapshot_missing_or_empty
,47568,ENGLISH ROSE DESIGN PEG BAG,UNMAPPED,,,,,,,0.0875,,,,,,,data_unavailable,inventory_snapshot_missing_or_empty
,47570,ENGLISH ROSE TABLE CLOTH,UNMAPPED,,,,,,,0.0875,,,,,,,data_unavailable,inventory_snapshot_missing_or_empty
,47570B,UNKNOWN,UNMAPPED,,,,,,,0.0875,,,,,,,data_unavailable,inventory_snapshot_missing_or_empty
,47574A,ENGLISH ROSE SCENTED HANGING FLOWER,UNMAPPED,,,,,,,0.0875,,,,,,,data_unavailable,inventory_snapshot_missing_or_empty
,47578A,ENGLISH ROSE SMALL SCENTED FLOWER,UNMAPPED,,,,,,,0.6363,,,,,,,data_unavailable,inventory_snapshot_missing_or_empty
,47579,TEA TIME BREAKFAST BASKET,UNMAPPED,,,,,,,0.0875,,,,,,,data_unavailable,inventory_snapshot_missing_or_empty
,47580,TEA TIME DES TEA COSY,UNMAPPED,,,,,,,0.2717,,,,,,,data_unavailable,inventory_snapshot_missing_or_empty
,47581B,FAIRY CAKE WICKER PICNIC BASKET,UNMAPPED,,,,,,,0.0875,,,,,,,data_unavailable,inventory_snapshot_missing_or_empty
,47585A,PINK FAIRY CAKE CUSHION COVER,UNMAPPED,,,,,,,0.2353,,,,,,,data_unavailable,inventory_snapshot_missing_or_empty
,47589,CONGRATULATIONS BUNTING,UNMAPPED,,,,,,,0.0875,,,,,,,data_unavailable,inventory_snapshot_missing_or_empty
,47590A,BLUE HAPPY BIRTHDAY BUNTING,UNMAPPED,,,,,,,1.1623,,,,,,,data_unavailable,inventory_snapshot_missing_or_empty
,47590B,PINK HAPPY BIRTHDAY BUNTING,UNMAPPED,,,,,,,1.4791,,,,,,,data_unavailable,inventory_snapshot_missing_or_empty
,47591A,CAROUSEL CHILDRENS APRON,UNMAPPED,,,,,,,0.0875,,,,,,,data_unavailable,inventory_snapshot_missing_or_empty
,47591B,SCOTTIES CHILDRENS APRON,UNMAPPED,,,,,,,0.1050,,,,,,,data_unavailable,inventory_snapshot_missing_or_empty
,47591C,UNKNOWN,UNMAPPED,,,,,,,0.0875,,,,,,,data_unavailable,inventory_snapshot_missing_or_empty
,47591D,PINK FAIRY CAKE CHILDRENS APRON,UNMAPPED,,,,,,,10.2450,,,,,,,data_unavailable,inventory_snapshot_missing_or_empty
,47592A,CAROUSEL CHILDRENS OVERALL,UNMAPPED,,,,,,,0.0875,,,,,,,data_unavailable,inventory_snapshot_missing_or_empty
,47593A,UNKNOWN,UNMAPPED,,,,,,,0.0875,,,,,,,data_unavailable,inventory_snapshot_missing_or_empty
,47593B,SCOTTIE DOGS BABY BIB,UNMAPPED,,,,,,,3.2974,,,,,,,data_unavailable,inventory_snapshot_missing_or_empty
,47594A,CAROUSEL DESIGN WASHBAG,UNMAPPED,,,,,,,0.1947,,,,,,,data_unavailable,inventory_snapshot_missing_or_empty
,47594B,SCOTTIES DESIGN WASHBAG,UNMAPPED,,,,,,,0.0903,,,,,,,data_unavailable,inventory_snapshot_missing_or_empty
,47597,NEW ENGLAND TEATOWELS,UNMAPPED,,,,,,,0.0875,,,,,,,data_unavailable,inventory_snapshot_missing_or_empty
,47599A,PINK PARTY BAGS,UNMAPPED,,,,,,,0.2789,,,,,,,data_unavailable,inventory_snapshot_missing_or_empty
,47599B,BLUE PARTY BAGS,UNMAPPED,,,,,,,0.5228,,,,,,,data_unavailable,inventory_snapshot_missing_or_empty
,48111,DOORMAT 3 SMILEY CATS,UNMAPPED,,,,,,,0.8978,,,,,,,data_unavailable,inventory_snapshot_missing_or_empty
,48116,DOORMAT MULTICOLOUR STRIPE,UNMAPPED,,,,,,,0.5668,,,,,,,data_unavailable,inventory_snapshot_missing_or_empty
,48129,DOORMAT TOPIARY,UNMAPPED,,,,,,,0.7893,,,,,,,data_unavailable,inventory_snapshot_missing_or_empty
,48138,DOORMAT UNION FLAG,UNMAPPED,,,,,,,3.7798,,,,,,,data_unavailable,inventory_snapshot_missing_or_empty
,48173C,DOORMAT BLACK FLOCK,UNMAPPED,,,,,,,1.1244,,,,,,,data_unavailable,inventory_snapshot_missing_or_empty
,48184,DOORMAT ENGLISH ROSE,UNMAPPED,,,,,,,1.8894,,,,,,,data_unavailable,inventory_snapshot_missing_or_empty
,48185,DOORMAT FAIRY CAKE,UNMAPPED,,,,,,,1.4115,,,,,,,data_unavailable,inventory_snapshot_missing_or_empty
,48187,DOORMAT NEW ENGLAND,UNMAPPED,,,,,,,4.0242,,,,,,,data_unavailable,inventory_snapshot_missing_or_empty
,48188,DOORMAT WELCOME PUPPIES,UNMAPPED,,,,,,,0.3878,,,,,,,data_unavailable,inventory_snapshot_missing_or_empty
,48189,adjustment,UNMAPPED,,,,,,,0.0875,,,,,,,data_unavailable,inventory_snapshot_missing_or_empty
,48194,DOORMAT HEARTS,UNMAPPED,,,,,,,3.1197,,,,,,,data_unavailable,inventory_snapshot_missing_or_empty
,48195,UNKNOWN,UNMAPPED,,,,,,,0.0875,,,,,,,data_unavailable,inventory_snapshot_missing_or_empty
,48197,DOORMAT BIRD ON THE WIRE,UNMAPPED,,,,,,,0.0875,,,,,,,data_unavailable,inventory_snapshot_missing_or_empty
,51008,AFGHAN SLIPPER SOCK PAIR,UNMAPPED,,,,,,,0.1654,,,,,,,data_unavailable,inventory_snapshot_missing_or_empty
,51014A,"FEATHER PEN,HOT PINK",UNMAPPED,,,,,,,9.8028,,,,,,,data_unavailable,inventory_snapshot_missing_or_empty
,51014C,"FEATHER PEN,COAL BLACK",UNMAPPED,,,,,,,6.1662,,,,,,,data_unavailable,inventory_snapshot_missing_or_empty
,51014L,"FEATHER PEN,LIGHT PINK",UNMAPPED,,,,,,,5.1373,,,,,,,data_unavailable,inventory_snapshot_missing_or_empty
,51020A,adjustment,UNMAPPED,,,,,,,0.0875,,,,,,,data_unavailable,inventory_snapshot_missing_or_empty
,51020B,STRIPY DESIGN SHOWER CAP,UNMAPPED,,,,,,,0.0875,,,,,,,data_unavailable,inventory_snapshot_missing_or_empty
,62018,SOMBRERO,UNMAPPED,,,,,,,0.5928,,,,,,,data_unavailable,inventory_snapshot_missing_or_empty
,62094B,TURQ ICE CREAM BUM BAG,UNMAPPED,,,,,,,0.0875,,,,,,,data_unavailable,inventory_snapshot_missing_or_empty
,62096A,PINK/YELLOW FLOWERS HANDBAG,UNMAPPED,,,,,,,0.0875,,,,,,,data_unavailable,inventory_snapshot_missing_or_empty
,62096B,PURPLE/TURQ FLOWERS HANDBAG,UNMAPPED,,,,,,,0.0875,,,,,,,data_unavailable,inventory_snapshot_missing_or_empty
,70006,LOVE HEART POCKET WARMER,UNMAPPED,,,,,,,0.8892,,,,,,,data_unavailable,inventory_snapshot_missing_or_empty
,70007,HI TEC ALPINE HAND WARMER,UNMAPPED,,,,,,,1.5711,,,,,,,data_unavailable,inventory_snapshot_missing_or_empty
,71038,WHITE HANGING BEADS CANDLE HOLDER,UNMAPPED,,,,,,,0.1553,,,,,,,data_unavailable,inventory_snapshot_missing_or_empty
,71053,WHITE MOROCCAN METAL LANTERN,UNMAPPED,,,,,,,1.9288,,,,,,,data_unavailable,inventory_snapshot_missing_or_empty
,71101E,STANDING FAIRY POLE SUPPORT,UNMAPPED,,,,,,,0.2341,,,,,,,data_unavailable,inventory_snapshot_missing_or_empty
,71143,ANTIQUE SILVER BOOK MARK WITH BEADS,UNMAPPED,,,,,,,0.0875,,,,,,,data_unavailable,inventory_snapshot_missing_or_empty
,71270,PHOTO CLIP LINE,UNMAPPED,,,,,,,0.3610,,,,,,,data_unavailable,inventory_snapshot_missing_or_empty
,71279,PINK GLASS CANDLEHOLDER,UNMAPPED,,,,,,,0.1094,,,,,,,data_unavailable,inventory_snapshot_missing_or_empty
,71403,"PINK/WHITE ""KEEP CLEAN"" BULLET BIN",UNMAPPED,,,,,,,0.1208,,,,,,,data_unavailable,inventory_snapshot_missing_or_empty
,71406C,BLACK ORANGE SQUEEZER,UNMAPPED,,,,,,,0.3205,,,,,,,data_unavailable,inventory_snapshot_missing_or_empty
,71459,HANGING JAM JAR T-LIGHT HOLDERS,UNMAPPED,,,,,,,7.2445,,,,,,,data_unavailable,inventory_snapshot_missing_or_empty
,71477,COLOURED GLASS STAR T-LIGHT HOLDER,UNMAPPED,,,,,,,10.0795,,,,,,,data_unavailable,inventory_snapshot_missing_or_empty
,72008,UNKNOWN,UNMAPPED,,,,,,,0.0875,,,,,,,data_unavailable,inventory_snapshot_missing_or_empty
,72023F,RED ORGANIC CANDLE IN GLASS,UNMAPPED,,,,,,,0.0875,,,,,,,data_unavailable,inventory_snapshot_missing_or_empty
,72051S,BAG OF SILVER STONES,UNMAPPED,,,,,,,0.0875,,,,,,,data_unavailable,inventory_snapshot_missing_or_empty
,72122,COFFEE SCENT PILLAR CANDLE,UNMAPPED,,,,,,,0.7862,,,,,,,data_unavailable,inventory_snapshot_missing_or_empty
,72127,COLUMBIAN CANDLE ROUND,UNMAPPED,,,,,,,0.2818,,,,,,,data_unavailable,inventory_snapshot_missing_or_empty
,72128,COLUMBIAN CANDLE ROUND,UNMAPPED,,,,,,,0.3024,,,,,,,data_unavailable,inventory_snapshot_missing_or_empty
,72130,COLUMBIAN CANDLE ROUND,UNMAPPED,,,,,,,0.3467,,,,,,,data_unavailable,inventory_snapshot_missing_or_empty
,72131,COLUMBIAN CANDLE RECTANGLE,UNMAPPED,,,,,,,0.2237,,,,,,,data_unavailable,inventory_snapshot_missing_or_empty
,72225C,LAVENDER SCENT CAKE CANDLE,UNMAPPED,,,,,,,0.3994,,,,,,,data_unavailable,inventory_snapshot_missing_or_empty
,72232,FENG SHUI PILLAR CANDLE,UNMAPPED,,,,,,,1.2002,,,,,,,data_unavailable,inventory_snapshot_missing_or_empty
,72349B,SET/6 PURPLE BUTTERFLY T-LIGHTS,UNMAPPED,,,,,,,2.5751,,,,,,,data_unavailable,inventory_snapshot_missing_or_empty
,72351A,SET/6 TURQUOISE BUTTERFLY T-LIGHTS,UNMAPPED,,,,,,,0.7759,,,,,,,data_unavailable,inventory_snapshot_missing_or_empty
,72351B,SET/6 PINK BUTTERFLY T-LIGHTS,UNMAPPED,,,,,,,1.3667,,,,,,,data_unavailable,inventory_snapshot_missing_or_empty
,72484,UNKNOWN,UNMAPPED,,,,,,,0.0875,,,,,,,data_unavailable,inventory_snapshot_missing_or_empty
,72586,SET OF 6 HALLOWEEN GHOST T-LIGHTS,UNMAPPED,,,,,,,0.1641,,,,,,,data_unavailable,inventory_snapshot_missing_or_empty
,72598,SET/12 TAPER CANDLES,UNMAPPED,,,,,,,1.4410,,,,,,,data_unavailable,inventory_snapshot_missing_or_empty
,72728,ROSE SCENT CANDLES IN GLASS,UNMAPPED,,,,,,,0.0875,,,,,,,data_unavailable,inventory_snapshot_missing_or_empty
,72741,GRAND CHOCOLATECANDLE,UNMAPPED,,,,,,,9.2974,,,,,,,data_unavailable,inventory_snapshot_missing_or_empty
,72750B,FLOWER FAIRY SET 3 CANDLES LAVENDER,UNMAPPED,,,,,,,0.0875,,,,,,,data_unavailable,inventory_snapshot_missing_or_empty
,72760B,VINTAGE CREAM 3 BASKET CAKE STAND,UNMAPPED,,,,,,,0.5281,,,,,,,data_unavailable,inventory_snapshot_missing_or_empty
,72780,BLACK SILOUETTE CANDLE PLATE,UNMAPPED,,,,,,,0.1593,,,,,,,data_unavailable,inventory_snapshot_missing_or_empty
,72789,BASKET/8 SCENTED LOVE TOKEN CANDLES,UNMAPPED,,,,,,,0.0875,,,,,,,data_unavailable,inventory_snapshot_missing_or_empty
,72799C,PINK PILLAR CANDLE SILVER FLOCK,UNMAPPED,,,,,,,0.5451,,,,,,,data_unavailable,inventory_snapshot_missing_or_empty
,72799E,IVORY PILLAR CANDLE SILVER FLOCK,UNMAPPED,,,,,,,1.1312,,,,,,,data_unavailable,inventory_snapshot_missing_or_empty
,72799F,IVORY PILLAR CANDLE GOLD FLOCK,UNMAPPED,,,,,,,0.1639,,,,,,,data_unavailable,inventory_snapshot_missing_or_empty
,72800A,UNKNOWN,UNMAPPED,,,,,,,0.0875,,,,,,,data_unavailable,inventory_snapshot_missing_or_empty
,72800B,4 PURPLE FLOCK DINNER CANDLES,UNMAPPED,,,,,,,0.8061,,,,,,,data_unavailable,inventory_snapshot_missing_or_empty
,72800C,4 PINK DINNER CANDLE SILVER FLOCK,UNMAPPED,,,,,,,0.5762,,,,,,,data_unavailable,inventory_snapshot_missing_or_empty
,72800D,4 BLUE DINNER CANDLES SILVER FLOCK,UNMAPPED,,,,,,,0.1621,,,,,,,data_unavailable,inventory_snapshot_missing_or_empty
,72800E,4 IVORY DINNER CANDLES SILVER FLOCK,UNMAPPED,,,,,,,1.7450,,,,,,,data_unavailable,inventory_snapshot_missing_or_empty
,72800F,4 IVORY DINNER CANDLES GOLD FLOCK,UNMAPPED,,,,,,,0.0875,,,,,,,data_unavailable,inventory_snapshot_missing_or_empty
,72801C,4 ROSE PINK DINNER CANDLES,UNMAPPED,,,,,,,0.2538,,,,,,,data_unavailable,inventory_snapshot_missing_or_empty
,72801D,4 SKY BLUE DINNER CANDLES,UNMAPPED,,,,,,,0.1983,,,,,,,data_unavailable,inventory_snapshot_missing_or_empty
,72801G,4 BURGUNDY WINE DINNER CANDLES,UNMAPPED,,,,,,,0.1137,,,,,,,data_unavailable,inventory_snapshot_missing_or_empty
,72802A,ROSE SCENT CANDLE IN JEWELLED BOX,UNMAPPED,,,,,,,0.2657,,,,,,,data_unavailable,inventory_snapshot_missing_or_empty
,72802B,OCEAN SCENT CANDLE IN JEWELLED BOX,UNMAPPED,,,,,,,0.1066,,,,,,,data_unavailable,inventory_snapshot_missing_or_empty
,72802C,VANILLA SCENT CANDLE JEWELLED BOX,UNMAPPED,,,,,,,0.1600,,,,,,,data_unavailable,inventory_snapshot_missing_or_empty
,72803A,ROSE SCENT CANDLE JEWELLED DRAWER,UNMAPPED,,,,,,,0.0954,,,,,,,data_unavailable,inventory_snapshot_missing_or_empty
,72803B,UNKNOWN,UNMAPPED,,,,,,,0.0875,,,,,,,data_unavailable,inventory_snapshot_missing_or_empty
,72807A,SET/3 ROSE CANDLE IN JEWELLED BOX,UNMAPPED,,,,,,,0.8074,,,,,,,data_unavailable,inventory_snapshot_missing_or_empty
,72807B,SET/3 OCEAN SCENT CANDLE JEWEL BOX,UNMAPPED,,,,,,,0.6317,,,,,,,data_unavailable,inventory_snapshot_missing_or_empty
,72807C,SET/3 VANILLA SCENTED CANDLE IN BOX,UNMAPPED,,,,,,,0.9470,,,,,,,data_unavailable,inventory_snapshot_missing_or_empty
,72814,UNKNOWN,UNMAPPED,,,,,,,0.0875,,,,,,,data_unavailable,inventory_snapshot_missing_or_empty
,72815,3 WICK CHRISTMAS BRIAR CANDLE,UNMAPPED,,,,,,,0.0875,,,,,,,data_unavailable,inventory_snapshot_missing_or_empty
,72816,SET/3 CHRISTMAS DECOUPAGE CANDLES,UNMAPPED,,,,,,,0.0875,,,,,,,data_unavailable,inventory_snapshot_missing_or_empty
,72817,UNKNOWN,UNMAPPED,,,,,,,3.0190,,,,,,,data_unavailable,inventory_snapshot_missing_or_empty
,72818,CHRISTMAS DECOUPAGE CANDLE,UNMAPPED,,,,,,,0.0885,,,,,,,data_unavailable,inventory_snapshot_missing_or_empty
,72819,CUPID DESIGN SCENTED CANDLES,UNMAPPED,,,,,,,0.4368,,,,,,,data_unavailable,inventory_snapshot_missing_or_empty
,75013B,UNKNOWN,UNMAPPED,,,,,,,0.0875,,,,,,,data_unavailable,inventory_snapshot_missing_or_empty
,75049L,LARGE CIRCULAR MIRROR MOBILE,UNMAPPED,,,,,,,3.2823,,,,,,,data_unavailable,inventory_snapshot_missing_or_empty
,75131,METAL TUBE CHIME ON BAMBOO,UNMAPPED,,,,,,,0.0875,,,,,,,data_unavailable,inventory_snapshot_missing_or_empty
,77101A,UNKNOWN,UNMAPPED,,,,,,,0.0875,,,,,,,data_unavailable,inventory_snapshot_missing_or_empty
,79000,MOROCCAN TEA GLASS,UNMAPPED,,,,,,,0.0875,,,,,,,data_unavailable,inventory_snapshot_missing_or_empty
,79026B,"S/4 ICON COASTER,ELVIS LIVES",UNMAPPED,,,,,,,0.0875,,,,,,,data_unavailable,inventory_snapshot_missing_or_empty
,79029,UNKNOWN,UNMAPPED,,,,,,,0.0875,,,,,,,data_unavailable,inventory_snapshot_missing_or_empty
,79030D,TUMBLER BAROQUE,UNMAPPED,,,,,,,0.1050,,,,,,,data_unavailable,inventory_snapshot_missing_or_empty
,79030G,TUMBLER NEW ENGLAND,UNMAPPED,,,,,,,0.0875,,,,,,,data_unavailable,inventory_snapshot_missing_or_empty
,79051A,SMOKEY GREY COLOUR GLASS,UNMAPPED,,,,,,,0.8340,,,,,,,data_unavailable,inventory_snapshot_missing_or_empty
,79066K,RETRO MOD TRAY,UNMAPPED,,,,,,,2.4011,,,,,,,data_unavailable,inventory_snapshot_missing_or_empty
,79067,CORONA MEXICAN TRAY,UNMAPPED,,,,,,,0.0875,,,,,,,data_unavailable,inventory_snapshot_missing_or_empty
,79071B,ENGLISH ROSE METAL WASTE BIN,UNMAPPED,,,,,,,0.0875,,,,,,,data_unavailable,inventory_snapshot_missing_or_empty
,79072,TEATIME CAKE TIN WITH HANDLE,UNMAPPED,,,,,,,0.0875,,,,,,,data_unavailable,inventory_snapshot_missing_or_empty
,79144B,PAINTED LIGHTBULB STAR+ MOON,UNMAPPED,,,,,,,0.3632,,,,,,,data_unavailable,inventory_snapshot_missing_or_empty
,79144C,PAINTED LIGHTBULB RAINBOW DESIGN,UNMAPPED,,,,,,,0.2225,,,,,,,data_unavailable,inventory_snapshot_missing_or_empty
,79160,HEART SHAPE WIRELESS DOORBELL,UNMAPPED,,,,,,,0.5181,,,,,,,data_unavailable,inventory_snapshot_missing_or_empty
,79163,BLACK CHAMPAGNE GLASS,UNMAPPED,,,,,,,0.0875,,,,,,,data_unavailable,inventory_snapshot_missing_or_empty
,79164,BLACK WINE GLASS,UNMAPPED,,,,,,,0.1001,,,,,,,data_unavailable,inventory_snapshot_missing_or_empty
,79190A,RETRO PLASTIC 70'S TRAY,UNMAPPED,,,,,,,0.6174,,,,,,,data_unavailable,inventory_snapshot_missing_or_empty
,79190B,RETRO PLASTIC POLKA TRAY,UNMAPPED,,,,,,,0.7080,,,,,,,data_unavailable,inventory_snapshot_missing_or_empty
,79190D,RETRO PLASTIC DAISY TRAY,UNMAPPED,,,,,,,0.3068,,,,,,,data_unavailable,inventory_snapshot_missing_or_empty
,79191B,RETRO PLASTIC POLKA TRAY,UNMAPPED,,,,,,,0.2175,,,,,,,data_unavailable,inventory_snapshot_missing_or_empty
,79191C,RETRO PLASTIC ELEPHANT TRAY,UNMAPPED,,,,,,,0.6929,,,,,,,data_unavailable,inventory_snapshot_missing_or_empty
,79191D,RETRO PLASTIC DAISY TRAY,UNMAPPED,,,,,,,0.1780,,,,,,,data_unavailable,inventory_snapshot_missing_or_empty
,79192A,RETRO PLASTIC 70'S TRAY,UNMAPPED,,,,,,,0.0875,,,,,,,data_unavailable,inventory_snapshot_missing_or_empty
,79302M,"ART LIGHTS,FUNK MONKEY",UNMAPPED,,,,,,,0.7001,,,,,,,data_unavailable,inventory_snapshot_missing_or_empty
,79320,FLAMINGO LIGHTS,UNMAPPED,,,,,,,0.0875,,,,,,,data_unavailable,inventory_snapshot_missing_or_empty
,79321,CHILLI LIGHTS,UNMAPPED,,,,,,,14.0314,,,,,,,data_unavailable,inventory_snapshot_missing_or_empty
,79323B,BLACK CHERRY LIGHTS,UNMAPPED,,,,,,,0.0875,,,,,,,data_unavailable,inventory_snapshot_missing_or_empty
,79323G,GOLD CHERRY LIGHTS,UNMAPPED,,,,,,,0.0875,,,,,,,data_unavailable,inventory_snapshot_missing_or_empty
,79323GR,GREEN CHERRY LIGHTS,UNMAPPED,,,,,,,0.0875,,,,,,,data_unavailable,inventory_snapshot_missing_or_empty
,79323LP,LIGHT PINK CHERRY LIGHTS,UNMAPPED,,,,,,,0.0875,,,,,,,data_unavailable,inventory_snapshot_missing_or_empty
,79323P,PINK CHERRY LIGHTS,UNMAPPED,,,,,,,0.0875,,,,,,,data_unavailable,inventory_snapshot_missing_or_empty
,79323S,SILVER CHERRY LIGHTS,UNMAPPED,,,,,,,0.0875,,,,,,,data_unavailable,inventory_snapshot_missing_or_empty
,79323W,WHITE CHERRY LIGHTS,UNMAPPED,,,,,,,0.0875,,,,,,,data_unavailable,inventory_snapshot_missing_or_empty
,79341,WILLOW BRANCH LIGHTS.,UNMAPPED,,,,,,,0.0875,,,,,,,data_unavailable,inventory_snapshot_missing_or_empty
,79342B,BROWN FLOWER LIGHTS,UNMAPPED,,,,,,,0.0875,,,,,,,data_unavailable,inventory_snapshot_missing_or_empty
,79403,FROSTED WHITE BASE,UNMAPPED,,,,,,,0.1102,,,,,,,data_unavailable,inventory_snapshot_missing_or_empty
,81950B,FLOWER BLUE CLOCK WITH SUCKER,UNMAPPED,,,,,,,0.0875,,,,,,,data_unavailable,inventory_snapshot_missing_or_empty
,81952V,ROUND PURPLE CLOCK WITH SUCKER,UNMAPPED,,,,,,,0.2022,,,,,,,data_unavailable,inventory_snapshot_missing_or_empty
,82001S,SILVER RECORD COVER FRAME,UNMAPPED,,,,,,,2.8632,,,,,,,data_unavailable,inventory_snapshot_missing_or_empty
,82011A,"BATHROOM SCALES, TROPICAL BEACH",UNMAPPED,,,,,,,0.0975,,,,,,,data_unavailable,inventory_snapshot_missing_or_empty
,82011B,BATHROOM SCALES RUBBER DUCKS,UNMAPPED,,,,,,,0.1943,,,,,,,data_unavailable,inventory_snapshot_missing_or_empty
,82011C,BATHROOM SCALES FOOTPRINTS IN SAND,UNMAPPED,,,,,,,0.1950,,,,,,,data_unavailable,inventory_snapshot_missing_or_empty
,82095,HEART BUTTONS JEWELLERY BOX,UNMAPPED,,,,,,,0.0875,,,,,,,data_unavailable,inventory_snapshot_missing_or_empty
,82482,WOODEN PICTURE FRAME WHITE FINISH,UNMAPPED,,,,,,,12.2803,,,,,,,data_unavailable,inventory_snapshot_missing_or_empty
,82483,WOOD 2 DRAWER CABINET WHITE FINISH,UNMAPPED,,,,,,,6.4017,,,,,,,data_unavailable,inventory_snapshot_missing_or_empty
,82484,WOOD BLACK BOARD ANT WHITE FINISH,UNMAPPED,,,,,,,6.0965,,,,,,,data_unavailable,inventory_snapshot_missing_or_empty
,82486,3 DRAWER ANTIQUE WHITE WOOD CABINET,UNMAPPED,,,,,,,6.0074,,,,,,,data_unavailable,inventory_snapshot_missing_or_empty
,82494L,WOODEN FRAME ANTIQUE WHITE,UNMAPPED,,,,,,,13.6886,,,,,,,data_unavailable,inventory_snapshot_missing_or_empty
,82551,LAUNDRY 15C METAL SIGN,UNMAPPED,,,,,,,4.9516,,,,,,,data_unavailable,inventory_snapshot_missing_or_empty
,82552,WASHROOM METAL SIGN,UNMAPPED,,,,,,,4.1843,,,,,,,data_unavailable,inventory_snapshot_missing_or_empty
,82567,"AIRLINE LOUNGE,METAL SIGN",UNMAPPED,,,,,,,2.0707,,,,,,,data_unavailable,inventory_snapshot_missing_or_empty
,82578,KITCHEN METAL SIGN,UNMAPPED,,,,,,,2.3564,,,,,,,data_unavailable,inventory_snapshot_missing_or_empty
,82580,BATHROOM METAL SIGN,UNMAPPED,,,,,,,6.7368,,,,,,,data_unavailable,inventory_snapshot_missing_or_empty
,82581,TOILET METAL SIGN,UNMAPPED,,,,,,,4.6521,,,,,,,data_unavailable,inventory_snapshot_missing_or_empty
,82582,AREA PATROLLED METAL SIGN,UNMAPPED,,,,,,,5.2387,,,,,,,data_unavailable,inventory_snapshot_missing_or_empty
,82583,HOT BATHS METAL SIGN,UNMAPPED,,,,,,,11.3735,,,,,,,data_unavailable,inventory_snapshot_missing_or_empty
,82585,UNKNOWN,UNMAPPED,,,,,,,0.0875,,,,,,,data_unavailable,inventory_snapshot_missing_or_empty
,82587,TEXRIO TOMATOES CANDLE+CUP,UNMAPPED,,,,,,,0.0875,,,,,,,data_unavailable,inventory_snapshot_missing_or_empty
,82597,UNKNOWN,UNMAPPED,,,,,,,0.0875,,,,,,,data_unavailable,inventory_snapshot_missing_or_empty
,82599,UNKNOWN,UNMAPPED,,,,,,,0.0875,,,,,,,data_unavailable,inventory_snapshot_missing_or_empty
,82600,N0 SINGING METAL SIGN,UNMAPPED,,,,,,,2.6286,,,,,,,data_unavailable,inventory_snapshot_missing_or_empty
,82605,UNKNOWN,UNMAPPED,,,,,,,0.0875,,,,,,,data_unavailable,inventory_snapshot_missing_or_empty
,82607A,UNKNOWN,UNMAPPED,,,,,,,0.0875,,,,,,,data_unavailable,inventory_snapshot_missing_or_empty
,82613A,Amazon,UNMAPPED,,,,,,,0.0875,,,,,,,data_unavailable,inventory_snapshot_missing_or_empty
,82613B,"METAL SIGN,CUPCAKE SINGLE HOOK",UNMAPPED,,,,,,,0.1603,,,,,,,data_unavailable,inventory_snapshot_missing_or_empty
,82613C,"METAL SIGN,CUPCAKE SINGLE HOOK",UNMAPPED,,,,,,,0.2284,,,,,,,data_unavailable,inventory_snapshot_missing_or_empty
,82613D,METAL SIGN CUPCAKE SINGLE HOOK,UNMAPPED,,,,,,,0.1734,,,,,,,data_unavailable,inventory_snapshot_missing_or_empty
,82615,PINK MARSHMALLOW SCARF KNITTING KIT,UNMAPPED,,,,,,,0.0875,,,,,,,data_unavailable,inventory_snapshot_missing_or_empty
,82616A,BUBBLE GUM SCARF KNITTING KIT,UNMAPPED,,,,,,,0.0875,,,,,,,data_unavailable,inventory_snapshot_missing_or_empty
,82616B,FRAPPUCINO SCARF KNITTING KIT,UNMAPPED,,,,,,,1.2103,,,,,,,data_unavailable,inventory_snapshot_missing_or_empty
,82616C,MIDNIGHT GLAMOUR SCARF KNITTING KIT,UNMAPPED,,,,,,,1.4077,,,,,,,data_unavailable,inventory_snapshot_missing_or_empty
,84006,MAGIC TREE -PAPER FLOWERS,UNMAPPED,,,,,,,3.9426,,,,,,,data_unavailable,inventory_snapshot_missing_or_empty
,84007,MAGIC GARDEN MOUNT FUJI,UNMAPPED,,,,,,,0.0875,,,,,,,data_unavailable,inventory_snapshot_missing_or_empty
,84012,MAGIC SHEEP WOOL GROWING FROM PAPER,UNMAPPED,,,,,,,4.4236,,,,,,,data_unavailable,inventory_snapshot_missing_or_empty
,84016,FLAG OF ST GEORGE CAR FLAG,UNMAPPED,,,,,,,0.0875,,,,,,,data_unavailable,inventory_snapshot_missing_or_empty
,84029E,RED WOOLLY HOTTIE WHITE HEART.,UNMAPPED,,,,,,,12.9854,,,,,,,data_unavailable,inventory_snapshot_missing_or_empty
,84029G,KNITTED UNION FLAG HOT WATER BOTTLE,UNMAPPED,,,,,,,10.1554,,,,,,,data_unavailable,inventory_snapshot_missing_or_empty
,84030E,ENGLISH ROSE HOT WATER BOTTLE,UNMAPPED,,,,,,,6.6693,,,,,,,data_unavailable,inventory_snapshot_missing_or_empty
,84031A,CHARLIE+LOLA RED HOT WATER BOTTLE,UNMAPPED,,,,,,,1.5025,,,,,,,data_unavailable,inventory_snapshot_missing_or_empty
,84031B,CHARLIE LOLA BLUE HOT WATER BOTTLE,UNMAPPED,,,,,,,0.8413,,,,,,,data_unavailable,inventory_snapshot_missing_or_empty
,84032A,CHARLIE+LOLA PINK HOT WATER BOTTLE,UNMAPPED,,,,,,,4.3666,,,,,,,data_unavailable,inventory_snapshot_missing_or_empty
,84032B,CHARLIE + LOLA RED HOT WATER BOTTLE,UNMAPPED,,,,,,,4.2697,,,,,,,data_unavailable,inventory_snapshot_missing_or_empty
,84033,FLAG OF ST GEORGE,UNMAPPED,,,,,,,0.0875,,,,,,,data_unavailable,inventory_snapshot_missing_or_empty
,84050,check,UNMAPPED,,,,,,,0.0961,,,,,,,data_unavailable,inventory_snapshot_missing_or_empty
,84051,ASS COLOUR GLOWING TIARAS,UNMAPPED,,,,,,,0.3503,,,,,,,data_unavailable,inventory_snapshot_missing_or_empty
,84077,WORLD WAR 2 GLIDERS ASSTD DESIGNS,UNMAPPED,,,,,,,17.8815,,,,,,,data_unavailable,inventory_snapshot_missing_or_empty
,84078A,SET/4 WHITE RETRO STORAGE CUBES,UNMAPPED,,,,,,,0.3574,,,,,,,data_unavailable,inventory_snapshot_missing_or_empty
,84086C,PINK/PURPLE RETRO RADIO,UNMAPPED,,,,,,,0.3512,,,,,,,data_unavailable,inventory_snapshot_missing_or_empty
,84192,ASSORTED COLOUR METAL CAT,UNMAPPED,,,,,,,0.4012,,,,,,,data_unavailable,inventory_snapshot_missing_or_empty
,84199,GLOW IN DARK DOLPHINS,UNMAPPED,,,,,,,0.7130,,,,,,,data_unavailable,inventory_snapshot_missing_or_empty
,84212,"ASSORTED FLOWER COLOUR ""LEIS""",UNMAPPED,,,,,,,1.0089,,,,,,,data_unavailable,inventory_snapshot_missing_or_empty
,84218,BOX/12 CHICK & EGG IN BASKET,UNMAPPED,,,,,,,0.0875,,,,,,,data_unavailable,inventory_snapshot_missing_or_empty
,84228,HEN HOUSE WITH CHICK STANDING,UNMAPPED,,,,,,,0.2028,,,,,,,data_unavailable,inventory_snapshot_missing_or_empty
,84231,EASTER BUNNY WITH BASKET ON BACK,UNMAPPED,,,,,,,0.0930,,,,,,,data_unavailable,inventory_snapshot_missing_or_empty
,84247E,PACK OF 12 CHRISTMAS FUN CARDS,UNMAPPED,,,,,,,0.5541,,,,,,,data_unavailable,inventory_snapshot_missing_or_empty
,84247G,"DECOUPAGE,GREETING CARD,",UNMAPPED,,,,,,,0.0875,,,,,,,data_unavailable,inventory_snapshot_missing_or_empty
,84247L,FAWN AND MUSHROOM GREETING CARD,UNMAPPED,,,,,,,0.0875,,,,,,,data_unavailable,inventory_snapshot_missing_or_empty
,84247N,PACK/12 BLUE FOLKART CARDS,UNMAPPED,,,,,,,0.1369,,,,,,,data_unavailable,inventory_snapshot_missing_or_empty
,84249A,"GREETING CARD,SQUARE, DOUGHNUTS",UNMAPPED,,,,,,,0.1094,,,,,,,data_unavailable,inventory_snapshot_missing_or_empty
,84249D,FAIRY CAKE GREETINGS CARD,UNMAPPED,,,,,,,0.0875,,,,,,,data_unavailable,inventory_snapshot_missing_or_empty
,84251B,"GREETING CARD, STICKY GORDON",UNMAPPED,,,,,,,0.0875,,,,,,,data_unavailable,inventory_snapshot_missing_or_empty
,84251C,"GREETING CARD, TWO SISTERS.",UNMAPPED,,,,,,,0.0875,,,,,,,data_unavailable,inventory_snapshot_missing_or_empty
,84251F,UNKNOWN,UNMAPPED,,,,,,,0.0875,,,,,,,data_unavailable,inventory_snapshot_missing_or_empty
,84251G,"GREETING CARD, OVERCROWDED POOL.",UNMAPPED,,,,,,,0.2640,,,,,,,data_unavailable,inventory_snapshot_missing_or_empty
,84270,UNKNOWN,UNMAPPED,,,,,,,0.0875,,,,,,,data_unavailable,inventory_snapshot_missing_or_empty
,84279B,CHERRY BLOSSOM DECORATIVE FLASK,UNMAPPED,,,,,,,0.0875,,,,,,,data_unavailable,inventory_snapshot_missing_or_empty
,84279P,CHERRY BLOSSOM DECORATIVE FLASK,UNMAPPED,,,,,,,0.9408,,,,,,,data_unavailable,inventory_snapshot_missing_or_empty
,84313B,BLUE TV TRAY TABLE,UNMAPPED,,,,,,,0.0875,,,,,,,data_unavailable,inventory_snapshot_missing_or_empty
,84313C,ORANGE TV TRAY TABLE,UNMAPPED,,,,,,,0.0875,,,,,,,data_unavailable,inventory_snapshot_missing_or_empty
,84327A,PINK JUMPER LARRY THE LAMB,UNMAPPED,,,,,,,0.0875,,,,,,,data_unavailable,inventory_snapshot_missing_or_empty
,84341B,SMALL PINK MAGIC CHRISTMAS TREE,UNMAPPED,,,,,,,0.1101,,,,,,,data_unavailable,inventory_snapshot_missing_or_empty
,84347,ROTATING SILVER ANGELS T-LIGHT HLDR,UNMAPPED,,,,,,,17.2069,,,,,,,data_unavailable,inventory_snapshot_missing_or_empty
,84352,SILVER CHRISTMAS TREE BAUBLE STAND,UNMAPPED,,,,,,,0.0875,,,,,,,data_unavailable,inventory_snapshot_missing_or_empty
,84356,POMPOM CURTAIN,UNMAPPED,,,,,,,0.3329,,,,,,,data_unavailable,inventory_snapshot_missing_or_empty
,84360,TABLE LAMP WHITE SHADE WOOD BASE,UNMAPPED,,,,,,,0.1847,,,,,,,data_unavailable,inventory_snapshot_missing_or_empty
,84375,SET OF 20 KIDS COOKIE CUTTERS,UNMAPPED,,,,,,,10.0918,,,,,,,data_unavailable,inventory_snapshot_missing_or_empty
,84378,SET OF 3 HEART COOKIE CUTTERS,UNMAPPED,,,,,,,11.2693,,,,,,,data_unavailable,inventory_snapshot_missing_or_empty
,84380,SET OF 3 BUTTERFLY COOKIE CUTTERS,UNMAPPED,,,,,,,8.6768,,,,,,,data_unavailable,inventory_snapshot_missing_or_empty
,84396,6 HOOK JEWELLERY STAND BLACK DRESS,UNMAPPED,,,,,,,0.0875,,,,,,,data_unavailable,inventory_snapshot_missing_or_empty
,84405A,S/3 PINK COL METAL BASKET W HANDLE,UNMAPPED,,,,,,,0.0875,,,,,,,data_unavailable,inventory_snapshot_missing_or_empty
,84406B,CREAM CUPID HEARTS COAT HANGER,UNMAPPED,,,,,,,1.0820,,,,,,,data_unavailable,inventory_snapshot_missing_or_empty
,84422,PINK/BLUE DISC/MIRROR STRING,UNMAPPED,,,,,,,0.0875,,,,,,,data_unavailable,inventory_snapshot_missing_or_empty
,84429A,MEDIUM PINK BUDDHA HEAD,UNMAPPED,,,,,,,0.2172,,,,,,,data_unavailable,inventory_snapshot_missing_or_empty
,84450B,PINK/YELLOW RABBIT SAT EASTER,UNMAPPED,,,,,,,0.0875,,,,,,,data_unavailable,inventory_snapshot_missing_or_empty
,84452,METAL RABBIT LADDER EASTER,UNMAPPED,,,,,,,0.0875,,,,,,,data_unavailable,inventory_snapshot_missing_or_empty
,84457,SET/3 RABBITS FLOWER SKIPPPING ROPE,UNMAPPED,,,,,,,0.1024,,,,,,,data_unavailable,inventory_snapshot_missing_or_empty
,84459A,PINK METAL CHICKEN HEART,UNMAPPED,,,,,,,0.0880,,,,,,,data_unavailable,inventory_snapshot_missing_or_empty
,84459B,UNKNOWN,UNMAPPED,,,,,,,0.0875,,,,,,,data_unavailable,inventory_snapshot_missing_or_empty
,84461,12 PINK HEN+CHICKS IN BASKET,UNMAPPED,,,,,,,0.0875,,,,,,,data_unavailable,inventory_snapshot_missing_or_empty
,84466,TOP SECRET PEN SET,UNMAPPED,,,,,,,0.0875,,,,,,,data_unavailable,inventory_snapshot_missing_or_empty
,84467,ENGLISH ROSE DESIGN QUILTED THROW,UNMAPPED,,,,,,,0.0875,,,,,,,data_unavailable,inventory_snapshot_missing_or_empty
,84497,BUTTONS AND STRIPES NOTEBOOK,UNMAPPED,,,,,,,0.0954,,,,,,,data_unavailable,inventory_snapshot_missing_or_empty
,84499,BLACK FLOWER CANDLE PLATE,UNMAPPED,,,,,,,0.0875,,,,,,,data_unavailable,inventory_snapshot_missing_or_empty
,84507B,STRIPES DESIGN MONKEY DOLL,UNMAPPED,,,,,,,0.0875,,,,,,,data_unavailable,inventory_snapshot_missing_or_empty
,84507C,adjustment,UNMAPPED,,,,,,,0.0875,,,,,,,data_unavailable,inventory_snapshot_missing_or_empty
,84508A,CAMOUFLAGE DESIGN TEDDY,UNMAPPED,,,,,,,0.0875,,,,,,,data_unavailable,inventory_snapshot_missing_or_empty
,84508B,STRIPES DESIGN TEDDY,UNMAPPED,,,,,,,0.1761,,,,,,,data_unavailable,inventory_snapshot_missing_or_empty
,84508C,BLUE CIRCLES DESIGN TEDDY,UNMAPPED,,,,,,,0.1488,,,,,,,data_unavailable,inventory_snapshot_missing_or_empty
,84509A,SET OF 4 ENGLISH ROSE PLACEMATS,UNMAPPED,,,,,,,1.7623,,,,,,,data_unavailable,inventory_snapshot_missing_or_empty
,84509B,SET OF 4 FAIRY CAKE PLACEMATS,UNMAPPED,,,,,,,0.3285,,,,,,,data_unavailable,inventory_snapshot_missing_or_empty
,84509C,SET OF 4 POLKADOT PLACEMATS,UNMAPPED,,,,,,,0.3213,,,,,,,data_unavailable,inventory_snapshot_missing_or_empty
,84509E,SET OF 4 CAROUSEL PLACEMATS,UNMAPPED,,,,,,,0.1554,,,,,,,data_unavailable,inventory_snapshot_missing_or_empty
,84509F,SET OF 4 NEW ENGLAND PLACEMATS,UNMAPPED,,,,,,,0.0875,,,,,,,data_unavailable,inventory_snapshot_missing_or_empty
,84509G,SET OF 4 FAIRY CAKE PLACEMATS,UNMAPPED,,,,,,,0.4468,,,,,,,data_unavailable,inventory_snapshot_missing_or_empty
,84510A,SET OF 4 ENGLISH ROSE COASTERS,UNMAPPED,,,,,,,1.8168,,,,,,,data_unavailable,inventory_snapshot_missing_or_empty
,84510B,UNKNOWN,UNMAPPED,,,,,,,0.0875,,,,,,,data_unavailable,inventory_snapshot_missing_or_empty
,84510C,SET OF 4 POLKADOT COASTERS,UNMAPPED,,,,,,,0.3365,,,,,,,data_unavailable,inventory_snapshot_missing_or_empty
,84510E,SET OF 4 GREEN CAROUSEL COASTERS,UNMAPPED,,,,,,,0.1640,,,,,,,data_unavailable,inventory_snapshot_missing_or_empty
,84510F,SET OF 4 NEW ENGLAND COASTERS,UNMAPPED,,,,,,,0.0875,,,,,,,data_unavailable,inventory_snapshot_missing_or_empty
,84519A,TOMATO CHARLIE+LOLA COASTER SET,UNMAPPED,,,,,,,1.0101,,,,,,,data_unavailable,inventory_snapshot_missing_or_empty
,84519B,CARROT CHARLIE+LOLA COASTER SET,UNMAPPED,,,,,,,1.0317,,,,,,,data_unavailable,inventory_snapshot_missing_or_empty
,84520B,PACK 20 ENGLISH ROSE PAPER NAPKINS,UNMAPPED,,,,,,,0.0875,,,,,,,data_unavailable,inventory_snapshot_missing_or_empty
,84520D,UNKNOWN,UNMAPPED,,,,,,,0.0875,,,,,,,data_unavailable,inventory_snapshot_missing_or_empty
,84526,GIANT BLACK SUNGLASSES,UNMAPPED,,,,,,,0.0875,,,,,,,data_unavailable,inventory_snapshot_missing_or_empty
,84531A,returned,UNMAPPED,,,,,,,0.0875,,,,,,,data_unavailable,inventory_snapshot_missing_or_empty
,84531B,returned,UNMAPPED,,,,,,,0.0875,,,,,,,data_unavailable,inventory_snapshot_missing_or_empty
,84534B,FAIRY CAKE NOTEBOOK A5 SIZE,UNMAPPED,,,,,,,0.0875,,,,,,,data_unavailable,inventory_snapshot_missing_or_empty
,84535A,ENGLISH ROSE NOTEBOOK A6 SIZE,UNMAPPED,,,,,,,0.0875,,,,,,,data_unavailable,inventory_snapshot_missing_or_empty
,84535B,FAIRY CAKES NOTEBOOK A6 SIZE,UNMAPPED,,,,,,,1.7674,,,,,,,data_unavailable,inventory_snapshot_missing_or_empty
,84536A,ENGLISH ROSE NOTEBOOK A7 SIZE,UNMAPPED,,,,,,,8.1150,,,,,,,data_unavailable,inventory_snapshot_missing_or_empty
,84536B,FAIRY CAKES NOTEBOOK A7 SIZE,UNMAPPED,,,,,,,1.2086,,,,,,,data_unavailable,inventory_snapshot_missing_or_empty
,84558A,3D DOG PICTURE PLAYING CARDS,UNMAPPED,,,,,,,0.5428,,,,,,,data_unavailable,inventory_snapshot_missing_or_empty
,84559A,3D SHEET OF DOG STICKERS,UNMAPPED,,,,,,,0.6070,,,,,,,data_unavailable,inventory_snapshot_missing_or_empty
,84559B,3D SHEET OF CAT STICKERS,UNMAPPED,,,,,,,0.0883,,,,,,,data_unavailable,inventory_snapshot_missing_or_empty
,84559D,3D SHEET OF SEA WORLD STICKERS,UNMAPPED,,,,,,,0.0875,,,,,,,data_unavailable,inventory_snapshot_missing_or_empty
,84562A,PINK/WHITE RIBBED MELAMINE JUG,UNMAPPED,,,,,,,0.0875,,,,,,,data_unavailable,inventory_snapshot_missing_or_empty
,84563A,PINK & WHITE BREAKFAST TRAY,UNMAPPED,,,,,,,0.0875,,,,,,,data_unavailable,inventory_snapshot_missing_or_empty
,84563B,BLUE & WHITE BREAKFAST TRAY,UNMAPPED,,,,,,,0.0875,,,,,,,data_unavailable,inventory_snapshot_missing_or_empty
,84568,GIRLS ALPHABET IRON ON PATCHES,UNMAPPED,,,,,,,5.4435,,,,,,,data_unavailable,inventory_snapshot_missing_or_empty
,84569A,PACK 3 IRON ON DOG PATCHES,UNMAPPED,,,,,,,0.2001,,,,,,,data_unavailable,inventory_snapshot_missing_or_empty
,84569B,PACK 3 FIRE ENGINE/CAR PATCHES,UNMAPPED,,,,,,,0.0875,,,,,,,data_unavailable,inventory_snapshot_missing_or_empty
,84569C,PACK 4 FLOWER/BUTTERFLY PATCHES,UNMAPPED,,,,,,,0.0875,,,,,,,data_unavailable,inventory_snapshot_missing_or_empty
,84569D,PACK 6 HEART/ICE-CREAM PATCHES,UNMAPPED,,,,,,,0.1881,,,,,,,data_unavailable,inventory_snapshot_missing_or_empty
,84578,ELEPHANT TOY WITH BLUE T-SHIRT,UNMAPPED,,,,,,,0.0875,,,,,,,data_unavailable,inventory_snapshot_missing_or_empty
,84580,MOUSE TOY WITH PINK T-SHIRT,UNMAPPED,,,,,,,1.3616,,,,,,,data_unavailable,inventory_snapshot_missing_or_empty
,84581,DOG TOY WITH PINK CROCHET SKIRT,UNMAPPED,,,,,,,0.4110,,,,,,,data_unavailable,inventory_snapshot_missing_or_empty
,84584,PINK GINGHAM CAT WITH SCARF,UNMAPPED,,,,,,,0.0875,,,,,,,data_unavailable,inventory_snapshot_missing_or_empty
,84592,CROCHET ROSE PURSE WITH SUEDE BACK,UNMAPPED,,,,,,,0.2198,,,,,,,data_unavailable,inventory_snapshot_missing_or_empty
,84595E,LARGE TORTILLA DESIGN RED BOWL,UNMAPPED,,,,,,,0.0875,,,,,,,data_unavailable,inventory_snapshot_missing_or_empty
,84596B,SMALL DOLLY MIX DESIGN ORANGE BOWL,UNMAPPED,,,,,,,10.3372,,,,,,,data_unavailable,inventory_snapshot_missing_or_empty
,84596E,UNKNOWN,UNMAPPED,,,,,,,0.0875,,,,,,,data_unavailable,inventory_snapshot_missing_or_empty
,84596F,SMALL MARSHMALLOWS PINK BOWL,UNMAPPED,,,,,,,8.3587,,,,,,,data_unavailable,inventory_snapshot_missing_or_empty
,84596G,SMALL CHOCOLATES PINK BOWL,UNMAPPED,,,,,,,2.1986,,,,,,,data_unavailable,inventory_snapshot_missing_or_empty
,84596J,MIXED NUTS LIGHT GREEN BOWL,UNMAPPED,,,,,,,0.0875,,,,,,,data_unavailable,inventory_snapshot_missing_or_empty
,84596K,JELLY BABIES YELLOW SMALL BOWL,UNMAPPED,,,,,,,0.0875,,,,,,,data_unavailable,inventory_snapshot_missing_or_empty
,84596L,BISCUITS SMALL BOWL LIGHT BLUE,UNMAPPED,,,,,,,0.0875,,,,,,,data_unavailable,inventory_snapshot_missing_or_empty
,84597C,RETRO PINK BALL ASHTRAY,UNMAPPED,,,,,,,0.0875,,,,,,,data_unavailable,inventory_snapshot_missing_or_empty
,84598,BOYS ALPHABET IRON ON PATCHES,UNMAPPED,,,,,,,1.9859,,,,,,,data_unavailable,inventory_snapshot_missing_or_empty
,84600,NEW BAROQUE JEWELLERY BOX,UNMAPPED,,,,,,,0.3658,,,,,,,data_unavailable,inventory_snapshot_missing_or_empty
,84609,TALL ROCOCO CANDLE HOLDER,UNMAPPED,,,,,,,0.3532,,,,,,,data_unavailable,inventory_snapshot_missing_or_empty
,84620,BLUE GINGHAM ROSE CUSHION COVER,UNMAPPED,,,,,,,0.0875,,,,,,,data_unavailable,inventory_snapshot_missing_or_empty
,84625A,PINK NEW BAROQUECANDLESTICK CANDLE,UNMAPPED,,,,,,,0.1624,,,,,,,data_unavailable,inventory_snapshot_missing_or_empty
,84625C,BLUE NEW BAROQUE CANDLESTICK CANDLE,UNMAPPED,,,,,,,0.0875,,,,,,,data_unavailable,inventory_snapshot_missing_or_empty
,84625D,WHITE NEWBAROQUE CANDLESTICK CANDLE,UNMAPPED,,,,,,,0.0875,,,,,,,data_unavailable,inventory_snapshot_missing_or_empty
,84631,FRUIT TREE AND BIRDS WALL PLAQUE,UNMAPPED,,,,,,,0.0875,,,,,,,data_unavailable,inventory_snapshot_missing_or_empty
,84637,KITCHEN FLOWER POTS WALL PLAQUE,UNMAPPED,,,,,,,0.0875,,,,,,,data_unavailable,inventory_snapshot_missing_or_empty
,84638,SMALL KITCHEN FLOWER POTS PLAQUE,UNMAPPED,,,,,,,0.0875,,,,,,,data_unavailable,inventory_snapshot_missing_or_empty
,84658,WHITE STITCHED CUSHION COVER,UNMAPPED,,,,,,,0.1464,,,,,,,data_unavailable,inventory_snapshot_missing_or_empty
,84659A,WHITE TRAVEL ALARM CLOCK,UNMAPPED,,,,,,,0.1913,,,,,,,data_unavailable,inventory_snapshot_missing_or_empty
,84660A,WHITE STITCHED WALL CLOCK,UNMAPPED,,,,,,,0.0875,,,,,,,data_unavailable,inventory_snapshot_missing_or_empty
,84660B,BLACK STITCHED WALL CLOCK,UNMAPPED,,,,,,,0.0875,,,,,,,data_unavailable,inventory_snapshot_missing_or_empty
,84660C,UNKNOWN,UNMAPPED,,,,,,,0.0875,,,,,,,data_unavailable,inventory_snapshot_missing_or_empty
,84661A,WHITE SQUARE TABLE CLOCK,UNMAPPED,,,,,,,0.2652,,,,,,,data_unavailable,inventory_snapshot_missing_or_empty
,84661B,BLACK SQUARE TABLE CLOCK,UNMAPPED,,,,,,,0.4144,,,,,,,data_unavailable,inventory_snapshot_missing_or_empty
,84663A,UNKNOWN,UNMAPPED,,,,,,,0.2380,,,,,,,data_unavailable,inventory_snapshot_missing_or_empty
,84665,SQUARE CHERRY BLOSSOM CABINET,UNMAPPED,,,,,,,0.1009,,,,,,,data_unavailable,inventory_snapshot_missing_or_empty
,84670,UNKNOWN,UNMAPPED,,,,,,,0.0875,,,,,,,data_unavailable,inventory_snapshot_missing_or_empty
,84673A,PINK FLY SWAT,UNMAPPED,,,,,,,0.1489,,,,,,,data_unavailable,inventory_snapshot_missing_or_empty
,84673B,BLUE FLY SWAT,UNMAPPED,,,,,,,0.3313,,,,,,,data_unavailable,inventory_snapshot_missing_or_empty
,84674,FLYING PIG WATERING CAN,UNMAPPED,,,,,,,0.2325,,,,,,,data_unavailable,inventory_snapshot_missing_or_empty
,84675,FROG KING WATERING CAN,UNMAPPED,,,,,,,0.0875,,,,,,,data_unavailable,inventory_snapshot_missing_or_empty
,84676,BATH DUCK WATERING CAN,UNMAPPED,,,,,,,0.0875,,,,,,,data_unavailable,inventory_snapshot_missing_or_empty
,84678,CLASSICAL ROSE SMALL VASE,UNMAPPED,,,,,,,0.0875,,,,,,,data_unavailable,inventory_snapshot_missing_or_empty
,84682,CLASSICAL ROSE DISH,UNMAPPED,,,,,,,0.0875,,,,,,,data_unavailable,inventory_snapshot_missing_or_empty
,84683,CLASSICAL ROSE CANDLESTAND,UNMAPPED,,,,,,,0.0875,,,,,,,data_unavailable,inventory_snapshot_missing_or_empty
,84684,UNKNOWN,UNMAPPED,,,,,,,0.0875,,,,,,,data_unavailable,inventory_snapshot_missing_or_empty
,84685,BEACH HUT KEY CABINET,UNMAPPED,,,,,,,0.0875,,,,,,,data_unavailable,inventory_snapshot_missing_or_empty
,84686,UNKNOWN,UNMAPPED,,,,,,,0.0875,,,,,,,data_unavailable,inventory_snapshot_missing_or_empty
,84687,BEACH HUT SHELF W 3 DRAWERS,UNMAPPED,,,,,,,0.0935,,,,,,,data_unavailable,inventory_snapshot_missing_or_empty
,84688,BEACH HUT DESIGN BLACKBOARD,UNMAPPED,,,,,,,0.0875,,,,,,,data_unavailable,inventory_snapshot_missing_or_empty
,84689,S/2 BEACH HUT TREASURE CHESTS,UNMAPPED,,,,,,,0.0875,,,,,,,data_unavailable,inventory_snapshot_missing_or_empty
,84691,PACK 20 DOLLY PEGS,UNMAPPED,,,,,,,0.0875,,,,,,,data_unavailable,inventory_snapshot_missing_or_empty
,84692,BOX OF 24 COCKTAIL PARASOLS,UNMAPPED,,,,,,,9.7816,,,,,,,data_unavailable,inventory_snapshot_missing_or_empty
,84707A,SILVER JEWELLED MIRROR TRINKET TRAY,UNMAPPED,,,,,,,0.3897,,,,,,,data_unavailable,inventory_snapshot_missing_or_empty
,84707B,PINK JEWELLED MIRROR TRINKET TRAY,UNMAPPED,,,,,,,0.1181,,,,,,,data_unavailable,inventory_snapshot_missing_or_empty
,84708B,PINK JEWELLED PHOTO FRAME,UNMAPPED,,,,,,,0.3211,,,,,,,data_unavailable,inventory_snapshot_missing_or_empty
,84709B,UNKNOWN,UNMAPPED,,,,,,,0.0875,,,,,,,data_unavailable,inventory_snapshot_missing_or_empty
,84712B,PINK JEWELLED PHOTO FRAME,UNMAPPED,,,,,,,0.2252,,,,,,,data_unavailable,inventory_snapshot_missing_or_empty
,84715,SET OF 6 ICE CREAM SKITTLES,UNMAPPED,,,,,,,0.0875,,,,,,,data_unavailable,inventory_snapshot_missing_or_empty
,84741C,CITRUS GARLAND FELT FLOWERS,UNMAPPED,,,,,,,0.0875,,,,,,,data_unavailable,inventory_snapshot_missing_or_empty
,84748,FOLK FELT HANGING MULTICOL GARLAND,UNMAPPED,,,,,,,0.1797,,,,,,,data_unavailable,inventory_snapshot_missing_or_empty
,84750A,PINK SMALL GLASS CAKE STAND,UNMAPPED,,,,,,,0.0875,,,,,,,data_unavailable,inventory_snapshot_missing_or_empty
,84750B,BLACK SMALL GLASS CAKE STAND,UNMAPPED,,,,,,,0.0875,,,,,,,data_unavailable,inventory_snapshot_missing_or_empty
,84754,S/15 SILVER GLASS BAUBLES IN BAG,UNMAPPED,,,,,,,0.0875,,,,,,,data_unavailable,inventory_snapshot_missing_or_empty
,84755,COLOUR GLASS T-LIGHT HOLDER HANGING,UNMAPPED,,,,,,,8.0612,,,,,,,data_unavailable,inventory_snapshot_missing_or_empty
,84760S,UNKNOWN,UNMAPPED,,,,,,,0.0875,,,,,,,data_unavailable,inventory_snapshot_missing_or_empty
,84761,IVORY HANGING BIRD PLANTER,UNMAPPED,,,,,,,0.0875,,,,,,,data_unavailable,inventory_snapshot_missing_or_empty
,84762B,PINK PICNIC BARBECUE BUCKET,UNMAPPED,,,,,,,0.0875,,,,,,,data_unavailable,inventory_snapshot_missing_or_empty
,84762C,GREEN PICNIC BARBECUE BUCKET,UNMAPPED,,,,,,,0.0875,,,,,,,data_unavailable,inventory_snapshot_missing_or_empty
,84763,ZINC FINISH 15CM PLANTER POTS,UNMAPPED,,,,,,,0.0875,,,,,,,data_unavailable,inventory_snapshot_missing_or_empty
,84773,UNKNOWN,UNMAPPED,,,,,,,0.0875,,,,,,,data_unavailable,inventory_snapshot_missing_or_empty
,84789,UNKNOWN,UNMAPPED,,,,,,,0.0875,,,,,,,data_unavailable,inventory_snapshot_missing_or_empty
,84791,GINGHAM HEART DECORATION,UNMAPPED,,,,,,,0.0875,,,,,,,data_unavailable,inventory_snapshot_missing_or_empty
,84792,ENCHANTED BIRD COATHANGER 5 HOOK,UNMAPPED,,,,,,,1.8498,,,,,,,data_unavailable,inventory_snapshot_missing_or_empty
,84795A,UNKNOWN,UNMAPPED,,,,,,,0.0875,,,,,,,data_unavailable,inventory_snapshot_missing_or_empty
,84795B,SUNSET CHECK HAMMOCK,UNMAPPED,,,,,,,0.1184,,,,,,,data_unavailable,inventory_snapshot_missing_or_empty
,84795C,UNKNOWN,UNMAPPED,,,,,,,0.0875,,,,,,,data_unavailable,inventory_snapshot_missing_or_empty
,84795D,UNKNOWN,UNMAPPED,,,,,,,0.0875,,,,,,,data_unavailable,inventory_snapshot_missing_or_empty
,84796A,PINK HAWAIIAN PICNIC HAMPER FOR 2,UNMAPPED,,,,,,,0.1245,,,,,,,data_unavailable,inventory_snapshot_missing_or_empty
,84796B,BLUE SAVANNAH PICNIC HAMPER FOR 2,UNMAPPED,,,,,,,0.0903,,,,,,,data_unavailable,inventory_snapshot_missing_or_empty
,84800L,LARGE WHITE/PINK ROSE ART FLOWER,UNMAPPED,,,,,,,0.0875,,,,,,,data_unavailable,inventory_snapshot_missing_or_empty
,84806B,WHITE CANDYSTUFT ARTIFICIAL FLOWER,UNMAPPED,,,,,,,0.1982,,,,,,,data_unavailable,inventory_snapshot_missing_or_empty
,84813,SET OF 4 DIAMOND NAPKIN RINGS,UNMAPPED,,,,,,,0.2111,,,,,,,data_unavailable,inventory_snapshot_missing_or_empty
,84815,SET OF 3 DANISH ROSE PLANTERS,UNMAPPED,,,,,,,0.0875,,,,,,,data_unavailable,inventory_snapshot_missing_or_empty
,84817,DANISH ROSE DECORATIVE PLATE,UNMAPPED,,,,,,,0.5885,,,,,,,data_unavailable,inventory_snapshot_missing_or_empty
,84818,DANISH ROSE PHOTO FRAME,UNMAPPED,,,,,,,0.0878,,,,,,,data_unavailable,inventory_snapshot_missing_or_empty
,84819,DANISH ROSE ROUND SEWING BOX,UNMAPPED,,,,,,,0.8390,,,,,,,data_unavailable,inventory_snapshot_missing_or_empty
,84820,DANISH ROSE TRINKET TRAYS,UNMAPPED,,,,,,,0.2559,,,,,,,data_unavailable,inventory_snapshot_missing_or_empty
,84821,DANISH ROSE DELUXE COASTER,UNMAPPED,,,,,,,0.3175,,,,,,,data_unavailable,inventory_snapshot_missing_or_empty
,84826,ASSTD DESIGN 3D PAPER STICKERS,UNMAPPED,,,,,,,0.7900,,,,,,,data_unavailable,inventory_snapshot_missing_or_empty
,84828,JUNGLE POPSICLES ICE LOLLY MOULDS,UNMAPPED,,,,,,,0.9607,,,,,,,data_unavailable,inventory_snapshot_missing_or_empty
,84832,ZINC WILLIE WINKIE CANDLE STICK,UNMAPPED,,,,,,,8.4014,,,,,,,data_unavailable,inventory_snapshot_missing_or_empty
,84836,ZINC METAL HEART DECORATION,UNMAPPED,,,,,,,9.5437,,,,,,,data_unavailable,inventory_snapshot_missing_or_empty
,84837,UNKNOWN,UNMAPPED,,,,,,,0.0875,,,,,,,data_unavailable,inventory_snapshot_missing_or_empty
,84839,SWEETHEART KEY CABINET,UNMAPPED,,,,,,,0.0875,,,,,,,data_unavailable,inventory_snapshot_missing_or_empty
,84840,UNKNOWN,UNMAPPED,,,,,,,0.0875,,,,,,,data_unavailable,inventory_snapshot_missing_or_empty
,84842,HELLO SAILOR BATHROOM SET,UNMAPPED,,,,,,,0.1384,,,,,,,data_unavailable,inventory_snapshot_missing_or_empty
,84843,WHITE SOAP RACK WITH 2 BOTTLES,UNMAPPED,,,,,,,0.2697,,,,,,,data_unavailable,inventory_snapshot_missing_or_empty
,84846A,SCENTED CANDLE IN DIGITALIS TIN,UNMAPPED,,,,,,,0.0875,,,,,,,data_unavailable,inventory_snapshot_missing_or_empty
,84847,UNKNOWN,UNMAPPED,,,,,,,0.0875,,,,,,,data_unavailable,inventory_snapshot_missing_or_empty
,84849A,HELLO SAILOR BLUE SOAP HOLDER,UNMAPPED,,,,,,,0.2052,,,,,,,data_unavailable,inventory_snapshot_missing_or_empty
,84849B,FAIRY SOAP SOAP HOLDER,UNMAPPED,,,,,,,0.0875,,,,,,,data_unavailable,inventory_snapshot_missing_or_empty
,84849D,HOT BATHS SOAP HOLDER,UNMAPPED,,,,,,,0.4134,,,,,,,data_unavailable,inventory_snapshot_missing_or_empty
,84854,GIRLY PINK TOOL SET,UNMAPPED,,,,,,,0.0875,,,,,,,data_unavailable,inventory_snapshot_missing_or_empty
,84856L,LARGE TAHITI BEACH BAG,UNMAPPED,,,,,,,0.0875,,,,,,,data_unavailable,inventory_snapshot_missing_or_empty
,84856S,SMALL TAHITI BEACH BAG,UNMAPPED,,,,,,,0.0875,,,,,,,data_unavailable,inventory_snapshot_missing_or_empty
,84859A,SILVER DISCO HANDBAG,UNMAPPED,,,,,,,0.4217,,,,,,,data_unavailable,inventory_snapshot_missing_or_empty
,84865,NEW BAROQUE BLACK PHOTO ALBUM,UNMAPPED,,,,,,,0.0875,,,,,,,data_unavailable,inventory_snapshot_missing_or_empty
,84870B,BLUE GEISHA GIRL,UNMAPPED,,,,,,,0.1147,,,,,,,data_unavailable,inventory_snapshot_missing_or_empty
,84870C,GREEN GEISHA GIRL,UNMAPPED,,,,,,,0.0883,,,,,,,data_unavailable,inventory_snapshot_missing_or_empty
,84872A,TEATIME FUNKY FLOWER BACKPACK FOR 2,UNMAPPED,,,,,,,0.0875,,,,,,,data_unavailable,inventory_snapshot_missing_or_empty
,84874B,BLUE TRAVEL FIRST AID KIT,UNMAPPED,,,,,,,0.0875,,,,,,,data_unavailable,inventory_snapshot_missing_or_empty
,84876D,BLUE HEART COMPACT MIRROR,UNMAPPED,,,,,,,0.0875,,,,,,,data_unavailable,inventory_snapshot_missing_or_empty
,84877B,GREEN ROUND COMPACT MIRROR,UNMAPPED,,,,,,,0.1572,,,,,,,data_unavailable,inventory_snapshot_missing_or_empty
,84877D,BLUE ROUND COMPACT MIRROR,UNMAPPED,,,,,,,0.0875,,,,,,,data_unavailable,inventory_snapshot_missing_or_empty
,84879,ASSORTED COLOUR BIRD ORNAMENT,UNMAPPED,,,,,,,18.5338,,,,,,,data_unavailable,inventory_snapshot_missing_or_empty
,84880,WHITE WIRE EGG HOLDER,UNMAPPED,,,,,,,0.2375,,,,,,,data_unavailable,inventory_snapshot_missing_or_empty
,84882,GREEN WIRE STANDING CANDLE HOLDER,UNMAPPED,,,,,,,0.1391,,,,,,,data_unavailable,inventory_snapshot_missing_or_empty
,84884A,ANT WHITE WIRE HEART SPIRAL,UNMAPPED,,,,,,,0.3579,,,,,,,data_unavailable,inventory_snapshot_missing_or_empty
,84898F,YELLOW FLOWERS FELT HANDBAG KIT,UNMAPPED,,,,,,,0.0875,,,,,,,data_unavailable,inventory_snapshot_missing_or_empty
,84899F,YELLOW PURPLE DAISY FELT PURSE KIT,UNMAPPED,,,,,,,0.0875,,,,,,,data_unavailable,inventory_snapshot_missing_or_empty
,84901,BLACK FACE LAMB WITH PANTS,UNMAPPED,,,,,,,0.0875,,,,,,,data_unavailable,inventory_snapshot_missing_or_empty
,84902,PINK KNITTED COW STUFFED TOY,UNMAPPED,,,,,,,0.0875,,,,,,,data_unavailable,inventory_snapshot_missing_or_empty
,84905,PINK BUTTERFLY CUSHION COVER,UNMAPPED,,,,,,,0.0875,,,,,,,data_unavailable,inventory_snapshot_missing_or_empty
,84907,PINK YELLOW PATCH CUSHION COVER,UNMAPPED,,,,,,,0.0875,,,,,,,data_unavailable,inventory_snapshot_missing_or_empty
,84908A,PINK 5 PATCH FLOWER CUSHION COVER,UNMAPPED,,,,,,,0.0875,,,,,,,data_unavailable,inventory_snapshot_missing_or_empty
,84908B,BLUE 5 PATCH FLOWER CUSHION COVER,UNMAPPED,,,,,,,0.0875,,,,,,,data_unavailable,inventory_snapshot_missing_or_empty
,84910A,PINK PAISLEY CUSHION COVER,UNMAPPED,,,,,,,0.0875,,,,,,,data_unavailable,inventory_snapshot_missing_or_empty
,84912A,UNKNOWN,UNMAPPED,,,,,,,0.0875,,,,,,,data_unavailable,inventory_snapshot_missing_or_empty
,84912B,GREEN ROSE WASHBAG,UNMAPPED,,,,,,,0.9453,,,,,,,data_unavailable,inventory_snapshot_missing_or_empty
,84913A,SOFT PINK ROSE TOWEL,UNMAPPED,,,,,,,0.0899,,,,,,,data_unavailable,inventory_snapshot_missing_or_empty
,84913B,MINT GREEN ROSE TOWEL,UNMAPPED,,,,,,,0.2516,,,,,,,data_unavailable,inventory_snapshot_missing_or_empty
,84915,HAND TOWEL PINK FLOWER AND DAISY,UNMAPPED,,,,,,,0.1530,,,,,,,data_unavailable,inventory_snapshot_missing_or_empty
,84916,HAND TOWEL PALE BLUE W FLOWERS,UNMAPPED,,,,,,,0.0875,,,,,,,data_unavailable,inventory_snapshot_missing_or_empty
,84917,UNKNOWN,UNMAPPED,,,,,,,0.0875,,,,,,,data_unavailable,inventory_snapshot_missing_or_empty
,84918,CREAM CUSHION COVER WITH FLOWERS,UNMAPPED,,,,,,,0.0875,,,,,,,data_unavailable,inventory_snapshot_missing_or_empty
,84919,BLUE CUSHION COVER WITH FLOWER,UNMAPPED,,,,,,,0.0875,,,,,,,data_unavailable,inventory_snapshot_missing_or_empty
,84920,PINK FLOWER FABRIC PONY,UNMAPPED,,,,,,,0.1350,,,,,,,data_unavailable,inventory_snapshot_missing_or_empty
,84923,PINK BUTTERFLY HANDBAG W BOBBLES,UNMAPPED,,,,,,,0.4732,,,,,,,data_unavailable,inventory_snapshot_missing_or_empty
,84924A,WAKE UP COCKEREL CALENDAR SIGN,UNMAPPED,,,,,,,0.3098,,,,,,,data_unavailable,inventory_snapshot_missing_or_empty
,84925F,PSYCHEDELIC WALL THERMOMETER,UNMAPPED,,,,,,,0.0875,,,,,,,data_unavailable,inventory_snapshot_missing_or_empty
,84926A,WAKE UP COCKEREL TILE COASTER,UNMAPPED,,,,,,,0.7394,,,,,,,data_unavailable,inventory_snapshot_missing_or_empty
,84926D,LA PALMIERA TILE COASTER,UNMAPPED,,,,,,,0.3588,,,,,,,data_unavailable,inventory_snapshot_missing_or_empty
,84926E,FLOWERS TILE COASTER,UNMAPPED,,,,,,,0.4429,,,,,,,data_unavailable,inventory_snapshot_missing_or_empty
,84926F,PSYCHEDELIC TILE COASTER,UNMAPPED,,,,,,,0.6414,,,,,,,data_unavailable,inventory_snapshot_missing_or_empty
,84927A,WAKE UP COCKEREL TILE HOOK,UNMAPPED,,,,,,,0.0875,,,,,,,data_unavailable,inventory_snapshot_missing_or_empty
,84927F,PSYCHEDELIC TILE HOOK,UNMAPPED,,,,,,,0.6675,,,,,,,data_unavailable,inventory_snapshot_missing_or_empty
,84929,ASSTD FRUIT+FLOWERS FRIDGE MAGNETS,UNMAPPED,,,,,,,0.4050,,,,,,,data_unavailable,inventory_snapshot_missing_or_empty
,84931A,PINK SCOTTIE DOG W FLOWER PATTERN,UNMAPPED,,,,,,,0.3077,,,,,,,data_unavailable,inventory_snapshot_missing_or_empty
,84931B,BLUE SCOTTIE DOG W FLOWER PATTERN,UNMAPPED,,,,,,,0.5180,,,,,,,data_unavailable,inventory_snapshot_missing_or_empty
,84932C,SMALL ORIENTAL BLUE FOLDING STOOL,UNMAPPED,,,,,,,0.0875,,,,,,,data_unavailable,inventory_snapshot_missing_or_empty
,84937,UNKNOWN,UNMAPPED,,,,,,,0.0875,,,,,,,data_unavailable,inventory_snapshot_missing_or_empty
,84944,SET OF 6 KASHMIR FOLKART BAUBLES,UNMAPPED,,,,,,,0.0946,,,,,,,data_unavailable,inventory_snapshot_missing_or_empty
,84945,MULTI COLOUR SILVER T-LIGHT HOLDER,UNMAPPED,,,,,,,13.3745,,,,,,,data_unavailable,inventory_snapshot_missing_or_empty
,84946,ANTIQUE SILVER T-LIGHT GLASS,UNMAPPED,,,,,,,17.7276,,,,,,,data_unavailable,inventory_snapshot_missing_or_empty
,84947,ANTIQUE SILVER TEA GLASS ENGRAVED,UNMAPPED,,,,,,,9.9163,,,,,,,data_unavailable,inventory_snapshot_missing_or_empty
,84949,SILVER HANGING T-LIGHT HOLDER,UNMAPPED,,,,,,,6.7048,,,,,,,data_unavailable,inventory_snapshot_missing_or_empty
,84950,ASSORTED COLOUR T-LIGHT HOLDER,UNMAPPED,,,,,,,2.6919,,,,,,,data_unavailable,inventory_snapshot_missing_or_empty
,84951A,SET OF 4 PISTACHIO LOVEBIRD COASTER,UNMAPPED,,,,,,,0.3869,,,,,,,data_unavailable,inventory_snapshot_missing_or_empty
,84951B,SET OF 4 BLACK LOVEBIRD COASTERS,UNMAPPED,,,,,,,0.8186,,,,,,,data_unavailable,inventory_snapshot_missing_or_empty
,84952A,CLEAR LOVE BIRD T-LIGHT HOLDER,UNMAPPED,,,,,,,0.1142,,,,,,,data_unavailable,inventory_snapshot_missing_or_empty
,84952B,BLACK LOVE BIRD T-LIGHT HOLDER,UNMAPPED,,,,,,,0.1068,,,,,,,data_unavailable,inventory_snapshot_missing_or_empty
,84952C,MIRROR LOVE BIRD T-LIGHT HOLDER,UNMAPPED,,,,,,,0.0875,,,,,,,data_unavailable,inventory_snapshot_missing_or_empty
,84968A,SET OF 16 VINTAGE ROSE CUTLERY,UNMAPPED,,,,,,,0.1936,,,,,,,data_unavailable,inventory_snapshot_missing_or_empty
,84968B,SET OF 16 VINTAGE IVORY CUTLERY,UNMAPPED,,,,,,,0.0875,,,,,,,data_unavailable,inventory_snapshot_missing_or_empty
,84968C,SET OF 16 VINTAGE PISTACHIO CUTLERY,UNMAPPED,,,,,,,0.1575,,,,,,,data_unavailable,inventory_snapshot_missing_or_empty
,84968D,SET OF 16 VINTAGE RED CUTLERY,UNMAPPED,,,,,,,0.1322,,,,,,,data_unavailable,inventory_snapshot_missing_or_empty
,84968E,SET OF 16 VINTAGE BLACK CUTLERY,UNMAPPED,,,,,,,0.1393,,,,,,,data_unavailable,inventory_snapshot_missing_or_empty
,84968F,SET OF 16 VINTAGE SKY BLUE CUTLERY,UNMAPPED,,,,,,,0.1018,,,,,,,data_unavailable,inventory_snapshot_missing_or_empty
,84969,BOX OF 6 ASSORTED COLOUR TEASPOONS,UNMAPPED,,,,,,,0.7317,,,,,,,data_unavailable,inventory_snapshot_missing_or_empty
,84970L,SINGLE HEART ZINC T-LIGHT HOLDER,UNMAPPED,,,,,,,5.2555,,,,,,,data_unavailable,inventory_snapshot_missing_or_empty
,84970S,HANGING HEART ZINC T-LIGHT HOLDER,UNMAPPED,,,,,,,6.8653,,,,,,,data_unavailable,inventory_snapshot_missing_or_empty
,84971L,LARGE HEART FLOWERS HOOK,UNMAPPED,,,,,,,0.1874,,,,,,,data_unavailable,inventory_snapshot_missing_or_empty
,84971S,SMALL HEART FLOWERS HOOK,UNMAPPED,,,,,,,0.8680,,,,,,,data_unavailable,inventory_snapshot_missing_or_empty
,84972L,GIANT PINK HEART MEMO HOLDER,UNMAPPED,,,,,,,0.0875,,,,,,,data_unavailable,inventory_snapshot_missing_or_empty
,84974,S/2 ZINC HEART DESIGN PLANTERS,UNMAPPED,,,,,,,0.0881,,,,,,,data_unavailable,inventory_snapshot_missing_or_empty
,84975,HEART SHAPED MIRROR,UNMAPPED,,,,,,,0.0875,,,,,,,data_unavailable,inventory_snapshot_missing_or_empty
,84976,RECTANGULAR SHAPED MIRROR,UNMAPPED,,,,,,,0.2138,,,,,,,data_unavailable,inventory_snapshot_missing_or_empty
,84977,UNKNOWN,UNMAPPED,,,,,,,0.0875,,,,,,,data_unavailable,inventory_snapshot_missing_or_empty
,84978,HANGING HEART JAR T-LIGHT HOLDER,UNMAPPED,,,,,,,10.9848,,,,,,,data_unavailable,inventory_snapshot_missing_or_empty
,84985A,SET OF 72 GREEN PAPER DOILIES,UNMAPPED,,,,,,,0.0875,,,,,,,data_unavailable,inventory_snapshot_missing_or_empty
,84986B,SET OF 36 SILVER PAPER DOILIES,UNMAPPED,,,,,,,0.0875,,,,,,,data_unavailable,inventory_snapshot_missing_or_empty
,84987,SET OF 36 TEATIME PAPER DOILIES,UNMAPPED,,,,,,,3.0718,,,,,,,data_unavailable,inventory_snapshot_missing_or_empty
,84988,SET OF 72 PINK HEART PAPER DOILIES,UNMAPPED,,,,,,,4.7122,,,,,,,data_unavailable,inventory_snapshot_missing_or_empty
,84989A,75 GREEN FAIRY CAKE CASES,UNMAPPED,,,,,,,0.2074,,,,,,,data_unavailable,inventory_snapshot_missing_or_empty
,84989B,75 BLACK FAIRY CAKE CASES,UNMAPPED,,,,,,,0.0875,,,,,,,data_unavailable,inventory_snapshot_missing_or_empty
,84990,UNKNOWN,UNMAPPED,,,,,,,0.0875,,,,,,,data_unavailable,inventory_snapshot_missing_or_empty
,84991,60 TEATIME FAIRY CAKE CASES,UNMAPPED,,,,,,,10.9718,,,,,,,data_unavailable,inventory_snapshot_missing_or_empty
,84992,72 SWEETHEART FAIRY CAKE CASES,UNMAPPED,,,,,,,9.7500,,,,,,,data_unavailable,inventory_snapshot_missing_or_empty
,84993A,75 GREEN PETIT FOUR CASES,UNMAPPED,,,,,,,0.4514,,,,,,,data_unavailable,inventory_snapshot_missing_or_empty
,84993B,75 BLACK PETIT FOUR CASES,UNMAPPED,,,,,,,0.0875,,,,,,,data_unavailable,inventory_snapshot_missing_or_empty
,84997A,CHILDRENS CUTLERY POLKADOT GREEN,UNMAPPED,,,,,,,2.6726,,,,,,,data_unavailable,inventory_snapshot_missing_or_empty
,84997B,CHILDRENS CUTLERY RETROSPOT RED,UNMAPPED,,,,,,,5.4514,,,,,,,data_unavailable,inventory_snapshot_missing_or_empty
,84997C,CHILDRENS CUTLERY POLKADOT BLUE,UNMAPPED,,,,,,,5.1553,,,,,,,data_unavailable,inventory_snapshot_missing_or_empty
,84997D,CHILDRENS CUTLERY POLKADOT PINK,UNMAPPED,,,,,,,7.2819,,,,,,,data_unavailable,inventory_snapshot_missing_or_empty
,85006,SET 4 NURSERY DES ROUND BOXES,UNMAPPED,,,,,,,0.0875,,,,,,,data_unavailable,inventory_snapshot_missing_or_empty
,85008,UNKNOWN,UNMAPPED,,,,,,,0.0875,,,,,,,data_unavailable,inventory_snapshot_missing_or_empty
,85014A,BLACK/BLUE POLKADOT UMBRELLA,UNMAPPED,,,,,,,1.5113,,,,,,,data_unavailable,inventory_snapshot_missing_or_empty
,85014B,RED RETROSPOT UMBRELLA,UNMAPPED,,,,,,,2.4312,,,,,,,data_unavailable,inventory_snapshot_missing_or_empty
,85014C,BLUE/BROWN DOTS RUFFLED UMBRELLA,UNMAPPED,,,,,,,0.0875,,,,,,,data_unavailable,inventory_snapshot_missing_or_empty
,85014D,UNKNOWN,UNMAPPED,,,,,,,0.0875,,,,,,,data_unavailable,inventory_snapshot_missing_or_empty
,85015,SET OF 12 VINTAGE POSTCARD SET,UNMAPPED,,,,,,,4.4079,,,,,,,data_unavailable,inventory_snapshot_missing_or_empty
,85016,SET OF 6 VINTAGE NOTELETS KIT,UNMAPPED,,,,,,,0.0875,,,,,,,data_unavailable,inventory_snapshot_missing_or_empty
,85017A,ENVELOPE 50 ROMANTIC IMAGES,UNMAPPED,,,,,,,0.0875,,,,,,,data_unavailable,inventory_snapshot_missing_or_empty
,85017B,ENVELOPE 50 BLOSSOM IMAGES,UNMAPPED,,,,,,,0.1153,,,,,,,data_unavailable,inventory_snapshot_missing_or_empty
,85017C,adjustment,UNMAPPED,,,,,,,0.0875,,,,,,,data_unavailable,inventory_snapshot_missing_or_empty
,85018D,YULETIDE IMAGES S/6 PAPER BOXES,UNMAPPED,,,,,,,0.0875,,,,,,,data_unavailable,inventory_snapshot_missing_or_empty
,85019A,ROMANTIC IMAGES NOTEBOOK SET,UNMAPPED,,,,,,,0.3349,,,,,,,data_unavailable,inventory_snapshot_missing_or_empty
,85019B,BLOSSOM IMAGES NOTEBOOK SET,UNMAPPED,,,,,,,0.5150,,,,,,,data_unavailable,inventory_snapshot_missing_or_empty
,85020,ROUND PINK HEART MIRROR,UNMAPPED,,,,,,,0.2585,,,,,,,data_unavailable,inventory_snapshot_missing_or_empty
,85023B,EAU DE NILE JEWELLED PHOTOFRAME,UNMAPPED,,,,,,,0.1283,,,,,,,data_unavailable,inventory_snapshot_missing_or_empty
,85024C,PINK SMALL JEWELLED PHOTOFRAME,UNMAPPED,,,,,,,0.1182,,,,,,,data_unavailable,inventory_snapshot_missing_or_empty
,85025B,EAU DE NILE HEART SHAPE PHOTO FRAME,UNMAPPED,,,,,,,0.4274,,,,,,,data_unavailable,inventory_snapshot_missing_or_empty
,85025C,PINK HEART SHAPE PHOTO FRAME,UNMAPPED,,,,,,,0.0875,,,,,,,data_unavailable,inventory_snapshot_missing_or_empty
,85027L,UNKNOWN,UNMAPPED,,,,,,,0.0875,,,,,,,data_unavailable,inventory_snapshot_missing_or_empty
,85028S,FRENCH CHATEAU SMALL FRUITBOWL,UNMAPPED,,,,,,,0.0875,,,,,,,data_unavailable,inventory_snapshot_missing_or_empty
,85031A,ROMANTIC IMAGES SCRAP BOOK SET,UNMAPPED,,,,,,,0.0875,,,,,,,data_unavailable,inventory_snapshot_missing_or_empty
,85031B,BLOSSOM IMAGES SCRAP BOOK SET,UNMAPPED,,,,,,,0.0875,,,,,,,data_unavailable,inventory_snapshot_missing_or_empty
,85031C,CURIOUS IMAGES SCRAP BOOK SET,UNMAPPED,,,,,,,0.0875,,,,,,,data_unavailable,inventory_snapshot_missing_or_empty
,85032A,ROMANTIC IMAGES GIFT WRAP SET,UNMAPPED,,,,,,,1.7567,,,,,,,data_unavailable,inventory_snapshot_missing_or_empty
,85032B,BLOSSOM IMAGES GIFT WRAP SET,UNMAPPED,,,,,,,1.4772,,,,,,,data_unavailable,inventory_snapshot_missing_or_empty
,85032C,CURIOUS IMAGES GIFT WRAP SET,UNMAPPED,,,,,,,1.2374,,,,,,,data_unavailable,inventory_snapshot_missing_or_empty
,85032D,YULETIDE IMAGES GIFT WRAP SET,UNMAPPED,,,,,,,0.0875,,,,,,,data_unavailable,inventory_snapshot_missing_or_empty
,85033S,UNKNOWN,UNMAPPED,,,,,,,0.0875,,,,,,,data_unavailable,inventory_snapshot_missing_or_empty
,85034A,check,UNMAPPED,,,,,,,0.5660,,,,,,,data_unavailable,inventory_snapshot_missing_or_empty
,85034B,3 WHITE CHOC MORRIS BOXED CANDLES,UNMAPPED,,,,,,,6.0768,,,,,,,data_unavailable,inventory_snapshot_missing_or_empty
,85034C,3 ROSE MORRIS BOXED CANDLES,UNMAPPED,,,,,,,8.3935,,,,,,,data_unavailable,inventory_snapshot_missing_or_empty
,85035A,GARDENIA 3 WICK MORRIS BOXED CANDLE,UNMAPPED,,,,,,,0.0875,,,,,,,data_unavailable,inventory_snapshot_missing_or_empty
,85035B,CHOCOLATE 3 WICK MORRIS BOX CANDLE,UNMAPPED,,,,,,,0.0875,,,,,,,data_unavailable,inventory_snapshot_missing_or_empty
,85035C,ROSE 3 WICK MORRIS BOX CANDLE,UNMAPPED,,,,,,,2.1264,,,,,,,data_unavailable,inventory_snapshot_missing_or_empty
,85036A,GARDENIA 1 WICK MORRIS BOXED CANDLE,UNMAPPED,,,,,,,0.0880,,,,,,,data_unavailable,inventory_snapshot_missing_or_empty
,85036B,CHOCOLATE 1 WICK MORRIS BOX CANDLE,UNMAPPED,,,,,,,0.2277,,,,,,,data_unavailable,inventory_snapshot_missing_or_empty
,85036C,ROSE 1 WICK MORRIS BOXED CANDLE,UNMAPPED,,,,,,,0.9121,,,,,,,data_unavailable,inventory_snapshot_missing_or_empty
,85038,6 CHOCOLATE LOVE HEART T-LIGHTS,UNMAPPED,,,,,,,1.7099,,,,,,,data_unavailable,inventory_snapshot_missing_or_empty
,85039A,SET/4 RED MINI ROSE CANDLE IN BOWL,UNMAPPED,,,,,,,1.0367,,,,,,,data_unavailable,inventory_snapshot_missing_or_empty
,85039B,S/4 IVORY MINI ROSE CANDLE IN BOWL,UNMAPPED,,,,,,,0.8563,,,,,,,data_unavailable,inventory_snapshot_missing_or_empty
,85039C,S/4 BLACK MINI ROSE CANDLE IN BOWL,UNMAPPED,,,,,,,0.2323,,,,,,,data_unavailable,inventory_snapshot_missing_or_empty
,85040A,S/4 PINK FLOWER CANDLES IN BOWL,UNMAPPED,,,,,,,0.9178,,,,,,,data_unavailable,inventory_snapshot_missing_or_empty
,85040B,SET/4 BLUE FLOWER CANDLES IN BOWL,UNMAPPED,,,,,,,0.0875,,,,,,,data_unavailable,inventory_snapshot_missing_or_empty
,85041,UNKNOWN,UNMAPPED,,,,,,,0.0875,,,,,,,data_unavailable,inventory_snapshot_missing_or_empty
,85042,ANTIQUE LILY FAIRY LIGHTS,UNMAPPED,,,,,,,0.0875,,,,,,,data_unavailable,inventory_snapshot_missing_or_empty
,85044,UNKNOWN,UNMAPPED,,,,,,,0.0875,,,,,,,data_unavailable,inventory_snapshot_missing_or_empty
,85045,UNKNOWN,UNMAPPED,,,,,,,0.1242,,,,,,,data_unavailable,inventory_snapshot_missing_or_empty
,85047,WHITE BEADED GARLAND STRING 20LIGHT,UNMAPPED,,,,,,,0.0875,,,,,,,data_unavailable,inventory_snapshot_missing_or_empty
,85048,15CM CHRISTMAS GLASS BALL 20 LIGHTS,UNMAPPED,,,,,,,9.4694,,,,,,,data_unavailable,inventory_snapshot_missing_or_empty
,85049A,TRADITIONAL CHRISTMAS RIBBONS,UNMAPPED,,,,,,,11.2781,,,,,,,data_unavailable,inventory_snapshot_missing_or_empty
,85049B,LUSH GREENS RIBBONS,UNMAPPED,,,,,,,0.0875,,,,,,,data_unavailable,inventory_snapshot_missing_or_empty
,85049C,ROMANTIC PINKS RIBBONS,UNMAPPED,,,,,,,1.5063,,,,,,,data_unavailable,inventory_snapshot_missing_or_empty
,85049D,UNKNOWN,UNMAPPED,,,,,,,0.0875,,,,,,,data_unavailable,inventory_snapshot_missing_or_empty
,85049E,SCANDINAVIAN REDS RIBBONS,UNMAPPED,,,,,,,9.3990,,,,,,,data_unavailable,inventory_snapshot_missing_or_empty
,85049F,BABY BOOM RIBBONS,UNMAPPED,,,,,,,0.0875,,,,,,,data_unavailable,inventory_snapshot_missing_or_empty
,85049G,CHOCOLATE BOX RIBBONS,UNMAPPED,,,,,,,2.1145,,,,,,,data_unavailable,inventory_snapshot_missing_or_empty
,85049H,URBAN BLACK RIBBONS,UNMAPPED,,,,,,,2.2886,,,,,,,data_unavailable,inventory_snapshot_missing_or_empty
,85053,FRENCH ENAMEL CANDLEHOLDER,UNMAPPED,,,,,,,4.4243,,,,,,,data_unavailable,inventory_snapshot_missing_or_empty
,85054,FRENCH ENAMEL POT W LID,UNMAPPED,,,,,,,0.3477,,,,,,,data_unavailable,inventory_snapshot_missing_or_empty
,85055,FRENCH ENAMEL UTENSIL HOLDER,UNMAPPED,,,,,,,0.0875,,,,,,,data_unavailable,inventory_snapshot_missing_or_empty
,85059,FRENCH ENAMEL WATER BASIN,UNMAPPED,,,,,,,0.5330,,,,,,,data_unavailable,inventory_snapshot_missing_or_empty
,85060,WOOD FAN WITH FLOWER DESIGN,UNMAPPED,,,,,,,0.0875,,,,,,,data_unavailable,inventory_snapshot_missing_or_empty
,85061W,WHITE JEWELLED HEART DECORATION,UNMAPPED,,,,,,,2.5725,,,,,,,data_unavailable,inventory_snapshot_missing_or_empty
,85062,PEARL CRYSTAL PUMPKIN T-LIGHT HLDR,UNMAPPED,,,,,,,1.0941,,,,,,,data_unavailable,inventory_snapshot_missing_or_empty
,85063,CREAM SWEETHEART MAGAZINE RACK,UNMAPPED,,,,,,,0.0875,,,,,,,data_unavailable,inventory_snapshot_missing_or_empty
,85064,CREAM SWEETHEART LETTER RACK,UNMAPPED,,,,,,,0.0875,,,,,,,data_unavailable,inventory_snapshot_missing_or_empty
,85065,UNKNOWN,UNMAPPED,,,,,,,0.0875,,,,,,,data_unavailable,inventory_snapshot_missing_or_empty
,85066,CREAM SWEETHEART MINI CHEST,UNMAPPED,,,,,,,4.0626,,,,,,,data_unavailable,inventory_snapshot_missing_or_empty
,85067,CREAM SWEETHEART WALL CABINET,UNMAPPED,,,,,,,0.0875,,,,,,,data_unavailable,inventory_snapshot_missing_or_empty
,85068,CREAM SWEETHEART SHELF + HOOKS,UNMAPPED,,,,,,,0.0875,,,,,,,data_unavailable,inventory_snapshot_missing_or_empty
,85071A,BLUE CHARLIE+LOLA PERSONAL DOORSIGN,UNMAPPED,,,,,,,0.9615,,,,,,,data_unavailable,inventory_snapshot_missing_or_empty
,85071B,RED CHARLIE+LOLA PERSONAL DOORSIGN,UNMAPPED,,,,,,,1.3246,,,,,,,data_unavailable,inventory_snapshot_missing_or_empty
,85071C,"CHARLIE+LOLA""EXTREMELY BUSY"" SIGN",UNMAPPED,,,,,,,1.0124,,,,,,,data_unavailable,inventory_snapshot_missing_or_empty
,85071D,CHARLIE+LOLA MY ROOM DOOR SIGN,UNMAPPED,,,,,,,0.6417,,,,,,,data_unavailable,inventory_snapshot_missing_or_empty
,85078,SCANDINAVIAN 3 HEARTS NAPKIN RING,UNMAPPED,,,,,,,0.0935,,,,,,,data_unavailable,inventory_snapshot_missing_or_empty
,85084,HOLLY TOP CHRISTMAS STOCKING,UNMAPPED,,,,,,,0.0875,,,,,,,data_unavailable,inventory_snapshot_missing_or_empty
,85086A,CANDY SPOT HEART DECORATION,UNMAPPED,,,,,,,0.0875,,,,,,,data_unavailable,inventory_snapshot_missing_or_empty
,85087,CANDY SPOT CUSHION COVER,UNMAPPED,,,,,,,0.0875,,,,,,,data_unavailable,inventory_snapshot_missing_or_empty
,85088,CANDY SPOT HAND BAG,UNMAPPED,,,,,,,0.3543,,,,,,,data_unavailable,inventory_snapshot_missing_or_empty
,85090,CANDY SPOT APRON,UNMAPPED,,,,,,,0.0875,,,,,,,data_unavailable,inventory_snapshot_missing_or_empty
,85093,CANDY SPOT EGG WARMER HARE,UNMAPPED,,,,,,,0.0958,,,,,,,data_unavailable,inventory_snapshot_missing_or_empty
,85094,CANDY SPOT EGG WARMER RABBIT,UNMAPPED,,,,,,,0.5410,,,,,,,data_unavailable,inventory_snapshot_missing_or_empty
,85095,THREE CANVAS LUGGAGE TAGS,UNMAPPED,,,,,,,0.1743,,,,,,,data_unavailable,inventory_snapshot_missing_or_empty
,85096,HILDA CANDY SPOT RABBIT,UNMAPPED,,,,,,,0.1424,,,,,,,data_unavailable,inventory_snapshot_missing_or_empty
,85097B,BLUE ROCKING SINGING CANARY,UNMAPPED,,,,,,,0.0875,,,,,,,data_unavailable,inventory_snapshot_missing_or_empty
,85098B,BLUE FLYING SINGING CANARY,UNMAPPED,,,,,,,0.0875,,,,,,,data_unavailable,inventory_snapshot_missing_or_empty
,85099B,JUMBO BAG RED RETROSPOT,UNMAPPED,,,,,,,18.5187,,,,,,,data_unavailable,inventory_snapshot_missing_or_empty
,85099C,JUMBO BAG BAROQUE BLACK WHITE,UNMAPPED,,,,,,,13.0628,,,,,,,data_unavailable,inventory_snapshot_missing_or_empty
,85099F,JUMBO BAG STRAWBERRY,UNMAPPED,,,,,,,8.5787,,,,,,,data_unavailable,inventory_snapshot_missing_or_empty
,85103,SILVER T-LIGHT SETTING,UNMAPPED,,,,,,,0.0875,,,,,,,data_unavailable,inventory_snapshot_missing_or_empty
,85104,SILVER GLASS T-LIGHT SET,UNMAPPED,,,,,,,0.1892,,,,,,,data_unavailable,inventory_snapshot_missing_or_empty
,85106,CUT GLASS HEXAGON T-LIGHT HOLDER,UNMAPPED,,,,,,,0.1902,,,,,,,data_unavailable,inventory_snapshot_missing_or_empty
,85107,CUT GLASS T-LIGHT HOLDER OCTAGON,UNMAPPED,,,,,,,1.7670,,,,,,,data_unavailable,inventory_snapshot_missing_or_empty
,85111,SILVER GLITTER FLOWER VOTIVE HOLDER,UNMAPPED,,,,,,,0.7452,,,,,,,data_unavailable,inventory_snapshot_missing_or_empty
,85113,UNKNOWN,UNMAPPED,,,,,,,0.0875,,,,,,,data_unavailable,inventory_snapshot_missing_or_empty
,85114A,BLACK ENCHANTED FOREST PLACEMAT,UNMAPPED,,,,,,,0.4181,,,,,,,data_unavailable,inventory_snapshot_missing_or_empty
,85114B,IVORY ENCHANTED FOREST PLACEMAT,UNMAPPED,,,,,,,0.6016,,,,,,,data_unavailable,inventory_snapshot_missing_or_empty
,85114C,RED ENCHANTED FOREST PLACEMAT,UNMAPPED,,,,,,,1.7450,,,,,,,data_unavailable,inventory_snapshot_missing_or_empty
,85116,BLACK CANDELABRA T-LIGHT HOLDER,UNMAPPED,,,,,,,0.0875,,,,,,,data_unavailable,inventory_snapshot_missing_or_empty
,85117,NIGHTINGALE COATHOOK WHITE,UNMAPPED,,,,,,,0.0875,,,,,,,data_unavailable,inventory_snapshot_missing_or_empty
,85118,HEART T-LIGHT HOLDER,UNMAPPED,,,,,,,0.0875,,,,,,,data_unavailable,inventory_snapshot_missing_or_empty
,85119,WATERING CAN SINGLE HOOK PISTACHIO,UNMAPPED,,,,,,,0.0875,,,,,,,data_unavailable,inventory_snapshot_missing_or_empty
,85121B,UNKNOWN,UNMAPPED,,,,,,,0.0875,,,,,,,data_unavailable,inventory_snapshot_missing_or_empty
,85121C,RETRO LAUNDRY TUB PISTACHIO,UNMAPPED,,,,,,,0.0875,,,,,,,data_unavailable,inventory_snapshot_missing_or_empty
,85123A,CREAM HANGING HEART T-LIGHT HOLDER,UNMAPPED,,,,,,,18.0985,,,,,,,data_unavailable,inventory_snapshot_missing_or_empty
,85124A,UNKNOWN,UNMAPPED,,,,,,,0.0875,,,,,,,data_unavailable,inventory_snapshot_missing_or_empty
,85124B,BLUE JUICY FRUIT PHOTO FRAME,UNMAPPED,,,,,,,0.1288,,,,,,,data_unavailable,inventory_snapshot_missing_or_empty
,85124C,GREEN JUICY FRUIT PHOTO FRAME,UNMAPPED,,,,,,,0.0875,,,,,,,data_unavailable,inventory_snapshot_missing_or_empty
,85125,SMALL ROUND CUT GLASS CANDLESTICK,UNMAPPED,,,,,,,0.2302,,,,,,,data_unavailable,inventory_snapshot_missing_or_empty
,85126,LARGE ROUND CUTGLASS CANDLESTICK,UNMAPPED,,,,,,,0.0875,,,,,,,data_unavailable,inventory_snapshot_missing_or_empty
,85127,SMALL SQUARE CUT GLASS CANDLESTICK,UNMAPPED,,,,,,,0.3677,,,,,,,data_unavailable,inventory_snapshot_missing_or_empty
,85129A,UNKNOWN,UNMAPPED,,,,,,,0.0875,,,,,,,data_unavailable,inventory_snapshot_missing_or_empty
,85129B,BEADED CRYSTAL HEART GREEN SMALL,UNMAPPED,,,,,,,0.1383,,,,,,,data_unavailable,inventory_snapshot_missing_or_empty
,85129C,BEADED CRYSTAL HEART BLUE SMALL,UNMAPPED,,,,,,,0.0963,,,,,,,data_unavailable,inventory_snapshot_missing_or_empty
,85129D,BEADED CRYSTAL HEART PINK SMALL,UNMAPPED,,,,,,,0.3202,,,,,,,data_unavailable,inventory_snapshot_missing_or_empty
,85130A,BEADED PEARL HEART WHITE LARGE,UNMAPPED,,,,,,,0.0875,,,,,,,data_unavailable,inventory_snapshot_missing_or_empty
,85130B,BEADED CRYSTAL HEART GREEN LARGE,UNMAPPED,,,,,,,0.2182,,,,,,,data_unavailable,inventory_snapshot_missing_or_empty
,85130C,BEADED CRYSTAL HEART BLUE LARGE,UNMAPPED,,,,,,,0.2749,,,,,,,data_unavailable,inventory_snapshot_missing_or_empty
,85130D,BEADED CRYSTAL HEART PINK LARGE,UNMAPPED,,,,,,,0.1964,,,,,,,data_unavailable,inventory_snapshot_missing_or_empty
,85131A,BEADED PEARL HEART WHITE ON STICK,UNMAPPED,,,,,,,0.0881,,,,,,,data_unavailable,inventory_snapshot_missing_or_empty
,85131B,BEADED CRYSTAL HEART GREEN ON STICK,UNMAPPED,,,,,,,0.8768,,,,,,,data_unavailable,inventory_snapshot_missing_or_empty
,85131C,BEADED CRYSTAL HEART BLUE ON STICK,UNMAPPED,,,,,,,0.1113,,,,,,,data_unavailable,inventory_snapshot_missing_or_empty
,85131D,BEADED CRYSTAL HEART PINK ON STICK,UNMAPPED,,,,,,,0.4400,,,,,,,data_unavailable,inventory_snapshot_missing_or_empty
,85132A,CHARLIE + LOLA BISCUITS TINS,UNMAPPED,,,,,,,0.0875,,,,,,,data_unavailable,inventory_snapshot_missing_or_empty
,85132B,CHARLIE AND LOLA TABLE TINS,UNMAPPED,,,,,,,0.0875,,,,,,,data_unavailable,inventory_snapshot_missing_or_empty
,85132C,CHARLIE AND LOLA FIGURES TINS,UNMAPPED,,,,,,,0.0875,,,,,,,data_unavailable,inventory_snapshot_missing_or_empty
,85135A,YELLOW DRAGONFLY HELICOPTER,UNMAPPED,,,,,,,0.2914,,,,,,,data_unavailable,inventory_snapshot_missing_or_empty
,85135B,UNKNOWN,UNMAPPED,,,,,,,0.1403,,,,,,,data_unavailable,inventory_snapshot_missing_or_empty
,85135C,RED DRAGONFLY HELICOPTER,UNMAPPED,,,,,,,0.4286,,,,,,,data_unavailable,inventory_snapshot_missing_or_empty
,85136A,YELLOW SHARK HELICOPTER,UNMAPPED,,,,,,,0.3796,,,,,,,data_unavailable,inventory_snapshot_missing_or_empty
,85136B,BLUE SHARK HELICOPTER,UNMAPPED,,,,,,,0.0875,,,,,,,data_unavailable,inventory_snapshot_missing_or_empty
,85136C,RED SHARK HELICOPTER,UNMAPPED,,,,,,,0.4514,,,,,,,data_unavailable,inventory_snapshot_missing_or_empty
,85141,UNKNOWN,UNMAPPED,,,,,,,0.0875,,,,,,,data_unavailable,inventory_snapshot_missing_or_empty
,85142,JARDIN ETCHED GLASS GINGER JAR,UNMAPPED,,,,,,,0.0875,,,,,,,data_unavailable,inventory_snapshot_missing_or_empty
,85144,JARDIN ETCHED GLASS CHEESE DISH,UNMAPPED,,,,,,,0.0875,,,,,,,data_unavailable,inventory_snapshot_missing_or_empty
,85150,LADIES & GENTLEMEN METAL SIGN,UNMAPPED,,,,,,,5.3843,,,,,,,data_unavailable,inventory_snapshot_missing_or_empty
,85152,HAND OVER THE CHOCOLATE SIGN,UNMAPPED,,,,,,,3.7701,,,,,,,data_unavailable,inventory_snapshot_missing_or_empty
,85159A,"BLACK TEA,COFFEE,SUGAR JARS",UNMAPPED,,,,,,,0.2699,,,,,,,data_unavailable,inventory_snapshot_missing_or_empty
,85159B,"WHITE TEA,COFFEE,SUGAR JARS",UNMAPPED,,,,,,,0.3936,,,,,,,data_unavailable,inventory_snapshot_missing_or_empty
,85160A,WHITE BIRD GARDEN DESIGN MUG,UNMAPPED,,,,,,,0.0875,,,,,,,data_unavailable,inventory_snapshot_missing_or_empty
,85160B,BLACK BIRD GARDEN DESIGN MUG,UNMAPPED,,,,,,,0.1368,,,,,,,data_unavailable,inventory_snapshot_missing_or_empty
,85163A,WHITE BAROQUE WALL CLOCK,UNMAPPED,,,,,,,0.1495,,,,,,,data_unavailable,inventory_snapshot_missing_or_empty
,85163B,BLACK BAROQUE WALL CLOCK,UNMAPPED,,,,,,,0.1539,,,,,,,data_unavailable,inventory_snapshot_missing_or_empty
,85164B,BLACK BAROQUE CUCKOO CLOCK,UNMAPPED,,,,,,,0.0875,,,,,,,data_unavailable,inventory_snapshot_missing_or_empty
,85165,CANDY PINK FRENCH BOUDOIR CLOCK,UNMAPPED,,,,,,,0.0875,,,,,,,data_unavailable,inventory_snapshot_missing_or_empty
,85166B,BLACK METAL BAROQUE PHOTO FRAME,UNMAPPED,,,,,,,0.0875,,,,,,,data_unavailable,inventory_snapshot_missing_or_empty
,85167B,BLACK GRAND BAROQUE PHOTO FRAME,UNMAPPED,,,,,,,0.0875,,,,,,,data_unavailable,inventory_snapshot_missing_or_empty
,85168B,BLACK BAROQUE CARRIAGE CLOCK,UNMAPPED,,,,,,,0.2447,,,,,,,data_unavailable,inventory_snapshot_missing_or_empty
,85169A,IVORY LOVE BIRD CANDLE,UNMAPPED,,,,,,,0.4494,,,,,,,data_unavailable,inventory_snapshot_missing_or_empty
,85169B,BLACK LOVE BIRD CANDLE,UNMAPPED,,,,,,,0.2713,,,,,,,data_unavailable,inventory_snapshot_missing_or_empty
,85169C,EAU DE NIL LOVE BIRD CANDLE,UNMAPPED,,,,,,,0.1329,,,,,,,data_unavailable,inventory_snapshot_missing_or_empty
,85169D,PINK LOVE BIRD CANDLE,UNMAPPED,,,,,,,0.2551,,,,,,,data_unavailable,inventory_snapshot_missing_or_empty
,85170A,UNKNOWN,UNMAPPED,,,,,,,0.0875,,,,,,,data_unavailable,inventory_snapshot_missing_or_empty
,85170B,SET/6 BLACK BIRD T-LIGHT CANDLES,UNMAPPED,,,,,,,0.1467,,,,,,,data_unavailable,inventory_snapshot_missing_or_empty
,85170C,SET/6 EAU DE NIL BIRD T-LIGHTS,UNMAPPED,,,,,,,0.2024,,,,,,,data_unavailable,inventory_snapshot_missing_or_empty
,85170D,SET/6 PINK BIRD T-LIGHT CANDLES,UNMAPPED,,,,,,,0.3262,,,,,,,data_unavailable,inventory_snapshot_missing_or_empty
,85172,HYACINTH BULB T-LIGHT CANDLES,UNMAPPED,,,,,,,0.8412,,,,,,,data_unavailable,inventory_snapshot_missing_or_empty
,85173,SET/6 FROG PRINCE T-LIGHT CANDLES,UNMAPPED,,,,,,,0.4513,,,,,,,data_unavailable,inventory_snapshot_missing_or_empty
,85174,S/4 CACTI CANDLES,UNMAPPED,,,,,,,1.3095,,,,,,,data_unavailable,inventory_snapshot_missing_or_empty
,85175,UNKNOWN,UNMAPPED,,,,,,,2.7168,,,,,,,data_unavailable,inventory_snapshot_missing_or_empty
,85176,SEWING SUSAN 21 NEEDLE SET,UNMAPPED,,,,,,,1.2725,,,,,,,data_unavailable,inventory_snapshot_missing_or_empty
,85177,BASKET OF FLOWERS SEWING KIT,UNMAPPED,,,,,,,0.5901,,,,,,,data_unavailable,inventory_snapshot_missing_or_empty
,85178,VICTORIAN SEWING KIT,UNMAPPED,,,,,,,1.6652,,,,,,,data_unavailable,inventory_snapshot_missing_or_empty
,85179A,GREEN BITTY LIGHT CHAIN,UNMAPPED,,,,,,,1.4346,,,,,,,data_unavailable,inventory_snapshot_missing_or_empty
,85179B,WHITE BITTY LIGHT CHAIN,UNMAPPED,,,,,,,0.0875,,,,,,,data_unavailable,inventory_snapshot_missing_or_empty
,85180A,RED HEARTS LIGHT CHAIN,UNMAPPED,,,,,,,0.1616,,,,,,,data_unavailable,inventory_snapshot_missing_or_empty
,85180B,PINK HEARTS LIGHT CHAIN,UNMAPPED,,,,,,,0.2204,,,,,,,data_unavailable,inventory_snapshot_missing_or_empty
,85183A,CHARLIE & LOLA WASTEPAPER BIN BLUE,UNMAPPED,,,,,,,0.6481,,,,,,,data_unavailable,inventory_snapshot_missing_or_empty
,85183B,CHARLIE & LOLA WASTEPAPER BIN FLORA,UNMAPPED,,,,,,,1.4160,,,,,,,data_unavailable,inventory_snapshot_missing_or_empty
,85184C,SET 4 VALENTINE DECOUPAGE HEART BOX,UNMAPPED,,,,,,,0.7569,,,,,,,data_unavailable,inventory_snapshot_missing_or_empty
,85184D,S/4 BLUE ROUND DECOUPAGE BOXES,UNMAPPED,,,,,,,0.0875,,,,,,,data_unavailable,inventory_snapshot_missing_or_empty
,85185B,PINK HORSE SOCK PUPPET KIT,UNMAPPED,,,,,,,0.4137,,,,,,,data_unavailable,inventory_snapshot_missing_or_empty
,85185D,UNKNOWN,UNMAPPED,,,,,,,0.0875,,,,,,,data_unavailable,inventory_snapshot_missing_or_empty
,85186A,EASTER BUNNY GARLAND OF FLOWERS,UNMAPPED,,,,,,,0.0875,,,,,,,data_unavailable,inventory_snapshot_missing_or_empty
,85186C,BUNNY EGG GARLAND,UNMAPPED,,,,,,,0.0875,,,,,,,data_unavailable,inventory_snapshot_missing_or_empty
,85187,S/12 MINI RABBIT EASTER,UNMAPPED,,,,,,,0.1637,,,,,,,data_unavailable,inventory_snapshot_missing_or_empty
,85188A,GREEN METAL SWINGING BUNNY,UNMAPPED,,,,,,,0.0875,,,,,,,data_unavailable,inventory_snapshot_missing_or_empty
,85188B,PINK METAL SWINGING BUNNY,UNMAPPED,,,,,,,0.0875,,,,,,,data_unavailable,inventory_snapshot_missing_or_empty
,85189,HANGING BUTTERFLY EGG,UNMAPPED,,,,,,,0.0875,,,,,,,data_unavailable,inventory_snapshot_missing_or_empty
,85194L,HANGING SPRING FLOWER EGG LARGE,UNMAPPED,,,,,,,0.1740,,,,,,,data_unavailable,inventory_snapshot_missing_or_empty
,85194S,HANGING SPRING FLOWER EGG SMALL,UNMAPPED,,,,,,,0.9581,,,,,,,data_unavailable,inventory_snapshot_missing_or_empty
,85196,UNKNOWN,UNMAPPED,,,,,,,0.0875,,,,,,,data_unavailable,inventory_snapshot_missing_or_empty
,85197,SET OF 12 MINI BUNNIES IN A BUCKET,UNMAPPED,,,,,,,0.0875,,,,,,,data_unavailable,inventory_snapshot_missing_or_empty
,85198,ASSORTED FARMYARD ANIMALS IN BUCKET,UNMAPPED,,,,,,,0.0875,,,,,,,data_unavailable,inventory_snapshot_missing_or_empty
,85199L,LARGE HANGING IVORY & RED WOOD BIRD,UNMAPPED,,,,,,,0.6986,,,,,,,data_unavailable,inventory_snapshot_missing_or_empty
,85199S,SMALL HANGING IVORY/RED WOOD BIRD,UNMAPPED,,,,,,,10.8653,,,,,,,data_unavailable,inventory_snapshot_missing_or_empty
,85200,UNKNOWN,UNMAPPED,,,,,,,0.0875,,,,,,,data_unavailable,inventory_snapshot_missing_or_empty
,85202,HANGING WOOD AND FELT HEART,UNMAPPED,,,,,,,0.5053,,,,,,,data_unavailable,inventory_snapshot_missing_or_empty
,85203,HANGING WOOD AND FELT BUTTERFLY,UNMAPPED,,,,,,,0.6501,,,,,,,data_unavailable,inventory_snapshot_missing_or_empty
,85204,HANGING WOOD AND FELT FLOWER,UNMAPPED,,,,,,,1.2132,,,,,,,data_unavailable,inventory_snapshot_missing_or_empty
,85205B,PINK FELT EASTER RABBIT GARLAND,UNMAPPED,,,,,,,0.0875,,,,,,,data_unavailable,inventory_snapshot_missing_or_empty
,85206A,UNKNOWN,UNMAPPED,,,,,,,0.0875,,,,,,,data_unavailable,inventory_snapshot_missing_or_empty
,85206B,PINK FELT EASTER EGG BASKET,UNMAPPED,,,,,,,0.0875,,,,,,,data_unavailable,inventory_snapshot_missing_or_empty
,85208,SET/12 FUNKY FELT FLOWER PEG IN BAG,UNMAPPED,,,,,,,0.1156,,,,,,,data_unavailable,inventory_snapshot_missing_or_empty
,85211,UNKNOWN,UNMAPPED,,,,,,,0.0875,,,,,,,data_unavailable,inventory_snapshot_missing_or_empty
,85212,MINI PAINTED GARDEN DECORATION,UNMAPPED,,,,,,,0.6475,,,,,,,data_unavailable,inventory_snapshot_missing_or_empty
,85213,MINI ZINC GARDEN DECORATIONS,UNMAPPED,,,,,,,0.0875,,,,,,,data_unavailable,inventory_snapshot_missing_or_empty
,85214,UNKNOWN,UNMAPPED,,,,,,,0.0875,,,,,,,data_unavailable,inventory_snapshot_missing_or_empty
,85215,ASSORTED CHEESE FRIDGE MAGNETS,UNMAPPED,,,,,,,0.0875,,,,,,,data_unavailable,inventory_snapshot_missing_or_empty
,85216,ASSORTED CAKES FRIDGE MAGNETS,UNMAPPED,,,,,,,0.0996,,,,,,,data_unavailable,inventory_snapshot_missing_or_empty
,85217,UNKNOWN,UNMAPPED,,,,,,,0.0875,,,,,,,data_unavailable,inventory_snapshot_missing_or_empty
,85221,ASSORTED COLOUR SILK COIN PURSE,UNMAPPED,,,,,,,0.0875,,,,,,,data_unavailable,inventory_snapshot_missing_or_empty
,85222,UNKNOWN,UNMAPPED,,,,,,,0.0875,,,,,,,data_unavailable,inventory_snapshot_missing_or_empty
,85224,ASSORTED COLOUR SILK GLASSES CASE,UNMAPPED,,,,,,,0.0875,,,,,,,data_unavailable,inventory_snapshot_missing_or_empty
,85226A,UNKNOWN,UNMAPPED,,,,,,,0.0875,,,,,,,data_unavailable,inventory_snapshot_missing_or_empty
,85226C,BLUE PULL BACK RACING CAR,UNMAPPED,,,,,,,0.0875,,,,,,,data_unavailable,inventory_snapshot_missing_or_empty
,85227,SET OF 6 3D KIT CARDS FOR KIDS,UNMAPPED,,,,,,,4.8402,,,,,,,data_unavailable,inventory_snapshot_missing_or_empty
,85230A,OPIUM SCENTED VOTIVE CANDLE,UNMAPPED,,,,,,,0.3546,,,,,,,data_unavailable,inventory_snapshot_missing_or_empty
,85230B,CINNAMON SCENTED VOTIVE CANDLE,UNMAPPED,,,,,,,1.1123,,,,,,,data_unavailable,inventory_snapshot_missing_or_empty
,85230E,STRAWBRY SCENTED VOTIVE CANDLE,UNMAPPED,,,,,,,0.0875,,,,,,,data_unavailable,inventory_snapshot_missing_or_empty
,85230F,JASMINE VOTIVE CANDLE,UNMAPPED,,,,,,,0.1107,,,,,,,data_unavailable,inventory_snapshot_missing_or_empty
,85230G,ORANGE VOTIVE CANDLE,UNMAPPED,,,,,,,0.3713,,,,,,,data_unavailable,inventory_snapshot_missing_or_empty
,85231B,CINAMMON SET OF 9 T-LIGHTS,UNMAPPED,,,,,,,1.7770,,,,,,,data_unavailable,inventory_snapshot_missing_or_empty
,85231E,STRAWBERRY SCENTED SET/9 T-LIGHTS,UNMAPPED,,,,,,,0.0875,,,,,,,data_unavailable,inventory_snapshot_missing_or_empty
,85231G,amazon,UNMAPPED,,,,,,,0.1084,,,,,,,data_unavailable,inventory_snapshot_missing_or_empty
,85231L,UNKNOWN,UNMAPPED,,,,,,,0.0875,,,,,,,data_unavailable,inventory_snapshot_missing_or_empty
,85232A,SET/3 POLKADOT STACKING TINS,UNMAPPED,,,,,,,0.0875,,,,,,,data_unavailable,inventory_snapshot_missing_or_empty
,85232B,UNKNOWN,UNMAPPED,,,,,,,0.0875,,,,,,,data_unavailable,inventory_snapshot_missing_or_empty
,85232D,SET/3 DECOUPAGE STACKING TINS,UNMAPPED,,,,,,,0.5211,,,,,,,data_unavailable,inventory_snapshot_missing_or_empty
,90000D,COPPER/OLIVE GREEN FLOWER NECKLACE,UNMAPPED,,,,,,,0.1189,,,,,,,data_unavailable,inventory_snapshot_missing_or_empty
,90002D,FLOWER BURST SILVER RING CRYSTAL,UNMAPPED,,,,,,,0.0875,,,,,,,data_unavailable,inventory_snapshot_missing_or_empty
,90005A,JADE GREEN ENAMEL HAIR COMB,UNMAPPED,,,,,,,0.0875,,,,,,,data_unavailable,inventory_snapshot_missing_or_empty
,90010B,BLACK/WHITE GLASS/SILVER BRACELET,UNMAPPED,,,,,,,0.0875,,,,,,,data_unavailable,inventory_snapshot_missing_or_empty
,90010E,AMBER GLASS/SILVER BRACELET,UNMAPPED,,,,,,,0.1477,,,,,,,data_unavailable,inventory_snapshot_missing_or_empty
,90013A,MIDNIGHT BLUE VINTAGE EARRINGS,UNMAPPED,,,,,,,0.1377,,,,,,,data_unavailable,inventory_snapshot_missing_or_empty
,90013B,BLACK VINTAGE EARRINGS,UNMAPPED,,,,,,,0.3146,,,,,,,data_unavailable,inventory_snapshot_missing_or_empty
,90013C,GREEN VINTAGE EARRINGS,UNMAPPED,,,,,,,0.2257,,,,,,,data_unavailable,inventory_snapshot_missing_or_empty
,90014A,SILVER M.O.P. ORBIT NECKLACE,UNMAPPED,,,,,,,0.1045,,,,,,,data_unavailable,inventory_snapshot_missing_or_empty
,90018A,SILVER M.O.P ORBIT DROP EARRINGS,UNMAPPED,,,,,,,0.2832,,,,,,,data_unavailable,inventory_snapshot_missing_or_empty
,90019A,SILVER M.O.P ORBIT BRACELET,UNMAPPED,,,,,,,0.1563,,,,,,,data_unavailable,inventory_snapshot_missing_or_empty
,90019C,SILVER BLACK ORBIT BRACELET,UNMAPPED,,,,,,,0.1276,,,,,,,data_unavailable,inventory_snapshot_missing_or_empty
,90040A,MURANO STYLE GLASS BRACELET RED,UNMAPPED,,,,,,,0.0875,,,,,,,data_unavailable,inventory_snapshot_missing_or_empty
,90040B,MURANO STYLE GLASS BRACELET BLACK,UNMAPPED,,,,,,,0.0875,,,,,,,data_unavailable,inventory_snapshot_missing_or_empty
,90042A,FRESHWATER PEARL BRACELET GOLD,UNMAPPED,,,,,,,0.0875,,,,,,,data_unavailable,inventory_snapshot_missing_or_empty
,90059A,DIAMANTE HAIR GRIP PACK/2 CRYSTAL,UNMAPPED,,,,,,,0.2325,,,,,,,data_unavailable,inventory_snapshot_missing_or_empty
,90059D,DIAMANTE HAIR GRIP PACK/2 PERIDOT,UNMAPPED,,,,,,,0.1169,,,,,,,data_unavailable,inventory_snapshot_missing_or_empty
,90062,CARNIVAL BRACELET,UNMAPPED,,,,,,,0.0875,,,,,,,data_unavailable,inventory_snapshot_missing_or_empty
,90070,RUBY GLASS CLUSTER BRACELET,UNMAPPED,,,,,,,0.1213,,,,,,,data_unavailable,inventory_snapshot_missing_or_empty
,90071,RUBY GLASS CLUSTER EARRINGS,UNMAPPED,,,,,,,0.2117,,,,,,,data_unavailable,inventory_snapshot_missing_or_empty
,90073,VINTAGE ENAMEL & CRYSTAL EARRINGS,UNMAPPED,,,,,,,0.1434,,,,,,,data_unavailable,inventory_snapshot_missing_or_empty
,90081C,LILY BROOCH OLIVE COLOUR,UNMAPPED,,,,,,,0.1725,,,,,,,data_unavailable,inventory_snapshot_missing_or_empty
,90082D,DIAMANTE BOW BROOCH BLACK COLOUR,UNMAPPED,,,,,,,0.1172,,,,,,,data_unavailable,inventory_snapshot_missing_or_empty
,90086,CRYSTAL FROG PHONE CHARM,UNMAPPED,,,,,,,0.3672,,,,,,,data_unavailable,inventory_snapshot_missing_or_empty
,90087,CRYSTAL SEA HORSE PHONE CHARM,UNMAPPED,,,,,,,0.3159,,,,,,,data_unavailable,inventory_snapshot_missing_or_empty
,90094,NECKLACE+BRACELET SET FRUIT SALAD,UNMAPPED,,,,,,,0.1791,,,,,,,data_unavailable,inventory_snapshot_missing_or_empty
,90096,NECKLACE+BRACELET SET BLUE BLOSSOM,UNMAPPED,,,,,,,0.1049,,,,,,,data_unavailable,inventory_snapshot_missing_or_empty
,90098,NECKLACE+BRACELET PINK BUTTERFLY,UNMAPPED,,,,,,,0.1495,,,,,,,data_unavailable,inventory_snapshot_missing_or_empty
,90104,UNKNOWN,UNMAPPED,,,,,,,0.0875,,,,,,,data_unavailable,inventory_snapshot_missing_or_empty
,90114,SUMMER DAISIES BAG CHARM,UNMAPPED,,,,,,,0.3760,,,,,,,data_unavailable,inventory_snapshot_missing_or_empty
,90115,SUMMER BUTTERFLIES BAG CHARM,UNMAPPED,,,,,,,0.0875,,,,,,,data_unavailable,inventory_snapshot_missing_or_empty
,90116,FRUIT SALAD BAG CHARM,UNMAPPED,,,,,,,0.2841,,,,,,,data_unavailable,inventory_snapshot_missing_or_empty
,90119,METALIC LEAVES BAG CHARMS,UNMAPPED,,,,,,,0.4776,,,,,,,data_unavailable,inventory_snapshot_missing_or_empty
,90120A,PINK MURANO TWIST BRACELET,UNMAPPED,,,,,,,0.0875,,,,,,,data_unavailable,inventory_snapshot_missing_or_empty
,90120B,BLUE MURANO TWIST BRACELET,UNMAPPED,,,,,,,0.1474,,,,,,,data_unavailable,inventory_snapshot_missing_or_empty
,90120C,GREEN MURANO TWIST BRACELET,UNMAPPED,,,,,,,0.1390,,,,,,,data_unavailable,inventory_snapshot_missing_or_empty
,90120D,WHITE MURANO TWIST BRACELET,UNMAPPED,,,,,,,0.0875,,,,,,,data_unavailable,inventory_snapshot_missing_or_empty
,90125D,PURPLE BERTIE GLASS BEAD BAG CHARM,UNMAPPED,,,,,,,0.0875,,,,,,,data_unavailable,inventory_snapshot_missing_or_empty
,90129A,PINK GLASS TASSLE BAG CHARM,UNMAPPED,,,,,,,0.0875,,,,,,,data_unavailable,inventory_snapshot_missing_or_empty
,90129B,TURQUOISE GLASS TASSLE BAG CHARM,UNMAPPED,,,,,,,0.1583,,,,,,,data_unavailable,inventory_snapshot_missing_or_empty
,90129C,GREEN GLASS TASSLE BAG CHARM,UNMAPPED,,,,,,,0.1056,,,,,,,data_unavailable,inventory_snapshot_missing_or_empty
,90129D,AMBER GLASS TASSLE BAG CHARM,UNMAPPED,,,,,,,0.0875,,,,,,,data_unavailable,inventory_snapshot_missing_or_empty
,90129E,PURPLE GLASS TASSLE BAG CHARM,UNMAPPED,,,,,,,0.1369,,,,,,,data_unavailable,inventory_snapshot_missing_or_empty
,90129F,RED GLASS TASSLE BAG CHARM,UNMAPPED,,,,,,,0.1369,,,,,,,data_unavailable,inventory_snapshot_missing_or_empty
,90130B,TURQ STONE/CRYSTAL EARRINGS,UNMAPPED,,,,,,,0.2886,,,,,,,data_unavailable,inventory_snapshot_missing_or_empty
,90134,OLD ROSE COMBO BEAD NECKLACE,UNMAPPED,,,,,,,0.2167,,,,,,,data_unavailable,inventory_snapshot_missing_or_empty
,90143,SILVER BRACELET W PASTEL FLOWER,UNMAPPED,,,,,,,0.1120,,,,,,,data_unavailable,inventory_snapshot_missing_or_empty
,90144,SILVER DROP EARRINGS WITH FLOWER,UNMAPPED,,,,,,,0.1468,,,,,,,data_unavailable,inventory_snapshot_missing_or_empty
,90145,SILVER HOOP EARRINGS WITH FLOWER,UNMAPPED,,,,,,,0.1557,,,,,,,data_unavailable,inventory_snapshot_missing_or_empty
,90147,CHUNKY SILVER NECKLACE PASTEL FLOWE,UNMAPPED,,,,,,,0.1746,,,,,,,data_unavailable,inventory_snapshot_missing_or_empty
,90158,ST TROPEZ NECKLACE,UNMAPPED,,,,,,,0.1878,,,,,,,data_unavailable,inventory_snapshot_missing_or_empty
,90160C,TURQ+RED BOUDICCA LARGE BRACELET,UNMAPPED,,,,,,,0.1986,,,,,,,data_unavailable,inventory_snapshot_missing_or_empty
,90161A,ANT COPPER RED BOUDICCA BRACELET,UNMAPPED,,,,,,,0.1205,,,,,,,data_unavailable,inventory_snapshot_missing_or_empty
,90161B,ANT COPPER TURQ BOUDICCA BRACELET,UNMAPPED,,,,,,,0.2856,,,,,,,data_unavailable,inventory_snapshot_missing_or_empty
,90161C,ANT COPPER LIME BOUDICCA BRACELET,UNMAPPED,,,,,,,0.3641,,,,,,,data_unavailable,inventory_snapshot_missing_or_empty
,90161D,ANT COPPER PINK BOUDICCA BRACELET,UNMAPPED,,,,,,,0.2347,,,,,,,data_unavailable,inventory_snapshot_missing_or_empty
,90164B,WHITE ROSEBUD PEARL BRACELET,UNMAPPED,,,,,,,0.3161,,,,,,,data_unavailable,inventory_snapshot_missing_or_empty
,90167,UNKNOWN,UNMAPPED,,,,,,,0.0875,,,,,,,data_unavailable,inventory_snapshot_missing_or_empty
,90170,DAISY HAIR BAND,UNMAPPED,,,,,,,0.4008,,,,,,,data_unavailable,inventory_snapshot_missing_or_empty
,90173,PAIR BUTTERFLY HAIR CLIPS,UNMAPPED,,,,,,,0.0875,,,,,,,data_unavailable,inventory_snapshot_missing_or_empty
,90175A,WHITE GLASS CHUNKY CHARM BRACELET,UNMAPPED,,,,,,,0.1403,,,,,,,data_unavailable,inventory_snapshot_missing_or_empty
,90175D,TIGRIS EYE CHUNKY CHARM BRACELET,UNMAPPED,,,,,,,0.1991,,,,,,,data_unavailable,inventory_snapshot_missing_or_empty
,90184B,AMETHYST CHUNKY BEAD BRACELET W STR,UNMAPPED,,,,,,,0.2454,,,,,,,data_unavailable,inventory_snapshot_missing_or_empty
,90184C,BLACK CHUNKY BEAD BRACELET W STRAP,UNMAPPED,,,,,,,0.1382,,,,,,,data_unavailable,inventory_snapshot_missing_or_empty
,90185D,CRYSTAL DIAMANTE EXPANDABLE RING,UNMAPPED,,,,,,,0.0875,,,,,,,data_unavailable,inventory_snapshot_missing_or_empty
,90186A,AMETHYST HOOP EARRING FLORAL LEAF,UNMAPPED,,,,,,,0.1150,,,,,,,data_unavailable,inventory_snapshot_missing_or_empty
,90192,JADE DROP EARRINGS W FILIGREE,UNMAPPED,,,,,,,0.2477,,,,,,,data_unavailable,inventory_snapshot_missing_or_empty
,90195A,PURPLE GEMSTONE BRACELET,UNMAPPED,,,,,,,0.1305,,,,,,,data_unavailable,inventory_snapshot_missing_or_empty
,90197B,BLACK GLASS BRACELET W HEART CHARMS,UNMAPPED,,,,,,,0.2421,,,,,,,data_unavailable,inventory_snapshot_missing_or_empty
,90198A,VINTAGE ROSE BEAD BRACELET RASPBERR,UNMAPPED,,,,,,,0.3996,,,,,,,data_unavailable,inventory_snapshot_missing_or_empty
,90198B,VINTAGE ROSE BEAD BRACELET BLACK,UNMAPPED,,,,,,,0.1646,,,,,,,data_unavailable,inventory_snapshot_missing_or_empty
,90200A,PURPLE SWEETHEART BRACELET,UNMAPPED,,,,,,,0.3622,,,,,,,data_unavailable,inventory_snapshot_missing_or_empty
,90200B,BLACK SWEETHEART BRACELET,UNMAPPED,,,,,,,0.2235,,,,,,,data_unavailable,inventory_snapshot_missing_or_empty
,90200C,BLUE SWEETHEART BRACELET,UNMAPPED,,,,,,,0.0875,,,,,,,data_unavailable,inventory_snapshot_missing_or_empty
,90200D,PINK SWEETHEART BRACELET,UNMAPPED,,,,,,,0.4384,,,,,,,data_unavailable,inventory_snapshot_missing_or_empty
,90200E,GREEN SWEETHEART BRACELET,UNMAPPED,,,,,,,0.3283,,,,,,,data_unavailable,inventory_snapshot_missing_or_empty
,90201A,PURPLE ENAMEL FLOWER RING,UNMAPPED,,,,,,,0.1206,,,,,,,data_unavailable,inventory_snapshot_missing_or_empty
,90201B,BLACK ENAMEL FLOWER RING,UNMAPPED,,,,,,,0.1518,,,,,,,data_unavailable,inventory_snapshot_missing_or_empty
,90201C,RED ENAMEL FLOWER RING,UNMAPPED,,,,,,,0.1015,,,,,,,data_unavailable,inventory_snapshot_missing_or_empty
,90201D,GREEN ENAMEL FLOWER RING,UNMAPPED,,,,,,,0.1685,,,,,,,data_unavailable,inventory_snapshot_missing_or_empty
,90203,UNKNOWN,UNMAPPED,,,,,,,0.0875,,,,,,,data_unavailable,inventory_snapshot_missing_or_empty
,90204,PAIR OF ENAMEL BUTTERFLY HAIRCLIP,UNMAPPED,,,,,,,0.1940,,,,,,,data_unavailable,inventory_snapshot_missing_or_empty
,90206C,CRYSTAL DIAMANTE STAR BROOCH,UNMAPPED,,,,,,,0.2693,,,,,,,data_unavailable,inventory_snapshot_missing_or_empty
,90208,PAIR OF PINK FLOWER CLUSTER SLIDE,UNMAPPED,,,,,,,0.2852,,,,,,,data_unavailable,inventory_snapshot_missing_or_empty
,90209B,UNKNOWN,UNMAPPED,,,,,,,0.0875,,,,,,,data_unavailable,inventory_snapshot_missing_or_empty
,90209C,PINK ENAMEL+GLASS HAIR COMB,UNMAPPED,,,,,,,0.0885,,,,,,,data_unavailable,inventory_snapshot_missing_or_empty
,90214A,"LETTER ""A"" BLING KEY RING",UNMAPPED,,,,,,,0.2715,,,,,,,data_unavailable,inventory_snapshot_missing_or_empty
,90214B,"LETTER ""B"" BLING KEY RING",UNMAPPED,,,,,,,0.1511,,,,,,,data_unavailable,inventory_snapshot_missing_or_empty
,90214C,"LETTER ""C"" BLING KEY RING",UNMAPPED,,,,,,,0.2364,,,,,,,data_unavailable,inventory_snapshot_missing_or_empty
,90214D,"LETTER ""D"" BLING KEY RING",UNMAPPED,,,,,,,0.1967,,,,,,,data_unavailable,inventory_snapshot_missing_or_empty
,90214E,"LETTER ""E"" BLING KEY RING",UNMAPPED,,,,,,,0.1974,,,,,,,data_unavailable,inventory_snapshot_missing_or_empty
,90214G,"LETTER ""G"" BLING KEY RING",UNMAPPED,,,,,,,0.2029,,,,,,,data_unavailable,inventory_snapshot_missing_or_empty
,90214H,"LETTER ""H"" BLING KEY RING",UNMAPPED,,,,,,,0.2075,,,,,,,data_unavailable,inventory_snapshot_missing_or_empty
,90214J,"LETTER ""J"" BLING KEY RING",UNMAPPED,,,,,,,0.1915,,,,,,,data_unavailable,inventory_snapshot_missing_or_empty
,90214K,"LETTER ""K"" BLING KEY RING",UNMAPPED,,,,,,,0.2123,,,,,,,data_unavailable,inventory_snapshot_missing_or_empty
,90214L,"LETTER ""L"" BLING KEY RING",UNMAPPED,,,,,,,0.1930,,,,,,,data_unavailable,inventory_snapshot_missing_or_empty
,90214M,"LETTER ""M"" BLING KEY RING",UNMAPPED,,,,,,,0.1738,,,,,,,data_unavailable,inventory_snapshot_missing_or_empty
,90214N,"LETTER ""N"" BLING KEY RING",UNMAPPED,,,,,,,0.2197,,,,,,,data_unavailable,inventory_snapshot_missing_or_empty
,90214P,"LETTER ""P"" BLING KEY RING",UNMAPPED,,,,,,,0.1746,,,,,,,data_unavailable,inventory_snapshot_missing_or_empty
,90214R,"LETTER ""R"" BLING KEY RING",UNMAPPED,,,,,,,0.1568,,,,,,,data_unavailable,inventory_snapshot_missing_or_empty
,90214S,"LETTER ""S"" BLING KEY RING",UNMAPPED,,,,,,,0.2084,,,,,,,data_unavailable,inventory_snapshot_missing_or_empty
,C2,CARRIAGE,UNMAPPED,,,,,,,0.6943,,,,,,,data_unavailable,inventory_snapshot_missing_or_empty
,DOT,DOTCOM POSTAGE,UNMAPPED,,,,,,,1.2772,,,,,,,data_unavailable,inventory_snapshot_missing_or_empty
,M,Manual,UNMAPPED,,,,,,,3.7137,,,,,,,data_unavailable,inventory_snapshot_missing_or_empty
,POST,POSTAGE,UNMAPPED,,,,,,,10.1267,,,,,,,data_unavailable,inventory_snapshot_missing_or_empty
