snapshot_date,sku_id,description,location_count,supplier_ids,on_hand_quantity,on_order_quantity,reserved_quantity,inventory_position_units,avg_daily_demand_units,daily_demand_stddev_units,supplier_lead_time_days,service_level,z_score,safety_stock_units,reorder_point_units,target_stock_units,review_period_days,recommended_reorder_quantity,recommendation_status
2011-12-09,10002,INFLATABLE POLITICAL GLOBE,1,SIM-SUP-05,1.0000,0.0000,0.0000,1.0000,0.0000,0.0000,3,95.00%,1.6449,0.0000,0.0000,0.0000,7,0,no_order_required
2011-12-09,10120,DOGGY RUBBER,1,SIM-SUP-02,3.0000,0.0000,0.0000,3.0000,0.6071,1.6763,3,95.00%,1.6449,4.7757,6.5971,10.8471,7,8,reorder_now
2011-12-09,10123C,HEARTS WRAPPING TAPE,1,SIM-SUP-11,1.0000,0.0000,0.0000,1.0000,0.0000,0.0000,7,95.00%,1.6449,0.0000,0.0000,0.0000,7,0,no_order_required
2011-12-09,10125,MINI FUNKY DESIGN TAPES,1,SIM-SUP-02,3.0000,0.0000,0.0000,3.0000,3.0714,11.6064,14,95.00%,1.6449,71.4315,114.4315,135.9315,7,133,reorder_now
2011-12-09,10133,COLOURING PENCILS BROWN TUBE,1,SIM-SUP-08,1.0000,1.0000,0.0000,2.0000,0.0000,0.0000,14,95.00%,1.6449,0.0000,0.0000,0.0000,7,0,no_order_required
2011-12-09,10134,COLOURING PENCILS BROWN TUBE,1,SIM-SUP-06,1.0000,0.0000,0.0000,1.0000,0.0000,0.0000,14,95.00%,1.6449,0.0000,0.0000,0.0000,7,0,no_order_required
2011-12-09,10135,COLOURING PENCILS BROWN TUBE,1,SIM-SUP-10,43.0000,0.0000,4.0000,39.0000,6.1429,9.7347,5,95.00%,1.6449,35.8044,66.5187,109.5187,7,71,reorder_now
2011-12-09,11001,ASSTD DESIGN RACING CAR PEN,1,SIM-SUP-02,14.0000,1.0000,2.0000,13.0000,3.5714,6.1958,5,95.00%,1.6449,22.7881,40.6453,65.6453,7,53,reorder_now
2011-12-09,15034,PAPER POCKET TRAVELING FAN,1,SIM-SUP-11,10.0000,0.0000,1.0000,9.0000,5.7857,12.1607,3,95.00%,1.6449,34.6455,52.0026,92.5026,7,84,reorder_now
2011-12-09,15036,ASSORTED COLOURS SILK FAN,1,SIM-SUP-02,72.0000,0.0000,5.0000,67.0000,18.6429,30.6375,5,95.00%,1.6449,112.6850,205.8993,336.3993,7,270,reorder_now
2011-12-09,15039,SANDALWOOD FAN,1,SIM-SUP-03,23.0000,0.0000,3.0000,20.0000,5.5357,13.2678,7,95.00%,1.6449,57.7398,96.4898,135.2398,7,116,reorder_now
2011-12-09,15044A,PINK PAPER PARASOL,1,SIM-SUP-06,12.0000,3.0000,2.0000,13.0000,1.2143,3.4985,10,95.00%,1.6449,18.1976,30.3405,38.8405,7,26,reorder_now
2011-12-09,15044B,BLUE PAPER PARASOL,1,SIM-SUP-09,2.0000,0.0000,0.0000,2.0000,0.0000,0.0000,14,95.00%,1.6449,0.0000,0.0000,0.0000,7,0,no_order_required
2011-12-09,15044C,PURPLE PAPER PARASOL,1,SIM-SUP-09,7.0000,1.0000,0.0000,8.0000,0.5714,1.3477,10,95.00%,1.6449,7.0101,12.7244,16.7244,7,9,reorder_now
2011-12-09,15044D,RED PAPER PARASOL,1,SIM-SUP-04,8.0000,0.0000,0.0000,8.0000,0.8571,1.8461,7,95.00%,1.6449,8.0341,14.0341,20.0341,7,13,reorder_now
2011-12-09,15056BL,EDWARDIAN PARASOL BLACK,1,SIM-SUP-05,23.0000,2.0000,2.0000,23.0000,6.5000,11.4033,3,95.00%,1.6449,32.4877,51.9877,97.4877,7,75,reorder_now
2011-12-09,15056N,EDWARDIAN PARASOL NATURAL,1,SIM-SUP-11,19.0000,0.0000,2.0000,17.0000,7.5714,14.5809,7,95.00%,1.6449,63.4541,116.4541,169.4541,7,153,reorder_now
2011-12-09,15056P,EDWARDIAN PARASOL PINK,1,SIM-SUP-06,7.0000,0.0000,1.0000,6.0000,3.1786,9.2969,5,95.00%,1.6449,34.1940,50.0869,72.3369,7,67,reorder_now
2011-12-09,15058A,BLUE POLKADOT GARDEN PARASOL,1,SIM-SUP-05,4.0000,1.0000,0.0000,5.0000,0.0714,0.3712,10,95.00%,1.6449,1.9306,2.6448,3.1448,7,0,no_order_required
2011-12-09,15058B,PINK POLKADOT GARDEN PARASOL,1,SIM-SUP-03,0.0000,0.0000,0.0000,0.0000,0.0357,0.1856,3,95.00%,1.6449,0.5287,0.6358,0.8858,7,1,reorder_now
2011-12-09,15058C,ICE CREAM DESIGN GARDEN PARASOL,1,SIM-SUP-08,4.0000,1.0000,0.0000,5.0000,0.0714,0.2575,14,95.00%,1.6449,1.5850,2.5850,3.0850,7,0,no_order_required
2011-12-09,15060B,FAIRY CAKE DESIGN UMBRELLA,1,SIM-SUP-11,1.0000,0.0000,0.0000,1.0000,1.0000,5.0071,5,95.00%,1.6449,18.4163,23.4163,30.4163,7,30,reorder_now
2011-12-09,16008,SMALL FOLDING SCISSOR(POINTED EDGE),1,SIM-SUP-08,65.0000,0.0000,7.0000,58.0000,26.1429,61.3606,7,95.00%,1.6449,267.0335,450.0335,633.0335,7,576,reorder_now
2011-12-09,16011,ANIMAL STICKERS,1,SIM-SUP-11,43.0000,5.0000,6.0000,42.0000,10.3214,22.6354,7,95.00%,1.6449,98.5064,170.7564,243.0064,7,202,reorder_now
2011-12-09,16012,FOOD/DRINK SPONGE STICKERS,1,SIM-SUP-11,18.0000,5.0000,0.0000,23.0000,1.7500,6.1738,14,95.00%,1.6449,37.9967,62.4967,74.7467,7,52,reorder_now
2011-12-09,16014,SMALL CHINESE STYLE SCISSOR,1,SIM-SUP-10,10.0000,0.0000,0.0000,10.0000,23.0357,93.0973,5,95.00%,1.6449,342.4123,457.5908,618.8408,7,609,reorder_now
2011-12-09,16015,MEDIUM CHINESE STYLE SCISSOR,1,SIM-SUP-05,1.0000,0.0000,0.0000,1.0000,0.3571,1.8558,5,95.00%,1.6449,6.8255,8.6112,11.1112,7,11,reorder_now
2011-12-09,16016,LARGE CHINESE STYLE SCISSOR,1,SIM-SUP-04,10.0000,0.0000,1.0000,9.0000,6.7857,14.4057,3,95.00%,1.6449,41.0415,61.3987,108.8987,7,100,reorder_now
2011-12-09,16020C,CLEAR STATIONERY BOX SET,1,SIM-SUP-06,1.0000,0.0000,0.0000,1.0000,0.0000,0.0000,3,95.00%,1.6449,0.0000,0.0000,0.0000,7,0,no_order_required
2011-12-09,16033,UNKNOWN,1,SIM-SUP-04,0.0000,0.0000,0.0000,0.0000,0.0000,0.0000,7,95.00%,1.6449,0.0000,0.0000,0.0000,7,0,no_order_required
2011-12-09,16045,POPART WOODEN PENCILS ASST,1,SIM-SUP-07,86.0000,24.0000,13.0000,97.0000,39.2857,72.4041,14,95.00%,1.6449,445.6092,995.6092,1270.6092,7,1174,reorder_now
2011-12-09,16046,TEATIME PEN CASE & PENS,1,SIM-SUP-01,3.0000,0.0000,0.0000,3.0000,0.0357,0.1856,14,95.00%,1.6449,1.1421,1.6421,1.8921,7,0,no_order_required
2011-12-09,16048,TEATIME ROUND PENCIL SHARPENER,1,SIM-SUP-04,21.0000,0.0000,2.0000,19.0000,2.8571,7.4580,10,95.00%,1.6449,38.7929,67.3643,87.3643,7,69,reorder_now
2011-12-09,16052,TEATIME PUSH DOWN RUBBER,1,SIM-SUP-01,1.0000,0.0000,0.0000,1.0000,0.0000,0.0000,5,95.00%,1.6449,0.0000,0.0000,0.0000,7,0,no_order_required
2011-12-09,16156L,WRAP CAROUSEL,1,SIM-SUP-08,3.0000,0.0000,0.0000,3.0000,1.7857,6.4385,3,95.00%,1.6449,18.3430,23.7002,36.2002,7,34,reorder_now
2011-12-09,16156N,"WRAP, FRIENDSHIP ON GREEN",1,SIM-SUP-04,1.0000,0.0000,0.0000,1.0000,0.0000,0.0000,5,95.00%,1.6449,0.0000,0.0000,0.0000,7,0,no_order_required
2011-12-09,16156S,WRAP PINK FAIRY CAKES,1,SIM-SUP-05,29.0000,25.0000,1.0000,53.0000,12.5000,18.2981,10,95.00%,1.6449,95.1774,220.1774,307.6774,7,255,reorder_now
2011-12-09,16161G,WRAP BAD HAIR DAY,1,SIM-SUP-09,3.0000,1.0000,0.0000,4.0000,1.7857,6.4385,3,95.00%,1.6449,18.3430,23.7002,36.2002,7,33,reorder_now
2011-12-09,16161M,WRAP PINK FLOCK,1,SIM-SUP-06,0.0000,0.0000,0.0000,0.0000,0.0000,0.0000,3,95.00%,1.6449,0.0000,0.0000,0.0000,7,0,no_order_required
2011-12-09,16161P,WRAP ENGLISH ROSE,1,SIM-SUP-04,19.0000,7.0000,3.0000,23.0000,13.3929,21.6322,5,95.00%,1.6449,79.5634,146.5277,240.2777,7,218,reorder_now
2011-12-09,16161U,WRAP SUKI AND FRIENDS,1,SIM-SUP-04,41.0000,0.0000,5.0000,36.0000,8.9286,17.9462,7,95.00%,1.6449,78.0996,140.5996,203.0996,7,168,reorder_now
2011-12-09,16168M,FUNKY MONKEY GIFT BAG MEDIUM,1,SIM-SUP-01,8.0000,0.0000,1.0000,7.0000,1.2857,4.7649,14,95.00%,1.6449,29.3254,47.3254,56.3254,7,50,reorder_now
2011-12-09,16169C,WRAP BLUE REINDEER,1,SIM-SUP-09,2.0000,0.0000,0.0000,2.0000,0.0000,0.0000,7,95.00%,1.6449,0.0000,0.0000,0.0000,7,0,no_order_required
2011-12-09,16169E,WRAP 50'S CHRISTMAS,1,SIM-SUP-10,216.0000,0.0000,13.0000,203.0000,35.7500,34.9823,5,95.00%,1.6449,128.6649,307.4149,557.6649,7,355,reorder_now
2011-12-09,16169K,WRAP FOLK ART,1,SIM-SUP-09,1.0000,0.0000,0.0000,1.0000,0.0000,0.0000,3,95.00%,1.6449,0.0000,0.0000,0.0000,7,0,no_order_required
2011-12-09,16169M,WRAP DAISY CARPET,1,SIM-SUP-08,14.0000,0.0000,1.0000,13.0000,1.7857,6.4385,14,95.00%,1.6449,39.6255,64.6255,77.1255,7,65,reorder_now
2011-12-09,16169N,WRAP BLUE RUSSIAN FOLKART,1,SIM-SUP-02,1.0000,0.0000,0.0000,1.0000,0.0000,0.0000,3,95.00%,1.6449,0.0000,0.0000,0.0000,7,0,no_order_required
2011-12-09,16169P,WRAP GREEN RUSSIAN FOLKART,1,SIM-SUP-06,1.0000,0.0000,0.0000,1.0000,0.0000,0.0000,5,95.00%,1.6449,0.0000,0.0000,0.0000,7,0,no_order_required
2011-12-09,16207A,UNKNOWN,1,SIM-SUP-11,1.0000,0.0000,0.0000,1.0000,0.0357,0.1856,3,95.00%,1.6449,0.5287,0.6358,0.8858,7,0,no_order_required
2011-12-09,16207B,PINK HEART RED HANDBAG,1,SIM-SUP-02,0.0000,0.0000,0.0000,0.0000,0.0000,0.0000,7,95.00%,1.6449,0.0000,0.0000,0.0000,7,0,no_order_required
2011-12-09,16212,UNKNOWN,1,SIM-SUP-03,1.0000,0.0000,0.0000,1.0000,0.0000,0.0000,7,95.00%,1.6449,0.0000,0.0000,0.0000,7,0,no_order_required
2011-12-09,16216,LETTER SHAPE PENCIL SHARPENER,1,SIM-SUP-12,14.0000,0.0000,1.0000,13.0000,16.2143,30.1654,3,95.00%,1.6449,85.9404,134.5833,248.0833,7,236,reorder_now
2011-12-09,16218,CARTOON PENCIL SHARPENERS,1,SIM-SUP-04,21.0000,0.0000,2.0000,19.0000,8.7500,22.3057,10,95.00%,1.6449,116.0228,203.5228,264.7728,7,246,reorder_now
2011-12-09,16219,HOUSE SHAPE PENCIL SHARPENER,1,SIM-SUP-01,29.0000,0.0000,1.0000,28.0000,8.2500,15.4102,7,95.00%,1.6449,67.0631,124.8131,182.5631,7,155,reorder_now
2011-12-09,16225,RATTLE SNAKE EGGS,1,SIM-SUP-05,10.0000,2.0000,0.0000,12.0000,5.8214,11.0520,5,95.00%,1.6449,40.6493,69.7564,110.5064,7,99,reorder_now
2011-12-09,16235,RECYCLED PENCIL WITH RABBIT ERASER,1,SIM-SUP-03,32.0000,8.0000,1.0000,39.0000,8.6071,16.1783,3,95.00%,1.6449,46.0916,71.9130,132.1630,7,94,reorder_now
2011-12-09,16236,KITTY PENCIL ERASERS,1,SIM-SUP-04,18.0000,0.0000,1.0000,17.0000,4.9286,12.0503,3,95.00%,1.6449,34.3309,49.1166,83.6166,7,67,reorder_now
2011-12-09,16237,SLEEPING CAT ERASERS,1,SIM-SUP-04,50.0000,19.0000,2.0000,67.0000,27.3571,38.6664,3,95.00%,1.6449,110.1593,192.2307,383.7307,7,317,reorder_now
2011-12-09,16238,PARTY TIME PENCIL ERASERS,1,SIM-SUP-08,65.0000,0.0000,5.0000,60.0000,6.3571,12.6807,14,95.00%,1.6449,78.0433,167.0433,211.5433,7,152,reorder_now
2011-12-09,16256B,UNKNOWN,1,SIM-SUP-11,2.0000,0.0000,0.0000,2.0000,0.0000,0.0000,14,95.00%,1.6449,0.0000,0.0000,0.0000,7,0,no_order_required
2011-12-09,16258A,SWIRLY CIRCULAR RUBBERS IN BAG,1,SIM-SUP-12,8.0000,0.0000,0.0000,8.0000,6.7143,15.9751,3,95.00%,1.6449,45.5126,65.6555,112.6555,7,105,reorder_now
2011-12-09,16259,PIECE OF CAMO STATIONERY SET,1,SIM-SUP-02,3.0000,0.0000,0.0000,3.0000,0.4286,2.2269,10,95.00%,1.6449,11.5833,15.8690,18.8690,7,16,reorder_now
2011-12-09,17003,BROCADE RING PURSE,1,SIM-SUP-07,255.0000,0.0000,20.0000,235.0000,45.0000,52.2569,14,95.00%,1.6449,321.6141,951.6141,1266.6141,7,1032,reorder_now
2011-12-09,17012A,ORIGAMI VANILLA INCENSE/CANDLE SET,1,SIM-SUP-05,2.0000,0.0000,0.0000,2.0000,0.1786,0.9279,10,95.00%,1.6449,4.8264,6.6121,7.8621,7,6,reorder_now
2011-12-09,17012B,ORIGAMI JASMINE INCENSE/CANDLE SET,1,SIM-SUP-11,1.0000,0.0000,0.0000,1.0000,0.0714,0.2575,7,95.00%,1.6449,1.1208,1.6208,2.1208,7,2,reorder_now
2011-12-09,17012C,ORIGAMI LAVENDER INCENSE/CANDL SET,1,SIM-SUP-03,21.0000,0.0000,0.0000,21.0000,3.1071,6.3095,10,95.00%,1.6449,32.8188,63.8903,85.6403,7,65,reorder_now
2011-12-09,17012D,ORIGAMI ROSE INCENSE/CANDLE SET,1,SIM-SUP-01,39.0000,0.0000,1.0000,38.0000,6.5000,9.5150,14,95.00%,1.6449,58.5600,149.5600,195.0600,7,158,reorder_now
2011-12-09,17012F,ORIGAMI SANDLEWOOD INCENSE/CAND SET,1,SIM-SUP-01,24.0000,13.0000,0.0000,37.0000,5.9643,10.0551,7,95.00%,1.6449,43.7587,85.5087,127.2587,7,91,reorder_now
2011-12-09,17013D,ORIGAMI ROSE INCENSE IN TUBE,1,SIM-SUP-07,1.0000,0.0000,0.0000,1.0000,0.0000,0.0000,5,95.00%,1.6449,0.0000,0.0000,0.0000,7,0,no_order_required
2011-12-09,17021,NAMASTE SWAGAT INCENSE,1,SIM-SUP-07,3.0000,4.0000,0.0000,7.0000,5.1429,15.8514,14,95.00%,1.6449,97.5568,169.5568,205.5568,7,199,reorder_now
2011-12-09,17033,UNKNOWN,1,SIM-SUP-01,1.0000,0.0000,0.0000,1.0000,0.0000,0.0000,5,95.00%,1.6449,0.0000,0.0000,0.0000,7,0,no_order_required
2011-12-09,17038,PORCELAIN BUDAH INCENSE HOLDER,1,SIM-SUP-05,9.0000,0.0000,0.0000,9.0000,3.7500,18.5292,14,95.00%,1.6449,114.0374,166.5374,192.7874,7,184,reorder_now
2011-12-09,17039,INLAID WOOD INCENSE HOLDER,1,SIM-SUP-10,2.0000,0.0000,0.0000,2.0000,0.0000,0.0000,10,95.00%,1.6449,0.0000,0.0000,0.0000,7,0,no_order_required
2011-12-09,17084N,FAIRY DREAMS INCENSE,1,SIM-SUP-03,10.0000,1.0000,1.0000,10.0000,2.7500,7.3903,10,95.00%,1.6449,38.4404,65.9404,85.1904,7,76,reorder_now
2011-12-09,17084P,DRAGONS BLOOD INCENSE,1,SIM-SUP-09,6.0000,0.0000,1.0000,5.0000,1.3214,5.2783,14,95.00%,1.6449,32.4855,50.9855,60.2355,7,56,reorder_now
2011-12-09,17084R,ASSORTED INCENSE PACK,1,SIM-SUP-01,1.0000,0.0000,0.0000,1.0000,2.5714,13.3615,7,95.00%,1.6449,58.1477,76.1477,94.1477,7,94,reorder_now
2011-12-09,17091A,LAVENDER INCENSE IN TIN,1,SIM-SUP-10,0.0000,1.0000,0.0000,1.0000,0.0000,0.0000,14,95.00%,1.6449,0.0000,0.0000,0.0000,7,0,no_order_required
2011-12-09,17091B,JASMINE TEA INCENSE IN TIN,1,SIM-SUP-09,1.0000,0.0000,0.0000,1.0000,0.0000,0.0000,10,95.00%,1.6449,0.0000,0.0000,0.0000,7,0,no_order_required
2011-12-09,17091J,VANILLA INCENSE IN TIN,1,SIM-SUP-05,24.0000,14.0000,1.0000,37.0000,11.1429,25.7290,10,95.00%,1.6449,133.8288,245.2574,323.2574,7,287,reorder_now
2011-12-09,17096,ASSORTED LAQUERED INCENSE HOLDERS,1,SIM-SUP-12,4.0000,0.0000,1.0000,3.0000,0.0000,0.0000,14,95.00%,1.6449,0.0000,0.0000,0.0000,7,0,no_order_required
2011-12-09,17107D,FLOWER FAIRY 5 DRAWER LINERS,1,SIM-SUP-06,9.0000,0.0000,1.0000,8.0000,0.7143,1.6225,14,95.00%,1.6449,9.9859,19.9859,24.9859,7,17,reorder_now
2011-12-09,17109D,Adjustment,1,SIM-SUP-06,1.0000,0.0000,0.0000,1.0000,0.0000,0.0000,3,95.00%,1.6449,0.0000,0.0000,0.0000,7,0,no_order_required
2011-12-09,17129D,CLEAR COLOUR GLASS GEMS IN BAG,1,SIM-SUP-03,2.0000,0.0000,0.0000,2.0000,0.0000,0.0000,10,95.00%,1.6449,0.0000,0.0000,0.0000,7,0,no_order_required
2011-12-09,17129F,BLUE GLASS GEMS IN BAG,1,SIM-SUP-02,2.0000,0.0000,0.0000,2.0000,0.0357,0.1856,7,95.00%,1.6449,0.8076,1.0576,1.3076,7,0,no_order_required
2011-12-09,17136A,check,1,SIM-SUP-06,3.0000,1.0000,0.0000,4.0000,0.1071,0.5567,10,95.00%,1.6449,2.8958,3.9673,4.7173,7,0,no_order_required
2011-12-09,17164B,ASS COL SMALL SAND GECKO P'WEIGHT,1,SIM-SUP-04,0.0000,0.0000,0.0000,0.0000,0.0000,0.0000,5,95.00%,1.6449,0.0000,0.0000,0.0000,7,0,no_order_required
2011-12-09,17165B,UNKNOWN,1,SIM-SUP-07,2.0000,0.0000,0.0000,2.0000,0.0000,0.0000,10,95.00%,1.6449,0.0000,0.0000,0.0000,7,0,no_order_required
2011-12-09,17165D,UNKNOWN,1,SIM-SUP-04,1.0000,0.0000,0.0000,1.0000,0.0000,0.0000,10,95.00%,1.6449,0.0000,0.0000,0.0000,7,0,no_order_required
2011-12-09,17181,CIRCLE OF FRIENDS CANDLE HOLDER,1,SIM-SUP-12,3.0000,0.0000,0.0000,3.0000,0.0000,0.0000,10,95.00%,1.6449,0.0000,0.0000,0.0000,7,0,no_order_required
2011-12-09,18007,ESSENTIAL BALM 3.5g TIN IN ENVELOPE,1,SIM-SUP-07,2.0000,0.0000,0.0000,2.0000,0.0000,0.0000,7,95.00%,1.6449,0.0000,0.0000,0.0000,7,0,no_order_required
2011-12-09,18094C,WHITE AND BLUE CERAMIC OIL BURNER,1,SIM-SUP-04,2.0000,0.0000,0.0000,2.0000,0.0000,0.0000,7,95.00%,1.6449,0.0000,0.0000,0.0000,7,0,no_order_required
2011-12-09,18097C,WHITE TALL PORCELAIN T-LIGHT HOLDER,1,SIM-SUP-01,4.0000,0.0000,0.0000,4.0000,0.6786,2.1556,10,95.00%,1.6449,11.2124,17.9981,22.7481,7,19,reorder_now
2011-12-09,18098C,PORCELAIN BUTTERFLY OIL BURNER,1,SIM-SUP-12,2.0000,0.0000,0.0000,2.0000,0.0000,0.0000,10,95.00%,1.6449,0.0000,0.0000,0.0000,7,0,no_order_required
2011-12-09,20615,BLUE POLKADOT PASSPORT COVER,1,SIM-SUP-03,8.0000,0.0000,0.0000,8.0000,1.0357,3.7079,5,95.00%,1.6449,13.6378,18.8163,26.0663,7,19,reorder_now
2011-12-09,20616,CHERRY BLOSSOM PASSPORT COVER,1,SIM-SUP-06,3.0000,0.0000,0.0000,3.0000,0.9286,3.7218,3,95.00%,1.6449,10.6034,13.3891,19.8891,7,17,reorder_now
2011-12-09,20617,FIRST CLASS PASSPORT COVER,1,SIM-SUP-02,3.0000,0.0000,0.0000,3.0000,0.1786,0.4670,5,95.00%,1.6449,1.7177,2.6106,3.8606,7,0,no_order_required
2011-12-09,20618,QUEEN OF THE SKIES PASSPORT COVER,1,SIM-SUP-06,3.0000,1.0000,0.0000,4.0000,0.1786,0.4670,10,95.00%,1.6449,2.4292,4.2149,5.4649,7,2,reorder_now
2011-12-09,20619,TROPICAL PASSPORT COVER,1,SIM-SUP-04,5.0000,0.0000,0.0000,5.0000,0.3214,0.5381,7,95.00%,1.6449,2.3417,4.5917,6.8417,7,0,no_order_required
2011-12-09,20621,UNKNOWN,1,SIM-SUP-07,1.0000,0.0000,0.0000,1.0000,0.0000,0.0000,7,95.00%,1.6449,0.0000,0.0000,0.0000,7,0,no_order_required
2011-12-09,20622,VIP PASSPORT COVER,1,SIM-SUP-11,6.0000,0.0000,1.0000,5.0000,0.6071,2.4104,14,95.00%,1.6449,14.8347,23.3347,27.5847,7,23,reorder_now
2011-12-09,20652,BLUE POLKADOT LUGGAGE TAG,1,SIM-SUP-06,9.0000,0.0000,1.0000,8.0000,0.7143,2.2497,10,95.00%,1.6449,11.7019,18.8447,23.8447,7,16,reorder_now
2011-12-09,20653,CHERRY BLOSSOM LUGGAGE TAG,1,SIM-SUP-05,8.0000,1.0000,0.0000,9.0000,0.5357,2.2278,10,95.00%,1.6449,11.5878,16.9449,20.6949,7,12,reorder_now
2011-12-09,20654,FIRST CLASS LUGGAGE TAG,1,SIM-SUP-03,6.0000,0.0000,0.0000,6.0000,0.2500,0.6339,10,95.00%,1.6449,3.2970,5.7970,7.5470,7,0,no_order_required
2011-12-09,20655,QUEEN OF SKIES LUGGAGE TAG,1,SIM-SUP-06,2.0000,0.0000,0.0000,2.0000,0.3571,0.7178,3,95.00%,1.6449,2.0451,3.1166,5.6166,7,4,reorder_now
2011-12-09,20657,TROPICAL LUGGAGE TAG,1,SIM-SUP-08,2.0000,0.0000,0.0000,2.0000,0.0000,0.0000,5,95.00%,1.6449,0.0000,0.0000,0.0000,7,0,no_order_required
2011-12-09,20658,RED RETROSPOT LUGGAGE TAG,1,SIM-SUP-09,1.0000,0.0000,0.0000,1.0000,0.0000,0.0000,3,95.00%,1.6449,0.0000,0.0000,0.0000,7,0,no_order_required
2011-12-09,20659,ECONOMY LUGGAGE TAG,1,SIM-SUP-01,1.0000,0.0000,0.0000,1.0000,0.9643,1.9545,7,95.00%,1.6449,8.5058,15.2558,22.0058,7,22,reorder_now
2011-12-09,20661,BLUE POLKADOT PURSE,1,SIM-SUP-07,2.0000,0.0000,0.0000,2.0000,0.1786,0.3830,10,95.00%,1.6449,1.9921,3.7778,5.0278,7,4,reorder_now
2011-12-09,20662,FIRST CLASS HOLIDAY PURSE,1,SIM-SUP-11,1.0000,0.0000,0.0000,1.0000,0.0000,0.0000,3,95.00%,1.6449,0.0000,0.0000,0.0000,7,0,no_order_required
2011-12-09,20663,QUEEN OF THE SKIES HOLIDAY PURSE,1,SIM-SUP-04,1.0000,0.0000,0.0000,1.0000,0.0000,0.0000,5,95.00%,1.6449,0.0000,0.0000,0.0000,7,0,no_order_required
2011-12-09,20664,TROPICAL HOLIDAY PURSE,1,SIM-SUP-10,1.0000,0.0000,0.0000,1.0000,0.0000,0.0000,5,95.00%,1.6449,0.0000,0.0000,0.0000,7,0,no_order_required
2011-12-09,20665,RED RETROSPOT PURSE,1,SIM-SUP-05,2.0000,0.0000,0.0000,2.0000,0.3929,0.6729,5,95.00%,1.6449,2.4750,4.4392,7.1892,7,6,reorder_now
2011-12-09,20666,ECONOMY HOLIDAY PURSE,1,SIM-SUP-04,1.0000,0.0000,0.0000,1.0000,0.0000,0.0000,10,95.00%,1.6449,0.0000,0.0000,0.0000,7,0,no_order_required
2011-12-09,20668,DISCO BALL CHRISTMAS DECORATION,1,SIM-SUP-01,615.0000,0.0000,32.0000,583.0000,150.3571,206.3120,14,95.00%,1.6449,1269.7431,3374.7431,4427.2431,7,3845,reorder_now
2011-12-09,20669,RED HEART LUGGAGE TAG,1,SIM-SUP-01,6.0000,0.0000,1.0000,5.0000,0.7857,1.1759,10,95.00%,1.6449,6.1162,13.9734,19.4734,7,15,reorder_now
2011-12-09,20670,VIP HOLIDAY PURSE,1,SIM-SUP-06,1.0000,0.0000,0.0000,1.0000,0.0714,0.3712,5,95.00%,1.6449,1.3651,1.7222,2.2222,7,2,reorder_now
2011-12-09,20671,BLUE TEATIME PRINT BOWL,1,SIM-SUP-11,1.0000,0.0000,0.0000,1.0000,0.0000,0.0000,3,95.00%,1.6449,0.0000,0.0000,0.0000,7,0,no_order_required
2011-12-09,20672,UNKNOWN,1,SIM-SUP-06,4.0000,1.0000,0.0000,5.0000,0.0000,0.0000,14,95.00%,1.6449,0.0000,0.0000,0.0000,7,0,no_order_required
2011-12-09,20674,GREEN POLKADOT BOWL,1,SIM-SUP-03,8.0000,4.0000,0.0000,12.0000,3.3929,5.4139,3,95.00%,1.6449,15.4239,25.6025,49.3525,7,38,reorder_now
2011-12-09,20675,BLUE POLKADOT BOWL,1,SIM-SUP-07,56.0000,0.0000,7.0000,49.0000,6.1071,14.0213,10,95.00%,1.6449,72.9313,134.0028,176.7528,7,128,reorder_now
2011-12-09,20676,RED RETROSPOT BOWL,1,SIM-SUP-11,34.0000,0.0000,2.0000,32.0000,11.7500,16.4634,5,95.00%,1.6449,60.5526,119.3026,201.5526,7,170,reorder_now
2011-12-09,20677,PINK POLKADOT BOWL,1,SIM-SUP-09,41.0000,0.0000,5.0000,36.0000,10.8571,18.7820,14,95.00%,1.6449,115.5937,267.5937,343.5937,7,308,reorder_now
2011-12-09,20679,EDWARDIAN PARASOL RED,1,SIM-SUP-07,13.0000,0.0000,1.0000,12.0000,4.4643,9.8796,3,95.00%,1.6449,28.1466,41.5395,72.7895,7,61,reorder_now
2011-12-09,20681,PINK POLKADOT CHILDRENS UMBRELLA,1,SIM-SUP-05,2.0000,0.0000,0.0000,2.0000,0.0000,0.0000,14,95.00%,1.6449,0.0000,0.0000,0.0000,7,0,no_order_required
2011-12-09,20682,RED RETROSPOT CHILDRENS UMBRELLA,1,SIM-SUP-09,29.0000,0.0000,2.0000,27.0000,7.3214,12.7841,14,95.00%,1.6449,78.6793,181.1793,232.4293,7,206,reorder_now
2011-12-09,20684,UNKNOWN,1,SIM-SUP-11,1.0000,0.0000,0.0000,1.0000,0.0000,0.0000,3,95.00%,1.6449,0.0000,0.0000,0.0000,7,0,no_order_required
2011-12-09,20685,DOORMAT RED RETROSPOT,1,SIM-SUP-08,28.0000,0.0000,1.0000,27.0000,11.0714,15.6523,3,95.00%,1.6449,44.5930,77.8073,155.3073,7,129,reorder_now
2011-12-09,20686,DOLLY MIXTURE CHILDREN'S UMBRELLA,1,SIM-SUP-11,5.0000,0.0000,0.0000,5.0000,2.1786,8.8602,5,95.00%,1.6449,32.5880,43.4809,58.7309,7,54,reorder_now
2011-12-09,20689,RETRO SISTERS EXPRESSO CUPS,1,SIM-SUP-12,1.0000,0.0000,0.0000,1.0000,0.0000,0.0000,5,95.00%,1.6449,0.0000,0.0000,0.0000,7,0,no_order_required
2011-12-09,20692,UNKNOWN,1,SIM-SUP-09,3.0000,0.0000,0.0000,3.0000,0.0000,0.0000,10,95.00%,1.6449,0.0000,0.0000,0.0000,7,0,no_order_required
2011-12-09,20694,FLORAL PINK MONSTER,1,SIM-SUP-03,1.0000,0.0000,0.0000,1.0000,0.0357,0.1856,5,95.00%,1.6449,0.6826,0.8611,1.1111,7,0,no_order_required
2011-12-09,20695,FLORAL BLUE MONSTER,1,SIM-SUP-07,1.0000,0.0000,0.0000,1.0000,0.0357,0.1856,3,95.00%,1.6449,0.5287,0.6358,0.8858,7,0,no_order_required
2011-12-09,20696,FLORAL SOFT CAR TOY,1,SIM-SUP-02,3.0000,0.0000,0.0000,3.0000,0.0000,0.0000,14,95.00%,1.6449,0.0000,0.0000,0.0000,7,0,no_order_required
2011-12-09,20699,MOUSEY LONG LEGS SOFT TOY,1,SIM-SUP-07,2.0000,1.0000,0.0000,3.0000,0.1071,0.4088,7,95.00%,1.6449,1.7789,2.5289,3.2789,7,0,no_order_required
2011-12-09,20700,GREEN CAT FLORAL CUSHION COVER,1,SIM-SUP-03,2.0000,0.0000,0.0000,2.0000,0.0000,0.0000,7,95.00%,1.6449,0.0000,0.0000,0.0000,7,0,no_order_required
2011-12-09,20701,PINK CAT FLORAL CUSHION COVER,1,SIM-SUP-08,1.0000,0.0000,0.0000,1.0000,0.0000,0.0000,10,95.00%,1.6449,0.0000,0.0000,0.0000,7,0,no_order_required
2011-12-09,20702,PINK PADDED MOBILE,1,SIM-SUP-05,2.0000,0.0000,0.0000,2.0000,0.0000,0.0000,5,95.00%,1.6449,0.0000,0.0000,0.0000,7,0,no_order_required
2011-12-09,20703,BLUE PADDED SOFT MOBILE,1,SIM-SUP-05,1.0000,0.0000,0.0000,1.0000,0.0000,0.0000,7,95.00%,1.6449,0.0000,0.0000,0.0000,7,0,no_order_required
2011-12-09,20704,MR ROBOT SOFT TOY,1,SIM-SUP-01,2.0000,0.0000,0.0000,2.0000,1.3571,4.6538,3,95.00%,1.6449,13.2586,17.3301,26.8301,7,25,reorder_now
2011-12-09,20705,MRS ROBOT SOFT TOY,1,SIM-SUP-11,2.0000,0.0000,0.0000,2.0000,0.5000,1.6366,7,95.00%,1.6449,7.1224,10.6224,14.1224,7,13,reorder_now
2011-12-09,20707,CRAZY DAISY HEART DECORATION,1,SIM-SUP-01,2.0000,1.0000,0.0000,3.0000,0.1429,0.3499,14,95.00%,1.6449,2.1536,4.1536,5.1536,7,3,reorder_now
2011-12-09,20711,JUMBO BAG TOYS,1,SIM-SUP-04,31.0000,8.0000,2.0000,37.0000,8.2500,23.0909,3,95.00%,1.6449,65.7851,90.5351,148.2851,7,112,reorder_now
2011-12-09,20712,JUMBO BAG WOODLAND ANIMALS,1,SIM-SUP-05,183.0000,0.0000,15.0000,168.0000,19.8214,26.0837,14,95.00%,1.6449,160.5318,438.0318,576.7818,7,409,reorder_now
2011-12-09,20713,JUMBO BAG OWLS,1,SIM-SUP-05,129.0000,0.0000,5.0000,124.0000,31.1786,51.6534,14,95.00%,1.6449,317.8998,754.3998,972.6498,7,849,reorder_now
2011-12-09,20716,UNKNOWN,1,SIM-SUP-12,1.0000,0.0000,0.0000,1.0000,0.0000,0.0000,10,95.00%,1.6449,0.0000,0.0000,0.0000,7,0,no_order_required
2011-12-09,20717,STRAWBERRY SHOPPER BAG,1,SIM-SUP-10,154.0000,0.0000,6.0000,148.0000,4.7500,6.3787,14,95.00%,1.6449,39.2574,105.7574,139.0074,7,0,no_order_required
2011-12-09,20718,RED RETROSPOT SHOPPER BAG,1,SIM-SUP-04,157.0000,0.0000,17.0000,140.0000,20.9286,27.5680,7,95.00%,1.6449,119.9725,266.4725,412.9725,7,273,reorder_now
2011-12-09,20719,WOODLAND CHARLOTTE BAG,1,SIM-SUP-05,54.0000,0.0000,3.0000,51.0000,44.4643,40.4356,5,95.00%,1.6449,148.7222,371.0436,682.2936,7,632,reorder_now
2011-12-09,20723,STRAWBERRY CHARLOTTE BAG,1,SIM-SUP-10,340.0000,0.0000,36.0000,304.0000,36.9286,33.9126,14,95.00%,1.6449,208.7145,725.7145,984.2145,7,681,reorder_now
2011-12-09,20724,RED RETROSPOT CHARLOTTE BAG,1,SIM-SUP-12,276.0000,0.0000,41.0000,235.0000,85.3929,66.3720,7,95.00%,1.6449,288.8424,886.5924,1484.3424,7,1250,reorder_now
2011-12-09,20725,LUNCH BAG RED RETROSPOT,1,SIM-SUP-06,60.0000,0.0000,9.0000,51.0000,55.1071,47.8564,3,95.00%,1.6449,136.3416,301.6630,687.4130,7,637,reorder_now
2011-12-09,20726,LUNCH BAG WOODLAND,1,SIM-SUP-08,78.0000,0.0000,11.0000,67.0000,20.4643,17.9692,3,95.00%,1.6449,51.1937,112.5865,255.8365,7,189,reorder_now
2011-12-09,20727,LUNCH BAG BLACK SKULL.,1,SIM-SUP-11,134.0000,0.0000,17.0000,117.0000,43.7143,35.0254,7,95.00%,1.6449,152.4259,458.4259,764.4259,7,648,reorder_now
2011-12-09,20728,LUNCH BAG CARS BLUE,1,SIM-SUP-10,82.0000,0.0000,10.0000,72.0000,30.0714,42.8268,3,95.00%,1.6449,122.0124,212.2267,422.7267,7,351,reorder_now
2011-12-09,20729,UNKNOWN,1,SIM-SUP-05,0.0000,0.0000,0.0000,0.0000,0.0000,0.0000,10,95.00%,1.6449,0.0000,0.0000,0.0000,7,0,no_order_required
2011-12-09,20730,STRAWBERRY CANDY BAG,1,SIM-SUP-05,1.0000,0.0000,0.0000,1.0000,0.0000,0.0000,3,95.00%,1.6449,0.0000,0.0000,0.0000,7,0,no_order_required
2011-12-09,20731,UNKNOWN,1,SIM-SUP-01,1.0000,0.0000,0.0000,1.0000,0.0000,0.0000,3,95.00%,1.6449,0.0000,0.0000,0.0000,7,0,no_order_required
2011-12-09,20733,GOLD MINI TAPE MEASURE,1,SIM-SUP-06,20.0000,0.0000,0.0000,20.0000,2.8571,4.7788,7,95.00%,1.6449,20.7966,40.7966,60.7966,7,41,reorder_now
2011-12-09,20734,SILVER MINI TAPE MEASURE,1,SIM-SUP-09,1.0000,1.0000,0.0000,2.0000,0.0000,0.0000,7,95.00%,1.6449,0.0000,0.0000,0.0000,7,0,no_order_required
2011-12-09,20735,BLACK MINI TAPE MEASURE,1,SIM-SUP-06,5.0000,0.0000,1.0000,4.0000,0.4286,1.1157,7,95.00%,1.6449,4.8556,7.8556,10.8556,7,7,reorder_now
2011-12-09,20738,GREEN MINI TAPE MEASURE,1,SIM-SUP-02,2.0000,0.0000,0.0000,2.0000,0.0000,0.0000,5,95.00%,1.6449,0.0000,0.0000,0.0000,7,0,no_order_required
2011-12-09,20747,UNKNOWN,1,SIM-SUP-01,1.0000,0.0000,0.0000,1.0000,0.0000,0.0000,14,95.00%,1.6449,0.0000,0.0000,0.0000,7,0,no_order_required
2011-12-09,20748,KENSINGTON COFFEE SET,1,SIM-SUP-03,1.0000,0.0000,0.0000,1.0000,0.1429,0.4403,3,95.00%,1.6449,1.2544,1.6830,2.6830,7,2,reorder_now
2011-12-09,20749,ASSORTED COLOUR MINI CASES,1,SIM-SUP-04,48.0000,3.0000,5.0000,46.0000,10.1786,20.4678,5,95.00%,1.6449,75.2808,126.1737,197.4237,7,152,reorder_now
2011-12-09,20750,RED RETROSPOT MINI CASES,1,SIM-SUP-04,91.0000,0.0000,10.0000,81.0000,6.1071,10.4892,14,95.00%,1.6449,64.5558,150.0558,192.8058,7,112,reorder_now
2011-12-09,20751,FUNKY WASHING UP GLOVES ASSORTED,1,SIM-SUP-02,12.0000,0.0000,0.0000,12.0000,0.9643,1.3753,5,95.00%,1.6449,5.0585,9.8800,16.6300,7,0,no_order_required
2011-12-09,20752,BLUE POLKADOT WASHING UP GLOVES,1,SIM-SUP-08,4.0000,0.0000,1.0000,3.0000,0.8214,1.6914,7,95.00%,1.6449,7.3609,13.1109,18.8609,7,16,reorder_now
2011-12-09,20754,RETROSPOT RED WASHING UP GLOVES,1,SIM-SUP-06,12.0000,0.0000,2.0000,10.0000,1.0714,2.6040,10,95.00%,1.6449,13.5445,24.2587,31.7587,7,22,reorder_now
2011-12-09,20755,BLUE PAISLEY POCKET BOOK,1,SIM-SUP-05,31.0000,0.0000,2.0000,29.0000,3.2500,6.5171,14,95.00%,1.6449,40.1096,85.6096,108.3596,7,80,reorder_now
2011-12-09,20756,GREEN FERN POCKET BOOK,1,SIM-SUP-07,7.0000,0.0000,1.0000,6.0000,0.3571,0.9340,14,95.00%,1.6449,5.7486,10.7486,13.2486,7,8,reorder_now
2011-12-09,20757,RED DAISY POCKET BOOK,1,SIM-SUP-01,23.0000,0.0000,3.0000,20.0000,1.9286,6.4250,14,95.00%,1.6449,39.5425,66.5425,80.0425,7,61,reorder_now
2011-12-09,20758,ABSTRACT CIRCLES POCKET BOOK,1,SIM-SUP-03,3.0000,0.0000,0.0000,3.0000,1.3929,2.8074,3,95.00%,1.6449,7.9981,12.1767,21.9267,7,19,reorder_now
2011-12-09,20759,CHRYSANTHEMUM POCKET BOOK,1,SIM-SUP-12,2.0000,0.0000,0.0000,2.0000,0.8571,2.4888,5,95.00%,1.6449,9.1536,13.4393,19.4393,7,18,reorder_now
2011-12-09,20760,GARDEN PATH POCKET BOOK,1,SIM-SUP-01,3.0000,0.0000,0.0000,3.0000,0.4286,1.3209,5,95.00%,1.6449,4.8584,7.0013,10.0013,7,8,reorder_now
2011-12-09,20761,BLUE PAISLEY SKETCHBOOK,1,SIM-SUP-08,4.0000,0.0000,0.0000,4.0000,0.5357,1.0850,7,95.00%,1.6449,4.7219,8.4719,12.2219,7,9,reorder_now
2011-12-09,20762,GREEN FERN SKETCHBOOK,1,SIM-SUP-05,2.0000,0.0000,0.0000,2.0000,0.2143,0.4103,10,95.00%,1.6449,2.1343,4.2772,5.7772,7,4,reorder_now
2011-12-09,20763,DAISY SKETCHBOOK,1,SIM-SUP-06,10.0000,0.0000,1.0000,9.0000,0.7500,3.1467,14,95.00%,1.6449,19.3664,29.8664,35.1164,7,27,reorder_now
2011-12-09,20764,ABSTRACT CIRCLES SKETCHBOOK,1,SIM-SUP-11,7.0000,0.0000,0.0000,7.0000,0.9643,1.4996,10,95.00%,1.6449,7.8000,17.4429,24.1929,7,18,reorder_now
2011-12-09,20765,CHRYSANTHEMUM SKETCHBOOK,1,SIM-SUP-02,1.0000,0.0000,0.0000,1.0000,0.3571,0.7660,10,95.00%,1.6449,3.9843,7.5557,10.0557,7,10,reorder_now
2011-12-09,20766,GARDEN PATH SKETCHBOOK,1,SIM-SUP-07,11.0000,0.0000,1.0000,10.0000,0.3929,1.3716,14,95.00%,1.6449,8.4417,13.9417,16.6917,7,7,reorder_now
2011-12-09,20767,BLUE PAISLEY JOURNAL,1,SIM-SUP-08,3.0000,0.0000,0.0000,3.0000,0.8571,1.6843,10,95.00%,1.6449,8.7607,17.3321,23.3321,7,21,reorder_now
2011-12-09,20768,GREEN FERN JOURNAL,1,SIM-SUP-09,7.0000,0.0000,1.0000,6.0000,1.7500,6.7062,5,95.00%,1.6449,24.6655,33.4155,45.6655,7,40,reorder_now
2011-12-09,20769,DAISY JOURNAL,1,SIM-SUP-03,3.0000,0.0000,0.0000,3.0000,0.7500,1.8249,7,95.00%,1.6449,7.9419,13.1919,18.4419,7,16,reorder_now
2011-12-09,20770,ABSTRACT CIRCLE JOURNAL,1,SIM-SUP-02,4.0000,1.0000,0.0000,5.0000,0.0357,0.1856,10,95.00%,1.6449,0.9653,1.3224,1.5724,7,0,no_order_required
2011-12-09,20771,CHRYSANTHEMUM JOURNAL,1,SIM-SUP-02,5.0000,0.0000,1.0000,4.0000,0.6429,1.3420,14,95.00%,1.6449,8.2594,17.2594,21.7594,7,18,reorder_now
2011-12-09,20772,GARDEN PATH JOURNAL,1,SIM-SUP-05,16.0000,0.0000,2.0000,14.0000,3.6786,10.3097,10,95.00%,1.6449,53.6256,90.4114,116.1614,7,103,reorder_now
2011-12-09,20773,BLUE PAISLEY NOTEBOOK,1,SIM-SUP-07,2.0000,0.0000,0.0000,2.0000,0.0000,0.0000,5,95.00%,1.6449,0.0000,0.0000,0.0000,7,0,no_order_required
2011-12-09,20774,GREEN FERN NOTEBOOK,1,SIM-SUP-05,2.0000,0.0000,0.0000,2.0000,0.0000,0.0000,10,95.00%,1.6449,0.0000,0.0000,0.0000,7,0,no_order_required
2011-12-09,20775,DAISY NOTEBOOK,1,SIM-SUP-04,4.0000,2.0000,0.0000,6.0000,1.3929,2.7430,3,95.00%,1.6449,7.8148,11.9934,21.7434,7,16,reorder_now
2011-12-09,20776,ABSTRACT CIRCLES NOTEBOOK,1,SIM-SUP-09,0.0000,0.0000,0.0000,0.0000,0.0000,0.0000,3,95.00%,1.6449,0.0000,0.0000,0.0000,7,0,no_order_required
2011-12-09,20777,CHRYSANTHEMUM NOTEBOOK,1,SIM-SUP-11,21.0000,0.0000,2.0000,19.0000,2.1429,2.6954,5,95.00%,1.6449,9.9138,20.6281,35.6281,7,17,reorder_now
2011-12-09,20778,UNKNOWN,1,SIM-SUP-06,3.0000,0.0000,0.0000,3.0000,0.0000,0.0000,10,95.00%,1.6449,0.0000,0.0000,0.0000,7,0,no_order_required
2011-12-09,20780,BLACK EAR MUFF HEADPHONES,1,SIM-SUP-04,6.0000,0.0000,1.0000,5.0000,0.2500,0.6339,14,95.00%,1.6449,3.9011,7.4011,9.1511,7,5,reorder_now
2011-12-09,20781,GOLD EAR MUFF HEADPHONES,1,SIM-SUP-07,3.0000,0.0000,0.0000,3.0000,0.3929,0.7718,3,95.00%,1.6449,2.1988,3.3774,6.1274,7,4,reorder_now
2011-12-09,20782,CAMOUFLAGE EAR MUFF HEADPHONES,1,SIM-SUP-01,2.0000,0.0000,0.0000,2.0000,0.4286,0.7759,5,95.00%,1.6449,2.8538,4.9967,7.9967,7,6,reorder_now
2011-12-09,20783,HEART EAR MUFF HEADPHONES,1,SIM-SUP-04,2.0000,0.0000,0.0000,2.0000,0.0000,0.0000,10,95.00%,1.6449,0.0000,0.0000,0.0000,7,0,no_order_required
2011-12-09,20784,RED RETRO BAR STOOL,1,SIM-SUP-05,2.0000,0.0000,0.0000,2.0000,0.0000,0.0000,7,95.00%,1.6449,0.0000,0.0000,0.0000,7,0,no_order_required
2011-12-09,20785,FUSCHIA RETRO BAR STOOL,1,SIM-SUP-03,1.0000,0.0000,0.0000,1.0000,0.0000,0.0000,7,95.00%,1.6449,0.0000,0.0000,0.0000,7,0,no_order_required
2011-12-09,20786,BLACK RETRO BAR STOOL,1,SIM-SUP-05,2.0000,0.0000,0.0000,2.0000,0.0000,0.0000,14,95.00%,1.6449,0.0000,0.0000,0.0000,7,0,no_order_required
2011-12-09,20794,BLUE TILE HOOK,1,SIM-SUP-02,2.0000,2.0000,0.0000,4.0000,0.3214,0.7098,7,95.00%,1.6449,3.0890,5.3390,7.5890,7,4,reorder_now
2011-12-09,20798,UNKNOWN,1,SIM-SUP-07,0.0000,0.0000,0.0000,0.0000,0.0000,0.0000,5,95.00%,1.6449,0.0000,0.0000,0.0000,7,0,no_order_required
2011-12-09,20801,UNKNOWN,1,SIM-SUP-07,1.0000,0.0000,0.0000,1.0000,0.0000,0.0000,10,95.00%,1.6449,0.0000,0.0000,0.0000,7,0,no_order_required
2011-12-09,20802,SMALL GLASS SUNDAE DISH CLEAR,1,SIM-SUP-05,3.0000,1.0000,0.0000,4.0000,0.8571,2.6419,14,95.00%,1.6449,16.2595,28.2595,34.2595,7,31,reorder_now
2011-12-09,20803,SMALL PINK GLASS SUNDAE DISH,1,SIM-SUP-04,0.0000,0.0000,0.0000,0.0000,0.0000,0.0000,3,95.00%,1.6449,0.0000,0.0000,0.0000,7,0,no_order_required
2011-12-09,20804,GLASS CHICKEN BUTTER DISH,1,SIM-SUP-10,2.0000,0.0000,0.0000,2.0000,0.0000,0.0000,14,95.00%,1.6449,0.0000,0.0000,0.0000,7,0,no_order_required
2011-12-09,20819,SILVER TEDDY BEAR,1,SIM-SUP-02,2.0000,0.0000,0.0000,2.0000,0.7500,2.3395,3,95.00%,1.6449,6.6651,8.9151,14.1651,7,13,reorder_now
2011-12-09,20828,GLITTER BUTTERFLY CLIPS,1,SIM-SUP-06,47.0000,5.0000,4.0000,48.0000,3.8571,3.8518,7,95.00%,1.6449,16.7628,43.7628,70.7628,7,0,no_order_required
2011-12-09,20829,GLITTER HANGING BUTTERFLY STRING,1,SIM-SUP-11,21.0000,0.0000,2.0000,19.0000,3.7857,5.6020,7,95.00%,1.6449,24.3793,50.8793,77.3793,7,59,reorder_now
2011-12-09,20830,SILVER PHOTO FRAME,1,SIM-SUP-03,2.0000,0.0000,0.0000,2.0000,0.0000,0.0000,14,95.00%,1.6449,0.0000,0.0000,0.0000,7,0,no_order_required
2011-12-09,20831,GOLD PHOTO FRAME,1,SIM-SUP-05,1.0000,0.0000,0.0000,1.0000,1.9286,6.9996,3,95.00%,1.6449,19.9418,25.7275,39.2275,7,39,reorder_now
2011-12-09,20832,RED FLOCK LOVE HEART PHOTO FRAME,1,SIM-SUP-08,3.0000,1.0000,0.0000,4.0000,8.3214,24.0551,3,95.00%,1.6449,68.5322,93.4965,151.7465,7,148,reorder_now
2011-12-09,20838,FRENCH LATTICE CUSHION COVER,1,SIM-SUP-03,7.0000,1.0000,0.0000,8.0000,0.7143,2.3277,5,95.00%,1.6449,8.5614,12.1329,17.1329,7,10,reorder_now
2011-12-09,20839,FRENCH PAISLEY CUSHION COVER,1,SIM-SUP-12,13.0000,4.0000,0.0000,17.0000,2.3929,3.5691,10,95.00%,1.6449,18.5646,42.4932,59.2432,7,43,reorder_now
2011-12-09,20840,FRENCH FLORAL CUSHION COVER,1,SIM-SUP-07,7.0000,2.0000,1.0000,8.0000,2.1071,5.2191,3,95.00%,1.6449,14.8689,21.1904,35.9404,7,28,reorder_now
2011-12-09,20846,ZINC HEART LATTICE T-LIGHT HOLDER,1,SIM-SUP-03,14.0000,0.0000,0.0000,14.0000,3.9643,7.5521,5,95.00%,1.6449,27.7767,47.5981,75.3481,7,62,reorder_now
2011-12-09,20854,BLUE PATCH PURSE PINK HEART,1,SIM-SUP-07,3.0000,0.0000,0.0000,3.0000,0.0000,0.0000,10,95.00%,1.6449,0.0000,0.0000,0.0000,7,0,no_order_required
2011-12-09,20855,PINK PATCH PURSE BLUE HEART,1,SIM-SUP-04,1.0000,0.0000,0.0000,1.0000,0.0000,0.0000,7,95.00%,1.6449,0.0000,0.0000,0.0000,7,0,no_order_required
2011-12-09,20856,DENIM PATCH PURSE PINK BUTTERFLY,1,SIM-SUP-02,3.0000,0.0000,0.0000,3.0000,0.0000,0.0000,10,95.00%,1.6449,0.0000,0.0000,0.0000,7,0,no_order_required
2011-12-09,20857,BLUE ROSE PATCH PURSE PINK BUTTERFL,1,SIM-SUP-10,2.0000,0.0000,0.0000,2.0000,0.0000,0.0000,10,95.00%,1.6449,0.0000,0.0000,0.0000,7,0,no_order_required
2011-12-09,20862,PINK PATCH PENCIL CASE BLUE HEART,1,SIM-SUP-08,3.0000,0.0000,0.0000,3.0000,0.0000,0.0000,10,95.00%,1.6449,0.0000,0.0000,0.0000,7,0,no_order_required
2011-12-09,20863,BLUE PATCH PENCIL CASE PINK HEART,1,SIM-SUP-12,0.0000,0.0000,0.0000,0.0000,0.0000,0.0000,3,95.00%,1.6449,0.0000,0.0000,0.0000,7,0,no_order_required
2011-12-09,20865,PATCHWORK PENCIL CASE BUTTERFLY,1,SIM-SUP-03,2.0000,0.0000,0.0000,2.0000,0.0000,0.0000,7,95.00%,1.6449,0.0000,0.0000,0.0000,7,0,no_order_required
2011-12-09,20866,BLUE ROSE FABRIC MIRROR,1,SIM-SUP-04,6.0000,0.0000,0.0000,6.0000,1.0000,1.9640,7,95.00%,1.6449,8.5469,15.5469,22.5469,7,17,reorder_now
2011-12-09,20867,PINK ROSE FABRIC MIRROR,1,SIM-SUP-01,7.0000,0.0000,0.0000,7.0000,0.9286,2.7115,14,95.00%,1.6449,16.6877,29.6877,36.1877,7,30,reorder_now
2011-12-09,20868,SILVER FABRIC MIRROR,1,SIM-SUP-11,27.0000,0.0000,1.0000,26.0000,8.0357,18.8651,7,95.00%,1.6449,82.0985,138.3485,194.5985,7,169,reorder_now
2011-12-09,20869,GOLD FABRIC MIRROR,1,SIM-SUP-08,7.0000,0.0000,1.0000,6.0000,3.0357,11.4906,3,95.00%,1.6449,32.7364,41.8436,63.0936,7,58,reorder_now
2011-12-09,20871,OPULENT VELVET SET/3 CANDLES,1,SIM-SUP-07,0.0000,0.0000,0.0000,0.0000,0.0000,0.0000,3,95.00%,1.6449,0.0000,0.0000,0.0000,7,0,no_order_required
2011-12-09,20878,UNKNOWN,1,SIM-SUP-11,1.0000,0.0000,0.0000,1.0000,0.0000,0.0000,14,95.00%,1.6449,0.0000,0.0000,0.0000,7,0,no_order_required
2011-12-09,20886,BOX OF 9 PEBBLE CANDLES,1,SIM-SUP-08,1.0000,0.0000,0.0000,1.0000,0.0000,0.0000,3,95.00%,1.6449,0.0000,0.0000,0.0000,7,0,no_order_required
2011-12-09,20892,SET/3 TALL GLASS CANDLE HOLDER PINK,1,SIM-SUP-12,1.0000,0.0000,0.0000,1.0000,0.0000,0.0000,14,95.00%,1.6449,0.0000,0.0000,0.0000,7,0,no_order_required
2011-12-09,20893,HANGING BAUBLE T-LIGHT HOLDER SMALL,1,SIM-SUP-08,6.0000,0.0000,1.0000,5.0000,2.3571,10.9192,7,95.00%,1.6449,47.5191,64.0191,80.5191,7,76,reorder_now
2011-12-09,20894,HANGING BAUBLE T-LIGHT HOLDER LARGE,1,SIM-SUP-08,3.0000,0.0000,0.0000,3.0000,0.2857,0.9203,10,95.00%,1.6449,4.7869,7.6440,9.6440,7,7,reorder_now
2011-12-09,20897,VINTAGE NOTEBOOK PARIS DAYS,1,SIM-SUP-04,2.0000,0.0000,0.0000,2.0000,0.0000,0.0000,7,95.00%,1.6449,0.0000,0.0000,0.0000,7,0,no_order_required
2011-12-09,20898,VINTAGE NOTEBOOK TRAVELOGUE,1,SIM-SUP-02,1.0000,0.0000,0.0000,1.0000,0.0000,0.0000,3,95.00%,1.6449,0.0000,0.0000,0.0000,7,0,no_order_required
2011-12-09,20901,VINTAGE KEEPSAKE BOX PINK FLOWER,1,SIM-SUP-08,1.0000,0.0000,0.0000,1.0000,0.0357,0.1856,3,95.00%,1.6449,0.5287,0.6358,0.8858,7,0,no_order_required
2011-12-09,20902,VINTAGE KEEPSAKE BOX PARIS DAYS,1,SIM-SUP-03,1.0000,0.0000,0.0000,1.0000,0.0000,0.0000,5,95.00%,1.6449,0.0000,0.0000,0.0000,7,0,no_order_required
2011-12-09,20903,VINTAGE KEEPSAKE BOX TRAVELOGUE,1,SIM-SUP-11,1.0000,0.0000,0.0000,1.0000,0.0000,0.0000,3,95.00%,1.6449,0.0000,0.0000,0.0000,7,0,no_order_required
2011-12-09,20906,VINTAGE NOTEBOOK BEAUTY GIRL,1,SIM-SUP-12,2.0000,0.0000,0.0000,2.0000,0.0000,0.0000,7,95.00%,1.6449,0.0000,0.0000,0.0000,7,0,no_order_required
2011-12-09,20910,VINTAGE PHOTO ALBUM PARIS DAYS,1,SIM-SUP-04,2.0000,0.0000,0.0000,2.0000,0.0000,0.0000,10,95.00%,1.6449,0.0000,0.0000,0.0000,7,0,no_order_required
2011-12-09,20914,SET/5 RED RETROSPOT LID GLASS BOWLS,1,SIM-SUP-09,184.0000,38.0000,24.0000,198.0000,24.3214,20.3119,14,95.00%,1.6449,125.0095,465.5095,635.7595,7,438,reorder_now
2011-12-09,20931,BLUE POT PLANT CANDLE,1,SIM-SUP-04,14.0000,0.0000,1.0000,13.0000,3.1429,9.2029,7,95.00%,1.6449,40.0500,62.0500,84.0500,7,72,reorder_now
2011-12-09,20932,PINK POT PLANT CANDLE,1,SIM-SUP-08,8.0000,0.0000,1.0000,7.0000,3.2143,9.9080,7,95.00%,1.6449,43.1183,65.6183,88.1183,7,82,reorder_now
2011-12-09,20933,YELLOW POT PLANT CANDLE,1,SIM-SUP-03,1.0000,0.0000,0.0000,1.0000,0.0714,0.2575,5,95.00%,1.6449,0.9472,1.3044,1.8044,7,1,reorder_now
2011-12-09,20934,SET/3 POT PLANT CANDLES,1,SIM-SUP-09,2.0000,0.0000,0.0000,2.0000,0.0000,0.0000,5,95.00%,1.6449,0.0000,0.0000,0.0000,7,0,no_order_required
2011-12-09,20935,ROUND CACTUS CANDLE,1,SIM-SUP-03,1.0000,0.0000,0.0000,1.0000,0.1071,0.4088,3,95.00%,1.6449,1.1646,1.4860,2.2360,7,2,reorder_now
2011-12-09,20936,FORKED CACTUS CANDLE,1,SIM-SUP-09,5.0000,0.0000,0.0000,5.0000,0.6429,1.5633,3,95.00%,1.6449,4.4538,6.3823,10.8823,7,6,reorder_now
2011-12-09,20941,FROG CANDLE,1,SIM-SUP-04,2.0000,0.0000,0.0000,2.0000,0.0000,0.0000,7,95.00%,1.6449,0.0000,0.0000,0.0000,7,0,no_order_required
2011-12-09,20943,SET/6 GINGERBREAD STAR T-LIGHTS,1,SIM-SUP-10,1.0000,0.0000,0.0000,1.0000,0.0000,0.0000,14,95.00%,1.6449,0.0000,0.0000,0.0000,7,0,no_order_required
2011-12-09,20950,UNKNOWN,1,SIM-SUP-01,3.0000,0.0000,0.0000,3.0000,0.0000,0.0000,10,95.00%,1.6449,0.0000,0.0000,0.0000,7,0,no_order_required
2011-12-09,20956,PORCELAIN T-LIGHT HOLDERS ASSORTED,1,SIM-SUP-12,63.0000,0.0000,7.0000,56.0000,5.5357,8.7361,7,95.00%,1.6449,38.0186,76.7686,115.5186,7,60,reorder_now
2011-12-09,20960,WATERMELON BATH SPONGE,1,SIM-SUP-02,1.0000,0.0000,0.0000,1.0000,0.0000,0.0000,5,95.00%,1.6449,0.0000,0.0000,0.0000,7,0,no_order_required
2011-12-09,20961,STRAWBERRY BATH SPONGE,1,SIM-SUP-04,94.0000,0.0000,12.0000,82.0000,10.2143,14.8019,7,95.00%,1.6449,64.4161,135.9161,207.4161,7,126,reorder_now
2011-12-09,20963,APPLE BATH SPONGE,1,SIM-SUP-07,88.0000,0.0000,10.0000,78.0000,9.8571,15.4728,14,95.00%,1.6449,95.2271,233.2271,302.2271,7,225,reorder_now
2011-12-09,20966,SANDWICH BATH SPONGE,1,SIM-SUP-05,2.0000,0.0000,0.0000,2.0000,0.0000,0.0000,7,95.00%,1.6449,0.0000,0.0000,0.0000,7,0,no_order_required
2011-12-09,20967,GREY FLORAL FELTCRAFT SHOULDER BAG,1,SIM-SUP-12,1.0000,0.0000,0.0000,1.0000,0.0000,0.0000,7,95.00%,1.6449,0.0000,0.0000,0.0000,7,0,no_order_required
2011-12-09,20969,RED FLORAL FELTCRAFT SHOULDER BAG,1,SIM-SUP-02,69.0000,0.0000,6.0000,63.0000,7.2500,8.0871,7,95.00%,1.6449,35.1942,85.9442,136.6942,7,74,reorder_now
2011-12-09,20970,PINK FLORAL FELTCRAFT SHOULDER BAG,1,SIM-SUP-11,141.0000,0.0000,8.0000,133.0000,6.4286,9.2057,14,95.00%,1.6449,56.6563,146.6563,191.6563,7,59,reorder_now
2011-12-09,20971,PINK BLUE FELT CRAFT TRINKET BOX,1,SIM-SUP-06,141.0000,22.0000,6.0000,157.0000,43.9643,70.7498,3,95.00%,1.6449,201.5641,333.4569,641.2069,7,485,reorder_now
2011-12-09,20972,PINK CREAM FELT CRAFT TRINKET BOX,1,SIM-SUP-07,350.0000,45.0000,48.0000,347.0000,27.9286,23.4200,7,95.00%,1.6449,101.9207,297.4207,492.9207,7,0,no_order_required
2011-12-09,20973,12 PENCIL SMALL TUBE WOODLAND,1,SIM-SUP-12,445.0000,0.0000,54.0000,391.0000,53.3571,78.1117,14,95.00%,1.6449,480.7370,1227.7370,1601.2370,7,1211,reorder_now
2011-12-09,20974,12 PENCILS SMALL TUBE SKULL,1,SIM-SUP-10,12.0000,1.0000,1.0000,12.0000,1.7857,6.9558,7,95.00%,1.6449,30.2706,42.7706,55.2706,7,44,reorder_now
2011-12-09,20975,12 PENCILS SMALL TUBE RED RETROSPOT,1,SIM-SUP-07,170.0000,0.0000,22.0000,148.0000,33.3214,30.4010,5,95.00%,1.6449,111.8149,278.4220,511.6720,7,364,reorder_now
2011-12-09,20976,UNKNOWN,1,SIM-SUP-11,0.0000,0.0000,0.0000,0.0000,0.0000,0.0000,3,95.00%,1.6449,0.0000,0.0000,0.0000,7,0,no_order_required
2011-12-09,20977,36 PENCILS TUBE WOODLAND,1,SIM-SUP-04,1.0000,0.0000,0.0000,1.0000,0.0000,0.0000,3,95.00%,1.6449,0.0000,0.0000,0.0000,7,0,no_order_required
2011-12-09,20978,36 PENCILS TUBE SKULLS,1,SIM-SUP-08,56.0000,7.0000,3.0000,60.0000,10.2857,11.2816,3,95.00%,1.6449,32.1411,62.9982,134.9982,7,75,reorder_now
2011-12-09,20979,36 PENCILS TUBE RED RETROSPOT,1,SIM-SUP-08,103.0000,7.0000,1.0000,109.0000,12.0714,14.2376,5,95.00%,1.6449,52.3659,112.7231,197.2231,7,89,reorder_now
2011-12-09,20980,36 PENCILS TUBE POSY,1,SIM-SUP-08,0.0000,0.0000,0.0000,0.0000,0.0000,0.0000,3,95.00%,1.6449,0.0000,0.0000,0.0000,7,0,no_order_required
2011-12-09,20981,12 PENCILS TALL TUBE WOODLAND,1,SIM-SUP-09,30.0000,0.0000,2.0000,28.0000,11.2143,15.9337,3,95.00%,1.6449,45.3946,79.0375,157.5375,7,130,reorder_now
2011-12-09,20982,12 PENCILS TALL TUBE SKULLS,1,SIM-SUP-05,173.0000,2.0000,13.0000,162.0000,19.7857,21.3028,7,95.00%,1.6449,92.7073,231.2073,369.7073,7,208,reorder_now
2011-12-09,20983,12 PENCILS TALL TUBE RED RETROSPOT,1,SIM-SUP-12,76.0000,0.0000,9.0000,67.0000,18.0357,22.2638,14,95.00%,1.6449,137.0222,389.5222,515.7722,7,449,reorder_now
2011-12-09,20984,12 PENCILS TALL TUBE POSY,1,SIM-SUP-02,1.0000,0.0000,0.0000,1.0000,0.0000,0.0000,5,95.00%,1.6449,0.0000,0.0000,0.0000,7,0,no_order_required
2011-12-09,20985,HEART CALCULATOR,1,SIM-SUP-04,20.0000,0.0000,1.0000,19.0000,2.5000,3.5607,10,95.00%,1.6449,18.5209,43.5209,61.0209,7,43,reorder_now
2011-12-09,20986,BLUE CALCULATOR RULER,1,SIM-SUP-12,13.0000,0.0000,2.0000,11.0000,3.6429,6.7676,3,95.00%,1.6449,19.2808,30.2094,55.7094,7,45,reorder_now
2011-12-09,20989,UNKNOWN,1,SIM-SUP-07,2.0000,0.0000,0.0000,2.0000,0.0000,0.0000,14,95.00%,1.6449,0.0000,0.0000,0.0000,7,0,no_order_required
2011-12-09,20990,SPRING FLOWER CHOPSTICKS SET/5,1,SIM-SUP-09,1.0000,0.0000,0.0000,1.0000,0.0000,0.0000,10,95.00%,1.6449,0.0000,0.0000,0.0000,7,0,no_order_required
2011-12-09,20992,JAZZ HEARTS PURSE NOTEBOOK,1,SIM-SUP-11,118.0000,0.0000,9.0000,109.0000,31.8214,41.9226,5,95.00%,1.6449,154.1915,313.2986,536.0486,7,428,reorder_now
2011-12-09,20996,JAZZ HEARTS ADDRESS BOOK,1,SIM-SUP-06,44.0000,14.0000,6.0000,52.0000,18.4643,21.0569,7,95.00%,1.6449,91.6368,220.8868,350.1368,7,299,reorder_now
2011-12-09,20997,ROSE DU SUD CUSHION COVER,1,SIM-SUP-05,9.0000,0.0000,1.0000,8.0000,0.3571,0.5487,10,95.00%,1.6449,2.8538,6.4252,8.9252,7,0,no_order_required
2011-12-09,20998,ROSE DU SUD OVEN GLOVE,1,SIM-SUP-05,1.0000,0.0000,0.0000,1.0000,0.0000,0.0000,5,95.00%,1.6449,0.0000,0.0000,0.0000,7,0,no_order_required
2011-12-09,21000,ROSE DU SUD COSMETICS BAG,1,SIM-SUP-04,4.0000,0.0000,0.0000,4.0000,0.3929,0.6729,14,95.00%,1.6449,4.1414,9.6414,12.3914,7,9,reorder_now
2011-12-09,21001,ROSE DU SUD WASHBAG,1,SIM-SUP-01,1.0000,0.0000,0.0000,1.0000,0.2143,0.4897,3,95.00%,1.6449,1.3951,2.0380,3.5380,7,3,reorder_now
2011-12-09,21002,ROSE DU SUD DRAWSTRING BAG,1,SIM-SUP-02,1.0000,0.0000,0.0000,1.0000,0.0000,0.0000,7,95.00%,1.6449,0.0000,0.0000,0.0000,7,0,no_order_required
2011-12-09,21003,ROSE DU SUD CUSHION COVER,1,SIM-SUP-09,3.0000,0.0000,0.0000,3.0000,0.5714,1.1780,5,95.00%,1.6449,4.3328,7.1899,11.1899,7,9,reorder_now
2011-12-09,21004,ROSE DU SUD CHILDRENS APRON,1,SIM-SUP-03,2.0000,0.0000,0.0000,2.0000,0.0000,0.0000,10,95.00%,1.6449,0.0000,0.0000,0.0000,7,0,no_order_required
2011-12-09,21007,UNKNOWN,1,SIM-SUP-08,0.0000,1.0000,0.0000,1.0000,0.0000,0.0000,10,95.00%,1.6449,0.0000,0.0000,0.0000,7,0,no_order_required
2011-12-09,21009,UNKNOWN,1,SIM-SUP-07,1.0000,0.0000,0.0000,1.0000,0.0000,0.0000,5,95.00%,1.6449,0.0000,0.0000,0.0000,7,0,no_order_required
2011-12-09,21010,UNKNOWN,1,SIM-SUP-01,1.0000,0.0000,0.0000,1.0000,0.0000,0.0000,10,95.00%,1.6449,0.0000,0.0000,0.0000,7,0,no_order_required
2011-12-09,21011,GLITTER SNOW PEAR TREE DECORATION,1,SIM-SUP-06,0.0000,0.0000,0.0000,0.0000,0.0000,0.0000,3,95.00%,1.6449,0.0000,0.0000,0.0000,7,0,no_order_required
2011-12-09,21012,ANTIQUE ALL GLASS CANDLESTICK,1,SIM-SUP-02,41.0000,0.0000,2.0000,39.0000,9.3571,16.2485,10,95.00%,1.6449,84.5166,178.0880,243.5880,7,205,reorder_now
2011-12-09,21014,SWISS CHALET TREE DECORATION,1,SIM-SUP-09,40.0000,0.0000,2.0000,38.0000,2.6071,6.3994,10,95.00%,1.6449,33.2866,59.3580,77.6080,7,40,reorder_now
2011-12-09,21015,DARK BIRD HOUSE TREE DECORATION,1,SIM-SUP-02,304.0000,0.0000,23.0000,281.0000,19.6071,22.2041,14,95.00%,1.6449,136.6550,411.1550,548.4050,7,268,reorder_now
2011-12-09,21016,LIGHT BIRD HOUSE TREE DECORATION,1,SIM-SUP-04,1.0000,0.0000,0.0000,1.0000,0.0000,0.0000,5,95.00%,1.6449,0.0000,0.0000,0.0000,7,0,no_order_required
2011-12-09,21017,RED BIRD HOUSE TREE DECORATION,1,SIM-SUP-05,1.0000,0.0000,0.0000,1.0000,0.0000,0.0000,14,95.00%,1.6449,0.0000,0.0000,0.0000,7,0,no_order_required
2011-12-09,21018,BIRD BOX CHRISTMAS TREE DECORATION,1,SIM-SUP-10,2.0000,0.0000,0.0000,2.0000,0.0000,0.0000,7,95.00%,1.6449,0.0000,0.0000,0.0000,7,0,no_order_required
2011-12-09,21025,SPACE FROG,1,SIM-SUP-04,4.0000,0.0000,0.0000,4.0000,0.7857,1.1759,3,95.00%,1.6449,3.3500,5.7071,11.2071,7,8,reorder_now
2011-12-09,21026,SPACE OWL,1,SIM-SUP-05,14.0000,0.0000,0.0000,14.0000,2.2143,4.4349,10,95.00%,1.6449,23.0681,45.2109,60.7109,7,47,reorder_now
2011-12-09,21027,NINJA RABBIT PINK,1,SIM-SUP-06,2.0000,0.0000,0.0000,2.0000,0.1429,0.7423,5,95.00%,1.6449,2.7302,3.4445,4.4445,7,3,reorder_now
2011-12-09,21028,NINJA RABBIT BLACK,1,SIM-SUP-07,3.0000,0.0000,0.0000,3.0000,0.5357,0.8653,3,95.00%,1.6449,2.4652,4.0723,7.8223,7,5,reorder_now
2011-12-09,21030,SPACE CADET RED,1,SIM-SUP-07,3.0000,0.0000,0.0000,3.0000,0.6071,1.9519,7,95.00%,1.6449,8.4945,12.7445,16.9945,7,14,reorder_now
2011-12-09,21031,SPACE CADET BLACK,1,SIM-SUP-04,2.0000,0.0000,0.0000,2.0000,0.3571,1.8558,5,95.00%,1.6449,6.8255,8.6112,11.1112,7,10,reorder_now
2011-12-09,21032,SPACE CADET WHITE,1,SIM-SUP-02,1.0000,0.0000,0.0000,1.0000,0.4286,1.8599,3,95.00%,1.6449,5.2988,6.5845,9.5845,7,9,reorder_now
2011-12-09,21033,JUMBO BAG CHARLIE AND LOLA TOYS,1,SIM-SUP-11,2.0000,1.0000,0.0000,3.0000,0.0000,0.0000,10,95.00%,1.6449,0.0000,0.0000,0.0000,7,0,no_order_required
2011-12-09,21034,REX CASH+CARRY JUMBO SHOPPER,1,SIM-SUP-02,59.0000,0.0000,5.0000,54.0000,10.9286,9.1219,7,95.00%,1.6449,39.6974,116.1974,192.6974,7,139,reorder_now
2011-12-09,21035,SET/2 RED RETROSPOT TEA TOWELS,1,SIM-SUP-08,61.0000,0.0000,2.0000,59.0000,7.8214,19.7702,14,95.00%,1.6449,121.6753,231.1753,285.9253,7,227,reorder_now
2011-12-09,21038,SET/4 MODERN VINTAGE COTTON NAPKINS,1,SIM-SUP-10,1.0000,0.0000,0.0000,1.0000,0.0000,0.0000,5,95.00%,1.6449,0.0000,0.0000,0.0000,7,0,no_order_required
2011-12-09,21039,RED RETROSPOT SHOPPING BAG,1,SIM-SUP-04,5.0000,0.0000,0.0000,5.0000,0.8214,1.9096,3,95.00%,1.6449,5.4405,7.9048,13.6548,7,9,reorder_now
2011-12-09,21040,MODERN VINTAGE COTTON SHOPPING BAG,1,SIM-SUP-09,2.0000,0.0000,0.0000,2.0000,0.0000,0.0000,10,95.00%,1.6449,0.0000,0.0000,0.0000,7,0,no_order_required
2011-12-09,21041,RED RETROSPOT OVEN GLOVE DOUBLE,1,SIM-SUP-09,0.0000,0.0000,0.0000,0.0000,0.0714,0.2575,3,95.00%,1.6449,0.7337,0.9480,1.4480,7,2,reorder_now
2011-12-09,21042,RED RETROSPOT APRON,1,SIM-SUP-02,9.0000,1.0000,1.0000,9.0000,0.7143,1.0973,5,95.00%,1.6449,4.0359,7.6073,12.6073,7,0,no_order_required
2011-12-09,21043,APRON MODERN VINTAGE COTTON,1,SIM-SUP-05,0.0000,0.0000,0.0000,0.0000,0.0000,0.0000,10,95.00%,1.6449,0.0000,0.0000,0.0000,7,0,no_order_required
2011-12-09,21051,RIBBONS PURSE,1,SIM-SUP-05,11.0000,0.0000,0.0000,11.0000,9.7857,44.9526,10,95.00%,1.6449,233.8204,331.6776,400.1776,7,390,reorder_now
2011-12-09,21054,UNKNOWN,1,SIM-SUP-10,0.0000,0.0000,0.0000,0.0000,0.1429,0.5803,3,95.00%,1.6449,1.6532,2.0818,3.0818,7,4,reorder_now
2011-12-09,21055,TOOL BOX SOFT TOY,1,SIM-SUP-09,15.0000,0.0000,2.0000,13.0000,1.0357,1.5694,14,95.00%,1.6449,9.6588,24.1588,31.4088,7,19,reorder_now
2011-12-09,21056,DOCTOR'S BAG SOFT TOY,1,SIM-SUP-07,15.0000,0.0000,0.0000,15.0000,1.2143,1.6552,10,95.00%,1.6449,8.6097,20.7525,29.2525,7,15,reorder_now
2011-12-09,21058,PARTY INVITES WOODLAND,1,SIM-SUP-11,7.0000,0.0000,1.0000,6.0000,1.2143,3.3312,7,95.00%,1.6449,14.4970,22.9970,31.4970,7,26,reorder_now
2011-12-09,21059,PARTY INVITES DINOSAURS,1,SIM-SUP-09,6.0000,1.0000,0.0000,7.0000,0.9286,2.6583,7,95.00%,1.6449,11.5684,18.0684,24.5684,7,18,reorder_now
2011-12-09,21060,PARTY INVITES BALLOON GIRL,1,SIM-SUP-09,6.0000,0.0000,0.0000,6.0000,0.7143,2.3883,5,95.00%,1.6449,8.7843,12.3557,17.3557,7,12,reorder_now
2011-12-09,21061,PARTY INVITES FOOTBALL,1,SIM-SUP-07,13.0000,0.0000,1.0000,12.0000,1.3214,4.0975,14,95.00%,1.6449,25.2180,43.7180,52.9680,7,41,reorder_now
2011-12-09,21062,PARTY INVITES SPACEMAN,1,SIM-SUP-07,4.0000,0.0000,0.0000,4.0000,1.1071,3.1321,10,95.00%,1.6449,16.2915,27.3629,35.1129,7,32,reorder_now
2011-12-09,21063,PARTY INVITES JAZZ HEARTS,1,SIM-SUP-07,11.0000,0.0000,1.0000,10.0000,1.1429,3.1928,10,95.00%,1.6449,16.6072,28.0358,36.0358,7,27,reorder_now
2011-12-09,21064,BOOM BOX SPEAKER BOYS,1,SIM-SUP-09,20.0000,3.0000,2.0000,21.0000,4.9286,8.2718,3,95.00%,1.6449,23.5662,38.3520,72.8520,7,52,reorder_now
2011-12-09,21065,BOOM BOX SPEAKER GIRLS,1,SIM-SUP-01,7.0000,0.0000,1.0000,6.0000,1.8214,2.2048,5,95.00%,1.6449,8.1091,17.2163,29.9663,7,24,reorder_now
2011-12-09,21066,VINTAGE RED MUG,1,SIM-SUP-06,4.0000,0.0000,0.0000,4.0000,0.3214,0.7585,7,95.00%,1.6449,3.3007,5.5507,7.8007,7,4,reorder_now
2011-12-09,21067,UNKNOWN,1,SIM-SUP-12,2.0000,0.0000,0.0000,2.0000,0.0000,0.0000,7,95.00%,1.6449,0.0000,0.0000,0.0000,7,0,no_order_required
2011-12-09,21068,VINTAGE BILLBOARD LOVE/HATE MUG,1,SIM-SUP-02,71.0000,0.0000,3.0000,68.0000,6.7857,15.3585,10,95.00%,1.6449,79.8868,147.7440,195.2440,7,128,reorder_now
2011-12-09,21069,VINTAGE BILLBOARD TEA MUG,1,SIM-SUP-12,1.0000,0.0000,0.0000,1.0000,0.0000,0.0000,7,95.00%,1.6449,0.0000,0.0000,0.0000,7,0,no_order_required
2011-12-09,21070,VINTAGE BILLBOARD MUG,1,SIM-SUP-01,15.0000,6.0000,1.0000,20.0000,3.2143,8.6204,7,95.00%,1.6449,37.5149,60.0149,82.5149,7,63,reorder_now
2011-12-09,21071,UNKNOWN,1,SIM-SUP-04,1.0000,0.0000,0.0000,1.0000,0.0000,0.0000,5,95.00%,1.6449,0.0000,0.0000,0.0000,7,0,no_order_required
2011-12-09,21076,SET/20 COLLAGE PAPER NAPKIN,1,SIM-SUP-07,1.0000,0.0000,0.0000,1.0000,0.0000,0.0000,7,95.00%,1.6449,0.0000,0.0000,0.0000,7,0,no_order_required
2011-12-09,21077,SET/20 WOODLAND PAPER NAPKINS,1,SIM-SUP-03,0.0000,0.0000,0.0000,0.0000,0.0000,0.0000,3,95.00%,1.6449,0.0000,0.0000,0.0000,7,0,no_order_required
2011-12-09,21078,SET/20 STRAWBERRY PAPER NAPKINS,1,SIM-SUP-07,1.0000,0.0000,0.0000,1.0000,0.0000,0.0000,5,95.00%,1.6449,0.0000,0.0000,0.0000,7,0,no_order_required
2011-12-09,21080,SET/20 RED RETROSPOT PAPER NAPKINS,1,SIM-SUP-03,227.0000,72.0000,20.0000,279.0000,32.1429,45.3720,7,95.00%,1.6449,197.4534,422.4534,647.4534,7,369,reorder_now
2011-12-09,21082,SET/20 FRUIT SALAD PAPER NAPKINS,1,SIM-SUP-09,2.0000,0.0000,0.0000,2.0000,0.0000,0.0000,10,95.00%,1.6449,0.0000,0.0000,0.0000,7,0,no_order_required
2011-12-09,21084,SET/6 COLLAGE PAPER CUPS,1,SIM-SUP-09,24.0000,0.0000,3.0000,21.0000,3.9643,9.5375,7,95.00%,1.6449,41.5058,69.2558,97.0058,7,77,reorder_now
2011-12-09,21085,SET/6 WOODLAND PAPER CUPS,1,SIM-SUP-01,2.0000,0.0000,0.0000,2.0000,0.0000,0.0000,7,95.00%,1.6449,0.0000,0.0000,0.0000,7,0,no_order_required
2011-12-09,21086,SET/6 RED SPOTTY PAPER CUPS,1,SIM-SUP-10,190.0000,0.0000,22.0000,168.0000,8.1786,13.5937,14,95.00%,1.6449,83.6623,198.1623,255.4123,7,88,reorder_now
2011-12-09,21087,SET/6 POSIES PAPER CUPS,1,SIM-SUP-05,2.0000,0.0000,0.0000,2.0000,0.0000,0.0000,7,95.00%,1.6449,0.0000,0.0000,0.0000,7,0,no_order_required
2011-12-09,21088,SET/6 FRUIT SALAD PAPER CUPS,1,SIM-SUP-03,7.0000,0.0000,0.0000,7.0000,2.9643,7.5189,5,95.00%,1.6449,27.6547,42.4761,63.2261,7,57,reorder_now
2011-12-09,21089,SET/6 GREEN SPRING PAPER CUPS,1,SIM-SUP-12,2.0000,0.0000,0.0000,2.0000,0.0000,0.0000,10,95.00%,1.6449,0.0000,0.0000,0.0000,7,0,no_order_required
2011-12-09,21090,SET/6 COLLAGE PAPER PLATES,1,SIM-SUP-03,8.0000,0.0000,0.0000,8.0000,1.8929,2.8827,3,95.00%,1.6449,8.2127,13.8913,27.1413,7,20,reorder_now
2011-12-09,21091,SET/6 WOODLAND PAPER PLATES,1,SIM-SUP-02,1.0000,0.0000,0.0000,1.0000,0.0000,0.0000,7,95.00%,1.6449,0.0000,0.0000,0.0000,7,0,no_order_required
2011-12-09,21094,SET/6 RED SPOTTY PAPER PLATES,1,SIM-SUP-10,80.0000,0.0000,6.0000,74.0000,9.0714,11.6341,7,95.00%,1.6449,50.6301,114.1301,177.6301,7,104,reorder_now
2011-12-09,21095,UNKNOWN,1,SIM-SUP-11,3.0000,0.0000,0.0000,3.0000,0.0000,0.0000,14,95.00%,1.6449,0.0000,0.0000,0.0000,7,0,no_order_required
2011-12-09,21096,SET/6 FRUIT SALAD PAPER PLATES,1,SIM-SUP-07,2.0000,0.0000,0.0000,2.0000,1.0000,2.9032,5,95.00%,1.6449,10.6780,15.6780,22.6780,7,21,reorder_now
2011-12-09,21098,CHRISTMAS TOILET ROLL,1,SIM-SUP-09,30.0000,0.0000,1.0000,29.0000,16.5000,14.5074,3,95.00%,1.6449,41.3311,90.8311,206.3311,7,178,reorder_now
2011-12-09,21099,SET/6 STRAWBERRY PAPER CUPS,1,SIM-SUP-09,1.0000,0.0000,0.0000,1.0000,0.0000,0.0000,7,95.00%,1.6449,0.0000,0.0000,0.0000,7,0,no_order_required
2011-12-09,21100,CHARLIE AND LOLA CHARLOTTE BAG,1,SIM-SUP-01,1.0000,0.0000,0.0000,1.0000,0.0000,0.0000,3,95.00%,1.6449,0.0000,0.0000,0.0000,7,0,no_order_required
2011-12-09,21106,CREAM SLICE FLANNEL CHOCOLATE SPOT,1,SIM-SUP-04,6.0000,0.0000,1.0000,5.0000,2.3214,6.4146,3,95.00%,1.6449,18.2749,25.2392,41.4892,7,37,reorder_now
2011-12-09,21107,CREAM SLICE FLANNEL PINK SPOT,1,SIM-SUP-12,10.0000,0.0000,0.0000,10.0000,13.2857,45.4610,3,95.00%,1.6449,129.5171,169.3742,262.3742,7,253,reorder_now
2011-12-09,21108,FAIRY CAKE FLANNEL ASSORTED COLOUR,1,SIM-SUP-12,309.0000,0.0000,29.0000,280.0000,53.4286,65.6606,10,95.00%,1.6449,341.5326,875.8183,1249.8183,7,970,reorder_now
2011-12-09,21109,LARGE CAKE TOWEL CHOCOLATE SPOTS,1,SIM-SUP-10,14.0000,0.0000,1.0000,13.0000,10.9286,25.6054,7,95.00%,1.6449,111.4316,187.9316,264.4316,7,252,reorder_now
2011-12-09,21110,LARGE CAKE TOWEL PINK SPOTS,1,SIM-SUP-01,7.0000,0.0000,0.0000,7.0000,1.9286,7.2305,10,95.00%,1.6449,37.6095,56.8952,70.3952,7,64,reorder_now
2011-12-09,21111,"SWISS ROLL TOWEL, CHOCOLATE SPOTS",1,SIM-SUP-05,10.0000,0.0000,1.0000,9.0000,8.5714,17.4324,5,95.00%,1.6449,64.1164,106.9735,166.9735,7,158,reorder_now
2011-12-09,21112,SWISS ROLL TOWEL PINK SPOTS,1,SIM-SUP-05,4.0000,0.0000,0.0000,4.0000,2.2500,9.9951,5,95.00%,1.6449,36.7620,48.0120,63.7620,7,60,reorder_now
2011-12-09,21114,LAVENDER SCENTED FABRIC HEART,1,SIM-SUP-07,17.0000,0.0000,1.0000,16.0000,1.1429,2.7866,14,95.00%,1.6449,17.1503,33.1503,41.1503,7,26,reorder_now
2011-12-09,21115,ROSE CARAVAN DOORSTOP,1,SIM-SUP-03,61.0000,0.0000,4.0000,57.0000,6.8214,11.8444,14,95.00%,1.6449,72.8960,168.3960,216.1460,7,160,reorder_now
2011-12-09,21116,OWL DOORSTOP,1,SIM-SUP-09,16.0000,6.0000,0.0000,22.0000,4.7143,11.6431,7,95.00%,1.6449,50.6692,83.6692,116.6692,7,95,reorder_now
2011-12-09,21121,SET/10 RED POLKADOT PARTY CANDLES,1,SIM-SUP-03,26.0000,0.0000,0.0000,26.0000,14.6071,20.8795,10,95.00%,1.6449,108.6043,254.6757,356.9257,7,331,reorder_now
2011-12-09,21122,SET/10 PINK POLKADOT PARTY CANDLES,1,SIM-SUP-09,95.0000,0.0000,12.0000,83.0000,10.9643,18.3312,14,95.00%,1.6449,112.8192,266.3192,343.0692,7,261,reorder_now
2011-12-09,21123,SET/10 IVORY POLKADOT PARTY CANDLES,1,SIM-SUP-05,13.0000,3.0000,1.0000,15.0000,3.6786,8.5609,5,95.00%,1.6449,31.4871,49.8800,75.6300,7,61,reorder_now
2011-12-09,21124,SET/10 BLUE POLKADOT PARTY CANDLES,1,SIM-SUP-12,7.0000,0.0000,1.0000,6.0000,4.6071,10.7216,7,95.00%,1.6449,46.6591,78.9091,111.1591,7,106,reorder_now
2011-12-09,21125,SET 6 FOOTBALL CELEBRATION CANDLES,1,SIM-SUP-09,4.0000,0.0000,0.0000,4.0000,1.1429,1.5051,7,95.00%,1.6449,6.5500,14.5500,22.5500,7,19,reorder_now
2011-12-09,21126,SET OF 6 GIRLS CELEBRATION CANDLES,1,SIM-SUP-07,19.0000,0.0000,2.0000,17.0000,1.9643,2.7319,7,95.00%,1.6449,11.8887,25.6387,39.3887,7,23,reorder_now
2011-12-09,21127,COLOURFUL FISHING GNOME,1,SIM-SUP-11,2.0000,0.0000,0.0000,2.0000,0.0000,0.0000,10,95.00%,1.6449,0.0000,0.0000,0.0000,7,0,no_order_required
2011-12-09,21128,GOLD FISHING GNOME,1,SIM-SUP-10,1.0000,0.0000,0.0000,1.0000,0.3929,1.4962,3,95.00%,1.6449,4.2625,5.4411,8.1911,7,8,reorder_now
2011-12-09,21129,SILVER FISHING GNOME,1,SIM-SUP-12,3.0000,0.0000,0.0000,3.0000,0.3571,1.4932,14,95.00%,1.6449,9.1898,14.1898,16.6898,7,14,reorder_now
2011-12-09,21130,COLOURFUL STANDING GNOME,1,SIM-SUP-08,2.0000,0.0000,0.0000,2.0000,0.0000,0.0000,10,95.00%,1.6449,0.0000,0.0000,0.0000,7,0,no_order_required
2011-12-09,21131,GOLD STANDING GNOME,1,SIM-SUP-04,7.0000,0.0000,0.0000,7.0000,1.1429,4.5412,14,95.00%,1.6449,27.9487,43.9487,51.9487,7,45,reorder_now
2011-12-09,21132,SILVER STANDING GNOME,1,SIM-SUP-04,1.0000,0.0000,0.0000,1.0000,0.2143,0.6186,7,95.00%,1.6449,2.6920,4.1920,5.6920,7,5,reorder_now
2011-12-09,21134,UNKNOWN,1,SIM-SUP-04,1.0000,0.0000,0.0000,1.0000,0.0000,0.0000,5,95.00%,1.6449,0.0000,0.0000,0.0000,7,0,no_order_required
2011-12-09,21135,VICTORIAN METAL POSTCARD SPRING,1,SIM-SUP-01,30.0000,0.0000,3.0000,27.0000,24.6786,109.2507,10,95.00%,1.6449,568.2658,815.0515,987.8015,7,961,reorder_now
2011-12-09,21136,PAINTED METAL PEARS ASSORTED,1,SIM-SUP-08,112.0000,0.0000,2.0000,110.0000,13.0357,14.7757,5,95.00%,1.6449,54.3449,119.5235,210.7735,7,101,reorder_now
2011-12-09,21137,BLACK RECORD COVER FRAME,1,SIM-SUP-11,281.0000,131.0000,38.0000,374.0000,90.4286,210.4364,14,95.00%,1.6449,1295.1261,2561.1261,3194.1261,7,2821,reorder_now
2011-12-09,21143,ANTIQUE GLASS HEART DECORATION,1,SIM-SUP-12,1.0000,0.0000,0.0000,1.0000,0.0000,0.0000,3,95.00%,1.6449,0.0000,0.0000,0.0000,7,0,no_order_required
2011-12-09,21144,PINK POODLE HANGING DECORATION,1,SIM-SUP-03,2.0000,1.0000,0.0000,3.0000,0.0000,0.0000,7,95.00%,1.6449,0.0000,0.0000,0.0000,7,0,no_order_required
2011-12-09,21145,UNKNOWN,1,SIM-SUP-11,5.0000,0.0000,0.0000,5.0000,0.4643,1.9176,10,95.00%,1.6449,9.9745,14.6174,17.8674,7,13,reorder_now
2011-12-09,21146,ANTIQUE GLASS RIDGED HANGING BALL,1,SIM-SUP-11,2.0000,0.0000,0.0000,2.0000,0.0000,0.0000,10,95.00%,1.6449,0.0000,0.0000,0.0000,7,0,no_order_required
2011-12-09,21147,JINGLE BELLS TREE DECORATION,1,SIM-SUP-02,26.0000,0.0000,0.0000,26.0000,2.0000,2.6992,7,95.00%,1.6449,11.7466,25.7466,39.7466,7,0,no_order_required
2011-12-09,21153,RED SPOTTY TABLECLOTH,1,SIM-SUP-11,1.0000,0.0000,0.0000,1.0000,0.0000,0.0000,3,95.00%,1.6449,0.0000,0.0000,0.0000,7,0,no_order_required
2011-12-09,21154,RED RETROSPOT OVEN GLOVE,1,SIM-SUP-09,369.0000,13.0000,26.0000,356.0000,14.9643,13.2301,14,95.00%,1.6449,81.4241,290.9241,395.6741,7,0,no_order_required
2011-12-09,21155,RED RETROSPOT PEG BAG,1,SIM-SUP-07,122.0000,0.0000,4.0000,118.0000,6.6786,5.5488,7,95.00%,1.6449,24.1478,70.8978,117.6478,7,0,no_order_required
2011-12-09,21156,RETROSPOT CHILDRENS APRON,1,SIM-SUP-02,202.0000,0.0000,18.0000,184.0000,20.9643,30.8388,14,95.00%,1.6449,189.7970,483.2970,630.0470,7,447,reorder_now
2011-12-09,21157,RED RETROSPOT WASHBAG,1,SIM-SUP-02,2.0000,0.0000,0.0000,2.0000,0.0000,0.0000,10,95.00%,1.6449,0.0000,0.0000,0.0000,7,0,no_order_required
2011-12-09,21158,MOODY GIRL DOOR HANGER,1,SIM-SUP-06,78.0000,0.0000,5.0000,73.0000,6.3571,10.0186,10,95.00%,1.6449,52.1116,115.6830,160.1830,7,88,reorder_now
2011-12-09,21159,MOODY BOY DOOR HANGER,1,SIM-SUP-06,55.0000,0.0000,8.0000,47.0000,5.2500,9.3832,10,95.00%,1.6449,48.8066,101.3066,138.0566,7,92,reorder_now
2011-12-09,21160,KEEP OUT GIRLS DOOR HANGER,1,SIM-SUP-08,1.0000,0.0000,0.0000,1.0000,0.0000,0.0000,3,95.00%,1.6449,0.0000,0.0000,0.0000,7,0,no_order_required
2011-12-09,21161,KEEP OUT BOYS DOOR HANGER,1,SIM-SUP-12,2.0000,0.0000,0.0000,2.0000,0.0000,0.0000,10,95.00%,1.6449,0.0000,0.0000,0.0000,7,0,no_order_required
2011-12-09,21162,TOXIC AREA DOOR HANGER,1,SIM-SUP-07,55.0000,0.0000,2.0000,53.0000,8.0714,11.7350,7,95.00%,1.6449,51.0690,107.5690,164.0690,7,112,reorder_now
2011-12-09,21163,DO NOT TOUCH MY STUFF DOOR HANGER,1,SIM-SUP-12,2.0000,0.0000,0.0000,2.0000,0.0000,0.0000,7,95.00%,1.6449,0.0000,0.0000,0.0000,7,0,no_order_required
2011-12-09,21164,HOME SWEET HOME METAL SIGN,1,SIM-SUP-11,47.0000,0.0000,6.0000,41.0000,4.3214,7.0865,14,95.00%,1.6449,43.6136,104.1136,134.3636,7,94,reorder_now
2011-12-09,21165,BEWARE OF THE CAT METAL SIGN,1,SIM-SUP-07,131.0000,0.0000,17.0000,114.0000,15.4643,26.6492,10,95.00%,1.6449,138.6151,293.2580,401.5080,7,288,reorder_now
2011-12-09,21166,COOK WITH WINE METAL SIGN,1,SIM-SUP-03,69.0000,0.0000,5.0000,64.0000,62.8571,116.5384,7,95.00%,1.6449,507.1603,947.1603,1387.1603,7,1324,reorder_now
2011-12-09,21167,WHITE SAGE INCENSE,1,SIM-SUP-08,26.0000,0.0000,1.0000,25.0000,12.4643,35.3861,10,95.00%,1.6449,184.0603,308.7032,395.9532,7,371,reorder_now
2011-12-09,21169,YOU'RE CONFUSING ME METAL SIGN,1,SIM-SUP-06,64.0000,7.0000,6.0000,65.0000,21.2857,25.2599,3,95.00%,1.6449,71.9646,135.8218,284.8218,7,220,reorder_now
2011-12-09,21171,BATHROOM METAL SIGN,1,SIM-SUP-10,1.0000,0.0000,0.0000,1.0000,0.0000,0.0000,5,95.00%,1.6449,0.0000,0.0000,0.0000,7,0,no_order_required
2011-12-09,21172,PARTY METAL SIGN,1,SIM-SUP-01,44.0000,0.0000,5.0000,39.0000,14.5714,24.7926,5,95.00%,1.6449,91.1873,164.0445,266.0445,7,228,reorder_now
2011-12-09,21173,UNKNOWN,1,SIM-SUP-08,2.0000,0.0000,0.0000,2.0000,0.0000,0.0000,14,95.00%,1.6449,0.0000,0.0000,0.0000,7,0,no_order_required
2011-12-09,21174,POTTERING IN THE SHED METAL SIGN,1,SIM-SUP-09,54.0000,19.0000,3.0000,70.0000,27.6429,50.6742,10,95.00%,1.6449,263.5809,540.0095,733.5095,7,664,reorder_now
2011-12-09,21175,GIN AND TONIC DIET METAL SIGN,1,SIM-SUP-02,196.0000,0.0000,22.0000,174.0000,47.1071,67.0955,5,95.00%,1.6449,246.7777,482.3134,812.0634,7,639,reorder_now
2011-12-09,21179,NO JUNK MAIL METAL SIGN,1,SIM-SUP-08,2.0000,0.0000,0.0000,2.0000,0.0000,0.0000,7,95.00%,1.6449,0.0000,0.0000,0.0000,7,0,no_order_required
2011-12-09,21181,PLEASE ONE PERSON METAL SIGN,1,SIM-SUP-06,110.0000,0.0000,0.0000,110.0000,68.0714,105.0350,5,95.00%,1.6449,386.3192,726.6764,1203.1764,7,1094,reorder_now
2011-12-09,21185,UNKNOWN,1,SIM-SUP-07,2.0000,0.0000,0.0000,2.0000,0.0000,0.0000,5,95.00%,1.6449,0.0000,0.0000,0.0000,7,0,no_order_required
2011-12-09,21186,WHITE DOVE HONEYCOMB PAPER GARLAND,1,SIM-SUP-05,2.0000,0.0000,0.0000,2.0000,0.0000,0.0000,14,95.00%,1.6449,0.0000,0.0000,0.0000,7,0,no_order_required
2011-12-09,21187,WHITE BELL HONEYCOMB PAPER GARLAND,1,SIM-SUP-08,1.0000,0.0000,0.0000,1.0000,0.0000,0.0000,10,95.00%,1.6449,0.0000,0.0000,0.0000,7,0,no_order_required
2011-12-09,21188,3D HEARTS HONEYCOMB PAPER GARLAND,1,SIM-SUP-01,2.0000,0.0000,0.0000,2.0000,0.0000,0.0000,14,95.00%,1.6449,0.0000,0.0000,0.0000,7,0,no_order_required
2011-12-09,21189,WHITE HONEYCOMB PAPER GARLAND,1,SIM-SUP-07,3.0000,0.0000,0.0000,3.0000,3.9643,6.5054,5,95.00%,1.6449,23.9269,43.7483,71.4983,7,69,reorder_now
2011-12-09,21190,PINK HEARTS PAPER GARLAND,1,SIM-SUP-05,2.0000,0.0000,0.0000,2.0000,0.1071,0.5567,5,95.00%,1.6449,2.0477,2.5834,3.3334,7,2,reorder_now
2011-12-09,21191,LARGE WHITE HONEYCOMB PAPER BELL,1,SIM-SUP-10,26.0000,0.0000,1.0000,25.0000,5.3214,8.8683,5,95.00%,1.6449,32.6176,59.2248,96.4748,7,72,reorder_now
2011-12-09,21192,WHITE BELL HONEYCOMB PAPER,1,SIM-SUP-09,2.0000,0.0000,0.0000,2.0000,0.2857,0.9203,3,95.00%,1.6449,2.6219,3.4790,5.4790,7,4,reorder_now
2011-12-09,21194,PINK HONEYCOMB PAPER FAN,1,SIM-SUP-08,5.0000,0.0000,0.0000,5.0000,2.8571,6.0280,3,95.00%,1.6449,17.1736,25.7450,45.7450,7,41,reorder_now
2011-12-09,21195,PINK HONEYCOMB PAPER BALL,1,SIM-SUP-04,1.0000,0.0000,0.0000,1.0000,0.0000,0.0000,3,95.00%,1.6449,0.0000,0.0000,0.0000,7,0,no_order_required
2011-12-09,21197,MULTICOLOUR CONFETTI IN TUBE,1,SIM-SUP-04,3.0000,0.0000,0.0000,3.0000,2.5714,9.2714,10,95.00%,1.6449,48.2251,73.9394,91.9394,7,89,reorder_now
2011-12-09,21198,WHITE HEART CONFETTI IN TUBE,1,SIM-SUP-08,4.0000,0.0000,0.0000,4.0000,2.6071,9.2634,5,95.00%,1.6449,34.0707,47.1064,65.3564,7,62,reorder_now
2011-12-09,21199,PINK HEART CONFETTI IN TUBE,1,SIM-SUP-01,5.0000,0.0000,0.0000,5.0000,2.1429,9.1015,14,95.00%,1.6449,56.0148,86.0148,101.0148,7,97,reorder_now
2011-12-09,21200,MULTICOLOUR HONEYCOMB PAPER GARLAND,1,SIM-SUP-01,0.0000,0.0000,0.0000,0.0000,0.5000,1.3758,3,95.00%,1.6449,3.9196,5.4196,8.9196,7,9,reorder_now
2011-12-09,21201,TROPICAL HONEYCOMB PAPER GARLAND,1,SIM-SUP-09,6.0000,0.0000,1.0000,5.0000,2.1786,5.2308,10,95.00%,1.6449,27.2078,48.9935,64.2435,7,60,reorder_now
2011-12-09,21202,DOLLY HONEYCOMB GARLAND,1,SIM-SUP-08,1.0000,0.0000,0.0000,1.0000,0.4286,2.2269,10,95.00%,1.6449,11.5833,15.8690,18.8690,7,18,reorder_now
2011-12-09,21203,BUTTERFLIES HONEYCOMB GARLAND,1,SIM-SUP-04,1.0000,0.0000,0.0000,1.0000,0.0000,0.0000,3,95.00%,1.6449,0.0000,0.0000,0.0000,7,0,no_order_required
2011-12-09,21204,DAISIES HONEYCOMB GARLAND,1,SIM-SUP-11,10.0000,1.0000,0.0000,11.0000,1.0357,3.0762,14,95.00%,1.6449,18.9324,33.4324,40.6824,7,30,reorder_now
2011-12-09,21205,MULTICOLOUR 3D BALLS GARLAND,1,SIM-SUP-05,2.0000,1.0000,0.0000,3.0000,0.5000,2.2281,3,95.00%,1.6449,6.3477,7.8477,11.3477,7,9,reorder_now
2011-12-09,21206,STRAWBERRY HONEYCOMB GARLAND,1,SIM-SUP-09,4.0000,0.0000,0.0000,4.0000,0.1786,0.7585,10,95.00%,1.6449,3.9451,5.7308,6.9808,7,3,reorder_now
2011-12-09,21207,SKULL AND CROSSBONES GARLAND,1,SIM-SUP-09,11.0000,0.0000,1.0000,10.0000,0.9286,2.3288,7,95.00%,1.6449,10.1348,16.6348,23.1348,7,14,reorder_now
2011-12-09,21208,PASTEL COLOUR HONEYCOMB FAN,1,SIM-SUP-10,34.0000,0.0000,4.0000,30.0000,3.6786,7.1016,10,95.00%,1.6449,36.9387,73.7245,99.4745,7,70,reorder_now
2011-12-09,21209,MULTICOLOUR HONEYCOMB FAN,1,SIM-SUP-05,5.0000,0.0000,0.0000,5.0000,3.1786,5.8740,5,95.00%,1.6449,21.6046,37.4974,59.7474,7,55,reorder_now
2011-12-09,21210,SET OF 72 RETROSPOT PAPER DOILIES,1,SIM-SUP-12,80.0000,0.0000,7.0000,73.0000,25.2857,41.0251,10,95.00%,1.6449,213.3915,466.2487,643.2487,7,571,reorder_now
2011-12-09,21211,SET OF 72 SKULL PAPER DOILIES,1,SIM-SUP-12,5.0000,0.0000,1.0000,4.0000,1.0357,2.7837,3,95.00%,1.6449,7.9305,11.0377,18.2877,7,15,reorder_now
2011-12-09,21212,PACK OF 72 RETROSPOT CAKE CASES,1,SIM-SUP-09,635.0000,0.0000,55.0000,580.0000,65.2857,53.3953,14,95.00%,1.6449,328.6204,1242.6204,1699.6204,7,1120,reorder_now
2011-12-09,21213,PACK OF 72 SKULL CAKE CASES,1,SIM-SUP-09,88.0000,0.0000,1.0000,87.0000,19.8929,25.0476,5,95.00%,1.6449,92.1251,191.5894,330.8394,7,244,reorder_now
2011-12-09,21214,UNKNOWN,1,SIM-SUP-02,1.0000,0.0000,0.0000,1.0000,0.0000,0.0000,7,95.00%,1.6449,0.0000,0.0000,0.0000,7,0,no_order_required
2011-12-09,21215,IVORY PAPER CUP CAKE CASES,1,SIM-SUP-07,4.0000,0.0000,1.0000,3.0000,1.1786,4.4485,5,95.00%,1.6449,16.3618,22.2546,30.5046,7,28,reorder_now
2011-12-09,21216,"SET 3 RETROSPOT TEA,COFFEE,SUGAR",1,SIM-SUP-10,56.0000,12.0000,5.0000,63.0000,6.2143,8.8816,7,95.00%,1.6449,38.6516,82.1516,125.6516,7,63,reorder_now
2011-12-09,21217,RED RETROSPOT ROUND CAKE TINS,1,SIM-SUP-12,16.0000,2.0000,2.0000,16.0000,3.8571,5.9445,7,95.00%,1.6449,25.8696,52.8696,79.8696,7,64,reorder_now
2011-12-09,21218,RED SPOTTY BISCUIT TIN,1,SIM-SUP-07,33.0000,0.0000,3.0000,30.0000,8.7143,12.8948,3,95.00%,1.6449,36.7369,62.8797,123.8797,7,94,reorder_now
2011-12-09,21219,SET/4 BADGES BALLOON GIRL,1,SIM-SUP-10,13.0000,4.0000,1.0000,16.0000,1.4643,3.1337,10,95.00%,1.6449,16.3000,30.9428,41.1928,7,26,reorder_now
2011-12-09,21220,SET/4 BADGES DOGS,1,SIM-SUP-07,5.0000,0.0000,1.0000,4.0000,1.6071,2.9440,3,95.00%,1.6449,8.3873,13.2088,24.4588,7,21,reorder_now
2011-12-09,21221,SET/4 BADGES CUTE CREATURES,1,SIM-SUP-03,3.0000,0.0000,0.0000,3.0000,0.4286,1.6782,3,95.00%,1.6449,4.7811,6.0668,9.0668,7,7,reorder_now
2011-12-09,21222,SET/4 BADGES BEETLES,1,SIM-SUP-02,10.0000,0.0000,0.0000,10.0000,0.6429,0.9715,14,95.00%,1.6449,5.9793,14.9793,19.4793,7,10,reorder_now
2011-12-09,21223,SET/4 BADGES WOODLAND ANIMAL,1,SIM-SUP-08,3.0000,0.0000,0.0000,3.0000,0.0000,0.0000,14,95.00%,1.6449,0.0000,0.0000,0.0000,7,0,no_order_required
2011-12-09,21224,SET/4 SKULL BADGES,1,SIM-SUP-08,11.0000,0.0000,1.0000,10.0000,2.7143,3.8065,5,95.00%,1.6449,14.0005,27.5719,46.5719,7,37,reorder_now
2011-12-09,21226,POCKET MIRROR WOODLAND,1,SIM-SUP-04,5.0000,0.0000,0.0000,5.0000,0.2143,0.9395,14,95.00%,1.6449,5.7821,8.7821,10.2821,7,6,reorder_now
2011-12-09,21231,SWEETHEART CERAMIC TRINKET BOX,1,SIM-SUP-01,260.0000,0.0000,20.0000,240.0000,23.4643,28.9624,10,95.00%,1.6449,150.6474,385.2903,549.5403,7,310,reorder_now
2011-12-09,21232,STRAWBERRY CERAMIC TRINKET POT,1,SIM-SUP-12,117.0000,0.0000,17.0000,100.0000,62.5000,112.3380,10,95.00%,1.6449,584.3242,1209.3242,1646.8242,7,1547,reorder_now
2011-12-09,21238,RED RETROSPOT CUP,1,SIM-SUP-07,64.0000,0.0000,2.0000,62.0000,7.8571,8.5679,7,95.00%,1.6449,37.2862,92.2862,147.2862,7,86,reorder_now
2011-12-09,21239,PINK POLKADOT CUP,1,SIM-SUP-12,19.0000,6.0000,1.0000,24.0000,4.5714,6.5270,7,95.00%,1.6449,28.4048,60.4048,92.4048,7,69,reorder_now
2011-12-09,21240,BLUE POLKADOT CUP,1,SIM-SUP-09,20.0000,0.0000,3.0000,17.0000,3.1071,4.8649,3,95.00%,1.6449,13.8599,23.1813,44.9313,7,28,reorder_now
2011-12-09,21241,GREEN POLKADOT CUP,1,SIM-SUP-11,1.0000,0.0000,0.0000,1.0000,0.0000,0.0000,3,95.00%,1.6449,0.0000,0.0000,0.0000,7,0,no_order_required
2011-12-09,21242,RED RETROSPOT PLATE,1,SIM-SUP-04,12.0000,14.0000,0.0000,26.0000,10.7857,24.9919,7,95.00%,1.6449,108.7618,184.2618,259.7618,7,234,reorder_now
2011-12-09,21243,PINK POLKADOT PLATE,1,SIM-SUP-09,12.0000,6.0000,1.0000,17.0000,6.7143,18.1774,10,95.00%,1.6449,94.5495,161.6924,208.6924,7,192,reorder_now
2011-12-09,21244,BLUE POLKADOT PLATE,1,SIM-SUP-10,3.0000,0.0000,0.0000,3.0000,0.2143,0.6739,5,95.00%,1.6449,2.4784,3.5499,5.0499,7,3,reorder_now
2011-12-09,21245,GREEN POLKADOT PLATE,1,SIM-SUP-11,7.0000,0.0000,1.0000,6.0000,4.4286,17.9113,5,95.00%,1.6449,65.8780,88.0209,119.0209,7,114,reorder_now
2011-12-09,21246,RED RETROSPOT BIG BOWL,1,SIM-SUP-05,2.0000,0.0000,0.0000,2.0000,0.0000,0.0000,7,95.00%,1.6449,0.0000,0.0000,0.0000,7,0,no_order_required
2011-12-09,21247,SET OF RED SALAD SERVERS,1,SIM-SUP-01,2.0000,0.0000,0.0000,2.0000,0.0000,0.0000,10,95.00%,1.6449,0.0000,0.0000,0.0000,7,0,no_order_required
2011-12-09,21248,DOOR HANGER MUM + DADS ROOM,1,SIM-SUP-08,7.0000,0.0000,1.0000,6.0000,1.7143,3.5341,10,95.00%,1.6449,18.3825,35.5254,47.5254,7,42,reorder_now
2011-12-09,21249,WOODLAND HEIGHT CHART STICKERS,1,SIM-SUP-07,5.0000,1.0000,1.0000,5.0000,1.3929,3.2878,3,95.00%,1.6449,9.3670,13.5456,23.2956,7,19,reorder_now
2011-12-09,21250,SET OF SKULL WALL STICKERS,1,SIM-SUP-03,4.0000,0.0000,0.0000,4.0000,0.5714,2.5971,10,95.00%,1.6449,13.5087,19.2230,23.2230,7,20,reorder_now
2011-12-09,21251,DINOSAUR HEIGHT CHART STICKER SET,1,SIM-SUP-09,3.0000,0.0000,0.0000,3.0000,0.3929,1.6763,5,95.00%,1.6449,6.1654,8.1297,10.8797,7,8,reorder_now
2011-12-09,21253,SET OF PICTURE FRAME STICKERS,1,SIM-SUP-05,1.0000,0.0000,0.0000,1.0000,0.2143,0.4897,10,95.00%,1.6449,2.5471,4.6900,6.1900,7,6,reorder_now
2011-12-09,21255,UNKNOWN,1,SIM-SUP-06,2.0000,0.0000,0.0000,2.0000,0.0000,0.0000,10,95.00%,1.6449,0.0000,0.0000,0.0000,7,0,no_order_required
2011-12-09,21256,UNKNOWN,1,SIM-SUP-10,2.0000,0.0000,0.0000,2.0000,0.0000,0.0000,7,95.00%,1.6449,0.0000,0.0000,0.0000,7,0,no_order_required
2011-12-09,21257,VICTORIAN SEWING BOX MEDIUM,1,SIM-SUP-07,98.0000,0.0000,10.0000,88.0000,4.6429,5.0300,10,95.00%,1.6449,26.1635,72.5921,105.0921,7,0,no_order_required
2011-12-09,21258,VICTORIAN SEWING BOX LARGE,1,SIM-SUP-04,15.0000,3.0000,0.0000,18.0000,3.8929,6.0258,3,95.00%,1.6449,17.1672,28.8458,56.0958,7,39,reorder_now
2011-12-09,21259,VICTORIAN SEWING BOX SMALL,1,SIM-SUP-02,19.0000,0.0000,3.0000,16.0000,4.7500,7.3077,10,95.00%,1.6449,38.0106,85.5106,118.7606,7,103,reorder_now
2011-12-09,21260,FIRST AID TIN,1,SIM-SUP-10,9.0000,0.0000,1.0000,8.0000,1.3929,2.0760,5,95.00%,1.6449,7.6357,14.6000,24.3500,7,17,reorder_now
2011-12-09,21261,GREEN GOOSE FEATHER CHRISTMAS TREE,1,SIM-SUP-11,6.0000,0.0000,1.0000,5.0000,0.3929,0.9761,7,95.00%,1.6449,4.2479,6.9979,9.7479,7,5,reorder_now
2011-12-09,21262,WHITE GOOSE FEATHER CHRISTMAS TREE,1,SIM-SUP-03,15.0000,0.0000,2.0000,13.0000,1.8571,2.6283,5,95.00%,1.6449,9.6670,18.9528,31.9528,7,19,reorder_now
2011-12-09,21263,GREEN GOOSE FEATHER TREE 60CM,1,SIM-SUP-02,13.0000,6.0000,1.0000,18.0000,1.6786,3.2520,14,95.00%,1.6449,20.0141,43.5141,55.2641,7,38,reorder_now
2011-12-09,21264,WHITE GOOSE FEATHER TREE 60CM,1,SIM-SUP-01,54.0000,7.0000,7.0000,54.0000,2.2857,3.9357,14,95.00%,1.6449,24.2222,56.2222,72.2222,7,19,reorder_now
2011-12-09,21268,VINTAGE BLUE TINSEL REEL,1,SIM-SUP-12,1.0000,0.0000,0.0000,1.0000,0.0000,0.0000,3,95.00%,1.6449,0.0000,0.0000,0.0000,7,0,no_order_required
2011-12-09,21269,ANTIQUE CREAM CUTLERY SHELF,1,SIM-SUP-09,2.0000,0.0000,0.0000,2.0000,0.0357,0.1856,5,95.00%,1.6449,0.6826,0.8611,1.1111,7,0,no_order_required
2011-12-09,21270,ANTIQUE CREAM CUTLERY CUPBOARD,1,SIM-SUP-07,1.0000,0.0000,0.0000,1.0000,0.0714,0.2575,3,95.00%,1.6449,0.7337,0.9480,1.4480,7,0,no_order_required
2011-12-09,21272,UNKNOWN,1,SIM-SUP-10,1.0000,0.0000,0.0000,1.0000,0.0000,0.0000,5,95.00%,1.6449,0.0000,0.0000,0.0000,7,0,no_order_required
2011-12-09,21274,EMBOSSED HEART 3 DRAWER SHELF,1,SIM-SUP-07,2.0000,0.0000,0.0000,2.0000,0.0000,0.0000,7,95.00%,1.6449,0.0000,0.0000,0.0000,7,0,no_order_required
2011-12-09,21275,ZINC TOP 2 DOOR WOODEN SHELF,1,SIM-SUP-11,1.0000,0.0000,0.0000,1.0000,0.0000,0.0000,5,95.00%,1.6449,0.0000,0.0000,0.0000,7,0,no_order_required
2011-12-09,21277,FRENCH STYLE EMBOSSED HEART CABINET,1,SIM-SUP-03,2.0000,0.0000,0.0000,2.0000,0.1429,0.5803,5,95.00%,1.6449,2.1343,2.8486,3.8486,7,2,reorder_now
2011-12-09,21278,VINTAGE KITCHEN PRINT PUDDINGS,1,SIM-SUP-03,1.0000,0.0000,0.0000,1.0000,0.0000,0.0000,3,95.00%,1.6449,0.0000,0.0000,0.0000,7,0,no_order_required
2011-12-09,21279,VINTAGE KITCHEN PRINT FRUITS,1,SIM-SUP-06,1.0000,0.0000,0.0000,1.0000,0.0357,0.1856,3,95.00%,1.6449,0.5287,0.6358,0.8858,7,0,no_order_required
2011-12-09,21280,VINTAGE KITCHEN PRINT VEGETABLES,1,SIM-SUP-07,3.0000,0.0000,0.0000,3.0000,0.0000,0.0000,10,95.00%,1.6449,0.0000,0.0000,0.0000,7,0,no_order_required
2011-12-09,21281,VINTAGE KITCHEN PRINT SEAFOOD,1,SIM-SUP-02,2.0000,0.0000,0.0000,2.0000,0.0000,0.0000,10,95.00%,1.6449,0.0000,0.0000,0.0000,7,0,no_order_required
2011-12-09,21282,NATURAL BARK CANDLE LARGE,1,SIM-SUP-06,2.0000,1.0000,0.0000,3.0000,0.0000,0.0000,14,95.00%,1.6449,0.0000,0.0000,0.0000,7,0,no_order_required
2011-12-09,21283,NATURAL BARK CANDLE SMALL,1,SIM-SUP-03,2.0000,0.0000,0.0000,2.0000,0.0000,0.0000,10,95.00%,1.6449,0.0000,0.0000,0.0000,7,0,no_order_required
2011-12-09,21284,RETROSPOT CANDLE SMALL,1,SIM-SUP-10,2.0000,0.0000,0.0000,2.0000,6.2857,15.1701,3,95.00%,1.6449,43.2192,62.0764,106.0764,7,105,reorder_now
2011-12-09,21285,RETROSPOT CANDLE MEDIUM,1,SIM-SUP-11,14.0000,0.0000,2.0000,12.0000,9.3571,20.6315,10,95.00%,1.6449,107.3143,200.8858,266.3858,7,255,reorder_now
2011-12-09,21286,RETROSPOT CANDLE LARGE,1,SIM-SUP-11,4.0000,0.0000,0.0000,4.0000,5.8571,15.1745,7,95.00%,1.6449,66.0375,107.0375,148.0375,7,145,reorder_now
2011-12-09,21287,SCENTED VELVET LOUNGE CANDLE,1,SIM-SUP-03,27.0000,7.0000,1.0000,33.0000,13.2500,33.0483,5,95.00%,1.6449,121.5517,187.8017,280.5517,7,248,reorder_now
2011-12-09,21288,STRIPEY CHOCOLATE NESTING BOXES,1,SIM-SUP-11,23.0000,0.0000,3.0000,20.0000,0.8929,1.1129,14,95.00%,1.6449,6.8492,19.3492,25.5992,7,0,no_order_required
2011-12-09,21289,LARGE STRIPES CHOCOLATE GIFT BAG,1,SIM-SUP-02,1.0000,0.0000,0.0000,1.0000,0.7857,3.0279,7,95.00%,1.6449,13.1772,18.6772,24.1772,7,24,reorder_now
2011-12-09,21291,SMALL POLKADOT CHOCOLATE GIFT BAG,1,SIM-SUP-09,23.0000,0.0000,3.0000,20.0000,2.9286,7.3335,14,95.00%,1.6449,45.1340,86.1340,106.6340,7,87,reorder_now
2011-12-09,21292,SMALL STRIPES CHOCOLATE GIFT BAG,1,SIM-SUP-09,4.0000,0.0000,1.0000,3.0000,5.1429,18.1693,5,95.00%,1.6449,66.8267,92.5410,128.5410,7,126,reorder_now
2011-12-09,21293,MIRRORED DOVE WALL DECORATION,1,SIM-SUP-04,7.0000,0.0000,0.0000,7.0000,0.5000,1.3229,14,95.00%,1.6449,8.1416,15.1416,18.6416,7,12,reorder_now
2011-12-09,21294,ETCHED GLASS COASTER,1,SIM-SUP-08,3.0000,0.0000,0.0000,3.0000,0.0000,0.0000,10,95.00%,1.6449,0.0000,0.0000,0.0000,7,0,no_order_required
2011-12-09,21306,SET/4 DAISY MIRROR MAGNETS,1,SIM-SUP-09,8.0000,0.0000,1.0000,7.0000,3.0000,7.3387,3,95.00%,1.6449,20.9079,29.9079,50.9079,7,44,reorder_now
2011-12-09,21307,SET/4 BUTTERFLY MIRROR MAGNETS,1,SIM-SUP-02,1.0000,0.0000,0.0000,1.0000,0.0000,0.0000,5,95.00%,1.6449,0.0000,0.0000,0.0000,7,0,no_order_required
2011-12-09,21311,SET/4 BIRD MIRROR MAGNETS,1,SIM-SUP-12,10.0000,3.0000,1.0000,12.0000,1.6429,4.9729,10,95.00%,1.6449,25.8664,42.2950,53.7950,7,42,reorder_now
2011-12-09,21313,GLASS HEART T-LIGHT HOLDER,1,SIM-SUP-10,88.0000,0.0000,10.0000,78.0000,8.9643,20.1024,14,95.00%,1.6449,123.7197,249.2197,311.9697,7,234,reorder_now
2011-12-09,21314,SMALL GLASS HEART TRINKET POT,1,SIM-SUP-08,80.0000,0.0000,5.0000,75.0000,18.8929,21.7047,3,95.00%,1.6449,61.8361,118.5147,250.7647,7,176,reorder_now
2011-12-09,21316,SMALL CHUNKY GLASS ROMAN BOWL,1,SIM-SUP-01,1.0000,0.0000,0.0000,1.0000,0.0000,0.0000,7,95.00%,1.6449,0.0000,0.0000,0.0000,7,0,no_order_required
2011-12-09,21317,GLASS SPHERE CANDLE STAND MEDIUM,1,SIM-SUP-11,9.0000,0.0000,1.0000,8.0000,1.1786,2.1556,5,95.00%,1.6449,7.9284,13.8212,22.0712,7,15,reorder_now
2011-12-09,21318,GLASS CHALICE BLUE SMALL,1,SIM-SUP-07,1.0000,0.0000,0.0000,1.0000,0.0000,0.0000,5,95.00%,1.6449,0.0000,0.0000,0.0000,7,0,no_order_required
2011-12-09,21319,adjustment,1,SIM-SUP-06,2.0000,0.0000,0.0000,2.0000,0.0000,0.0000,10,95.00%,1.6449,0.0000,0.0000,0.0000,7,0,no_order_required
2011-12-09,21320,GLASS CHALICE GREEN LARGE,1,SIM-SUP-11,1.0000,0.0000,0.0000,1.0000,0.0000,0.0000,3,95.00%,1.6449,0.0000,0.0000,0.0000,7,0,no_order_required
2011-12-09,21323,UNKNOWN,1,SIM-SUP-06,1.0000,0.0000,0.0000,1.0000,0.0000,0.0000,3,95.00%,1.6449,0.0000,0.0000,0.0000,7,0,no_order_required
2011-12-09,21324,UNKNOWN,1,SIM-SUP-02,1.0000,0.0000,0.0000,1.0000,0.0000,0.0000,3,95.00%,1.6449,0.0000,0.0000,0.0000,7,0,no_order_required
2011-12-09,21326,AGED GLASS SILVER T-LIGHT HOLDER,1,SIM-SUP-08,54.0000,0.0000,6.0000,48.0000,49.0714,51.1929,5,95.00%,1.6449,188.2876,433.6447,777.1447,7,730,reorder_now
2011-12-09,21327,SKULLS WRITING SET,1,SIM-SUP-12,18.0000,0.0000,1.0000,17.0000,5.7143,6.5184,7,95.00%,1.6449,28.3673,68.3673,108.3673,7,92,reorder_now
2011-12-09,21328,BALLOONS WRITING SET,1,SIM-SUP-12,36.0000,0.0000,5.0000,31.0000,6.3571,6.4929,3,95.00%,1.6449,18.4982,37.5696,82.0696,7,52,reorder_now
2011-12-09,21329,DINOSAURS WRITING SET,1,SIM-SUP-01,65.0000,0.0000,8.0000,57.0000,8.0000,11.0032,10,95.00%,1.6449,57.2332,137.2332,193.2332,7,137,reorder_now
2011-12-09,21330,WOODLAND ANIMAL WRITING SET,1,SIM-SUP-10,2.0000,0.0000,0.0000,2.0000,0.0000,0.0000,10,95.00%,1.6449,0.0000,0.0000,0.0000,7,0,no_order_required
2011-12-09,21332,MOROCCAN BEATEN METAL MIRROR,1,SIM-SUP-02,1.0000,0.0000,0.0000,1.0000,0.0000,0.0000,5,95.00%,1.6449,0.0000,0.0000,0.0000,7,0,no_order_required
2011-12-09,21333,CLASSIC WHITE FRAME,1,SIM-SUP-06,3.0000,0.0000,0.0000,3.0000,0.0000,0.0000,14,95.00%,1.6449,0.0000,0.0000,0.0000,7,0,no_order_required
2011-12-09,21336,GOLD WASHBAG,1,SIM-SUP-05,1.0000,0.0000,0.0000,1.0000,0.0000,0.0000,14,95.00%,1.6449,0.0000,0.0000,0.0000,7,0,no_order_required
2011-12-09,21340,CLASSIC METAL BIRDCAGE PLANT HOLDER,1,SIM-SUP-07,4.0000,0.0000,1.0000,3.0000,2.5357,3.9232,3,95.00%,1.6449,11.1771,18.7843,36.5343,7,34,reorder_now
2011-12-09,21348,UNKNOWN,1,SIM-SUP-08,1.0000,0.0000,0.0000,1.0000,0.0000,0.0000,5,95.00%,1.6449,0.0000,0.0000,0.0000,7,0,no_order_required
2011-12-09,21349,check,1,SIM-SUP-02,0.0000,0.0000,0.0000,0.0000,0.0000,0.0000,10,95.00%,1.6449,0.0000,0.0000,0.0000,7,0,no_order_required
2011-12-09,21350,UNKNOWN,1,SIM-SUP-12,2.0000,0.0000,0.0000,2.0000,0.0000,0.0000,10,95.00%,1.6449,0.0000,0.0000,0.0000,7,0,no_order_required
2011-12-09,21351,CINAMMON & ORANGE WREATH,1,SIM-SUP-08,5.0000,0.0000,0.0000,5.0000,0.8929,1.4721,7,95.00%,1.6449,6.4064,12.6564,18.9064,7,14,reorder_now
2011-12-09,21352,EUCALYPTUS & PINECONE WREATH,1,SIM-SUP-12,3.0000,0.0000,0.0000,3.0000,0.0357,0.1856,10,95.00%,1.6449,0.9653,1.3224,1.5724,7,0,no_order_required
2011-12-09,21354,TOAST ITS - BEST MUM,1,SIM-SUP-02,6.0000,0.0000,0.0000,6.0000,3.1786,11.8172,14,95.00%,1.6449,72.7288,117.2288,139.4788,7,134,reorder_now
2011-12-09,21355,TOAST ITS - I LOVE YOU,1,SIM-SUP-12,2.0000,0.0000,0.0000,2.0000,0.2500,0.8292,3,95.00%,1.6449,2.3622,3.1122,4.8622,7,3,reorder_now
2011-12-09,21356,TOAST ITS - FAIRY FLOWER,1,SIM-SUP-12,92.0000,0.0000,9.0000,83.0000,6.3929,7.3307,14,95.00%,1.6449,45.1164,134.6164,179.3664,7,97,reorder_now
2011-12-09,21357,UNKNOWN,1,SIM-SUP-12,1.0000,0.0000,0.0000,1.0000,0.0000,0.0000,3,95.00%,1.6449,0.0000,0.0000,0.0000,7,0,no_order_required
2011-12-09,21358,TOAST ITS - HAPPY BIRTHDAY,1,SIM-SUP-01,4.0000,0.0000,0.0000,4.0000,0.9286,1.2797,10,95.00%,1.6449,6.6566,15.9423,22.4423,7,19,reorder_now
2011-12-09,21359,UNKNOWN,1,SIM-SUP-01,2.0000,0.0000,0.0000,2.0000,0.0000,0.0000,14,95.00%,1.6449,0.0000,0.0000,0.0000,7,0,no_order_required
2011-12-09,21360,JOY LARGE WOOD LETTERS,1,SIM-SUP-02,1.0000,0.0000,0.0000,1.0000,0.0000,0.0000,7,95.00%,1.6449,0.0000,0.0000,0.0000,7,0,no_order_required
2011-12-09,21361,LOVE LARGE WOOD LETTERS,1,SIM-SUP-03,1.0000,0.0000,0.0000,1.0000,0.0000,0.0000,7,95.00%,1.6449,0.0000,0.0000,0.0000,7,0,no_order_required
2011-12-09,21363,HOME SMALL WOOD LETTERS,1,SIM-SUP-08,1.0000,0.0000,0.0000,1.0000,0.0000,0.0000,3,95.00%,1.6449,0.0000,0.0000,0.0000,7,0,no_order_required
2011-12-09,21364,PEACE SMALL WOOD LETTERS,1,SIM-SUP-09,3.0000,0.0000,0.0000,3.0000,0.0000,0.0000,14,95.00%,1.6449,0.0000,0.0000,0.0000,7,0,no_order_required
2011-12-09,21365,MIRRORED WALL ART STARS,1,SIM-SUP-04,5.0000,0.0000,0.0000,5.0000,2.3214,5.2444,7,95.00%,1.6449,22.8230,39.0730,55.3230,7,51,reorder_now
2011-12-09,21366,MIRRORED WALL ART PHOTO FRAMES,1,SIM-SUP-02,2.0000,0.0000,0.0000,2.0000,0.2143,0.6739,10,95.00%,1.6449,3.5051,5.6479,7.1479,7,6,reorder_now
2011-12-09,21367,MIRRORED WALL ART GENTS,1,SIM-SUP-12,3.0000,0.0000,0.0000,3.0000,0.7857,2.5405,7,95.00%,1.6449,11.0559,16.5559,22.0559,7,20,reorder_now
2011-12-09,21368,MIRRORED WALL ART LADIES,1,SIM-SUP-04,4.0000,1.0000,0.0000,5.0000,0.7500,2.3848,5,95.00%,1.6449,8.7715,12.5215,17.7715,7,13,reorder_now
2011-12-09,21371,MIRRORED WALL ART POPPIES,1,SIM-SUP-05,4.0000,0.0000,1.0000,3.0000,1.3929,4.8942,3,95.00%,1.6449,13.9433,18.1219,27.8719,7,25,reorder_now
2011-12-09,21372,MIRRORED WALL ART TABLE LAMP,1,SIM-SUP-05,1.0000,0.0000,0.0000,1.0000,0.1429,0.5803,5,95.00%,1.6449,2.1343,2.8486,3.8486,7,3,reorder_now
2011-12-09,21373,MIRRORED WALL ART SNOWFLAKES,1,SIM-SUP-12,24.0000,0.0000,1.0000,23.0000,5.6429,10.9127,14,95.00%,1.6449,67.1619,146.1619,185.6619,7,163,reorder_now
2011-12-09,21374,MIRRORED WALL ART SKULLS,1,SIM-SUP-02,14.0000,0.0000,1.0000,13.0000,2.1071,7.4992,10,95.00%,1.6449,39.0071,60.0786,74.8286,7,62,reorder_now
2011-12-09,21375,LARGE CAMPHOR WOOD FIELD MUSHROOM,1,SIM-SUP-08,2.0000,0.0000,0.0000,2.0000,0.1429,0.5803,7,95.00%,1.6449,2.5253,3.5253,4.5253,7,3,reorder_now
2011-12-09,21376,LARGE TALL CAMPHOR WOOD TOADSTOOL,1,SIM-SUP-09,3.0000,0.0000,0.0000,3.0000,0.1429,0.4403,10,95.00%,1.6449,2.2903,3.7189,4.7189,7,2,reorder_now
2011-12-09,21377,SMALL CAMPHOR WOOD FIELD MUSHROOM,1,SIM-SUP-06,9.0000,0.0000,1.0000,8.0000,1.1071,2.7946,14,95.00%,1.6449,17.1995,32.6995,40.4495,7,33,reorder_now
2011-12-09,21378,SMALL TALL CAMPHOR WOOD TOADSTOOL,1,SIM-SUP-04,6.0000,1.0000,1.0000,6.0000,1.3214,3.1966,7,95.00%,1.6449,13.9111,23.1611,32.4111,7,27,reorder_now
2011-12-09,21379,CAMPHOR WOOD PORTOBELLO MUSHROOM,1,SIM-SUP-09,6.0000,1.0000,0.0000,7.0000,1.0357,2.6115,5,95.00%,1.6449,9.6053,14.7838,22.0338,7,16,reorder_now
2011-12-09,21380,WOODEN HAPPY BIRTHDAY GARLAND,1,SIM-SUP-12,5.0000,3.0000,0.0000,8.0000,1.9643,4.0398,7,95.00%,1.6449,17.5808,31.3308,45.0808,7,38,reorder_now
2011-12-09,21381,MINI WOODEN HAPPY BIRTHDAY GARLAND,1,SIM-SUP-05,6.0000,0.0000,1.0000,5.0000,1.5714,3.2230,7,95.00%,1.6449,14.0261,25.0261,36.0261,7,32,reorder_now
2011-12-09,21382,SET/4 SPRING FLOWER DECORATION,1,SIM-SUP-12,8.0000,0.0000,0.0000,8.0000,1.7143,3.7783,5,95.00%,1.6449,13.8966,22.4680,34.4680,7,27,reorder_now
2011-12-09,21383,PACK OF 12 STICKY BUNNIES,1,SIM-SUP-12,11.0000,4.0000,0.0000,15.0000,2.2500,5.5654,7,95.00%,1.6449,24.2197,39.9697,55.7197,7,41,reorder_now
2011-12-09,21384,UNKNOWN,1,SIM-SUP-12,1.0000,0.0000,0.0000,1.0000,0.0000,0.0000,7,95.00%,1.6449,0.0000,0.0000,0.0000,7,0,no_order_required
2011-12-09,21385,IVORY HANGING DECORATION HEART,1,SIM-SUP-01,19.0000,0.0000,2.0000,17.0000,5.1429,8.4588,10,95.00%,1.6449,43.9982,95.4268,131.4268,7,115,reorder_now
2011-12-09,21386,IVORY HANGING DECORATION EGG,1,SIM-SUP-01,14.0000,0.0000,1.0000,13.0000,2.8571,13.3382,10,95.00%,1.6449,69.3785,97.9500,117.9500,7,105,reorder_now
2011-12-09,21389,IVORY HANGING DECORATION BIRD,1,SIM-SUP-10,3.0000,1.0000,0.0000,4.0000,1.2857,3.2055,3,95.00%,1.6449,9.1325,12.9896,21.9896,7,18,reorder_now
2011-12-09,21390,FILIGRIS HEART WITH BUTTERFLY,1,SIM-SUP-11,49.0000,0.0000,6.0000,43.0000,4.8929,8.4106,10,95.00%,1.6449,43.7477,92.6763,126.9263,7,84,reorder_now
2011-12-09,21391,FRENCH LAVENDER SCENT HEART,1,SIM-SUP-04,1.0000,0.0000,0.0000,1.0000,0.0357,0.1856,3,95.00%,1.6449,0.5287,0.6358,0.8858,7,0,no_order_required
2011-12-09,21392,RED POLKADOT PUDDING BOWL,1,SIM-SUP-03,1.0000,0.0000,0.0000,1.0000,0.0000,0.0000,5,95.00%,1.6449,0.0000,0.0000,0.0000,7,0,no_order_required
2011-12-09,21393,UNKNOWN,1,SIM-SUP-10,1.0000,0.0000,0.0000,1.0000,0.0000,0.0000,10,95.00%,1.6449,0.0000,0.0000,0.0000,7,0,no_order_required
2011-12-09,21394,UNKNOWN,1,SIM-SUP-05,1.0000,0.0000,0.0000,1.0000,0.2500,1.1220,10,95.00%,1.6449,5.8362,8.3362,10.0862,7,10,reorder_now
2011-12-09,21395,BLUE POLKADOT BEAKER,1,SIM-SUP-12,1.0000,0.0000,0.0000,1.0000,0.0000,0.0000,3,95.00%,1.6449,0.0000,0.0000,0.0000,7,0,no_order_required
2011-12-09,21396,RED SPOTTY EGG CUP,1,SIM-SUP-12,1.0000,0.0000,0.0000,1.0000,0.0000,0.0000,7,95.00%,1.6449,0.0000,0.0000,0.0000,7,0,no_order_required
2011-12-09,21397,BLUE POLKADOT EGG CUP,1,SIM-SUP-12,1.0000,0.0000,0.0000,1.0000,0.0000,0.0000,3,95.00%,1.6449,0.0000,0.0000,0.0000,7,0,no_order_required
2011-12-09,21398,RED POLKADOT COFFEE MUG,1,SIM-SUP-05,3.0000,1.0000,0.0000,4.0000,0.0000,0.0000,14,95.00%,1.6449,0.0000,0.0000,0.0000,7,0,no_order_required
2011-12-09,21399,BLUE POLKADOT COFFEE MUG,1,SIM-SUP-11,3.0000,0.0000,0.0000,3.0000,0.0000,0.0000,10,95.00%,1.6449,0.0000,0.0000,0.0000,7,0,no_order_required
2011-12-09,21400,RED PUDDING SPOON,1,SIM-SUP-12,6.0000,0.0000,1.0000,5.0000,3.1786,9.7690,3,95.00%,1.6449,27.8314,37.3672,59.6172,7,55,reorder_now
2011-12-09,21401,BLUE PUDDING SPOON,1,SIM-SUP-06,4.0000,0.0000,0.0000,4.0000,3.6786,11.5048,3,95.00%,1.6449,32.7769,43.8126,69.5626,7,66,reorder_now
2011-12-09,21402,RED EGG SPOON,1,SIM-SUP-10,13.0000,0.0000,0.0000,13.0000,6.7857,13.5392,5,95.00%,1.6449,49.7974,83.7260,131.2260,7,119,reorder_now
2011-12-09,21403,BLUE EGG SPOON,1,SIM-SUP-06,10.0000,0.0000,0.0000,10.0000,8.9286,23.2378,5,95.00%,1.6449,85.4687,130.1116,192.6116,7,183,reorder_now
2011-12-09,21407,BROWN CHECK CAT DOORSTOP,1,SIM-SUP-06,2.0000,0.0000,0.0000,2.0000,0.1071,0.3093,7,95.00%,1.6449,1.3460,2.0960,2.8460,7,1,reorder_now
2011-12-09,21408,SPOTTY PINK DUCK DOORSTOP,1,SIM-SUP-11,12.0000,2.0000,1.0000,13.0000,4.7143,9.1841,3,95.00%,1.6449,26.1651,40.3080,73.3080,7,61,reorder_now
2011-12-09,21410,COUNTRY COTTAGE DOORSTOP GREEN,1,SIM-SUP-09,2.0000,0.0000,0.0000,2.0000,0.0000,0.0000,10,95.00%,1.6449,0.0000,0.0000,0.0000,7,0,no_order_required
2011-12-09,21411,GINGHAM HEART DOORSTOP RED,1,SIM-SUP-11,45.0000,2.0000,6.0000,41.0000,12.3929,25.6923,14,95.00%,1.6449,158.1229,331.6229,418.3729,7,378,reorder_now
2011-12-09,21412,VINTAGE GOLD TINSEL REEL,1,SIM-SUP-03,2.0000,0.0000,0.0000,2.0000,0.0000,0.0000,10,95.00%,1.6449,0.0000,0.0000,0.0000,7,0,no_order_required
2011-12-09,21413,PERIWINKLE T-LIGHT HOLDER,1,SIM-SUP-04,2.0000,0.0000,0.0000,2.0000,0.1429,0.7423,7,95.00%,1.6449,3.2304,4.2304,5.2304,7,4,reorder_now
2011-12-09,21414,SCALLOP SHELL SOAP DISH,1,SIM-SUP-01,3.0000,0.0000,0.0000,3.0000,0.0000,0.0000,10,95.00%,1.6449,0.0000,0.0000,0.0000,7,0,no_order_required
2011-12-09,21415,CLAM SHELL SMALL,1,SIM-SUP-11,3.0000,0.0000,0.0000,3.0000,1.5714,4.9600,7,95.00%,1.6449,21.5855,32.5855,43.5855,7,41,reorder_now
2011-12-09,21417,COCKLE SHELL DISH,1,SIM-SUP-03,7.0000,3.0000,0.0000,10.0000,5.3571,16.1515,10,95.00%,1.6449,84.0120,137.5834,175.0834,7,166,reorder_now
2011-12-09,21418,STARFISH SOAP DISH,1,SIM-SUP-04,3.0000,0.0000,0.0000,3.0000,0.7143,2.4032,10,95.00%,1.6449,12.5004,19.6432,24.6432,7,22,reorder_now
2011-12-09,21421,PORCELAIN ROSE LARGE,1,SIM-SUP-05,1.0000,0.0000,0.0000,1.0000,0.0000,0.0000,5,95.00%,1.6449,0.0000,0.0000,0.0000,7,0,no_order_required
2011-12-09,21422,PORCELAIN ROSE SMALL,1,SIM-SUP-11,3.0000,1.0000,0.0000,4.0000,0.7143,2.9983,7,95.00%,1.6449,13.0482,18.0482,23.0482,7,20,reorder_now
2011-12-09,21424,WOODLAND STORAGE BOX LARGE,1,SIM-SUP-10,3.0000,1.0000,0.0000,4.0000,0.0000,0.0000,14,95.00%,1.6449,0.0000,0.0000,0.0000,7,0,no_order_required
2011-12-09,21425,SKULLS STORAGE BOX LARGE,1,SIM-SUP-11,1.0000,0.0000,0.0000,1.0000,0.3571,1.1715,3,95.00%,1.6449,3.3376,4.4090,6.9090,7,6,reorder_now
2011-12-09,21426,WOODLAND STORAGE BOX SMALL,1,SIM-SUP-03,8.0000,0.0000,0.0000,8.0000,1.2857,2.8392,7,95.00%,1.6449,12.3560,21.3560,30.3560,7,23,reorder_now
2011-12-09,21427,SKULLS STORAGE BOX SMALL,1,SIM-SUP-10,2.0000,0.0000,0.0000,2.0000,0.6786,1.6914,7,95.00%,1.6449,7.3609,12.1109,16.8609,7,15,reorder_now
2011-12-09,21428,SET3 BOOK BOX GREEN GINGHAM FLOWER,1,SIM-SUP-01,10.0000,0.0000,1.0000,9.0000,4.6786,10.0323,3,95.00%,1.6449,28.5817,42.6174,75.3674,7,67,reorder_now
2011-12-09,21429,RED GINGHAM ROSE JEWELLERY BOX,1,SIM-SUP-05,84.0000,0.0000,12.0000,72.0000,11.1071,12.2659,5,95.00%,1.6449,45.1141,100.6498,178.3998,7,107,reorder_now
2011-12-09,21430,SET/3 RED GINGHAM ROSE STORAGE BOX,1,SIM-SUP-10,97.0000,0.0000,13.0000,84.0000,6.6071,10.0511,10,95.00%,1.6449,52.2805,118.3520,164.6020,7,81,reorder_now
2011-12-09,21431,GREEN GINGHAM FLOWER JEWELLERY BOX,1,SIM-SUP-07,1.0000,0.0000,0.0000,1.0000,0.0000,0.0000,5,95.00%,1.6449,0.0000,0.0000,0.0000,7,0,no_order_required
2011-12-09,21432,SET OF 3 CASES WOODLAND DESIGN,1,SIM-SUP-09,1.0000,0.0000,0.0000,1.0000,0.0000,0.0000,10,95.00%,1.6449,0.0000,0.0000,0.0000,7,0,no_order_required
2011-12-09,21437,24 HANGING EASTER EGGS FLORAL TUB,1,SIM-SUP-06,1.0000,0.0000,0.0000,1.0000,0.0000,0.0000,5,95.00%,1.6449,0.0000,0.0000,0.0000,7,0,no_order_required
2011-12-09,21439,BASKET OF TOADSTOOLS,1,SIM-SUP-03,7.0000,0.0000,0.0000,7.0000,6.0714,18.3594,7,95.00%,1.6449,79.8976,122.3976,164.8976,7,158,reorder_now
2011-12-09,21440,12 MINI TOADSTOOL PEGS,1,SIM-SUP-10,1.0000,0.0000,0.0000,1.0000,0.0000,0.0000,7,95.00%,1.6449,0.0000,0.0000,0.0000,7,0,no_order_required
2011-12-09,21441,BLUE BIRDHOUSE DECORATION,1,SIM-SUP-10,7.0000,0.0000,1.0000,6.0000,5.5714,14.6591,7,95.00%,1.6449,63.7943,102.7943,141.7943,7,136,reorder_now
2011-12-09,21442,GREEN BIRDHOUSE DECORATION,1,SIM-SUP-01,14.0000,0.0000,0.0000,14.0000,5.5000,13.4629,14,95.00%,1.6449,82.8572,159.8572,198.3572,7,185,reorder_now
2011-12-09,21444,BLUE CHALET BIRDFEEDER,1,SIM-SUP-05,3.0000,0.0000,0.0000,3.0000,0.0000,0.0000,14,95.00%,1.6449,0.0000,0.0000,0.0000,7,0,no_order_required
2011-12-09,21445,UNKNOWN,1,SIM-SUP-06,2.0000,0.0000,0.0000,2.0000,0.0000,0.0000,14,95.00%,1.6449,0.0000,0.0000,0.0000,7,0,no_order_required
2011-12-09,21446,12 RED ROSE PEG PLACE SETTINGS,1,SIM-SUP-07,11.0000,6.0000,0.0000,17.0000,2.1071,4.7158,10,95.00%,1.6449,24.5290,45.6004,60.3504,7,44,reorder_now
2011-12-09,21447,12 IVORY ROSE PEG PLACE SETTINGS,1,SIM-SUP-07,1.0000,0.0000,0.0000,1.0000,0.0000,0.0000,7,95.00%,1.6449,0.0000,0.0000,0.0000,7,0,no_order_required
2011-12-09,21448,12 DAISY PEGS IN WOOD BOX,1,SIM-SUP-04,1.0000,0.0000,0.0000,1.0000,0.0000,0.0000,7,95.00%,1.6449,0.0000,0.0000,0.0000,7,0,no_order_required
2011-12-09,21452,TOADSTOOL MONEY BOX,1,SIM-SUP-11,17.0000,0.0000,2.0000,15.0000,2.3571,3.1192,5,95.00%,1.6449,11.4725,23.2583,39.7583,7,25,reorder_now
2011-12-09,21454,PAINTED PINK RABBIT,1,SIM-SUP-10,2.0000,0.0000,0.0000,2.0000,0.3929,1.2346,3,95.00%,1.6449,3.5173,4.6959,7.4459,7,6,reorder_now
2011-12-09,21455,PAINTED YELLOW WOODEN DAISY,1,SIM-SUP-05,1.0000,0.0000,0.0000,1.0000,0.3214,1.2263,3,95.00%,1.6449,3.4937,4.4580,6.7080,7,6,reorder_now
2011-12-09,21456,2 PICTURE BOOK EGGS EASTER CHICKS,1,SIM-SUP-02,2.0000,0.0000,0.0000,2.0000,0.4286,2.2269,14,95.00%,1.6449,13.7055,19.7055,22.7055,7,21,reorder_now
2011-12-09,21457,2 PICTURE BOOK EGGS EASTER DUCKS,1,SIM-SUP-10,1.0000,0.0000,0.0000,1.0000,0.0000,0.0000,5,95.00%,1.6449,0.0000,0.0000,0.0000,7,0,no_order_required
2011-12-09,21458,2 PICTURE BOOK EGGS EASTER BUNNY,1,SIM-SUP-01,2.0000,0.0000,0.0000,2.0000,0.0000,0.0000,7,95.00%,1.6449,0.0000,0.0000,0.0000,7,0,no_order_required
2011-12-09,21459,YELLOW EASTER EGG HUNT START POST,1,SIM-SUP-01,1.0000,0.0000,0.0000,1.0000,0.0000,0.0000,7,95.00%,1.6449,0.0000,0.0000,0.0000,7,0,no_order_required
2011-12-09,21462,"NURSERY A,B,C PAINTED LETTERS",1,SIM-SUP-05,12.0000,0.0000,1.0000,11.0000,3.3214,9.4455,14,95.00%,1.6449,58.1323,104.6323,127.8823,7,117,reorder_now
2011-12-09,21463,MIRRORED DISCO BALL,1,SIM-SUP-08,31.0000,0.0000,1.0000,30.0000,4.3214,9.7323,10,95.00%,1.6449,50.6225,93.8368,124.0868,7,95,reorder_now
2011-12-09,21464,DISCO BALL ROTATOR BATTERY OPERATED,1,SIM-SUP-05,18.0000,0.0000,2.0000,16.0000,1.2500,2.2460,14,95.00%,1.6449,13.8231,31.3231,40.0731,7,25,reorder_now
2011-12-09,21465,PINK FLOWER CROCHET FOOD COVER,1,SIM-SUP-11,2.0000,0.0000,0.0000,2.0000,0.2857,1.1294,3,95.00%,1.6449,3.2176,4.0747,6.0747,7,5,reorder_now
2011-12-09,21466,RED FLOWER CROCHET FOOD COVER,1,SIM-SUP-02,5.0000,0.0000,0.0000,5.0000,0.8571,1.6413,10,95.00%,1.6449,8.5372,17.1086,23.1086,7,19,reorder_now
2011-12-09,21467,CHERRY CROCHET FOOD COVER,1,SIM-SUP-06,2.0000,0.0000,0.0000,2.0000,0.1786,0.4670,7,95.00%,1.6449,2.0324,3.2824,4.5324,7,3,reorder_now
2011-12-09,21468,BUTTERFLY CROCHET FOOD COVER,1,SIM-SUP-07,3.0000,0.0000,0.0000,3.0000,0.0714,0.2575,10,95.00%,1.6449,1.3396,2.0539,2.5539,7,0,no_order_required
2011-12-09,21469,POLKA DOT RAFFIA FOOD COVER,1,SIM-SUP-03,6.0000,0.0000,0.0000,6.0000,0.3214,1.1356,14,95.00%,1.6449,6.9889,11.4889,13.7389,7,8,reorder_now
2011-12-09,21470,FLOWER VINE RAFFIA FOOD COVER,1,SIM-SUP-12,2.0000,0.0000,0.0000,2.0000,0.8571,1.5747,3,95.00%,1.6449,4.4862,7.0576,13.0576,7,12,reorder_now
2011-12-09,21471,STRAWBERRY RAFFIA FOOD COVER,1,SIM-SUP-01,6.0000,0.0000,1.0000,5.0000,1.1786,1.4893,3,95.00%,1.6449,4.2431,7.7788,16.0288,7,12,reorder_now
2011-12-09,21472,UNKNOWN,1,SIM-SUP-05,1.0000,0.0000,0.0000,1.0000,0.0000,0.0000,5,95.00%,1.6449,0.0000,0.0000,0.0000,7,0,no_order_required
2011-12-09,21473,SWEETHEART CREAM STEEL TABLE RECT,1,SIM-SUP-09,2.0000,0.0000,0.0000,2.0000,0.0357,0.1856,10,95.00%,1.6449,0.9653,1.3224,1.5724,7,0,no_order_required
2011-12-09,21474,SWEETHEART CREAM STEEL FOLDIN BENCH,1,SIM-SUP-05,1.0000,0.0000,0.0000,1.0000,0.0000,0.0000,5,95.00%,1.6449,0.0000,0.0000,0.0000,7,0,no_order_required
2011-12-09,21476,STEEL SWEETHEART ROUND TABLE CREAM,1,SIM-SUP-02,1.0000,0.0000,0.0000,1.0000,0.0000,0.0000,5,95.00%,1.6449,0.0000,0.0000,0.0000,7,0,no_order_required
2011-12-09,21478,UNKNOWN,1,SIM-SUP-11,1.0000,0.0000,0.0000,1.0000,0.0000,0.0000,10,95.00%,1.6449,0.0000,0.0000,0.0000,7,0,no_order_required
2011-12-09,21479,WHITE SKULL HOT WATER BOTTLE,1,SIM-SUP-11,250.0000,79.0000,31.0000,298.0000,37.2857,56.6070,7,95.00%,1.6449,246.3463,507.3463,768.3463,7,471,reorder_now
2011-12-09,21481,FAWN BLUE HOT WATER BOTTLE,1,SIM-SUP-09,124.0000,0.0000,6.0000,118.0000,19.6429,19.3893,10,95.00%,1.6449,100.8530,297.2816,434.7816,7,317,reorder_now
2011-12-09,21482,MUSHROOM BLUE HOT WATER BOTTLE,1,SIM-SUP-12,1.0000,0.0000,0.0000,1.0000,0.0000,0.0000,5,95.00%,1.6449,0.0000,0.0000,0.0000,7,0,no_order_required
2011-12-09,21484,CHICK GREY HOT WATER BOTTLE,1,SIM-SUP-11,121.0000,0.0000,18.0000,103.0000,14.1786,13.5068,7,95.00%,1.6449,58.7797,158.0297,257.2797,7,155,reorder_now
2011-12-09,21485,RETROSPOT HEART HOT WATER BOTTLE,1,SIM-SUP-11,509.0000,0.0000,44.0000,465.0000,22.3214,23.3851,14,95.00%,1.6449,143.9228,456.4228,612.6728,7,0,no_order_required
2011-12-09,21486,PINK HEART DOTS HOT WATER BOTTLE,1,SIM-SUP-03,1.0000,0.0000,0.0000,1.0000,0.0000,0.0000,5,95.00%,1.6449,0.0000,0.0000,0.0000,7,0,no_order_required
2011-12-09,21488,RED WHITE SCARF HOT WATER BOTTLE,1,SIM-SUP-07,1.0000,0.0000,0.0000,1.0000,0.0000,0.0000,5,95.00%,1.6449,0.0000,0.0000,0.0000,7,0,no_order_required
2011-12-09,21491,UNKNOWN,1,SIM-SUP-03,1.0000,0.0000,0.0000,1.0000,0.0000,0.0000,3,95.00%,1.6449,0.0000,0.0000,0.0000,7,0,no_order_required
2011-12-09,21494,ROTATING LEAVES T-LIGHT HOLDER,1,SIM-SUP-11,142.0000,32.0000,9.0000,165.0000,14.7143,11.8709,10,95.00%,1.6449,61.7463,208.8892,311.8892,7,147,reorder_now
2011-12-09,21495,SKULLS AND CROSSBONES WRAP,1,SIM-SUP-01,118.0000,0.0000,3.0000,115.0000,25.8929,53.6532,7,95.00%,1.6449,233.4920,414.7420,595.9920,7,481,reorder_now
2011-12-09,21497,FANCY FONTS BIRTHDAY WRAP,1,SIM-SUP-11,105.0000,0.0000,8.0000,97.0000,25.8929,39.7998,3,95.00%,1.6449,113.3884,191.0670,372.3170,7,276,reorder_now
2011-12-09,21498,RED RETROSPOT WRAP,1,SIM-SUP-04,89.0000,0.0000,12.0000,77.0000,41.0714,44.4281,3,95.00%,1.6449,126.5742,249.7885,537.2885,7,461,reorder_now
2011-12-09,21499,BLUE POLKADOT WRAP,1,SIM-SUP-06,35.0000,0.0000,1.0000,34.0000,21.4286,51.6315,5,95.00%,1.6449,189.9011,297.0439,447.0439,7,414,reorder_now
2011-12-09,21500,PINK POLKADOT WRAP,1,SIM-SUP-03,91.0000,0.0000,8.0000,83.0000,19.6429,32.2913,7,95.00%,1.6449,140.5278,278.0278,415.5278,7,333,reorder_now
2011-12-09,21503,TOYBOX WRAP,1,SIM-SUP-06,3.0000,0.0000,0.0000,3.0000,0.8929,4.6394,3,95.00%,1.6449,13.2176,15.8961,22.1461,7,20,reorder_now
2011-12-09,21504,SKULLS GREETING CARD,1,SIM-SUP-02,20.0000,4.0000,2.0000,22.0000,5.2857,10.4603,10,95.00%,1.6449,54.4092,107.2663,144.2663,7,123,reorder_now
2011-12-09,21506,"FANCY FONT BIRTHDAY CARD,",1,SIM-SUP-10,89.0000,0.0000,1.0000,88.0000,21.9643,43.5304,7,95.00%,1.6449,189.4386,343.1886,496.9386,7,409,reorder_now
2011-12-09,21507,ELEPHANT BIRTHDAY CARD,1,SIM-SUP-01,64.0000,0.0000,8.0000,56.0000,11.7857,15.1430,5,95.00%,1.6449,55.6961,114.6247,197.1247,7,142,reorder_now
2011-12-09,21508,VINTAGE KID DOLLY CARD,1,SIM-SUP-03,8.0000,0.0000,1.0000,7.0000,4.2500,8.6711,3,95.00%,1.6449,24.7036,37.4536,67.2036,7,61,reorder_now
2011-12-09,21509,COWBOYS AND INDIANS BIRTHDAY CARD,1,SIM-SUP-03,50.0000,0.0000,6.0000,44.0000,6.7857,8.8049,5,95.00%,1.6449,32.3843,66.3129,113.8129,7,70,reorder_now
2011-12-09,21518,BANK ACCOUNT GREETING CARD,1,SIM-SUP-02,2.0000,0.0000,0.0000,2.0000,0.0000,0.0000,7,95.00%,1.6449,0.0000,0.0000,0.0000,7,0,no_order_required
2011-12-09,21519,GIN & TONIC DIET GREETING CARD,1,SIM-SUP-07,18.0000,6.0000,1.0000,23.0000,7.9286,15.9305,3,95.00%,1.6449,45.3855,69.1712,124.6712,7,102,reorder_now
2011-12-09,21520,BOOZE & WOMEN GREETING CARD,1,SIM-SUP-10,2.0000,0.0000,0.0000,2.0000,0.1071,0.3093,3,95.00%,1.6449,0.8812,1.2026,1.9526,7,0,no_order_required
2011-12-09,21523,DOORMAT FANCY FONT HOME SWEET HOME,1,SIM-SUP-06,27.0000,14.0000,1.0000,40.0000,7.7500,10.9042,5,95.00%,1.6449,40.1057,78.8557,133.1057,7,94,reorder_now
2011-12-09,21524,DOORMAT SPOTTY HOME SWEET HOME,1,SIM-SUP-11,39.0000,0.0000,5.0000,34.0000,5.6071,12.1342,7,95.00%,1.6449,52.8065,92.0565,131.3065,7,98,reorder_now
2011-12-09,21527,RED RETROSPOT TRADITIONAL TEAPOT,1,SIM-SUP-09,1.0000,1.0000,0.0000,2.0000,0.0000,0.0000,14,95.00%,1.6449,0.0000,0.0000,0.0000,7,0,no_order_required
2011-12-09,21528,DAIRY MAID TRADITIONAL TEAPOT,1,SIM-SUP-06,2.0000,0.0000,0.0000,2.0000,0.2857,0.5249,3,95.00%,1.6449,1.4954,2.3525,4.3525,7,3,reorder_now
2011-12-09,21529,UNKNOWN,1,SIM-SUP-10,1.0000,0.0000,0.0000,1.0000,0.0000,0.0000,10,95.00%,1.6449,0.0000,0.0000,0.0000,7,0,no_order_required
2011-12-09,21530,DAIRY MAID TOASTRACK,1,SIM-SUP-02,4.0000,0.0000,0.0000,4.0000,1.7857,4.9954,5,95.00%,1.6449,18.3731,27.3017,39.8017,7,36,reorder_now
2011-12-09,21531,RED RETROSPOT SUGAR JAM BOWL,1,SIM-SUP-06,38.0000,0.0000,4.0000,34.0000,3.6786,4.2178,5,95.00%,1.6449,15.5130,33.9058,59.6558,7,0,no_order_required
2011-12-09,21532,UNKNOWN,1,SIM-SUP-08,4.0000,0.0000,0.0000,4.0000,0.0000,0.0000,14,95.00%,1.6449,0.0000,0.0000,0.0000,7,0,no_order_required
2011-12-09,21533,RETROSPOT LARGE MILK JUG,1,SIM-SUP-07,10.0000,5.0000,1.0000,14.0000,2.8214,3.1516,14,95.00%,1.6449,19.3963,58.8963,78.6463,7,65,reorder_now
2011-12-09,21534,DAIRY MAID LARGE MILK JUG,1,SIM-SUP-12,7.0000,0.0000,1.0000,6.0000,0.8571,1.6194,10,95.00%,1.6449,8.4233,16.9947,22.9947,7,17,reorder_now
2011-12-09,21535,RED RETROSPOT SMALL MILK JUG,1,SIM-SUP-10,53.0000,0.0000,3.0000,50.0000,4.1786,4.1062,7,95.00%,1.6449,17.8697,47.1197,76.3697,7,0,no_order_required
2011-12-09,21536,DAIRY MAID SMALL MILK JUG,1,SIM-SUP-11,1.0000,0.0000,0.0000,1.0000,0.0000,0.0000,3,95.00%,1.6449,0.0000,0.0000,0.0000,7,0,no_order_required
2011-12-09,21537,RED RETROSPOT PUDDING BOWL,1,SIM-SUP-12,12.0000,1.0000,0.0000,13.0000,1.7857,3.3844,7,95.00%,1.6449,14.7284,27.2284,39.7284,7,27,reorder_now
2011-12-09,21538,DAIRY MAID PUDDING BOWL,1,SIM-SUP-04,1.0000,0.0000,0.0000,1.0000,0.0000,0.0000,10,95.00%,1.6449,0.0000,0.0000,0.0000,7,0,no_order_required
2011-12-09,21539,check,1,SIM-SUP-02,1.0000,0.0000,0.0000,1.0000,0.0000,0.0000,7,95.00%,1.6449,0.0000,0.0000,0.0000,7,0,no_order_required
2011-12-09,21540,DAIRY MAID BUTTER DISH,1,SIM-SUP-12,1.0000,0.0000,0.0000,1.0000,0.0000,0.0000,3,95.00%,1.6449,0.0000,0.0000,0.0000,7,0,no_order_required
2011-12-09,21541,DINOSAURS WATER TRANSFER TATTOOS,1,SIM-SUP-07,1.0000,0.0000,0.0000,1.0000,0.0000,0.0000,5,95.00%,1.6449,0.0000,0.0000,0.0000,7,0,no_order_required
2011-12-09,21542,UNKNOWN,1,SIM-SUP-11,2.0000,0.0000,0.0000,2.0000,0.0000,0.0000,14,95.00%,1.6449,0.0000,0.0000,0.0000,7,0,no_order_required
2011-12-09,21544,SKULLS WATER TRANSFER TATTOOS,1,SIM-SUP-04,52.0000,0.0000,5.0000,47.0000,9.1071,16.0831,7,95.00%,1.6449,69.9918,133.7418,197.4918,7,151,reorder_now
2011-12-09,21545,UNKNOWN,1,SIM-SUP-02,0.0000,0.0000,0.0000,0.0000,0.0000,0.0000,3,95.00%,1.6449,0.0000,0.0000,0.0000,7,0,no_order_required
2011-12-09,21547,CERAMIC BIRDHOUSE CRESTED TIT SMALL,1,SIM-SUP-06,1.0000,0.0000,0.0000,1.0000,0.0000,0.0000,7,95.00%,1.6449,0.0000,0.0000,0.0000,7,0,no_order_required
2011-12-09,21548,CERAMIC BIRDHOUSE FINCH BLUE ROOF,1,SIM-SUP-07,3.0000,0.0000,0.0000,3.0000,0.0000,0.0000,14,95.00%,1.6449,0.0000,0.0000,0.0000,7,0,no_order_required
2011-12-09,21549,CERAMIC BIRDHOUSE RED ROOF SMALL,1,SIM-SUP-01,1.0000,0.0000,0.0000,1.0000,0.0000,0.0000,3,95.00%,1.6449,0.0000,0.0000,0.0000,7,0,no_order_required
2011-12-09,21550,CERAMIC BIRDHOUSE CRESTED TIT LARGE,1,SIM-SUP-02,1.0000,0.0000,0.0000,1.0000,0.0000,0.0000,14,95.00%,1.6449,0.0000,0.0000,0.0000,7,0,no_order_required
2011-12-09,21555,CERAMIC STRAWBERRY TRINKET TRAY,1,SIM-SUP-12,11.0000,0.0000,2.0000,9.0000,0.4286,0.6776,14,95.00%,1.6449,4.1705,10.1705,13.1705,7,5,reorder_now
2011-12-09,21556,CERAMIC STRAWBERRY MONEY BOX,1,SIM-SUP-08,4.0000,1.0000,0.0000,5.0000,0.1071,0.4088,10,95.00%,1.6449,2.1262,3.1976,3.9476,7,0,no_order_required
2011-12-09,21557,SET OF 6 FUNKY BEAKERS,1,SIM-SUP-01,9.0000,0.0000,1.0000,8.0000,1.3571,2.0910,7,95.00%,1.6449,9.0999,18.5999,28.0999,7,21,reorder_now
2011-12-09,21558,SKULL LUNCH BOX WITH CUTLERY,1,SIM-SUP-03,32.0000,0.0000,4.0000,28.0000,4.7857,7.4131,3,95.00%,1.6449,21.1197,35.4768,68.9768,7,41,reorder_now
2011-12-09,21559,STRAWBERRY LUNCH BOX WITH CUTLERY,1,SIM-SUP-10,23.0000,1.0000,1.0000,23.0000,7.7143,8.5559,3,95.00%,1.6449,24.3756,47.5185,101.5185,7,79,reorder_now
2011-12-09,21561,DINOSAUR LUNCH BOX WITH CUTLERY,1,SIM-SUP-02,7.0000,0.0000,0.0000,7.0000,1.7500,2.1978,3,95.00%,1.6449,6.2615,11.5115,23.7615,7,17,reorder_now
2011-12-09,21562,HAWAIIAN GRASS SKIRT,1,SIM-SUP-01,3.0000,0.0000,0.0000,3.0000,0.4286,2.2269,5,95.00%,1.6449,8.1906,10.3335,13.3335,7,11,reorder_now
2011-12-09,21563,RED HEART SHAPE LOVE BUCKET,1,SIM-SUP-04,43.0000,9.0000,6.0000,46.0000,23.3571,68.5983,10,95.00%,1.6449,356.8131,590.3845,753.8845,7,708,reorder_now
2011-12-09,21564,PINK HEART SHAPE LOVE BUCKET,1,SIM-SUP-09,7.0000,0.0000,1.0000,6.0000,22.0714,69.5547,7,95.00%,1.6449,302.6931,457.1931,611.6931,7,606,reorder_now
2011-12-09,21576,LETS GO SHOPPING COTTON TOTE BAG,1,SIM-SUP-07,4.0000,0.0000,0.0000,4.0000,0.8214,1.7739,3,95.00%,1.6449,5.0538,7.5180,13.2680,7,10,reorder_now
2011-12-09,21577,SAVE THE PLANET COTTON TOTE BAG,1,SIM-SUP-11,5.0000,0.0000,0.0000,5.0000,1.8214,2.8165,7,95.00%,1.6449,12.2568,25.0068,37.7568,7,33,reorder_now
2011-12-09,21578,WOODLAND DESIGN COTTON TOTE BAG,1,SIM-SUP-03,2.0000,1.0000,0.0000,3.0000,0.0357,0.1856,7,95.00%,1.6449,0.8076,1.0576,1.3076,7,0,no_order_required
2011-12-09,21579,LOLITA DESIGN COTTON TOTE BAG,1,SIM-SUP-11,2.0000,0.0000,0.0000,2.0000,0.7143,2.4474,3,95.00%,1.6449,6.9726,9.1154,14.1154,7,13,reorder_now
2011-12-09,21580,RABBIT DESIGN COTTON TOTE BAG,1,SIM-SUP-09,5.0000,0.0000,1.0000,4.0000,0.6429,2.2712,5,95.00%,1.6449,8.3533,11.5676,16.0676,7,13,reorder_now
2011-12-09,21581,SKULLS DESIGN COTTON TOTE BAG,1,SIM-SUP-03,4.0000,0.0000,0.0000,4.0000,0.6429,1.7158,3,95.00%,1.6449,4.8882,6.8168,11.3168,7,8,reorder_now
2011-12-09,21584,RETROSPOT SMALL TUBE MATCHES,1,SIM-SUP-10,57.0000,0.0000,2.0000,55.0000,5.6071,7.5040,14,95.00%,1.6449,46.1832,124.6832,163.9332,7,109,reorder_now
2011-12-09,21586,KINGS CHOICE GIANT TUBE MATCHES,1,SIM-SUP-05,3.0000,0.0000,0.0000,3.0000,0.0000,0.0000,14,95.00%,1.6449,0.0000,0.0000,0.0000,7,0,no_order_required
2011-12-09,21587,COSY HOUR GIANT TUBE MATCHES,1,SIM-SUP-05,1.0000,0.0000,0.0000,1.0000,0.0000,0.0000,10,95.00%,1.6449,0.0000,0.0000,0.0000,7,0,no_order_required
2011-12-09,21588,RETROSPOT GIANT TUBE MATCHES,1,SIM-SUP-03,71.0000,0.0000,1.0000,70.0000,12.7857,34.7639,7,95.00%,1.6449,151.2879,240.7879,330.2879,7,261,reorder_now
2011-12-09,21589,SWALLOW GIANT TUBE MATCHES,1,SIM-SUP-09,1.0000,0.0000,0.0000,1.0000,0.0000,0.0000,5,95.00%,1.6449,0.0000,0.0000,0.0000,7,0,no_order_required
2011-12-09,21590,UNKNOWN,1,SIM-SUP-07,2.0000,0.0000,0.0000,2.0000,0.0000,0.0000,10,95.00%,1.6449,0.0000,0.0000,0.0000,7,0,no_order_required
2011-12-09,21591,COSY HOUR CIGAR BOX MATCHES,1,SIM-SUP-07,14.0000,0.0000,2.0000,12.0000,13.0357,34.0488,3,95.00%,1.6449,97.0040,136.1111,227.3611,7,216,reorder_now
2011-12-09,21592,RETROSPOT CIGAR BOX MATCHES,1,SIM-SUP-12,44.0000,0.0000,6.0000,38.0000,33.8929,67.2534,3,95.00%,1.6449,191.6030,293.2816,530.5316,7,493,reorder_now
2011-12-09,21593,SWALLOW CIGAR BOX MATCHES,1,SIM-SUP-10,3.0000,0.0000,0.0000,3.0000,0.0000,0.0000,10,95.00%,1.6449,0.0000,0.0000,0.0000,7,0,no_order_required
2011-12-09,21609,SET 12 LAVENDER BOTANICAL T-LIGHTS,1,SIM-SUP-05,2.0000,0.0000,0.0000,2.0000,0.0000,0.0000,7,95.00%,1.6449,0.0000,0.0000,0.0000,7,0,no_order_required
2011-12-09,21610,SET 12 PEAR BOTANICAL T-LIGHTS,1,SIM-SUP-06,1.0000,0.0000,0.0000,1.0000,0.0000,0.0000,3,95.00%,1.6449,0.0000,0.0000,0.0000,7,0,no_order_required
2011-12-09,21611,SET OF 12 LILY BOTANICAL T-LIGHTS,1,SIM-SUP-07,2.0000,1.0000,0.0000,3.0000,0.0000,0.0000,14,95.00%,1.6449,0.0000,0.0000,0.0000,7,0,no_order_required
2011-12-09,21612,SET 12 WILDFLOWER BOTANICAL T-LIGHT,1,SIM-SUP-01,4.0000,0.0000,0.0000,4.0000,0.0000,0.0000,14,95.00%,1.6449,0.0000,0.0000,0.0000,7,0,no_order_required
2011-12-09,21613,S/12 VANILLA BOTANICAL T-LIGHTS,1,SIM-SUP-02,1.0000,0.0000,0.0000,1.0000,0.0000,0.0000,3,95.00%,1.6449,0.0000,0.0000,0.0000,7,0,no_order_required
2011-12-09,21614,UNKNOWN,1,SIM-SUP-10,1.0000,0.0000,0.0000,1.0000,0.0000,0.0000,3,95.00%,1.6449,0.0000,0.0000,0.0000,7,0,no_order_required
2011-12-09,21615,4 LAVENDER BOTANICAL DINNER CANDLES,1,SIM-SUP-07,99.0000,0.0000,14.0000,85.0000,13.4643,24.7509,5,95.00%,1.6449,91.0338,158.3553,252.6053,7,168,reorder_now
2011-12-09,21616,4 PEAR BOTANICAL DINNER CANDLES,1,SIM-SUP-11,320.0000,0.0000,43.0000,277.0000,13.7143,18.4968,14,95.00%,1.6449,113.8383,305.8383,401.8383,7,125,reorder_now
2011-12-09,21617,4 LILY BOTANICAL DINNER CANDLES,1,SIM-SUP-08,23.0000,0.0000,1.0000,22.0000,4.1071,9.6560,10,95.00%,1.6449,50.2256,91.2970,120.0470,7,99,reorder_now
2011-12-09,21618,4 WILDFLOWER BOTANICAL CANDLES,1,SIM-SUP-05,13.0000,0.0000,1.0000,12.0000,0.2857,1.0302,10,95.00%,1.6449,5.3583,8.2155,10.2155,7,0,no_order_required
2011-12-09,21619,4 VANILLA BOTANICAL CANDLES,1,SIM-SUP-07,176.0000,0.0000,17.0000,159.0000,14.6071,23.3824,7,95.00%,1.6449,101.7574,204.0074,306.2574,7,148,reorder_now
2011-12-09,21620,SET OF 4 ROSE BOTANICAL CANDLES,1,SIM-SUP-03,242.0000,0.0000,25.0000,217.0000,14.3214,14.3702,14,95.00%,1.6449,88.4413,288.9413,389.1913,7,173,reorder_now
2011-12-09,21621,VINTAGE UNION JACK BUNTING,1,SIM-SUP-12,31.0000,0.0000,3.0000,28.0000,3.7143,3.6337,5,95.00%,1.6449,13.3649,31.9363,57.9363,7,30,reorder_now
2011-12-09,21622,VINTAGE UNION JACK CUSHION COVER,1,SIM-SUP-06,4.0000,0.0000,0.0000,4.0000,0.1786,0.6008,7,95.00%,1.6449,2.6146,3.8646,5.1146,7,0,no_order_required
2011-12-09,21623,VINTAGE UNION JACK MEMOBOARD,1,SIM-SUP-09,12.0000,0.0000,2.0000,10.0000,3.0357,10.2869,5,95.00%,1.6449,37.8352,53.0138,74.2638,7,65,reorder_now
2011-12-09,21624,VINTAGE UNION JACK DOORSTOP,1,SIM-SUP-05,9.0000,4.0000,1.0000,12.0000,0.6786,1.5131,10,95.00%,1.6449,7.8705,14.6562,19.4062,7,8,reorder_now
2011-12-09,21625,VINTAGE UNION JACK APRON,1,SIM-SUP-11,3.0000,0.0000,0.0000,3.0000,1.0000,1.8898,3,95.00%,1.6449,5.3840,8.3840,15.3840,7,13,reorder_now
2011-12-09,21626,VINTAGE UNION JACK PENNANT,1,SIM-SUP-05,4.0000,0.0000,0.0000,4.0000,0.4286,2.2269,10,95.00%,1.6449,11.5833,15.8690,18.8690,7,15,reorder_now
2011-12-09,21627,ELEPHANT CARNIVAL POUFFE,1,SIM-SUP-08,2.0000,0.0000,0.0000,2.0000,0.0000,0.0000,14,95.00%,1.6449,0.0000,0.0000,0.0000,7,0,no_order_required
2011-12-09,21628,TRIANGULAR POUFFE VINTAGE,1,SIM-SUP-11,2.0000,0.0000,0.0000,2.0000,0.1071,0.3093,7,95.00%,1.6449,1.3460,2.0960,2.8460,7,1,reorder_now
2011-12-09,21629,SQUARE FLOOR CUSHION VINTAGE RED,1,SIM-SUP-06,14.0000,1.0000,1.0000,14.0000,0.4643,0.8653,14,95.00%,1.6449,5.3254,11.8254,15.0754,7,0,no_order_required
2011-12-09,21630,FLOOR CUSHION ELEPHANT CARNIVAL,1,SIM-SUP-11,2.0000,0.0000,0.0000,2.0000,0.2143,0.4897,7,95.00%,1.6449,2.1311,3.6311,5.1311,7,4,reorder_now
2011-12-09,21631,HIPPY CHIC DECORATIVE PARASOL,1,SIM-SUP-05,1.0000,0.0000,0.0000,1.0000,0.0357,0.1856,10,95.00%,1.6449,0.9653,1.3224,1.5724,7,1,reorder_now
2011-12-09,21632,UNKNOWN,1,SIM-SUP-12,2.0000,0.0000,0.0000,2.0000,0.0000,0.0000,7,95.00%,1.6449,0.0000,0.0000,0.0000,7,0,no_order_required
2011-12-09,21633,SUNFLOWER DECORATIVE PARASOL,1,SIM-SUP-09,3.0000,0.0000,0.0000,3.0000,0.2143,0.7726,7,95.00%,1.6449,3.3623,4.8623,6.3623,7,4,reorder_now
2011-12-09,21634,ASSORTED MINI MADRAS NOTEBOOK,1,SIM-SUP-07,2.0000,0.0000,0.0000,2.0000,0.0000,0.0000,10,95.00%,1.6449,0.0000,0.0000,0.0000,7,0,no_order_required
2011-12-09,21635,UNKNOWN,1,SIM-SUP-02,1.0000,0.0000,0.0000,1.0000,0.0000,0.0000,7,95.00%,1.6449,0.0000,0.0000,0.0000,7,0,no_order_required
2011-12-09,21636,MADRAS NOTEBOOK MEDIUM,1,SIM-SUP-06,29.0000,0.0000,1.0000,28.0000,4.6071,8.3338,5,95.00%,1.6449,30.6519,53.6876,85.9376,7,58,reorder_now
2011-12-09,21637,ASSORTED SANSKRIT MINI NOTEBOOK,1,SIM-SUP-07,2.0000,1.0000,0.0000,3.0000,0.0000,0.0000,14,95.00%,1.6449,0.0000,0.0000,0.0000,7,0,no_order_required
2011-12-09,21638,ASSORTED TUTTI FRUTTI NOTEBOOK,1,SIM-SUP-08,7.0000,0.0000,0.0000,7.0000,1.7500,3.9877,3,95.00%,1.6449,11.3609,16.6109,28.8609,7,22,reorder_now
2011-12-09,21640,ASSORTED TUTTI FRUTTI FOB NOTEBOOK,1,SIM-SUP-10,24.0000,0.0000,2.0000,22.0000,3.3214,6.3978,7,95.00%,1.6449,27.8426,51.0926,74.3426,7,53,reorder_now
2011-12-09,21641,ASSORTED TUTTI FRUTTI KEYRING BALL,1,SIM-SUP-07,1.0000,0.0000,0.0000,1.0000,0.0000,0.0000,3,95.00%,1.6449,0.0000,0.0000,0.0000,7,0,no_order_required
2011-12-09,21642,ASSORTED TUTTI FRUTTI PEN,1,SIM-SUP-05,137.0000,12.0000,17.0000,132.0000,12.4643,18.6020,14,95.00%,1.6449,114.4856,288.9856,376.2356,7,245,reorder_now
2011-12-09,21643,ASSORTED TUTTI FRUTTI MIRROR,1,SIM-SUP-02,4.0000,1.0000,0.0000,5.0000,3.5714,14.1558,7,95.00%,1.6449,61.6044,86.6044,111.6044,7,107,reorder_now
2011-12-09,21644,ASSORTED TUTTI FRUTTI HEART BOX,1,SIM-SUP-06,2.0000,0.0000,0.0000,2.0000,0.3929,1.4228,3,95.00%,1.6449,4.0534,5.2320,7.9820,7,6,reorder_now
2011-12-09,21645,ASSORTED TUTTI FRUTTI ROUND BOX,1,SIM-SUP-06,3.0000,1.0000,0.0000,4.0000,0.0000,0.0000,10,95.00%,1.6449,0.0000,0.0000,0.0000,7,0,no_order_required
2011-12-09,21647,ASSORTED TUTTI FRUTTI LARGE PURSE,1,SIM-SUP-12,4.0000,0.0000,0.0000,4.0000,0.2500,1.1220,14,95.00%,1.6449,6.9054,10.4054,12.1554,7,9,reorder_now
2011-12-09,21648,ASSORTED TUTTI FRUTTI SMALL PURSE,1,SIM-SUP-03,7.0000,0.0000,1.0000,6.0000,3.1071,10.0511,10,95.00%,1.6449,52.2805,83.3520,105.1020,7,100,reorder_now
2011-12-09,21650,ASSORTED TUTTI FRUTTI BRACELET,1,SIM-SUP-01,123.0000,26.0000,7.0000,142.0000,10.2500,10.5072,7,95.00%,1.6449,45.7261,117.4761,189.2261,7,0,no_order_required
2011-12-09,21651,HANGING GLASS ETCHED TEALIGHT,1,SIM-SUP-08,1.0000,0.0000,0.0000,1.0000,0.0000,0.0000,10,95.00%,1.6449,0.0000,0.0000,0.0000,7,0,no_order_required
2011-12-09,21652,GLASS ETCHED T-LIGHT HOLDER MEDIUM,1,SIM-SUP-10,2.0000,0.0000,0.0000,2.0000,0.0000,0.0000,10,95.00%,1.6449,0.0000,0.0000,0.0000,7,0,no_order_required
2011-12-09,21653,GLASS ETCHED T-LIGHT HOLDER LARGE,1,SIM-SUP-04,1.0000,0.0000,0.0000,1.0000,0.0000,0.0000,3,95.00%,1.6449,0.0000,0.0000,0.0000,7,0,no_order_required
2011-12-09,21654,RIDGED GLASS FINGER BOWL,1,SIM-SUP-12,0.0000,0.0000,0.0000,0.0000,0.0000,0.0000,3,95.00%,1.6449,0.0000,0.0000,0.0000,7,0,no_order_required
2011-12-09,21655,UNKNOWN,1,SIM-SUP-12,1.0000,0.0000,0.0000,1.0000,0.0000,0.0000,3,95.00%,1.6449,0.0000,0.0000,0.0000,7,0,no_order_required
2011-12-09,21656,RIDGED GLASS POSY VASE,1,SIM-SUP-12,1.0000,0.0000,0.0000,1.0000,0.0000,0.0000,7,95.00%,1.6449,0.0000,0.0000,0.0000,7,0,no_order_required
2011-12-09,21657,MILK BOTTLE WITH GLASS STOPPER,1,SIM-SUP-05,4.0000,0.0000,1.0000,3.0000,0.0000,0.0000,14,95.00%,1.6449,0.0000,0.0000,0.0000,7,0,no_order_required
2011-12-09,21658,UNKNOWN,1,SIM-SUP-02,0.0000,0.0000,0.0000,0.0000,0.0000,0.0000,3,95.00%,1.6449,0.0000,0.0000,0.0000,7,0,no_order_required
2011-12-09,21659,UNKNOWN,1,SIM-SUP-04,1.0000,0.0000,0.0000,1.0000,0.0000,0.0000,3,95.00%,1.6449,0.0000,0.0000,0.0000,7,0,no_order_required
2011-12-09,21661,VINTAGE GLASS TEA CADDY,1,SIM-SUP-04,1.0000,0.0000,0.0000,1.0000,0.0000,0.0000,3,95.00%,1.6449,0.0000,0.0000,0.0000,7,0,no_order_required
2011-12-09,21662,UNKNOWN,1,SIM-SUP-04,1.0000,0.0000,0.0000,1.0000,0.0000,0.0000,3,95.00%,1.6449,0.0000,0.0000,0.0000,7,0,no_order_required
2011-12-09,21664,RIDGED GLASS STORAGE JAR CREAM LID,1,SIM-SUP-02,2.0000,0.0000,0.0000,2.0000,0.0000,0.0000,10,95.00%,1.6449,0.0000,0.0000,0.0000,7,0,no_order_required
2011-12-09,21665,TRIANGULAR RIDGED GLASS POSY HOLDER,1,SIM-SUP-05,1.0000,0.0000,0.0000,1.0000,0.0000,0.0000,5,95.00%,1.6449,0.0000,0.0000,0.0000,7,0,no_order_required
2011-12-09,21666,RIDGED GLASS T-LIGHT HOLDER,1,SIM-SUP-08,6.0000,0.0000,0.0000,6.0000,3.0000,5.8919,10,95.00%,1.6449,30.6465,60.6465,81.6465,7,76,reorder_now
2011-12-09,21667,UNKNOWN,1,SIM-SUP-09,3.0000,0.0000,0.0000,3.0000,0.0000,0.0000,10,95.00%,1.6449,0.0000,0.0000,0.0000,7,0,no_order_required
2011-12-09,21668,RED STRIPE CERAMIC DRAWER KNOB,1,SIM-SUP-01,49.0000,0.0000,5.0000,44.0000,5.8214,7.4116,3,95.00%,1.6449,21.1155,38.5798,79.3298,7,0,no_order_required
2011-12-09,21669,BLUE STRIPE CERAMIC DRAWER KNOB,1,SIM-SUP-09,120.0000,0.0000,5.0000,115.0000,7.6786,10.4405,7,95.00%,1.6449,45.4357,99.1857,152.9357,7,0,no_order_required
2011-12-09,21670,BLUE SPOT CERAMIC DRAWER KNOB,1,SIM-SUP-09,104.0000,0.0000,2.0000,102.0000,5.5357,8.3044,14,95.00%,1.6449,51.1092,128.6092,167.3592,7,66,reorder_now
2011-12-09,21671,RED SPOT CERAMIC DRAWER KNOB,1,SIM-SUP-10,28.0000,0.0000,0.0000,28.0000,13.3571,28.1453,7,95.00%,1.6449,122.4848,215.9848,309.4848,7,282,reorder_now
2011-12-09,21672,WHITE SPOT RED CERAMIC DRAWER KNOB,1,SIM-SUP-11,43.0000,8.0000,4.0000,47.0000,5.1429,8.2059,7,95.00%,1.6449,35.7110,71.7110,107.7110,7,61,reorder_now
2011-12-09,21673,WHITE SPOT BLUE CERAMIC DRAWER KNOB,1,SIM-SUP-02,87.0000,0.0000,7.0000,80.0000,5.9643,8.4451,14,95.00%,1.6449,51.9753,135.4753,177.2253,7,98,reorder_now
2011-12-09,21675,BUTTERFLIES STICKERS,1,SIM-SUP-08,27.0000,4.0000,1.0000,30.0000,2.5000,5.7103,7,95.00%,1.6449,24.8504,42.3504,59.8504,7,30,reorder_now
2011-12-09,21676,FLOWERS STICKERS,1,SIM-SUP-03,15.0000,0.0000,2.0000,13.0000,0.9286,2.5061,10,95.00%,1.6449,13.0355,22.3212,28.8212,7,16,reorder_now
2011-12-09,21677,HEARTS STICKERS,1,SIM-SUP-01,14.0000,0.0000,1.0000,13.0000,2.6071,5.1014,14,95.00%,1.6449,31.3964,67.8964,86.1464,7,74,reorder_now
2011-12-09,21678,PAISLEY PATTERN STICKERS,1,SIM-SUP-10,5.0000,0.0000,0.0000,5.0000,0.5000,1.5698,5,95.00%,1.6449,5.7737,8.2737,11.7737,7,7,reorder_now
2011-12-09,21679,SKULLS STICKERS,1,SIM-SUP-12,3.0000,1.0000,0.0000,4.0000,3.8571,7.2885,3,95.00%,1.6449,20.7648,32.3362,59.3362,7,56,reorder_now
2011-12-09,21680,WOODLAND STICKERS,1,SIM-SUP-02,20.0000,0.0000,2.0000,18.0000,4.3571,6.7147,10,95.00%,1.6449,34.9262,78.4977,108.9977,7,91,reorder_now
2011-12-09,21681,GIANT MEDINA STAMPED METAL BOWL,1,SIM-SUP-04,3.0000,0.0000,0.0000,3.0000,0.0000,0.0000,10,95.00%,1.6449,0.0000,0.0000,0.0000,7,0,no_order_required
2011-12-09,21682,LARGE MEDINA STAMPED METAL BOWL,1,SIM-SUP-06,6.0000,0.0000,1.0000,5.0000,0.6071,1.1445,14,95.00%,1.6449,7.0440,15.5440,19.7940,7,15,reorder_now
2011-12-09,21683,MEDIUM MEDINA STAMPED METAL BOWL,1,SIM-SUP-05,8.0000,2.0000,0.0000,10.0000,0.4643,1.4011,14,95.00%,1.6449,8.6229,15.1229,18.3729,7,9,reorder_now
2011-12-09,21684,SMALL MEDINA STAMPED METAL BOWL,1,SIM-SUP-07,20.0000,0.0000,2.0000,18.0000,1.7857,3.8299,10,95.00%,1.6449,19.9213,37.7785,50.2785,7,33,reorder_now
2011-12-09,21686,MEDINA STAMPED METAL STOOL,1,SIM-SUP-09,1.0000,0.0000,0.0000,1.0000,0.0000,0.0000,10,95.00%,1.6449,0.0000,0.0000,0.0000,7,0,no_order_required
2011-12-09,21687,UNKNOWN,1,SIM-SUP-06,1.0000,0.0000,0.0000,1.0000,0.0000,0.0000,3,95.00%,1.6449,0.0000,0.0000,0.0000,7,0,no_order_required
2011-12-09,21688,SILVER PLATE CANDLE BOWL SMALL,1,SIM-SUP-12,4.0000,0.0000,1.0000,3.0000,0.4286,1.5452,7,95.00%,1.6449,6.7247,9.7247,12.7247,7,10,reorder_now
2011-12-09,21689,SILVER VANILLA FLOWER CANDLE POT,1,SIM-SUP-03,3.0000,0.0000,0.0000,3.0000,0.3214,0.9656,5,95.00%,1.6449,3.5515,5.1587,7.4087,7,5,reorder_now
2011-12-09,21690,UNKNOWN,1,SIM-SUP-04,1.0000,0.0000,0.0000,1.0000,0.0000,0.0000,5,95.00%,1.6449,0.0000,0.0000,0.0000,7,0,no_order_required
2011-12-09,21691,SILVER VANILLA FLOWER CANDLE POT,1,SIM-SUP-05,1.0000,0.0000,0.0000,1.0000,0.0000,0.0000,5,95.00%,1.6449,0.0000,0.0000,0.0000,7,0,no_order_required
2011-12-09,21692,SILVER LATTICE VANILLA CANDLE POT,1,SIM-SUP-05,1.0000,0.0000,0.0000,1.0000,0.0000,0.0000,5,95.00%,1.6449,0.0000,0.0000,0.0000,7,0,no_order_required
2011-12-09,21693,SMALL HAMMERED SILVER CANDLEPOT,1,SIM-SUP-04,22.0000,1.0000,2.0000,21.0000,1.8571,3.4196,14,95.00%,1.6449,21.0460,47.0460,60.0460,7,40,reorder_now
2011-12-09,21694,SMALL REGAL SILVER CANDLEPOT,1,SIM-SUP-09,2.0000,0.0000,0.0000,2.0000,0.7143,2.2177,3,95.00%,1.6449,6.3183,8.4611,13.4611,7,12,reorder_now
2011-12-09,21695,SMALL SILVER FLOWER CANDLE POT,1,SIM-SUP-03,7.0000,4.0000,1.0000,10.0000,0.7143,1.8489,14,95.00%,1.6449,11.3789,21.3789,26.3789,7,17,reorder_now
2011-12-09,21696,SMALL SILVER TRELLIS CANDLEPOT,1,SIM-SUP-01,2.0000,0.0000,0.0000,2.0000,0.2857,1.4846,10,95.00%,1.6449,7.7222,10.5793,12.5793,7,11,reorder_now
2011-12-09,21698,MOCK LOBSTER FRIDGE MAGNET,1,SIM-SUP-08,10.0000,0.0000,1.0000,9.0000,1.6429,4.9224,10,95.00%,1.6449,25.6036,42.0321,53.5321,7,45,reorder_now
2011-12-09,21700,BIG DOUGHNUT FRIDGE MAGNETS,1,SIM-SUP-07,2.0000,0.0000,0.0000,2.0000,0.5000,2.0959,5,95.00%,1.6449,7.7088,10.2088,13.7088,7,12,reorder_now
2011-12-09,21703,BAG 125g SWIRLY MARBLES,1,SIM-SUP-04,145.0000,44.0000,19.0000,170.0000,30.0357,57.5372,10,95.00%,1.6449,299.2790,599.6362,809.8862,7,640,reorder_now
2011-12-09,21704,BAG 250g SWIRLY MARBLES,1,SIM-SUP-12,190.0000,26.0000,26.0000,190.0000,19.1071,30.6680,10,95.00%,1.6449,159.5189,350.5904,484.3404,7,295,reorder_now
2011-12-09,21705,BAG 500g SWIRLY MARBLES,1,SIM-SUP-01,39.0000,0.0000,2.0000,37.0000,33.1071,60.5872,5,95.00%,1.6449,222.8400,388.3757,620.1257,7,584,reorder_now
2011-12-09,21706,FOLDING UMBRELLA RED/WHITE POLKADOT,1,SIM-SUP-08,13.0000,2.0000,2.0000,13.0000,0.8929,1.8582,14,95.00%,1.6449,11.4361,23.9361,30.1861,7,18,reorder_now
2011-12-09,21707,FOLDING UMBRELLA BLACKBLUE POLKADOT,1,SIM-SUP-09,11.0000,3.0000,0.0000,14.0000,0.8929,1.3974,14,95.00%,1.6449,8.6004,21.1004,27.3504,7,14,reorder_now
2011-12-09,21708,FOLDING UMBRELLA CREAM POLKADOT,1,SIM-SUP-02,4.0000,0.0000,0.0000,4.0000,0.2857,0.8391,7,95.00%,1.6449,3.6516,5.6516,7.6516,7,4,reorder_now
2011-12-09,21709,FOLDING UMBRELLA CHOCOLATE POLKADOT,1,SIM-SUP-07,4.0000,0.0000,0.0000,4.0000,0.1786,0.5381,10,95.00%,1.6449,2.7989,4.5846,5.8346,7,2,reorder_now
2011-12-09,21710,FOLDING UMBRELLA PINKWHITE POLKADOT,1,SIM-SUP-08,2.0000,0.0000,0.0000,2.0000,0.3214,0.9279,7,95.00%,1.6449,4.0380,6.2880,8.5380,7,7,reorder_now
2011-12-09,21711,FOLDING UMBRELLA WHITE/RED POLKADOT,1,SIM-SUP-09,2.0000,0.0000,0.0000,2.0000,0.2143,0.7726,10,95.00%,1.6449,4.0188,6.1616,7.6616,7,6,reorder_now
2011-12-09,21713,CITRONELLA CANDLE FLOWERPOT,1,SIM-SUP-07,13.0000,0.0000,0.0000,13.0000,0.8929,1.4476,10,95.00%,1.6449,7.5299,16.4585,22.7085,7,10,reorder_now
2011-12-09,21714,CITRONELLA CANDLE GARDEN POT,1,SIM-SUP-07,9.0000,3.0000,0.0000,12.0000,3.0714,5.2367,3,95.00%,1.6449,14.9193,24.1336,45.6336,7,34,reorder_now
2011-12-09,21715,GIRLS VINTAGE TIN SEASIDE BUCKET,1,SIM-SUP-12,4.0000,0.0000,0.0000,4.0000,0.5357,0.9056,3,95.00%,1.6449,2.5801,4.1872,7.9372,7,4,reorder_now
2011-12-09,21716,BOYS VINTAGE TIN SEASIDE BUCKET,1,SIM-SUP-10,11.0000,0.0000,1.0000,10.0000,1.0714,1.7914,7,95.00%,1.6449,7.7960,15.2960,22.7960,7,13,reorder_now
2011-12-09,21717,UNKNOWN,1,SIM-SUP-10,1.0000,0.0000,0.0000,1.0000,0.0000,0.0000,3,95.00%,1.6449,0.0000,0.0000,0.0000,7,0,no_order_required
2011-12-09,21718,RED METAL BEACH SPADE,1,SIM-SUP-11,10.0000,0.0000,1.0000,9.0000,1.4643,2.3525,10,95.00%,1.6449,12.2367,26.8795,37.1295,7,29,reorder_now
2011-12-09,21719,LOVELY BONBON STICKER SHEET,1,SIM-SUP-05,2.0000,0.0000,0.0000,2.0000,0.6429,2.2712,10,95.00%,1.6449,11.8134,18.2420,22.7420,7,21,reorder_now
2011-12-09,21720,CAKE SHOP STICKER SHEET,1,SIM-SUP-05,1.0000,0.0000,0.0000,1.0000,0.0000,0.0000,3,95.00%,1.6449,0.0000,0.0000,0.0000,7,0,no_order_required
2011-12-09,21721,CANDY SHOP STICKER SHEET,1,SIM-SUP-07,1.0000,0.0000,0.0000,1.0000,0.0357,0.1856,3,95.00%,1.6449,0.5287,0.6358,0.8858,7,0,no_order_required
2011-12-09,21722,SWEET PUDDING STICKER SHEET,1,SIM-SUP-08,5.0000,0.0000,0.0000,5.0000,0.2500,0.5089,10,95.00%,1.6449,2.6468,5.1468,6.8968,7,2,reorder_now
2011-12-09,21723,ALPHABET HEARTS STICKER SHEET,1,SIM-SUP-04,2.0000,0.0000,0.0000,2.0000,0.2857,0.5890,5,95.00%,1.6449,2.1664,3.5950,5.5950,7,4,reorder_now
2011-12-09,21724,PANDA AND BUNNIES STICKER SHEET,1,SIM-SUP-06,4.0000,0.0000,1.0000,3.0000,1.1071,2.6771,10,95.00%,1.6449,13.9251,24.9965,32.7465,7,30,reorder_now
2011-12-09,21725,SWEETIES STICKERS,1,SIM-SUP-11,1.0000,0.0000,0.0000,1.0000,0.0357,0.1856,3,95.00%,1.6449,0.5287,0.6358,0.8858,7,0,no_order_required
2011-12-09,21726,MULTI HEARTS STICKERS,1,SIM-SUP-10,2.0000,0.0000,0.0000,2.0000,0.4643,2.2278,5,95.00%,1.6449,8.1938,10.5152,13.7652,7,12,reorder_now
2011-12-09,21728,UNKNOWN,1,SIM-SUP-07,1.0000,0.0000,0.0000,1.0000,0.0000,0.0000,7,95.00%,1.6449,0.0000,0.0000,0.0000,7,0,no_order_required
2011-12-09,21730,GLASS STAR FROSTED T-LIGHT HOLDER,1,SIM-SUP-02,11.0000,0.0000,2.0000,9.0000,2.5714,3.8677,7,95.00%,1.6449,16.8318,34.8318,52.8318,7,44,reorder_now
2011-12-09,21731,RED TOADSTOOL LED NIGHT LIGHT,1,SIM-SUP-03,26.0000,0.0000,3.0000,23.0000,65.1071,60.4899,3,95.00%,1.6449,172.3338,367.6553,823.4053,7,801,reorder_now
2011-12-09,21732,RED HANGING METAL STAR TLIGHT HLDR,1,SIM-SUP-02,2.0000,0.0000,0.0000,2.0000,0.0000,0.0000,10,95.00%,1.6449,0.0000,0.0000,0.0000,7,0,no_order_required
2011-12-09,21733,RED HANGING HEART T-LIGHT HOLDER,1,SIM-SUP-09,396.0000,0.0000,28.0000,368.0000,36.6786,34.4581,14,95.00%,1.6449,212.0717,725.5717,982.3217,7,615,reorder_now
2011-12-09,21735,TWO DOOR CURIO CABINET,1,SIM-SUP-10,2.0000,0.0000,0.0000,2.0000,0.0000,0.0000,7,95.00%,1.6449,0.0000,0.0000,0.0000,7,0,no_order_required
2011-12-09,21737,SET 3 WICKER LOG BASKETS,1,SIM-SUP-11,1.0000,0.0000,0.0000,1.0000,0.0000,0.0000,7,95.00%,1.6449,0.0000,0.0000,0.0000,7,0,no_order_required
2011-12-09,21738,COSY SLIPPER SHOES SMALL RED,1,SIM-SUP-07,1.0000,0.0000,0.0000,1.0000,0.0000,0.0000,5,95.00%,1.6449,0.0000,0.0000,0.0000,7,0,no_order_required
2011-12-09,21739,COSY SLIPPER SHOES SMALL GREEN,1,SIM-SUP-11,52.0000,0.0000,6.0000,46.0000,2.3571,2.7152,14,95.00%,1.6449,16.7108,49.7108,66.2108,7,21,reorder_now
2011-12-09,21741,COSY SLIPPER SHOES LARGE GREEN,1,SIM-SUP-06,3.0000,0.0000,0.0000,3.0000,0.1429,0.4403,10,95.00%,1.6449,2.2903,3.7189,4.7189,7,2,reorder_now
2011-12-09,21742,LARGE ROUND WICKER PLATTER,1,SIM-SUP-02,8.0000,6.0000,0.0000,14.0000,2.7143,4.2161,5,95.00%,1.6449,15.5068,29.0783,48.0783,7,35,reorder_now
2011-12-09,21743,STAR PORTABLE TABLE LIGHT,1,SIM-SUP-10,1.0000,0.0000,0.0000,1.0000,0.0000,0.0000,5,95.00%,1.6449,0.0000,0.0000,0.0000,7,0,no_order_required
2011-12-09,21744,SNOWFLAKE PORTABLE TABLE LIGHT,1,SIM-SUP-01,39.0000,0.0000,2.0000,37.0000,4.6071,7.0576,5,95.00%,1.6449,25.9579,48.9937,81.2437,7,45,reorder_now
2011-12-09,21745,GAOLERS KEYS DECORATIVE GARDEN,1,SIM-SUP-06,15.0000,17.0000,2.0000,30.0000,4.1071,7.7291,14,95.00%,1.6449,47.5684,105.0684,133.8184,7,104,reorder_now
2011-12-09,21746,SMALL RED RETROSPOT WINDMILL,1,SIM-SUP-04,10.0000,0.0000,1.0000,9.0000,1.3571,4.8932,10,95.00%,1.6449,25.4522,39.0236,48.5236,7,40,reorder_now
2011-12-09,21747,SMALL SKULL WINDMILL,1,SIM-SUP-02,1.0000,0.0000,0.0000,1.0000,0.5000,2.4128,5,95.00%,1.6449,8.8742,11.3742,14.8742,7,14,reorder_now
2011-12-09,21749,LARGE RED RETROSPOT WINDMILL,1,SIM-SUP-07,7.0000,0.0000,1.0000,6.0000,0.5357,1.6793,14,95.00%,1.6449,10.3354,17.8354,21.5854,7,16,reorder_now
2011-12-09,21750,LARGE SKULL WINDMILL,1,SIM-SUP-02,0.0000,0.0000,0.0000,0.0000,0.0000,0.0000,5,95.00%,1.6449,0.0000,0.0000,0.0000,7,0,no_order_required
2011-12-09,21752,GLASS CAKE STAND MIRRORED BASE,1,SIM-SUP-03,1.0000,0.0000,0.0000,1.0000,0.0000,0.0000,10,95.00%,1.6449,0.0000,0.0000,0.0000,7,0,no_order_required
2011-12-09,21754,HOME BUILDING BLOCK WORD,1,SIM-SUP-07,67.0000,14.0000,5.0000,76.0000,7.6429,7.2369,5,95.00%,1.6449,26.6173,64.8316,118.3316,7,0,no_order_required
2011-12-09,21755,LOVE BUILDING BLOCK WORD,1,SIM-SUP-03,38.0000,14.0000,2.0000,50.0000,4.2500,5.0116,5,95.00%,1.6449,18.4327,39.6827,69.4327,7,0,no_order_required
2011-12-09,21756,BATH BUILDING BLOCK WORD,1,SIM-SUP-01,24.0000,0.0000,2.0000,22.0000,1.6786,3.4232,14,95.00%,1.6449,21.0678,44.5678,56.3178,7,35,reorder_now
2011-12-09,21757,LIGHTHOUSE PRINTED METAL SIGN,1,SIM-SUP-09,1.0000,0.0000,0.0000,1.0000,0.0000,0.0000,3,95.00%,1.6449,0.0000,0.0000,0.0000,7,0,no_order_required
2011-12-09,21758,VINTAGE SHELLS PRINT,1,SIM-SUP-11,3.0000,2.0000,0.0000,5.0000,0.3929,1.4962,14,95.00%,1.6449,9.2081,14.7081,17.4581,7,13,reorder_now
2011-12-09,21765,HANGING METAL BIRD BATH,1,SIM-SUP-10,2.0000,1.0000,0.0000,3.0000,0.0000,0.0000,7,95.00%,1.6449,0.0000,0.0000,0.0000,7,0,no_order_required
2011-12-09,21768,UNKNOWN,1,SIM-SUP-02,1.0000,0.0000,0.0000,1.0000,0.0000,0.0000,3,95.00%,1.6449,0.0000,0.0000,0.0000,7,0,no_order_required
2011-12-09,21769,VINTAGE POST OFFICE CABINET,1,SIM-SUP-10,1.0000,0.0000,0.0000,1.0000,0.0000,0.0000,5,95.00%,1.6449,0.0000,0.0000,0.0000,7,0,no_order_required
2011-12-09,21770,OPEN CLOSED METAL SIGN,1,SIM-SUP-03,37.0000,0.0000,2.0000,35.0000,6.7500,14.0373,10,95.00%,1.6449,73.0146,140.5146,187.7646,7,153,reorder_now
2011-12-09,21773,DECORATIVE ROSE BATHROOM BOTTLE,1,SIM-SUP-08,8.0000,0.0000,1.0000,7.0000,0.6786,1.1666,5,95.00%,1.6449,4.2908,7.6836,12.4336,7,6,reorder_now
2011-12-09,21774,DECORATIVE CATS BATHROOM BOTTLE,1,SIM-SUP-04,14.0000,0.0000,2.0000,12.0000,1.3571,1.9496,10,95.00%,1.6449,10.1409,23.7123,33.2123,7,22,reorder_now
2011-12-09,21775,DECORATIVE FLORE BATHROOM BOTTLE,1,SIM-SUP-02,13.0000,0.0000,1.0000,12.0000,1.1786,2.5221,14,95.00%,1.6449,15.5222,32.0222,40.2722,7,29,reorder_now
2011-12-09,21777,UNKNOWN,1,SIM-SUP-09,1.0000,0.0000,0.0000,1.0000,0.0000,0.0000,7,95.00%,1.6449,0.0000,0.0000,0.0000,7,0,no_order_required
2011-12-09,21781,MA CAMPAGNE CUTLERY BOX,1,SIM-SUP-12,1.0000,0.0000,0.0000,1.0000,0.0000,0.0000,5,95.00%,1.6449,0.0000,0.0000,0.0000,7,0,no_order_required
2011-12-09,21784,UNKNOWN,1,SIM-SUP-12,1.0000,0.0000,0.0000,1.0000,0.0000,0.0000,10,95.00%,1.6449,0.0000,0.0000,0.0000,7,0,no_order_required
2011-12-09,21785,RAIN PONCHO,1,SIM-SUP-10,1.0000,0.0000,0.0000,1.0000,0.0000,0.0000,3,95.00%,1.6449,0.0000,0.0000,0.0000,7,0,no_order_required
2011-12-09,21786,POLKADOT RAIN HAT,1,SIM-SUP-01,42.0000,4.0000,3.0000,43.0000,7.2500,8.8019,3,95.00%,1.6449,25.0763,46.8263,97.5763,7,55,reorder_now
2011-12-09,21787,RAIN PONCHO RETROSPOT,1,SIM-SUP-03,79.0000,0.0000,5.0000,74.0000,88.2500,258.3914,5,95.00%,1.6449,950.3647,1391.6147,2009.3647,7,1936,reorder_now
2011-12-09,21788,KIDS RAIN MAC BLUE,1,SIM-SUP-11,16.0000,0.0000,1.0000,15.0000,3.0357,7.6741,10,95.00%,1.6449,39.9166,70.2738,91.5238,7,77,reorder_now
2011-12-09,21789,KIDS RAIN MAC PINK,1,SIM-SUP-07,5.0000,1.0000,0.0000,6.0000,2.2143,6.2585,3,95.00%,1.6449,17.8302,24.4730,39.9730,7,34,reorder_now
2011-12-09,21790,VINTAGE SNAP CARDS,1,SIM-SUP-10,247.0000,0.0000,36.0000,211.0000,81.7857,93.5778,5,95.00%,1.6449,344.1797,753.1083,1325.6083,7,1115,reorder_now
2011-12-09,21791,VINTAGE HEADS AND TAILS CARD GAME,1,SIM-SUP-09,64.0000,0.0000,0.0000,64.0000,47.0714,62.3824,7,95.00%,1.6449,271.4804,600.9804,930.4804,7,867,reorder_now
2011-12-09,21792,CLASSIC FRENCH STYLE BASKET GREEN,1,SIM-SUP-08,3.0000,0.0000,0.0000,3.0000,0.0000,0.0000,14,95.00%,1.6449,0.0000,0.0000,0.0000,7,0,no_order_required
2011-12-09,21793,CLASSIC FRENCH STYLE BASKET BROWN,1,SIM-SUP-10,5.0000,1.0000,0.0000,6.0000,1.1786,3.1288,3,95.00%,1.6449,8.9139,12.4496,20.6996,7,15,reorder_now
2011-12-09,21794,adjustment,1,SIM-SUP-10,1.0000,0.0000,0.0000,1.0000,0.0000,0.0000,10,95.00%,1.6449,0.0000,0.0000,0.0000,7,0,no_order_required
2011-12-09,21795,UNKNOWN,1,SIM-SUP-11,2.0000,0.0000,0.0000,2.0000,0.0000,0.0000,7,95.00%,1.6449,0.0000,0.0000,0.0000,7,0,no_order_required
2011-12-09,21796,UNKNOWN,1,SIM-SUP-10,3.0000,0.0000,0.0000,3.0000,0.0000,0.0000,14,95.00%,1.6449,0.0000,0.0000,0.0000,7,0,no_order_required
2011-12-09,21801,CHRISTMAS TREE DECORATION WITH BELL,1,SIM-SUP-02,2.0000,0.0000,0.0000,2.0000,0.0000,0.0000,7,95.00%,1.6449,0.0000,0.0000,0.0000,7,0,no_order_required
2011-12-09,21802,CHRISTMAS TREE HEART DECORATION,1,SIM-SUP-09,1.0000,0.0000,0.0000,1.0000,0.0357,0.1856,5,95.00%,1.6449,0.6826,0.8611,1.1111,7,0,no_order_required
2011-12-09,21803,CHRISTMAS TREE STAR DECORATION,1,SIM-SUP-02,43.0000,0.0000,4.0000,39.0000,10.2143,18.4959,3,95.00%,1.6449,52.6942,83.3370,154.8370,7,116,reorder_now
2011-12-09,21804,dotcom,1,SIM-SUP-05,12.0000,6.0000,1.0000,17.0000,5.7143,10.0600,3,95.00%,1.6449,28.6607,45.8036,85.8036,7,69,reorder_now
2011-12-09,21805,WHITE CHRISTMAS TREE DECORATION,1,SIM-SUP-02,1.0000,0.0000,0.0000,1.0000,0.0000,0.0000,5,95.00%,1.6449,0.0000,0.0000,0.0000,7,0,no_order_required
2011-12-09,21806,WHITE CHRISTMAS HEART DECORATION,1,SIM-SUP-11,1.0000,0.0000,0.0000,1.0000,0.0000,0.0000,3,95.00%,1.6449,0.0000,0.0000,0.0000,7,0,no_order_required
2011-12-09,21807,WHITE CHRISTMAS STAR DECORATION,1,SIM-SUP-11,5.0000,0.0000,1.0000,4.0000,0.4286,2.2269,7,95.00%,1.6449,9.6913,12.6913,15.6913,7,12,reorder_now
2011-12-09,21808,"CHRISTMAS GARLAND STARS,TREES",1,SIM-SUP-09,9.0000,0.0000,1.0000,8.0000,1.7143,2.9137,5,95.00%,1.6449,10.7167,19.2881,31.2881,7,24,reorder_now
2011-12-09,21809,CHRISTMAS HANGING TREE WITH BELL,1,SIM-SUP-01,13.0000,1.0000,1.0000,13.0000,4.6071,11.9891,5,95.00%,1.6449,44.0960,67.1317,99.3817,7,87,reorder_now
2011-12-09,21810,CHRISTMAS HANGING STAR WITH BELL,1,SIM-SUP-05,642.0000,0.0000,47.0000,595.0000,87.8571,117.9857,14,95.00%,1.6449,726.1404,1956.1404,2571.1404,7,1977,reorder_now
2011-12-09,21811,UNKNOWN,1,SIM-SUP-08,67.0000,0.0000,10.0000,57.0000,21.5357,47.9490,3,95.00%,1.6449,136.6052,201.2124,351.9624,7,295,reorder_now
2011-12-09,21812,GARLAND WITH HEARTS AND BELLS,1,SIM-SUP-01,16.0000,5.0000,2.0000,19.0000,2.6786,4.3511,5,95.00%,1.6449,16.0035,29.3964,48.1464,7,30,reorder_now
2011-12-09,21813,GARLAND WITH STARS AND BELLS,1,SIM-SUP-04,12.0000,0.0000,1.0000,11.0000,6.8571,7.3422,3,95.00%,1.6449,20.9178,41.4892,89.4892,7,79,reorder_now
2011-12-09,21814,HEART T-LIGHT HOLDER,1,SIM-SUP-03,4.0000,0.0000,0.0000,4.0000,1.1429,3.6519,5,95.00%,1.6449,13.4319,19.1462,27.1462,7,24,reorder_now
2011-12-09,21815,STAR T-LIGHT HOLDER,1,SIM-SUP-11,3.0000,0.0000,0.0000,3.0000,0.6071,2.2731,7,95.00%,1.6449,9.8923,14.1423,18.3923,7,16,reorder_now
2011-12-09,21816,CHRISTMAS TREE T-LIGHT HOLDER,1,SIM-SUP-01,0.0000,1.0000,0.0000,1.0000,0.2143,0.6739,3,95.00%,1.6449,1.9198,2.5627,4.0627,7,4,reorder_now
2011-12-09,21817,GLITTER CHRISTMAS TREE,1,SIM-SUP-08,3.0000,0.0000,0.0000,3.0000,0.0000,0.0000,10,95.00%,1.6449,0.0000,0.0000,0.0000,7,0,no_order_required
2011-12-09,21818,GLITTER HEART DECORATION,1,SIM-SUP-02,190.0000,0.0000,24.0000,166.0000,31.5357,44.1317,10,95.00%,1.6449,229.5503,544.9074,765.6574,7,600,reorder_now
2011-12-09,21819,GLITTER CHRISTMAS STAR,1,SIM-SUP-09,87.0000,11.0000,6.0000,92.0000,46.0000,65.8917,3,95.00%,1.6449,187.7234,325.7234,647.7234,7,556,reorder_now
2011-12-09,21820,GLITTER HEART GARLAND WITH BELLS,1,SIM-SUP-03,23.0000,5.0000,3.0000,25.0000,4.3214,8.8602,3,95.00%,1.6449,25.2426,38.2068,68.4568,7,44,reorder_now
2011-12-09,21821,GLITTER STAR GARLAND WITH BELLS,1,SIM-SUP-03,15.0000,0.0000,2.0000,13.0000,2.5714,4.4274,5,95.00%,1.6449,16.2841,29.1412,47.1412,7,35,reorder_now
2011-12-09,21822,GLITTER CHRISTMAS TREE WITH BELLS,1,SIM-SUP-06,377.0000,67.0000,12.0000,432.0000,15.4643,18.1176,14,95.00%,1.6449,111.5046,328.0046,436.2546,7,0,no_order_required
2011-12-09,21823,amazon adjust,1,SIM-SUP-11,2.0000,0.0000,0.0000,2.0000,0.3929,1.8582,3,95.00%,1.6449,5.2939,6.4725,9.2225,7,8,reorder_now
2011-12-09,21824,PAINTED METAL STAR WITH HOLLY BELLS,1,SIM-SUP-11,21.0000,0.0000,3.0000,18.0000,0.0357,0.1856,14,95.00%,1.6449,1.1421,1.6421,1.8921,7,0,no_order_required
2011-12-09,21825,PAINTED METAL TREE WITH HOLLY BELLS,1,SIM-SUP-05,1.0000,0.0000,0.0000,1.0000,0.0000,0.0000,5,95.00%,1.6449,0.0000,0.0000,0.0000,7,0,no_order_required
2011-12-09,21826,UNKNOWN,1,SIM-SUP-05,1.0000,1.0000,0.0000,2.0000,0.0000,0.0000,14,95.00%,1.6449,0.0000,0.0000,0.0000,7,0,no_order_required
2011-12-09,21827,EIGHT PIECE CREEPY CRAWLIE SET,1,SIM-SUP-04,1.0000,0.0000,0.0000,1.0000,0.0000,0.0000,5,95.00%,1.6449,0.0000,0.0000,0.0000,7,0,no_order_required
2011-12-09,21828,EIGHT PIECE SNAKE SET,1,SIM-SUP-06,14.0000,0.0000,2.0000,12.0000,2.6786,4.4566,5,95.00%,1.6449,16.3913,29.7841,48.5341,7,37,reorder_now
2011-12-09,21829,adjustment,1,SIM-SUP-08,1.0000,0.0000,0.0000,1.0000,0.0000,0.0000,5,95.00%,1.6449,0.0000,0.0000,0.0000,7,0,no_order_required
2011-12-09,21830,ASSORTED CREEPY CRAWLIES,1,SIM-SUP-11,2.0000,0.0000,0.0000,2.0000,0.0357,0.1856,7,95.00%,1.6449,0.8076,1.0576,1.3076,7,0,no_order_required
2011-12-09,21832,CHOCOLATE CALCULATOR,1,SIM-SUP-09,130.0000,0.0000,1.0000,129.0000,4.9643,7.7850,14,95.00%,1.6449,47.9125,117.4125,152.1625,7,0,no_order_required
2011-12-09,21833,CAMOUFLAGE LED TORCH,1,SIM-SUP-05,64.0000,0.0000,5.0000,59.0000,14.3929,17.0699,3,95.00%,1.6449,48.6316,91.8102,192.5602,7,134,reorder_now
2011-12-09,21836,GINGHAM OVEN GLOVE RED HEART,1,SIM-SUP-04,1.0000,0.0000,0.0000,1.0000,0.0000,0.0000,7,95.00%,1.6449,0.0000,0.0000,0.0000,7,0,no_order_required
2011-12-09,21837,UNKNOWN,1,SIM-SUP-07,2.0000,0.0000,0.0000,2.0000,0.0000,0.0000,10,95.00%,1.6449,0.0000,0.0000,0.0000,7,0,no_order_required
2011-12-09,21839,MUMMY MOUSE RED GINGHAM RIBBON,1,SIM-SUP-11,1.0000,0.0000,0.0000,1.0000,0.0000,0.0000,3,95.00%,1.6449,0.0000,0.0000,0.0000,7,0,no_order_required
2011-12-09,21841,BABY MOUSE RED GINGHAM DRESS,1,SIM-SUP-05,5.0000,1.0000,0.0000,6.0000,0.4643,1.2095,7,95.00%,1.6449,5.2638,8.5138,11.7638,7,6,reorder_now
2011-12-09,21843,RED RETROSPOT CAKE STAND,1,SIM-SUP-06,115.0000,0.0000,9.0000,106.0000,15.4286,35.3881,7,95.00%,1.6449,154.0045,262.0045,370.0045,7,265,reorder_now
2011-12-09,21844,RED RETROSPOT MUG,1,SIM-SUP-04,27.0000,1.0000,1.0000,27.0000,1.8929,3.0861,7,95.00%,1.6449,13.4305,26.6805,39.9305,7,0,no_order_required
2011-12-09,21845,DAIRY MAID STRIPE MUG,1,SIM-SUP-02,4.0000,2.0000,0.0000,6.0000,2.5714,9.2714,10,95.00%,1.6449,48.2251,73.9394,91.9394,7,86,reorder_now
2011-12-09,21846,PINK DIAMANTE PEN IN GIFT BOX,1,SIM-SUP-02,10.0000,0.0000,0.0000,10.0000,1.0714,2.3441,5,95.00%,1.6449,8.6217,13.9788,21.4788,7,12,reorder_now
2011-12-09,21847,GREEN DIAMANTE PEN IN GIFT BOX,1,SIM-SUP-08,1.0000,0.0000,0.0000,1.0000,0.0357,0.1856,5,95.00%,1.6449,0.6826,0.8611,1.1111,7,0,no_order_required
2011-12-09,21849,SILVER DIAMANTE PEN IN GIFT BOX,1,SIM-SUP-12,2.0000,0.0000,0.0000,2.0000,0.3929,0.7718,3,95.00%,1.6449,2.1988,3.3774,6.1274,7,5,reorder_now
2011-12-09,21850,BLUE DIAMANTE PEN IN GIFT BOX,1,SIM-SUP-06,5.0000,0.0000,1.0000,4.0000,0.3571,0.6662,7,95.00%,1.6449,2.8994,5.3994,7.8994,7,4,reorder_now
2011-12-09,21851,LILAC DIAMANTE PEN IN GIFT BOX,1,SIM-SUP-12,1.0000,0.0000,0.0000,1.0000,0.1786,0.3830,10,95.00%,1.6449,1.9921,3.7778,5.0278,7,5,reorder_now
2011-12-09,21864,UNION JACK FLAG PASSPORT COVER,1,SIM-SUP-01,12.0000,0.0000,1.0000,11.0000,2.8214,8.7955,3,95.00%,1.6449,25.0581,33.5224,53.2724,7,43,reorder_now
2011-12-09,21865,PINK UNION JACK PASSPORT COVER,1,SIM-SUP-04,3.0000,0.0000,0.0000,3.0000,0.7857,1.2637,10,95.00%,1.6449,6.5731,14.4303,19.9303,7,17,reorder_now
2011-12-09,21866,UNION JACK FLAG LUGGAGE TAG,1,SIM-SUP-01,12.0000,6.0000,1.0000,17.0000,2.6429,5.4851,14,95.00%,1.6449,33.7582,70.7582,89.2582,7,73,reorder_now
2011-12-09,21867,PINK UNION JACK LUGGAGE TAG,1,SIM-SUP-06,15.0000,6.0000,2.0000,19.0000,0.8214,1.2832,10,95.00%,1.6449,6.6747,14.8890,20.6390,7,0,no_order_required
2011-12-09,21868,POTTING SHED TEA MUG,1,SIM-SUP-02,25.0000,0.0000,1.0000,24.0000,10.0714,29.8244,14,95.00%,1.6449,183.5536,324.5536,395.0536,7,372,reorder_now
2011-12-09,21869,UNKNOWN,1,SIM-SUP-02,1.0000,0.0000,0.0000,1.0000,0.0000,0.0000,3,95.00%,1.6449,0.0000,0.0000,0.0000,7,0,no_order_required
2011-12-09,21870,I CAN ONLY PLEASE ONE PERSON MUG,1,SIM-SUP-05,1.0000,0.0000,0.0000,1.0000,0.0000,0.0000,7,95.00%,1.6449,0.0000,0.0000,0.0000,7,0,no_order_required
2011-12-09,21871,SAVE THE PLANET MUG,1,SIM-SUP-12,86.0000,0.0000,2.0000,84.0000,13.1071,16.6183,5,95.00%,1.6449,61.1221,126.6578,218.4078,7,135,reorder_now
2011-12-09,21872,GLAMOROUS MUG,1,SIM-SUP-08,15.0000,0.0000,1.0000,14.0000,3.7857,5.6401,5,95.00%,1.6449,20.7445,39.6730,66.1730,7,53,reorder_now
2011-12-09,21873,IF YOU CAN'T STAND THE HEAT MUG,1,SIM-SUP-07,8.0000,0.0000,0.0000,8.0000,1.4643,3.3325,5,95.00%,1.6449,12.2571,19.5786,29.8286,7,22,reorder_now
2011-12-09,21874,GIN AND TONIC MUG,1,SIM-SUP-01,23.0000,0.0000,3.0000,20.0000,8.0714,12.4669,5,95.00%,1.6449,45.8533,86.2104,142.7104,7,123,reorder_now
2011-12-09,21875,KINGS CHOICE MUG,1,SIM-SUP-11,61.0000,3.0000,2.0000,62.0000,6.0000,10.2504,14,95.00%,1.6449,63.0861,147.0861,189.0861,7,128,reorder_now
2011-12-09,21876,POTTERING MUG,1,SIM-SUP-09,72.0000,0.0000,2.0000,70.0000,9.8214,10.9318,5,95.00%,1.6449,40.2071,89.3143,158.0643,7,89,reorder_now
2011-12-09,21877,HOME SWEET HOME MUG,1,SIM-SUP-10,33.0000,1.0000,2.0000,32.0000,8.2500,17.1269,14,95.00%,1.6449,105.4071,220.9071,278.6571,7,247,reorder_now
2011-12-09,21878,PACK OF 6 SANDCASTLE FLAGS ASSORTED,1,SIM-SUP-02,6.0000,0.0000,1.0000,5.0000,0.6429,1.1089,5,95.00%,1.6449,4.0784,7.2927,11.7927,7,7,reorder_now
2011-12-09,21879,HEARTS GIFT TAPE,1,SIM-SUP-04,3.0000,0.0000,0.0000,3.0000,0.5714,2.2429,14,95.00%,1.6449,13.8039,21.8039,25.8039,7,23,reorder_now
2011-12-09,21880,RED RETROSPOT TAPE,1,SIM-SUP-04,6.0000,0.0000,1.0000,5.0000,3.0714,4.5664,3,95.00%,1.6449,13.0095,22.2238,43.7238,7,39,reorder_now
2011-12-09,21881,CUTE CATS TAPE,1,SIM-SUP-06,10.0000,0.0000,0.0000,10.0000,0.6786,2.2369,10,95.00%,1.6449,11.6353,18.4210,23.1710,7,14,reorder_now
2011-12-09,21882,SKULLS TAPE,1,SIM-SUP-10,5.0000,2.0000,1.0000,6.0000,0.8929,3.0861,10,95.00%,1.6449,16.0525,24.9811,31.2311,7,26,reorder_now
2011-12-09,21883,STARS GIFT TAPE,1,SIM-SUP-05,20.0000,0.0000,2.0000,18.0000,2.0000,4.4481,7,95.00%,1.6449,19.3576,33.3576,47.3576,7,30,reorder_now
2011-12-09,21884,CAKES AND BOWS GIFT TAPE,1,SIM-SUP-02,5.0000,2.0000,1.0000,6.0000,0.5714,2.2269,5,95.00%,1.6449,8.1906,11.0478,15.0478,7,10,reorder_now
2011-12-09,21888,BINGO SET,1,SIM-SUP-03,176.0000,56.0000,9.0000,223.0000,5.8571,6.6853,14,95.00%,1.6449,41.1448,123.1448,164.1448,7,0,no_order_required
2011-12-09,21889,WOODEN BOX OF DOMINOES,1,SIM-SUP-12,121.0000,0.0000,11.0000,110.0000,43.8571,45.0434,3,95.00%,1.6449,128.3273,259.8987,566.8987,7,457,reorder_now
2011-12-09,21890,S/6 WOODEN SKITTLES IN COTTON BAG,1,SIM-SUP-10,44.0000,8.0000,3.0000,49.0000,4.0357,5.1926,7,95.00%,1.6449,22.5975,50.8475,79.0975,7,31,reorder_now
2011-12-09,21891,TRADITIONAL WOODEN SKIPPING ROPE,1,SIM-SUP-09,182.0000,105.0000,6.0000,281.0000,38.1429,61.6712,10,95.00%,1.6449,320.7817,702.2103,969.2103,7,689,reorder_now
2011-12-09,21892,TRADITIONAL WOODEN CATCH CUP GAME,1,SIM-SUP-05,166.0000,0.0000,6.0000,160.0000,23.3571,36.5320,14,95.00%,1.6449,224.8354,551.8354,715.3354,7,556,reorder_now
2011-12-09,21894,POTTING SHED SEED ENVELOPES,1,SIM-SUP-06,13.0000,0.0000,1.0000,12.0000,1.7500,3.5317,7,95.00%,1.6449,15.3697,27.6197,39.8697,7,28,reorder_now
2011-12-09,21895,POTTING SHED SOW 'N' GROW SET,1,SIM-SUP-09,1.0000,0.0000,0.0000,1.0000,0.0000,0.0000,3,95.00%,1.6449,0.0000,0.0000,0.0000,7,0,no_order_required
2011-12-09,21896,POTTING SHED TWINE,1,SIM-SUP-03,8.0000,0.0000,0.0000,8.0000,0.4286,0.8207,14,95.00%,1.6449,5.0507,11.0507,14.0507,7,7,reorder_now
2011-12-09,21897,UNKNOWN,1,SIM-SUP-10,1.0000,0.0000,0.0000,1.0000,0.0000,0.0000,3,95.00%,1.6449,0.0000,0.0000,0.0000,7,0,no_order_required
2011-12-09,21898,UNKNOWN,1,SIM-SUP-06,1.0000,0.0000,0.0000,1.0000,0.0000,0.0000,14,95.00%,1.6449,0.0000,0.0000,0.0000,7,0,no_order_required
2011-12-09,21899,GARAGE KEY FOB,1,SIM-SUP-01,25.0000,0.0000,4.0000,21.0000,5.4643,9.0612,5,95.00%,1.6449,33.3272,60.6487,98.8987,7,78,reorder_now
2011-12-09,21900,"KEY FOB , SHED",1,SIM-SUP-02,53.0000,0.0000,4.0000,49.0000,6.8929,8.7233,7,95.00%,1.6449,37.9626,86.2126,134.4626,7,86,reorder_now
2011-12-09,21901,"KEY FOB , BACK DOOR",1,SIM-SUP-11,20.0000,0.0000,3.0000,17.0000,4.8929,6.2811,10,95.00%,1.6449,32.6713,81.5999,115.8499,7,99,reorder_now
2011-12-09,21902,"KEY FOB , FRONT DOOR",1,SIM-SUP-03,19.0000,0.0000,1.0000,18.0000,4.4286,7.4183,10,95.00%,1.6449,38.5860,82.8717,113.8717,7,96,reorder_now
2011-12-09,21903,MAN FLU METAL SIGN,1,SIM-SUP-10,12.0000,0.0000,0.0000,12.0000,4.4286,10.1574,5,95.00%,1.6449,37.3591,59.5019,90.5019,7,79,reorder_now
2011-12-09,21904,UNKNOWN,1,SIM-SUP-08,1.0000,0.0000,0.0000,1.0000,0.0000,0.0000,5,95.00%,1.6449,0.0000,0.0000,0.0000,7,0,no_order_required
2011-12-09,21905,MORE BUTTER METAL SIGN,1,SIM-SUP-01,18.0000,1.0000,1.0000,18.0000,5.6071,14.0797,3,95.00%,1.6449,40.1127,56.9341,96.1841,7,79,reorder_now
2011-12-09,21906,PHARMACIE FIRST AID TIN,1,SIM-SUP-06,9.0000,0.0000,1.0000,8.0000,0.7143,1.2206,10,95.00%,1.6449,6.3488,13.4916,18.4916,7,11,reorder_now
2011-12-09,21907,I'M ON HOLIDAY METAL SIGN,1,SIM-SUP-09,19.0000,0.0000,3.0000,16.0000,4.9286,7.5778,3,95.00%,1.6449,21.5890,36.3747,70.8747,7,55,reorder_now
2011-12-09,21908,CHOCOLATE THIS WAY METAL SIGN,1,SIM-SUP-01,52.0000,0.0000,1.0000,51.0000,14.4643,26.0295,3,95.00%,1.6449,74.1572,117.5501,218.8001,7,168,reorder_now
2011-12-09,21910,WAY OUT METAL SIGN,1,SIM-SUP-02,1.0000,0.0000,0.0000,1.0000,0.0000,0.0000,5,95.00%,1.6449,0.0000,0.0000,0.0000,7,0,no_order_required
2011-12-09,21911,UNKNOWN,1,SIM-SUP-02,2.0000,0.0000,0.0000,2.0000,0.0000,0.0000,14,95.00%,1.6449,0.0000,0.0000,0.0000,7,0,no_order_required
2011-12-09,21912,VINTAGE SNAKES & LADDERS,1,SIM-SUP-06,42.0000,20.0000,3.0000,59.0000,14.2500,28.8439,7,95.00%,1.6449,125.5252,225.2752,325.0252,7,267,reorder_now
2011-12-09,21913,VINTAGE SEASIDE JIGSAW PUZZLES,1,SIM-SUP-03,4.0000,0.0000,0.0000,4.0000,0.7143,1.0973,3,95.00%,1.6449,3.1262,5.2691,10.2691,7,7,reorder_now
2011-12-09,21914,BLUE HARMONICA IN BOX,1,SIM-SUP-01,426.0000,70.0000,11.0000,485.0000,64.7857,55.3078,10,95.00%,1.6449,287.6827,935.5398,1389.0398,7,905,reorder_now
2011-12-09,21915,RED HARMONICA IN BOX,1,SIM-SUP-10,83.0000,0.0000,9.0000,74.0000,60.5357,213.5724,5,95.00%,1.6449,785.5203,1088.1989,1511.9489,7,1438,reorder_now
2011-12-09,21916,SET 12 RETRO WHITE CHALK STICKS,1,SIM-SUP-11,38.0000,39.0000,1.0000,76.0000,9.7857,11.5708,14,95.00%,1.6449,71.2120,208.2120,276.7120,7,201,reorder_now
2011-12-09,21917,SET 12 KIDS WHITE CHALK STICKS,1,SIM-SUP-02,70.0000,0.0000,1.0000,69.0000,8.1429,11.3443,14,95.00%,1.6449,69.8185,183.8185,240.8185,7,172,reorder_now
2011-12-09,21918,SET 12 KIDS COLOUR CHALK STICKS,1,SIM-SUP-06,149.0000,0.0000,14.0000,135.0000,12.7500,13.2816,7,95.00%,1.6449,57.8000,147.0500,236.3000,7,102,reorder_now
2011-12-09,21922,UNION STRIPE WITH FRINGE HAMMOCK,1,SIM-SUP-02,4.0000,1.0000,0.0000,5.0000,0.3571,0.7660,10,95.00%,1.6449,3.9843,7.5557,10.0557,7,6,reorder_now
2011-12-09,21923,UNKNOWN,1,SIM-SUP-09,1.0000,0.0000,0.0000,1.0000,0.0000,0.0000,14,95.00%,1.6449,0.0000,0.0000,0.0000,7,0,no_order_required
2011-12-09,21924,UNKNOWN,1,SIM-SUP-07,2.0000,0.0000,0.0000,2.0000,0.0000,0.0000,10,95.00%,1.6449,0.0000,0.0000,0.0000,7,0,no_order_required
2011-12-09,21925,UNION STRIPE CUSHION COVER,1,SIM-SUP-01,2.0000,0.0000,0.0000,2.0000,0.1429,0.7423,7,95.00%,1.6449,3.2304,4.2304,5.2304,7,4,reorder_now
2011-12-09,21926,RED/CREAM STRIPE CUSHION COVER,1,SIM-SUP-01,3.0000,0.0000,0.0000,3.0000,1.1071,3.3095,3,95.00%,1.6449,9.4287,12.7501,20.5001,7,18,reorder_now
2011-12-09,21927,BLUE/CREAM STRIPE CUSHION COVER,1,SIM-SUP-10,13.0000,0.0000,0.0000,13.0000,1.8571,3.8796,7,95.00%,1.6449,16.8834,29.8834,42.8834,7,30,reorder_now
2011-12-09,21928,JUMBO BAG SCANDINAVIAN BLUE PAISLEY,1,SIM-SUP-06,52.0000,0.0000,6.0000,46.0000,20.7857,29.1393,3,95.00%,1.6449,83.0169,145.3740,290.8740,7,245,reorder_now
2011-12-09,21929,JUMBO BAG PINK VINTAGE PAISLEY,1,SIM-SUP-11,120.0000,0.0000,3.0000,117.0000,16.2857,22.0046,14,95.00%,1.6449,135.4271,363.4271,477.4271,7,361,reorder_now
2011-12-09,21930,JUMBO STORAGE BAG SKULLS,1,SIM-SUP-12,126.0000,0.0000,11.0000,115.0000,20.0000,27.1254,7,95.00%,1.6449,118.0462,258.0462,398.0462,7,284,reorder_now
2011-12-09,21931,JUMBO STORAGE BAG SUKI,1,SIM-SUP-05,567.0000,0.0000,69.0000,498.0000,30.7857,33.9183,14,95.00%,1.6449,208.7497,639.7497,855.2497,7,358,reorder_now
2011-12-09,21932,SCANDINAVIAN PAISLEY PICNIC BAG,1,SIM-SUP-05,62.0000,0.0000,5.0000,57.0000,4.3214,5.4186,7,95.00%,1.6449,23.5810,53.8310,84.0810,7,0,no_order_required
2011-12-09,21933,PINK VINTAGE PAISLEY PICNIC BAG,1,SIM-SUP-05,49.0000,0.0000,1.0000,48.0000,4.7857,5.4730,10,95.00%,1.6449,28.4679,76.3250,109.8250,7,62,reorder_now
2011-12-09,21934,SKULL SHOULDER BAG,1,SIM-SUP-11,104.0000,57.0000,12.0000,149.0000,13.8571,11.9574,14,95.00%,1.6449,73.5916,267.5916,364.5916,7,216,reorder_now
2011-12-09,21935,SUKI SHOULDER BAG,1,SIM-SUP-11,125.0000,0.0000,7.0000,118.0000,20.8214,17.4255,5,95.00%,1.6449,64.0909,168.1981,313.9481,7,196,reorder_now
2011-12-09,21936,RED RETROSPOT PICNIC BAG,1,SIM-SUP-11,41.0000,12.0000,2.0000,51.0000,2.2857,2.9260,14,95.00%,1.6449,18.0077,50.0077,66.0077,7,0,no_order_required
2011-12-09,21937,STRAWBERRY PICNIC BAG,1,SIM-SUP-02,2.0000,0.0000,0.0000,2.0000,1.9643,9.4509,3,95.00%,1.6449,26.9254,32.8183,46.5683,7,45,reorder_now
2011-12-09,21942,SKULLS DESIGN FLANNEL,1,SIM-SUP-07,9.0000,0.0000,1.0000,8.0000,2.4643,5.5837,7,95.00%,1.6449,24.2994,41.5494,58.7994,7,51,reorder_now
2011-12-09,21943,CAKES AND RABBITS DESIGN FLANNEL,1,SIM-SUP-08,1.0000,0.0000,0.0000,1.0000,0.2143,0.4103,3,95.00%,1.6449,1.1690,1.8119,3.3119,7,3,reorder_now
2011-12-09,21944,KITTENS DESIGN FLANNEL,1,SIM-SUP-03,10.0000,0.0000,1.0000,9.0000,3.0714,6.1640,3,95.00%,1.6449,17.5611,26.7753,48.2753,7,40,reorder_now
2011-12-09,21945,STRAWBERRIES DESIGN FLANNEL,1,SIM-SUP-07,8.0000,0.0000,1.0000,7.0000,2.0714,4.6363,5,95.00%,1.6449,17.0522,27.4093,41.9093,7,35,reorder_now
2011-12-09,21946,PARTY TIME DESIGN FLANNEL,1,SIM-SUP-07,2.0000,0.0000,0.0000,2.0000,0.2857,0.9583,5,95.00%,1.6449,3.5247,4.9533,6.9533,7,5,reorder_now
2011-12-09,21947,SET OF 6 HEART CHOPSTICKS,1,SIM-SUP-05,5.0000,0.0000,1.0000,4.0000,1.2857,1.7900,3,95.00%,1.6449,5.0996,8.9568,17.9568,7,14,reorder_now
2011-12-09,21948,SET OF 6 CAKE CHOPSTICKS,1,SIM-SUP-06,16.0000,0.0000,1.0000,15.0000,1.7500,3.9154,14,95.00%,1.6449,24.0972,48.5972,60.8472,7,46,reorder_now
2011-12-09,21949,SET OF 6 STRAWBERRY CHOPSTICKS,1,SIM-SUP-02,7.0000,3.0000,0.0000,10.0000,1.6429,2.8811,5,95.00%,1.6449,10.5969,18.8112,30.3112,7,21,reorder_now
2011-12-09,21955,DOORMAT UNION JACK GUNS AND ROSES,1,SIM-SUP-06,10.0000,0.0000,1.0000,9.0000,1.1786,3.2520,10,95.00%,1.6449,16.9150,28.7007,36.9507,7,28,reorder_now
2011-12-09,21967,PACK OF 12 SKULL TISSUES,1,SIM-SUP-11,91.0000,0.0000,10.0000,81.0000,6.9643,11.7184,14,95.00%,1.6449,72.1204,169.6204,218.3704,7,138,reorder_now
2011-12-09,21972,SET OF 36 DINOSAUR PAPER DOILIES,1,SIM-SUP-04,7.0000,0.0000,1.0000,6.0000,1.2143,4.5305,5,95.00%,1.6449,16.6632,22.7347,31.2347,7,26,reorder_now
2011-12-09,21973,SET OF 36 MUSHROOM PAPER DOILIES,1,SIM-SUP-03,3.0000,0.0000,0.0000,3.0000,0.0357,0.1856,14,95.00%,1.6449,1.1421,1.6421,1.8921,7,0,no_order_required
2011-12-09,21974,SET OF 36 PAISLEY FLOWER DOILIES,1,SIM-SUP-06,61.0000,0.0000,8.0000,53.0000,8.2500,9.9593,5,95.00%,1.6449,36.6303,77.8803,135.6303,7,83,reorder_now
2011-12-09,21975,PACK OF 60 DINOSAUR CAKE CASES,1,SIM-SUP-09,18.0000,0.0000,2.0000,16.0000,21.3929,32.2350,3,95.00%,1.6449,91.8366,156.0151,305.7651,7,290,reorder_now
2011-12-09,21976,PACK OF 60 MUSHROOM CAKE CASES,1,SIM-SUP-03,14.0000,0.0000,1.0000,13.0000,5.9643,8.4367,3,95.00%,1.6449,24.0358,41.9287,83.6787,7,71,reorder_now
2011-12-09,21977,PACK OF 60 PINK PAISLEY CAKE CASES,1,SIM-SUP-03,306.0000,64.0000,22.0000,348.0000,46.9286,60.6058,10,95.00%,1.6449,315.2402,784.5259,1113.0259,7,766,reorder_now
2011-12-09,21980,PACK OF 12 RED RETROSPOT TISSUES,1,SIM-SUP-04,11.0000,0.0000,0.0000,11.0000,9.7500,11.4724,3,95.00%,1.6449,32.6845,61.9345,130.1845,7,120,reorder_now
2011-12-09,21981,PACK OF 12 WOODLAND TISSUES,1,SIM-SUP-01,113.0000,0.0000,5.0000,108.0000,8.0000,12.4010,10,95.00%,1.6449,64.5038,144.5038,200.5038,7,93,reorder_now
2011-12-09,21982,PACK OF 12 SUKI TISSUES,1,SIM-SUP-11,76.0000,0.0000,0.0000,76.0000,14.6071,17.4731,3,95.00%,1.6449,49.7804,93.6018,195.8518,7,120,reorder_now
2011-12-09,21983,PACK OF 12 BLUE PAISLEY TISSUES,1,SIM-SUP-11,35.0000,9.0000,1.0000,43.0000,6.1071,11.1654,10,95.00%,1.6449,58.0769,119.1483,161.8983,7,119,reorder_now
2011-12-09,21984,PACK OF 12 PINK PAISLEY TISSUES,1,SIM-SUP-02,40.0000,0.0000,4.0000,36.0000,4.0000,8.0800,7,95.00%,1.6449,35.1630,63.1630,91.1630,7,56,reorder_now
2011-12-09,21985,PACK OF 12 HEARTS DESIGN TISSUES,1,SIM-SUP-10,48.0000,0.0000,0.0000,48.0000,15.6429,17.0319,7,95.00%,1.6449,74.1208,183.6208,293.1208,7,246,reorder_now
2011-12-09,21986,PACK OF 12 PINK POLKADOT TISSUES,1,SIM-SUP-11,22.0000,3.0000,1.0000,24.0000,4.9643,9.1981,5,95.00%,1.6449,33.8308,58.6522,93.4022,7,70,reorder_now
2011-12-09,21987,PACK OF 6 SKULL PAPER CUPS,1,SIM-SUP-03,64.0000,0.0000,5.0000,59.0000,4.2143,7.3599,14,95.00%,1.6449,45.2964,104.2964,133.7964,7,75,reorder_now
2011-12-09,21988,PACK OF 6 SKULL PAPER PLATES,1,SIM-SUP-11,6.0000,0.0000,0.0000,6.0000,3.7857,7.1980,3,95.00%,1.6449,20.5069,31.8640,58.3640,7,53,reorder_now
2011-12-09,21989,PACK OF 20 SKULL PAPER NAPKINS,1,SIM-SUP-08,45.0000,10.0000,6.0000,49.0000,5.5000,7.6228,10,95.00%,1.6449,39.6499,94.6499,133.1499,7,85,reorder_now
2011-12-09,21990,MODERN FLORAL STATIONERY SET,1,SIM-SUP-02,21.0000,9.0000,1.0000,29.0000,11.5714,11.0273,3,95.00%,1.6449,31.4165,66.1308,147.1308,7,119,reorder_now
2011-12-09,21991,BOHEMIAN COLLAGE STATIONERY SET,1,SIM-SUP-02,67.0000,0.0000,4.0000,63.0000,4.7857,5.3275,7,95.00%,1.6449,23.1848,56.6848,90.1848,7,0,no_order_required
2011-12-09,21992,check,1,SIM-SUP-09,8.0000,0.0000,0.0000,8.0000,1.0357,3.0294,3,95.00%,1.6449,8.6307,11.7378,18.9878,7,11,reorder_now
2011-12-09,21993,FLORAL FOLK STATIONERY SET,1,SIM-SUP-09,175.0000,0.0000,24.0000,151.0000,15.5000,12.5114,7,95.00%,1.6449,54.4481,162.9481,271.4481,7,121,reorder_now
2011-12-09,22021,BLUE FELT EASTER EGG BASKET,1,SIM-SUP-01,3.0000,0.0000,0.0000,3.0000,0.0000,0.0000,14,95.00%,1.6449,0.0000,0.0000,0.0000,7,0,no_order_required
2011-12-09,22023,EMPIRE BIRTHDAY CARD,1,SIM-SUP-01,16.0000,2.0000,2.0000,16.0000,2.0714,4.3006,5,95.00%,1.6449,15.8175,26.1747,40.6747,7,25,reorder_now
2011-12-09,22024,RAINY LADIES BIRTHDAY CARD,1,SIM-SUP-06,44.0000,0.0000,2.0000,42.0000,6.5357,17.9970,7,95.00%,1.6449,78.3206,124.0706,169.8206,7,128,reorder_now
2011-12-09,22025,RING OF ROSES BIRTHDAY CARD,1,SIM-SUP-02,23.0000,0.0000,2.0000,21.0000,1.8929,3.9762,10,95.00%,1.6449,20.6820,39.6106,52.8606,7,32,reorder_now
2011-12-09,22026,BANQUET BIRTHDAY CARD,1,SIM-SUP-03,14.0000,4.0000,2.0000,16.0000,3.5714,6.7317,7,95.00%,1.6449,29.2957,54.2957,79.2957,7,64,reorder_now
2011-12-09,22027,TEA PARTY BIRTHDAY CARD,1,SIM-SUP-02,48.0000,0.0000,3.0000,45.0000,12.1786,16.1490,3,95.00%,1.6449,46.0080,82.5437,167.7937,7,123,reorder_now
2011-12-09,22028,PENNY FARTHING BIRTHDAY CARD,1,SIM-SUP-11,75.0000,0.0000,5.0000,70.0000,8.5357,10.1118,7,95.00%,1.6449,44.0053,103.7553,163.5053,7,94,reorder_now
2011-12-09,22029,SPACEBOY BIRTHDAY CARD,1,SIM-SUP-10,146.0000,0.0000,18.0000,128.0000,25.8929,42.8255,10,95.00%,1.6449,222.7562,481.6848,662.9348,7,535,reorder_now
2011-12-09,22030,SWALLOWS GREETING CARD,1,SIM-SUP-09,61.0000,0.0000,4.0000,57.0000,37.1071,121.4773,3,95.00%,1.6449,346.0852,457.4067,717.1567,7,661,reorder_now
2011-12-09,22031,BOTANICAL LAVENDER BIRTHDAY CARD,1,SIM-SUP-05,3.0000,0.0000,0.0000,3.0000,2.1429,4.2318,10,95.00%,1.6449,22.0117,43.4402,58.4402,7,56,reorder_now
2011-12-09,22032,BOTANICAL LILY GREETING CARD,1,SIM-SUP-03,3.0000,0.0000,0.0000,3.0000,1.3571,3.8099,5,95.00%,1.6449,14.0128,20.7985,30.2985,7,28,reorder_now
2011-12-09,22033,BOTANICAL ROSE GREETING CARD,1,SIM-SUP-10,3.0000,1.0000,0.0000,4.0000,0.0357,0.1856,7,95.00%,1.6449,0.8076,1.0576,1.3076,7,0,no_order_required
2011-12-09,22034,ROBIN CHRISTMAS CARD,1,SIM-SUP-01,1.0000,0.0000,0.0000,1.0000,0.0714,0.2575,3,95.00%,1.6449,0.7337,0.9480,1.4480,7,0,no_order_required
2011-12-09,22035,VINTAGE CARAVAN GREETING CARD,1,SIM-SUP-07,2.0000,0.0000,0.0000,2.0000,0.0000,0.0000,14,95.00%,1.6449,0.0000,0.0000,0.0000,7,0,no_order_required
2011-12-09,22036,DINOSAUR BIRTHDAY CARD,1,SIM-SUP-05,1.0000,0.0000,0.0000,1.0000,0.0000,0.0000,3,95.00%,1.6449,0.0000,0.0000,0.0000,7,0,no_order_required
2011-12-09,22037,ROBOT BIRTHDAY CARD,1,SIM-SUP-09,181.0000,0.0000,23.0000,158.0000,19.6786,31.8255,14,95.00%,1.6449,195.8692,471.3692,609.1192,7,452,reorder_now
2011-12-09,22038,BOTANICAL LAVENDER GIFT WRAP,1,SIM-SUP-11,2.0000,0.0000,0.0000,2.0000,2.6786,7.7324,5,95.00%,1.6449,28.4397,41.8325,60.5825,7,59,reorder_now
2011-12-09,22040,BOTANICAL ROSE GIFT WRAP,1,SIM-SUP-08,2.0000,0.0000,0.0000,2.0000,1.7857,6.4385,5,95.00%,1.6449,23.6808,32.6093,45.1093,7,44,reorder_now
2011-12-09,22041,"RECORD FRAME 7"" SINGLE SIZE",1,SIM-SUP-07,46.0000,0.0000,5.0000,41.0000,16.0000,38.4995,3,95.00%,1.6449,109.6840,157.6840,269.6840,7,229,reorder_now
2011-12-09,22042,CHRISTMAS CARD SINGING ANGEL,1,SIM-SUP-06,16.0000,0.0000,1.0000,15.0000,3.8929,7.1929,7,95.00%,1.6449,31.3028,58.5528,85.8028,7,71,reorder_now
2011-12-09,22043,CHRISTMAS CARD SCREEN PRINT,1,SIM-SUP-11,77.0000,0.0000,2.0000,75.0000,11.4286,18.8877,10,95.00%,1.6449,98.2440,212.5297,292.5297,7,218,reorder_now
2011-12-09,22044,CHRISTMAS CARD STACK OF PRESENTS,1,SIM-SUP-07,3.0000,1.0000,0.0000,4.0000,0.0000,0.0000,14,95.00%,1.6449,0.0000,0.0000,0.0000,7,0,no_order_required
2011-12-09,22045,SPACEBOY GIFT WRAP,1,SIM-SUP-02,203.0000,0.0000,11.0000,192.0000,26.7857,43.7773,14,95.00%,1.6449,269.4266,644.4266,831.9266,7,640,reorder_now
2011-12-09,22046,TEA PARTY WRAPPING PAPER,1,SIM-SUP-11,15.0000,3.0000,0.0000,18.0000,11.6071,30.9681,10,95.00%,1.6449,161.0802,277.1516,358.4016,7,341,reorder_now
2011-12-09,22047,EMPIRE GIFT WRAP,1,SIM-SUP-06,100.0000,2.0000,12.0000,90.0000,8.0357,15.0202,14,95.00%,1.6449,92.4414,204.9414,261.1914,7,172,reorder_now
2011-12-09,22048,BIRTHDAY BANQUET GIFT WRAP,1,SIM-SUP-11,7.0000,0.0000,1.0000,6.0000,0.8929,4.6394,10,95.00%,1.6449,24.1319,33.0604,39.3104,7,34,reorder_now
2011-12-09,22049,WRAP CHRISTMAS SCREEN PRINT,1,SIM-SUP-04,1.0000,0.0000,0.0000,1.0000,0.0000,0.0000,10,95.00%,1.6449,0.0000,0.0000,0.0000,7,0,no_order_required
2011-12-09,22050,PINK PAISLEY ROSE GIFT WRAP,1,SIM-SUP-03,10.0000,0.0000,1.0000,9.0000,0.8929,4.6394,14,95.00%,1.6449,28.5532,41.0532,47.3032,7,39,reorder_now
2011-12-09,22051,BLUE SCANDINAVIAN PAISLEY WRAP,1,SIM-SUP-09,5.0000,0.0000,1.0000,4.0000,2.6786,10.2192,3,95.00%,1.6449,29.1142,37.1500,55.9000,7,52,reorder_now
2011-12-09,22052,VINTAGE CARAVAN GIFT WRAP,1,SIM-SUP-04,1.0000,0.0000,0.0000,1.0000,0.0000,0.0000,14,95.00%,1.6449,0.0000,0.0000,0.0000,7,0,no_order_required
2011-12-09,22053,EMPIRE DESIGN ROSETTE,1,SIM-SUP-02,1.0000,0.0000,0.0000,1.0000,0.0000,0.0000,3,95.00%,1.6449,0.0000,0.0000,0.0000,7,0,no_order_required
2011-12-09,22054,MINI CAKE STAND HANGING HEARTS,1,SIM-SUP-05,1.0000,0.0000,0.0000,1.0000,0.0000,0.0000,5,95.00%,1.6449,0.0000,0.0000,0.0000,7,0,no_order_required
2011-12-09,22055,MINI CAKE STAND HANGING STRAWBERY,1,SIM-SUP-03,12.0000,0.0000,1.0000,11.0000,10.6071,21.3781,3,95.00%,1.6449,60.9056,92.7271,166.9771,7,156,reorder_now
2011-12-09,22056,CERAMIC PLATE LOVE HEART DESIGN,1,SIM-SUP-04,0.0000,0.0000,0.0000,0.0000,0.0000,0.0000,5,95.00%,1.6449,0.0000,0.0000,0.0000,7,0,no_order_required
2011-12-09,22057,CERAMIC PLATE STRAWBERRY DESIGN,1,SIM-SUP-03,20.0000,0.0000,3.0000,17.0000,7.0714,15.3761,14,95.00%,1.6449,94.6317,193.6317,243.1317,7,227,reorder_now
2011-12-09,22058,CERAMIC LOVE HEARTS DESIGN MUG,1,SIM-SUP-07,1.0000,0.0000,0.0000,1.0000,0.0000,0.0000,7,95.00%,1.6449,0.0000,0.0000,0.0000,7,0,no_order_required
2011-12-09,22059,CERAMIC STRAWBERRY DESIGN MUG,1,SIM-SUP-07,17.0000,0.0000,2.0000,15.0000,20.2143,41.3110,10,95.00%,1.6449,214.8784,417.0212,558.5212,7,544,reorder_now
2011-12-09,22060,LARGE CAKE STAND HANGING HEARTS,1,SIM-SUP-08,0.0000,0.0000,0.0000,0.0000,0.0000,0.0000,3,95.00%,1.6449,0.0000,0.0000,0.0000,7,0,no_order_required
2011-12-09,22061,LARGE CAKE STAND HANGING STRAWBERY,1,SIM-SUP-05,13.0000,5.0000,2.0000,16.0000,8.6071,15.8031,5,95.00%,1.6449,58.1239,101.1597,161.4097,7,146,reorder_now
2011-12-09,22062,UNKNOWN,1,SIM-SUP-06,1.0000,0.0000,0.0000,1.0000,0.0000,0.0000,3,95.00%,1.6449,0.0000,0.0000,0.0000,7,0,no_order_required
2011-12-09,22063,CERAMIC BOWL WITH STRAWBERRY DESIGN,1,SIM-SUP-01,16.0000,0.0000,0.0000,16.0000,7.5714,18.8953,10,95.00%,1.6449,98.2834,173.9976,226.9976,7,211,reorder_now
2011-12-09,22064,PINK DOUGHNUT TRINKET POT,1,SIM-SUP-01,55.0000,14.0000,4.0000,65.0000,20.5357,40.2745,5,95.00%,1.6449,148.1298,250.8083,394.5583,7,330,reorder_now
2011-12-09,22065,CHRISTMAS PUDDING TRINKET POT,1,SIM-SUP-09,51.0000,0.0000,1.0000,50.0000,56.7143,68.8056,3,95.00%,1.6449,196.0250,366.1678,763.1678,7,714,reorder_now
2011-12-09,22066,LOVE HEART TRINKET POT,1,SIM-SUP-06,48.0000,0.0000,3.0000,45.0000,11.8571,22.9949,7,95.00%,1.6449,100.0709,183.0709,266.0709,7,222,reorder_now
2011-12-09,22067,CHOC TRUFFLE GOLD TRINKET POT,1,SIM-SUP-09,10.0000,0.0000,1.0000,9.0000,3.2500,7.6654,5,95.00%,1.6449,28.1935,44.4435,67.1935,7,59,reorder_now
2011-12-09,22068,BLACK PIRATE TREASURE CHEST,1,SIM-SUP-12,8.0000,0.0000,1.0000,7.0000,6.8214,15.7866,5,95.00%,1.6449,58.0633,92.1705,139.9205,7,133,reorder_now
2011-12-09,22069,BROWN PIRATE TREASURE CHEST,1,SIM-SUP-12,13.0000,0.0000,1.0000,12.0000,6.2500,12.1996,5,95.00%,1.6449,44.8702,76.1202,119.8702,7,108,reorder_now
2011-12-09,22070,SMALL RED RETROSPOT MUG IN BOX,1,SIM-SUP-10,33.0000,0.0000,5.0000,28.0000,13.5357,44.7585,5,95.00%,1.6449,164.6218,232.3004,327.0504,7,300,reorder_now
2011-12-09,22071,SMALL WHITE RETROSPOT MUG IN BOX,1,SIM-SUP-05,10.0000,0.0000,1.0000,9.0000,12.7857,46.7542,7,95.00%,1.6449,203.4683,292.9683,382.4683,7,374,reorder_now
2011-12-09,22072,RED RETROSPOT TEA CUP AND SAUCER,1,SIM-SUP-09,24.0000,0.0000,1.0000,23.0000,7.7500,11.9242,14,95.00%,1.6449,73.3875,181.8875,236.1375,7,214,reorder_now
2011-12-09,22073,RED RETROSPOT STORAGE JAR,1,SIM-SUP-04,2.0000,0.0000,0.0000,2.0000,0.0000,0.0000,7,95.00%,1.6449,0.0000,0.0000,0.0000,7,0,no_order_required
2011-12-09,22074,6 RIBBONS SHIMMERING PINKS,1,SIM-SUP-09,45.0000,0.0000,6.0000,39.0000,8.6429,14.9648,7,95.00%,1.6449,65.1247,125.6247,186.1247,7,148,reorder_now
2011-12-09,22075,6 RIBBONS ELEGANT CHRISTMAS,1,SIM-SUP-02,86.0000,0.0000,8.0000,78.0000,26.2143,49.9452,3,95.00%,1.6449,142.2925,220.9353,404.4353,7,327,reorder_now
2011-12-09,22076,6 RIBBONS EMPIRE,1,SIM-SUP-12,61.0000,0.0000,7.0000,54.0000,16.5357,27.8369,5,95.00%,1.6449,102.3842,185.0627,300.8127,7,247,reorder_now
2011-12-09,22077,6 RIBBONS RUSTIC CHARM,1,SIM-SUP-04,201.0000,12.0000,18.0000,195.0000,29.3214,33.4515,10,95.00%,1.6449,173.9975,467.2118,672.4618,7,478,reorder_now
2011-12-09,22078,RIBBON REEL LACE DESIGN,1,SIM-SUP-02,14.0000,0.0000,2.0000,12.0000,3.7500,4.4771,3,95.00%,1.6449,12.7552,24.0052,50.2552,7,39,reorder_now
2011-12-09,22079,RIBBON REEL HEARTS DESIGN,1,SIM-SUP-08,69.0000,0.0000,7.0000,62.0000,6.3929,7.2375,7,95.00%,1.6449,31.4967,76.2467,120.9967,7,59,reorder_now
2011-12-09,22080,RIBBON REEL POLKADOTS,1,SIM-SUP-08,27.0000,0.0000,1.0000,26.0000,6.3571,7.1275,7,95.00%,1.6449,31.0179,75.5179,120.0179,7,95,reorder_now
2011-12-09,22081,RIBBON REEL FLORA + FAUNA,1,SIM-SUP-08,6.0000,0.0000,0.0000,6.0000,2.5714,4.7990,10,95.00%,1.6449,24.9620,50.6763,68.6763,7,63,reorder_now
2011-12-09,22082,RIBBON REEL STRIPES DESIGN,1,SIM-SUP-06,130.0000,48.0000,16.0000,162.0000,12.2857,13.7031,10,95.00%,1.6449,71.2766,194.1337,280.1337,7,119,reorder_now
2011-12-09,22083,PAPER CHAIN KIT RETROSPOT,1,SIM-SUP-04,76.0000,0.0000,7.0000,69.0000,21.6786,22.0795,3,95.00%,1.6449,62.9038,127.9395,279.6895,7,211,reorder_now
2011-12-09,22084,PAPER CHAIN KIT EMPIRE,1,SIM-SUP-04,2.0000,0.0000,0.0000,2.0000,0.3929,1.4228,5,95.00%,1.6449,5.2329,7.1972,9.9472,7,8,reorder_now
2011-12-09,22085,PAPER CHAIN KIT SKULLS,1,SIM-SUP-09,10.0000,0.0000,0.0000,10.0000,1.1786,2.5503,10,95.00%,1.6449,13.2651,25.0509,33.3009,7,24,reorder_now
2011-12-09,22086,PAPER CHAIN KIT 50'S CHRISTMAS,1,SIM-SUP-09,189.0000,0.0000,23.0000,166.0000,251.8214,188.6645,5,95.00%,1.6449,693.9088,1953.0160,3715.7660,7,3550,reorder_now
2011-12-09,22087,PAPER BUNTING WHITE LACE,1,SIM-SUP-04,30.0000,0.0000,2.0000,28.0000,22.1071,44.3181,3,95.00%,1.6449,126.2610,192.5824,347.3324,7,320,reorder_now
2011-12-09,22088,UNKNOWN,1,SIM-SUP-04,1.0000,0.0000,0.0000,1.0000,0.0000,0.0000,7,95.00%,1.6449,0.0000,0.0000,0.0000,7,0,no_order_required
2011-12-09,22089,PAPER BUNTING VINTAGE PAISLEY,1,SIM-SUP-08,13.0000,0.0000,1.0000,12.0000,2.1429,3.3028,3,95.00%,1.6449,9.4094,15.8380,30.8380,7,19,reorder_now
2011-12-09,22090,PAPER BUNTING RETROSPOT,1,SIM-SUP-05,90.0000,0.0000,4.0000,86.0000,9.6429,12.5903,7,95.00%,1.6449,54.7913,122.2913,189.7913,7,104,reorder_now
2011-12-09,22091,EMPIRE TISSUE BOX,1,SIM-SUP-06,46.0000,9.0000,1.0000,54.0000,7.3571,20.8142,7,95.00%,1.6449,90.5806,142.0806,193.5806,7,140,reorder_now
2011-12-09,22092,BLUE PAISLEY TISSUE BOX,1,SIM-SUP-11,7.0000,0.0000,1.0000,6.0000,2.4643,6.7054,10,95.00%,1.6449,34.8783,59.5211,76.7711,7,71,reorder_now
2011-12-09,22093,MOTORING TISSUE BOX,1,SIM-SUP-02,35.0000,0.0000,1.0000,34.0000,6.3929,12.1929,7,95.00%,1.6449,53.0620,97.8120,142.5620,7,109,reorder_now
2011-12-09,22094,RED RETROSPOT TISSUE BOX,1,SIM-SUP-02,20.0000,16.0000,3.0000,33.0000,11.2143,19.0457,5,95.00%,1.6449,70.0503,126.1217,204.6217,7,172,reorder_now
2011-12-09,22095,LADS ONLY TISSUE BOX,1,SIM-SUP-05,42.0000,0.0000,5.0000,37.0000,18.1429,47.9045,5,95.00%,1.6449,176.1928,266.9071,393.9071,7,357,reorder_now
2011-12-09,22096,PINK PAISLEY SQUARE TISSUE BOX,1,SIM-SUP-10,20.0000,0.0000,1.0000,19.0000,11.6429,40.5773,14,95.00%,1.6449,249.7320,412.7320,494.2320,7,476,reorder_now
2011-12-09,22097,SWALLOW SQUARE TISSUE BOX,1,SIM-SUP-03,49.0000,14.0000,6.0000,57.0000,11.1071,40.2318,7,95.00%,1.6449,175.0836,252.8336,330.5836,7,274,reorder_now
2011-12-09,22098,BOUDOIR SQUARE TISSUE BOX,1,SIM-SUP-03,14.0000,0.0000,0.0000,14.0000,8.1786,16.7993,3,95.00%,1.6449,47.8608,72.3966,129.6466,7,116,reorder_now
2011-12-09,22099,CARAVAN SQUARE TISSUE BOX,1,SIM-SUP-04,11.0000,0.0000,1.0000,10.0000,3.0357,6.6627,10,95.00%,1.6449,34.6559,65.0131,86.2631,7,77,reorder_now
2011-12-09,22100,SKULLS SQUARE TISSUE BOX,1,SIM-SUP-11,13.0000,0.0000,0.0000,13.0000,5.4286,20.8248,7,95.00%,1.6449,90.6270,128.6270,166.6270,7,154,reorder_now
2011-12-09,22101,MIRROR MOSAIC VOTIVE HOLDER,1,SIM-SUP-06,7.0000,0.0000,1.0000,6.0000,1.3214,2.7523,5,95.00%,1.6449,10.1230,16.7302,25.9802,7,20,reorder_now
2011-12-09,22102,MIRROR MOSAIC T-LIGHT HOLDER,1,SIM-SUP-05,1.0000,1.0000,0.0000,2.0000,0.2143,1.1135,3,95.00%,1.6449,3.1722,3.8151,5.3151,7,4,reorder_now
2011-12-09,22103,MIRROR MOSAIC T-LIGHT HOLDER ROUND,1,SIM-SUP-02,1.0000,0.0000,0.0000,1.0000,0.0000,0.0000,7,95.00%,1.6449,0.0000,0.0000,0.0000,7,0,no_order_required
2011-12-09,22104,MIRROR MOSAIC CANDLE PLATE,1,SIM-SUP-03,4.0000,0.0000,0.0000,4.0000,0.8571,1.7871,5,95.00%,1.6449,6.5731,10.8588,16.8588,7,13,reorder_now
2011-12-09,22105,MIRROR MOSAIC GOBLET CANDLE HOLDER,1,SIM-SUP-10,4.0000,0.0000,0.0000,4.0000,0.2500,0.8292,7,95.00%,1.6449,3.6084,5.3584,7.1084,7,4,reorder_now
2011-12-09,22106,MIRROR MOSAIC HURRICANE LAMP,1,SIM-SUP-01,6.0000,0.0000,1.0000,5.0000,0.6786,1.2832,5,95.00%,1.6449,4.7197,8.1126,12.8626,7,8,reorder_now
2011-12-09,22107,PIZZA PLATE IN BOX,1,SIM-SUP-11,191.0000,0.0000,13.0000,178.0000,8.8571,9.3569,14,95.00%,1.6449,57.5867,181.5867,243.5867,7,66,reorder_now
2011-12-09,22108,PING! MICROWAVE PLATE,1,SIM-SUP-03,10.0000,0.0000,1.0000,9.0000,2.0714,3.3799,10,95.00%,1.6449,17.5803,38.2946,52.7946,7,44,reorder_now
2011-12-09,22109,FULL ENGLISH BREAKFAST PLATE,1,SIM-SUP-09,58.0000,26.0000,8.0000,76.0000,11.9286,12.7977,10,95.00%,1.6449,66.5669,185.8526,269.3526,7,194,reorder_now
2011-12-09,22110,BIRD HOUSE HOT WATER BOTTLE,1,SIM-SUP-07,131.0000,0.0000,10.0000,121.0000,10.9286,10.6902,7,95.00%,1.6449,46.5224,123.0224,199.5224,7,79,reorder_now
2011-12-09,22111,SCOTTIE DOG HOT WATER BOTTLE,1,SIM-SUP-09,101.0000,0.0000,6.0000,95.0000,36.0714,36.1168,3,95.00%,1.6449,102.8957,211.1100,463.6100,7,369,reorder_now
2011-12-09,22112,CHOCOLATE HOT WATER BOTTLE,1,SIM-SUP-03,263.0000,0.0000,18.0000,245.0000,56.6786,39.6413,5,95.00%,1.6449,145.8009,429.1937,825.9437,7,581,reorder_now
2011-12-09,22113,GREY HEART HOT WATER BOTTLE,1,SIM-SUP-09,212.0000,0.0000,0.0000,212.0000,18.1429,14.5399,10,95.00%,1.6449,75.6290,257.0575,384.0575,7,173,reorder_now
2011-12-09,22114,HOT WATER BOTTLE TEA AND SYMPATHY,1,SIM-SUP-09,187.0000,0.0000,17.0000,170.0000,66.1429,55.3016,7,95.00%,1.6449,240.6655,703.6655,1166.6655,7,997,reorder_now
2011-12-09,22115,METAL SIGN EMPIRE TEA,1,SIM-SUP-05,112.0000,0.0000,6.0000,106.0000,7.7143,8.8190,10,95.00%,1.6449,45.8721,123.0150,177.0150,7,72,reorder_now
2011-12-09,22116,METAL SIGN HIS DINNER IS SERVED,1,SIM-SUP-07,8.0000,0.0000,0.0000,8.0000,2.5357,5.0673,7,95.00%,1.6449,22.0521,39.8021,57.5521,7,50,reorder_now
2011-12-09,22117,METAL SIGN HER DINNER IS SERVED,1,SIM-SUP-02,3.0000,0.0000,0.0000,3.0000,0.3214,0.7585,5,95.00%,1.6449,2.7896,4.3967,6.6467,7,4,reorder_now
2011-12-09,22118,JOY WOODEN BLOCK LETTERS,1,SIM-SUP-09,8.0000,0.0000,0.0000,8.0000,3.8214,8.9485,3,95.00%,1.6449,25.4939,36.9582,63.7082,7,56,reorder_now
2011-12-09,22119,PEACE WOODEN BLOCK LETTERS,1,SIM-SUP-03,16.0000,0.0000,1.0000,15.0000,5.4286,12.7151,7,95.00%,1.6449,55.3345,93.3345,131.3345,7,117,reorder_now
2011-12-09,22120,WELCOME WOODEN BLOCK LETTERS,1,SIM-SUP-08,11.0000,0.0000,1.0000,10.0000,1.3571,2.2395,7,95.00%,1.6449,9.7460,19.2460,28.7460,7,19,reorder_now
2011-12-09,22121,NOEL WOODEN BLOCK LETTERS,1,SIM-SUP-12,17.0000,0.0000,1.0000,16.0000,2.5357,4.0838,10,95.00%,1.6449,21.2417,46.5989,64.3489,7,49,reorder_now
2011-12-09,22122,SET OF 2 FANCY FONT TEA TOWELS,1,SIM-SUP-01,1.0000,0.0000,0.0000,1.0000,0.0000,0.0000,5,95.00%,1.6449,0.0000,0.0000,0.0000,7,0,no_order_required
2011-12-09,22123,PING MICROWAVE APRON,1,SIM-SUP-08,6.0000,5.0000,1.0000,10.0000,5.4286,8.8456,5,95.00%,1.6449,32.5342,59.6771,97.6771,7,88,reorder_now
2011-12-09,22124,SET OF 2 TEA TOWELS PING MICROWAVE,1,SIM-SUP-02,13.0000,0.0000,1.0000,12.0000,2.4643,4.9891,10,95.00%,1.6449,25.9510,50.5938,67.8438,7,56,reorder_now
2011-12-09,22125,UNKNOWN,1,SIM-SUP-08,6.0000,1.0000,1.0000,6.0000,0.1786,0.7585,10,95.00%,1.6449,3.9451,5.7308,6.9808,7,0,no_order_required
2011-12-09,22127,PARTY CONES CARNIVAL ASSORTED,1,SIM-SUP-06,1.0000,0.0000,0.0000,1.0000,0.0000,0.0000,10,95.00%,1.6449,0.0000,0.0000,0.0000,7,0,no_order_required
2011-12-09,22128,PARTY CONES CANDY ASSORTED,1,SIM-SUP-10,3.0000,0.0000,0.0000,3.0000,0.4643,2.2278,3,95.00%,1.6449,6.3469,7.7397,10.9897,7,8,reorder_now
2011-12-09,22129,PARTY CONES CANDY DECORATION,1,SIM-SUP-06,15.0000,0.0000,1.0000,14.0000,1.9643,3.5505,10,95.00%,1.6449,18.4677,38.1106,51.8606,7,38,reorder_now
2011-12-09,22130,PARTY CONE CHRISTMAS DECORATION,1,SIM-SUP-07,63.0000,24.0000,4.0000,83.0000,35.1429,120.1147,5,95.00%,1.6449,441.7826,617.4968,863.4968,7,781,reorder_now
2011-12-09,22131,FOOD CONTAINER SET 3 LOVE HEART,1,SIM-SUP-12,45.0000,0.0000,3.0000,42.0000,7.8214,18.7522,14,95.00%,1.6449,115.4103,224.9103,279.6603,7,238,reorder_now
2011-12-09,22132,RED LOVE HEART SHAPE CUP,1,SIM-SUP-06,18.0000,1.0000,2.0000,17.0000,5.0357,18.0643,7,95.00%,1.6449,78.6137,113.8637,149.1137,7,133,reorder_now
2011-12-09,22133,PINK LOVE HEART SHAPE CUP,1,SIM-SUP-04,15.0000,0.0000,1.0000,14.0000,0.8929,2.9802,14,95.00%,1.6449,18.3414,30.8414,37.0914,7,24,reorder_now
2011-12-09,22134,MINI LADLE LOVE HEART RED,1,SIM-SUP-01,23.0000,0.0000,1.0000,22.0000,12.0714,53.4154,7,95.00%,1.6449,232.4572,316.9572,401.4572,7,380,reorder_now
2011-12-09,22135,MINI LADLE LOVE HEART PINK,1,SIM-SUP-10,20.0000,0.0000,1.0000,19.0000,2.9286,3.7122,14,95.00%,1.6449,22.8468,63.8468,84.3468,7,66,reorder_now
2011-12-09,22136,LOVE HEART SOCK HANGER,1,SIM-SUP-02,1.0000,0.0000,0.0000,1.0000,0.0714,0.3712,10,95.00%,1.6449,1.9306,2.6448,3.1448,7,3,reorder_now
2011-12-09,22137,BATHROOM SET LOVE HEART DESIGN,1,SIM-SUP-07,1.0000,0.0000,0.0000,1.0000,0.0000,0.0000,7,95.00%,1.6449,0.0000,0.0000,0.0000,7,0,no_order_required
2011-12-09,22138,BAKING SET 9 PIECE RETROSPOT,1,SIM-SUP-01,103.0000,0.0000,7.0000,96.0000,33.8571,26.1530,3,95.00%,1.6449,74.5091,176.0806,413.0806,7,318,reorder_now
2011-12-09,22139,RETROSPOT TEA SET CERAMIC 11 PC,1,SIM-SUP-03,172.0000,0.0000,22.0000,150.0000,27.2143,19.6984,3,95.00%,1.6449,56.1200,137.7629,328.2629,7,0,no_order_required
2011-12-09,22141,CHRISTMAS CRAFT TREE TOP ANGEL,1,SIM-SUP-12,498.0000,0.0000,44.0000,454.0000,26.0000,26.5088,14,95.00%,1.6449,163.1476,527.1476,709.1476,7,256,reorder_now
2011-12-09,22142,CHRISTMAS CRAFT WHITE FAIRY,1,SIM-SUP-07,349.0000,0.0000,35.0000,314.0000,26.0714,27.2592,10,95.00%,1.6449,141.7885,402.5028,585.0028,7,272,reorder_now
2011-12-09,22143,CHRISTMAS CRAFT HEART DECORATIONS,1,SIM-SUP-07,1.0000,0.0000,0.0000,1.0000,0.0000,0.0000,10,95.00%,1.6449,0.0000,0.0000,0.0000,7,0,no_order_required
2011-12-09,22144,CHRISTMAS CRAFT LITTLE FRIENDS,1,SIM-SUP-01,699.0000,0.0000,27.0000,672.0000,41.3929,36.5223,14,95.00%,1.6449,224.7760,804.2760,1094.0260,7,423,reorder_now
2011-12-09,22145,UNKNOWN,1,SIM-SUP-02,1.0000,0.0000,0.0000,1.0000,0.0000,0.0000,14,95.00%,1.6449,0.0000,0.0000,0.0000,7,0,no_order_required
2011-12-09,22146,EASTER CRAFT IVY WREATH WITH CHICK,1,SIM-SUP-03,1.0000,0.0000,0.0000,1.0000,0.0000,0.0000,7,95.00%,1.6449,0.0000,0.0000,0.0000,7,0,no_order_required
2011-12-09,22147,FELTCRAFT BUTTERFLY HEARTS,1,SIM-SUP-11,3.0000,0.0000,0.0000,3.0000,3.7143,14.1468,3,95.00%,1.6449,40.3039,51.4467,77.4467,7,75,reorder_now
2011-12-09,22148,EASTER CRAFT 4 CHICKS,1,SIM-SUP-06,7.0000,0.0000,0.0000,7.0000,0.9643,2.6923,10,95.00%,1.6449,14.0042,23.6470,30.3970,7,24,reorder_now
2011-12-09,22149,check,1,SIM-SUP-05,3.0000,0.0000,0.0000,3.0000,1.2143,6.3096,14,95.00%,1.6449,38.8324,55.8324,64.3324,7,62,reorder_now
2011-12-09,22150,3 STRIPEY MICE FELTCRAFT,1,SIM-SUP-06,103.0000,28.0000,4.0000,127.0000,17.8214,17.8066,5,95.00%,1.6449,65.4928,154.5999,279.3499,7,153,reorder_now
2011-12-09,22151,PLACE SETTING WHITE HEART,1,SIM-SUP-10,20.0000,3.0000,2.0000,21.0000,29.7500,34.2570,3,95.00%,1.6449,97.5973,186.8473,395.0973,7,375,reorder_now
2011-12-09,22152,PLACE SETTING WHITE STAR,1,SIM-SUP-10,31.0000,26.0000,1.0000,56.0000,27.5714,88.0164,14,95.00%,1.6449,541.6951,927.6951,1120.6951,7,1065,reorder_now
2011-12-09,22153,ANGEL DECORATION STARS ON DRESS,1,SIM-SUP-08,160.0000,0.0000,14.0000,146.0000,35.2143,81.2137,10,95.00%,1.6449,422.4319,774.5747,1021.0747,7,876,reorder_now
2011-12-09,22154,ANGEL DECORATION 3 BUTTONS,1,SIM-SUP-10,154.0000,0.0000,13.0000,141.0000,37.7500,50.2832,5,95.00%,1.6449,184.9419,373.6919,637.9419,7,497,reorder_now
2011-12-09,22155,STAR DECORATION RUSTIC,1,SIM-SUP-08,134.0000,0.0000,17.0000,117.0000,27.3214,55.0591,5,95.00%,1.6449,202.5076,339.1147,530.3647,7,414,reorder_now
2011-12-09,22156,HEART DECORATION WITH PEARLS,1,SIM-SUP-11,29.0000,22.0000,3.0000,48.0000,9.5000,18.5328,10,95.00%,1.6449,96.3980,191.3980,257.8980,7,210,reorder_now
2011-12-09,22157,ANGEL DECORATION WITH LACE PADDED,1,SIM-SUP-08,2.0000,0.0000,0.0000,2.0000,0.0000,0.0000,7,95.00%,1.6449,0.0000,0.0000,0.0000,7,0,no_order_required
2011-12-09,22158,3 HEARTS HANGING DECORATION RUSTIC,1,SIM-SUP-09,259.0000,0.0000,23.0000,236.0000,38.8571,81.2411,10,95.00%,1.6449,422.5745,811.1459,1083.1459,7,848,reorder_now
2011-12-09,22161,HEART DECORATION RUSTIC HANGING,1,SIM-SUP-07,28.0000,0.0000,3.0000,25.0000,13.0000,31.5176,5,95.00%,1.6449,115.9218,180.9218,271.9218,7,247,reorder_now
2011-12-09,22162,HEART GARLAND RUSTIC PADDED,1,SIM-SUP-11,17.0000,0.0000,0.0000,17.0000,0.7143,1.6873,14,95.00%,1.6449,10.3844,20.3844,25.3844,7,9,reorder_now
2011-12-09,22163,HEART STRING MEMO HOLDER HANGING,1,SIM-SUP-04,50.0000,0.0000,2.0000,48.0000,9.6786,14.1498,3,95.00%,1.6449,40.3125,69.3482,137.0982,7,90,reorder_now
2011-12-09,22164,STRING OF STARS CARD HOLDER,1,SIM-SUP-02,3.0000,0.0000,0.0000,3.0000,0.8571,4.4538,3,95.00%,1.6449,12.6889,15.2603,21.2603,7,19,reorder_now
2011-12-09,22165,"DIAMANTE HEART SHAPED WALL MIRROR,",1,SIM-SUP-09,5.0000,0.0000,1.0000,4.0000,7.6786,27.6871,7,95.00%,1.6449,120.4907,174.2407,227.9907,7,224,reorder_now
2011-12-09,22166,WALL MIRROR RECTANGLE DIAMANTE PINK,1,SIM-SUP-06,10.0000,0.0000,1.0000,9.0000,3.8214,17.7504,7,95.00%,1.6449,77.2473,103.9973,130.7473,7,122,reorder_now
2011-12-09,22167,OVAL WALL MIRROR DIAMANTE,1,SIM-SUP-01,22.0000,0.0000,2.0000,20.0000,0.8214,1.0369,14,95.00%,1.6449,6.3819,17.8819,23.6319,7,0,no_order_required
2011-12-09,22168,ORGANISER WOOD ANTIQUE WHITE,1,SIM-SUP-11,1.0000,0.0000,0.0000,1.0000,0.0000,0.0000,5,95.00%,1.6449,0.0000,0.0000,0.0000,7,0,no_order_required
2011-12-09,22169,FAMILY ALBUM WHITE PICTURE FRAME,1,SIM-SUP-09,41.0000,3.0000,4.0000,40.0000,5.4286,8.6124,7,95.00%,1.6449,37.4801,75.4801,113.4801,7,74,reorder_now
2011-12-09,22170,PICTURE FRAME WOOD TRIPLE PORTRAIT,1,SIM-SUP-08,27.0000,14.0000,4.0000,37.0000,3.9286,5.5609,7,95.00%,1.6449,24.2003,51.7003,79.2003,7,43,reorder_now
2011-12-09,22171,3 HOOK PHOTO SHELF ANTIQUE WHITE,1,SIM-SUP-03,22.0000,7.0000,0.0000,29.0000,3.5357,3.7271,7,95.00%,1.6449,16.2200,40.9700,65.7200,7,37,reorder_now
2011-12-09,22172,METAL SHELF WITH RAIL,1,SIM-SUP-08,1.0000,0.0000,0.0000,1.0000,0.0000,0.0000,3,95.00%,1.6449,0.0000,0.0000,0.0000,7,0,no_order_required
2011-12-09,22173,METAL 4 HOOK HANGER FRENCH CHATEAU,1,SIM-SUP-06,18.0000,0.0000,1.0000,17.0000,8.9643,20.7975,3,95.00%,1.6449,59.2513,86.1442,148.8942,7,132,reorder_now
2011-12-09,22174,PHOTO CUBE,1,SIM-SUP-05,167.0000,0.0000,18.0000,149.0000,11.8214,16.9517,10,95.00%,1.6449,88.1741,206.3884,289.1384,7,141,reorder_now
2011-12-09,22175,PINK OWL SOFT TOY,1,SIM-SUP-02,72.0000,0.0000,4.0000,68.0000,6.3214,10.3546,10,95.00%,1.6449,53.8594,117.0737,161.3237,7,94,reorder_now
2011-12-09,22176,amazon,1,SIM-SUP-11,3.0000,0.0000,0.0000,3.0000,0.0357,0.1856,10,95.00%,1.6449,0.9653,1.3224,1.5724,7,0,no_order_required
2011-12-09,22177,5 HOOK BLACKBOARD ORGANISER,1,SIM-SUP-02,2.0000,0.0000,0.0000,2.0000,0.0000,0.0000,10,95.00%,1.6449,0.0000,0.0000,0.0000,7,0,no_order_required
2011-12-09,22178,VICTORIAN GLASS HANGING T-LIGHT,1,SIM-SUP-07,414.0000,32.0000,41.0000,405.0000,79.7143,89.5803,10,95.00%,1.6449,465.9506,1263.0934,1821.0934,7,1417,reorder_now
2011-12-09,22179,SET 10 NIGHT OWL LIGHTS,1,SIM-SUP-03,60.0000,11.0000,3.0000,68.0000,6.3571,7.2615,7,95.00%,1.6449,31.6012,76.1012,120.6012,7,53,reorder_now
2011-12-09,22180,RETROSPOT LAMP,1,SIM-SUP-01,1.0000,0.0000,0.0000,1.0000,0.0000,0.0000,10,95.00%,1.6449,0.0000,0.0000,0.0000,7,0,no_order_required
2011-12-09,22181,SNOWSTORM PHOTO FRAME FRIDGE MAGNET,1,SIM-SUP-08,13.0000,2.0000,0.0000,15.0000,1.1786,3.7896,10,95.00%,1.6449,19.7115,31.4972,39.7472,7,25,reorder_now
2011-12-09,22182,CAKE STAND VICTORIAN FILIGREE SMALL,1,SIM-SUP-06,6.0000,3.0000,0.0000,9.0000,3.0000,7.8057,7,95.00%,1.6449,33.9693,54.9693,75.9693,7,67,reorder_now
2011-12-09,22183,CAKE STAND VICTORIAN FILIGREE MED,1,SIM-SUP-05,1.0000,0.0000,0.0000,1.0000,0.0357,0.1856,5,95.00%,1.6449,0.6826,0.8611,1.1111,7,0,no_order_required
2011-12-09,22184,CAKE STAND VICTORIAN FILIGREE LARGE,1,SIM-SUP-03,2.0000,0.0000,0.0000,2.0000,0.0000,0.0000,7,95.00%,1.6449,0.0000,0.0000,0.0000,7,0,no_order_required
2011-12-09,22185,SLATE TILE NATURAL HANGING,1,SIM-SUP-06,116.0000,12.0000,0.0000,128.0000,16.0000,35.8439,14,95.00%,1.6449,220.6006,444.6006,556.6006,7,429,reorder_now
2011-12-09,22186,RED STAR CARD HOLDER,1,SIM-SUP-03,128.0000,26.0000,0.0000,154.0000,7.8929,8.3424,10,95.00%,1.6449,43.3929,122.3214,177.5714,7,0,no_order_required
2011-12-09,22187,GREEN CHRISTMAS TREE CARD HOLDER,1,SIM-SUP-05,139.0000,0.0000,8.0000,131.0000,14.0714,16.9998,7,95.00%,1.6449,73.9812,172.4812,270.9812,7,140,reorder_now
2011-12-09,22188,BLACK HEART CARD HOLDER,1,SIM-SUP-09,10.0000,0.0000,0.0000,10.0000,13.0714,62.3658,7,95.00%,1.6449,271.4081,362.9081,454.4081,7,445,reorder_now
2011-12-09,22189,CREAM HEART CARD HOLDER,1,SIM-SUP-04,211.0000,0.0000,19.0000,192.0000,17.5000,62.5308,14,95.00%,1.6449,384.8448,629.8448,752.3448,7,561,reorder_now
2011-12-09,22190,LOCAL CAFE MUG,1,SIM-SUP-08,13.0000,0.0000,1.0000,12.0000,5.8214,14.4471,10,95.00%,1.6449,75.1463,133.3605,174.1105,7,163,reorder_now
2011-12-09,22191,IVORY DINER WALL CLOCK,1,SIM-SUP-07,15.0000,0.0000,2.0000,13.0000,3.6429,5.0442,3,95.00%,1.6449,14.3708,25.2993,50.7993,7,38,reorder_now
2011-12-09,22192,BLUE DINER WALL CLOCK,1,SIM-SUP-08,32.0000,0.0000,2.0000,30.0000,2.6786,2.5781,10,95.00%,1.6449,13.4100,40.1957,58.9457,7,29,reorder_now
2011-12-09,22193,RED DINER WALL CLOCK,1,SIM-SUP-11,26.0000,0.0000,3.0000,23.0000,4.8571,6.3455,5,95.00%,1.6449,23.3388,47.6245,81.6245,7,59,reorder_now
2011-12-09,22194,UNKNOWN,1,SIM-SUP-04,2.0000,0.0000,0.0000,2.0000,0.0000,0.0000,14,95.00%,1.6449,0.0000,0.0000,0.0000,7,0,no_order_required
2011-12-09,22195,LARGE HEART MEASURING SPOONS,1,SIM-SUP-09,211.0000,0.0000,16.0000,195.0000,9.8571,16.6706,14,95.00%,1.6449,102.5987,240.5987,309.5987,7,115,reorder_now
2011-12-09,22196,SMALL HEART MEASURING SPOONS,1,SIM-SUP-11,77.0000,0.0000,4.0000,73.0000,18.1786,32.5643,14,95.00%,1.6449,200.4162,454.9162,582.1662,7,510,reorder_now
2011-12-09,22197,POPCORN HOLDER,1,SIM-SUP-12,431.0000,0.0000,45.0000,386.0000,497.7857,649.5595,7,95.00%,1.6449,2826.8008,6311.3008,9795.8008,7,9410,reorder_now
2011-12-09,22198,LARGE POPCORN HOLDER,1,SIM-SUP-06,2.0000,0.0000,0.0000,2.0000,0.0000,0.0000,10,95.00%,1.6449,0.0000,0.0000,0.0000,7,0,no_order_required
2011-12-09,22199,FRYING PAN RED RETROSPOT,1,SIM-SUP-07,22.0000,0.0000,2.0000,20.0000,4.1429,7.7077,14,95.00%,1.6449,47.4367,105.4367,134.4367,7,115,reorder_now
2011-12-09,22200,FRYING PAN PINK POLKADOT,1,SIM-SUP-05,14.0000,0.0000,2.0000,12.0000,2.1429,3.9344,7,95.00%,1.6449,17.1221,32.1221,47.1221,7,36,reorder_now
2011-12-09,22201,FRYING PAN BLUE POLKADOT,1,SIM-SUP-05,10.0000,0.0000,1.0000,9.0000,1.2143,2.7039,7,95.00%,1.6449,11.7672,20.2672,28.7672,7,20,reorder_now
2011-12-09,22202,UNKNOWN,1,SIM-SUP-09,0.0000,0.0000,0.0000,0.0000,0.0000,0.0000,5,95.00%,1.6449,0.0000,0.0000,0.0000,7,0,no_order_required
2011-12-09,22203,MILK PAN RED RETROSPOT,1,SIM-SUP-01,34.0000,0.0000,5.0000,29.0000,3.3571,7.0873,14,95.00%,1.6449,43.6185,90.6185,114.1185,7,86,reorder_now
2011-12-09,22204,MILK PAN BLUE POLKADOT,1,SIM-SUP-10,2.0000,0.0000,0.0000,2.0000,0.8929,2.6368,3,95.00%,1.6449,7.5122,10.1908,16.4408,7,15,reorder_now
2011-12-09,22207,FRYING PAN UNION FLAG,1,SIM-SUP-07,16.0000,0.0000,0.0000,16.0000,5.3571,12.9041,14,95.00%,1.6449,79.4179,154.4179,191.9179,7,176,reorder_now
2011-12-09,22208,WOOD STAMP SET THANK YOU,1,SIM-SUP-09,208.0000,59.0000,25.0000,242.0000,12.1429,15.8265,14,95.00%,1.6449,97.4041,267.4041,352.4041,7,111,reorder_now
2011-12-09,22209,WOOD STAMP SET HAPPY BIRTHDAY,1,SIM-SUP-08,25.0000,9.0000,3.0000,31.0000,5.1071,11.9114,14,95.00%,1.6449,73.3084,144.8084,180.5584,7,150,reorder_now
2011-12-09,22210,WOOD STAMP SET BEST WISHES,1,SIM-SUP-06,17.0000,13.0000,2.0000,28.0000,6.9286,12.6658,5,95.00%,1.6449,46.5850,81.2279,129.7279,7,102,reorder_now
2011-12-09,22211,WOOD STAMP SET FLOWERS,1,SIM-SUP-06,26.0000,20.0000,3.0000,43.0000,4.9286,5.5865,14,95.00%,1.6449,34.3821,103.3821,137.8821,7,95,reorder_now
2011-12-09,22212,FOUR HOOK WHITE LOVEBIRDS,1,SIM-SUP-09,23.0000,0.0000,3.0000,20.0000,6.8929,7.4034,5,95.00%,1.6449,27.2296,61.6939,109.9439,7,90,reorder_now
2011-12-09,22214,CANDLE PLATE LACE WHITE,1,SIM-SUP-05,2.0000,1.0000,0.0000,3.0000,0.9643,4.6328,7,95.00%,1.6449,20.1614,26.9114,33.6614,7,31,reorder_now
2011-12-09,22215,CAKE STAND WHITE TWO TIER LACE,1,SIM-SUP-04,5.0000,0.0000,0.0000,5.0000,3.5000,7.6742,3,95.00%,1.6449,21.8635,32.3635,56.8635,7,52,reorder_now
2011-12-09,22216,T-LIGHT HOLDER WHITE LACE,1,SIM-SUP-01,10.0000,0.0000,1.0000,9.0000,7.0000,18.7807,7,95.00%,1.6449,81.7312,130.7312,179.7312,7,171,reorder_now
2011-12-09,22217,T-LIGHT HOLDER HANGING LACE,1,SIM-SUP-08,15.0000,0.0000,0.0000,15.0000,14.1429,28.9294,3,95.00%,1.6449,82.4189,124.8475,223.8475,7,209,reorder_now
2011-12-09,22218,CAKE STAND LACE WHITE,1,SIM-SUP-12,1.0000,0.0000,0.0000,1.0000,0.0000,0.0000,5,95.00%,1.6449,0.0000,0.0000,0.0000,7,0,no_order_required
2011-12-09,22219,LOVEBIRD HANGING DECORATION WHITE,1,SIM-SUP-09,81.0000,0.0000,8.0000,73.0000,9.9286,11.7532,5,95.00%,1.6449,43.2283,92.8712,162.3712,7,90,reorder_now
2011-12-09,22220,CAKE STAND LOVEBIRD 2 TIER WHITE,1,SIM-SUP-05,3.0000,0.0000,0.0000,3.0000,3.2500,6.9981,7,95.00%,1.6449,30.4548,53.2048,75.9548,7,73,reorder_now
2011-12-09,22221,CAKE STAND LOVEBIRD 2 TIER PINK,1,SIM-SUP-12,15.0000,0.0000,2.0000,13.0000,1.4643,3.6789,14,95.00%,1.6449,22.6418,43.1418,53.3918,7,41,reorder_now
2011-12-09,22222,CAKE PLATE LOVEBIRD WHITE,1,SIM-SUP-06,28.0000,0.0000,0.0000,28.0000,1.0000,1.4639,14,95.00%,1.6449,9.0092,23.0092,30.0092,7,0,no_order_required
2011-12-09,22223,CAKE PLATE LOVEBIRD PINK,1,SIM-SUP-03,4.0000,0.0000,0.0000,4.0000,0.3929,1.0467,5,95.00%,1.6449,3.8499,5.8142,8.5642,7,5,reorder_now
2011-12-09,22224,WHITE LOVEBIRD LANTERN,1,SIM-SUP-08,5.0000,5.0000,1.0000,9.0000,2.6429,5.0442,5,95.00%,1.6449,18.5526,31.7668,50.2668,7,42,reorder_now
2011-12-09,22227,HANGING HEART MIRROR DECORATION,1,SIM-SUP-01,7.0000,0.0000,0.0000,7.0000,7.3214,9.8780,3,95.00%,1.6449,28.1422,50.1065,101.3565,7,95,reorder_now
2011-12-09,22228,BUNNY WOODEN PAINTED WITH BIRD,1,SIM-SUP-06,17.0000,0.0000,1.0000,16.0000,2.1071,4.1260,10,95.00%,1.6449,21.4615,42.5330,57.2830,7,42,reorder_now
2011-12-09,22229,BUNNY WOODEN PAINTED WITH FLOWER,1,SIM-SUP-03,5.0000,0.0000,0.0000,5.0000,0.3571,0.7660,7,95.00%,1.6449,3.3335,5.8335,8.3335,7,4,reorder_now
2011-12-09,22230,JIGSAW TREE WITH WATERING CAN,1,SIM-SUP-05,20.0000,0.0000,0.0000,20.0000,0.9286,1.4124,10,95.00%,1.6449,7.3466,16.6323,23.1323,7,0,no_order_required
2011-12-09,22231,JIGSAW TREE WITH BIRDHOUSE,1,SIM-SUP-07,3.0000,0.0000,0.0000,3.0000,1.6786,3.4232,3,95.00%,1.6449,9.7525,14.7882,26.5382,7,24,reorder_now
2011-12-09,22232,JIGSAW TOADSTOOLS 3 PIECE,1,SIM-SUP-04,8.0000,0.0000,1.0000,7.0000,2.9286,7.0858,3,95.00%,1.6449,20.1874,28.9731,49.4731,7,43,reorder_now
2011-12-09,22233,JIGSAW RABBIT AND BIRDHOUSE,1,SIM-SUP-12,21.0000,5.0000,2.0000,24.0000,1.9643,5.0954,10,95.00%,1.6449,26.5036,46.1465,59.8965,7,36,reorder_now
2011-12-09,22236,CAKE STAND 3 TIER MAGIC GARDEN,1,SIM-SUP-08,4.0000,0.0000,1.0000,3.0000,0.2500,0.7849,7,95.00%,1.6449,3.4158,5.1658,6.9158,7,4,reorder_now
2011-12-09,22241,GARLAND WOODEN HAPPY EASTER,1,SIM-SUP-12,4.0000,0.0000,0.0000,4.0000,0.5357,2.2278,10,95.00%,1.6449,11.5878,16.9449,20.6949,7,17,reorder_now
2011-12-09,22242,5 HOOK HANGER MAGIC TOADSTOOL,1,SIM-SUP-01,1.0000,0.0000,0.0000,1.0000,0.0000,0.0000,10,95.00%,1.6449,0.0000,0.0000,0.0000,7,0,no_order_required
2011-12-09,22243,5 HOOK HANGER RED MAGIC TOADSTOOL,1,SIM-SUP-06,1.0000,0.0000,0.0000,1.0000,0.1071,0.4088,10,95.00%,1.6449,2.1262,3.1976,3.9476,7,3,reorder_now
2011-12-09,22244,3 HOOK HANGER MAGIC GARDEN,1,SIM-SUP-01,1.0000,0.0000,0.0000,1.0000,0.0000,0.0000,10,95.00%,1.6449,0.0000,0.0000,0.0000,7,0,no_order_required
2011-12-09,22245,"HOOK, 1 HANGER ,MAGIC GARDEN",1,SIM-SUP-09,1.0000,0.0000,0.0000,1.0000,0.0000,0.0000,5,95.00%,1.6449,0.0000,0.0000,0.0000,7,0,no_order_required
2011-12-09,22246,MAGIC GARDEN FELT GARLAND,1,SIM-SUP-05,4.0000,2.0000,0.0000,6.0000,1.0000,3.0938,7,95.00%,1.6449,13.4637,20.4637,27.4637,7,22,reorder_now
2011-12-09,22247,BUNNY DECORATION MAGIC GARDEN,1,SIM-SUP-10,1.0000,1.0000,0.0000,2.0000,0.1071,0.4088,5,95.00%,1.6449,1.5035,2.0392,2.7892,7,1,reorder_now
2011-12-09,22248,DECORATION PINK CHICK MAGIC GARDEN,1,SIM-SUP-02,1.0000,0.0000,0.0000,1.0000,0.6071,2.9682,3,95.00%,1.6449,8.4562,10.2776,14.5276,7,14,reorder_now
2011-12-09,22249,DECORATION WHITE CHICK MAGIC GARDEN,1,SIM-SUP-08,7.0000,0.0000,1.0000,6.0000,0.1429,0.5803,14,95.00%,1.6449,3.5714,5.5714,6.5714,7,0,no_order_required
2011-12-09,22250,DECORATION BUTTERFLY MAGIC GARDEN,1,SIM-SUP-05,1.0000,0.0000,0.0000,1.0000,0.2857,0.8806,5,95.00%,1.6449,3.2390,4.6675,6.6675,7,6,reorder_now
2011-12-09,22251,BIRDHOUSE DECORATION MAGIC GARDEN,1,SIM-SUP-02,9.0000,1.0000,0.0000,10.0000,0.5714,1.6131,10,95.00%,1.6449,8.3904,14.1047,18.1047,7,9,reorder_now
2011-12-09,22252,BIRDCAGE DECORATION TEALIGHT HOLDER,1,SIM-SUP-04,15.0000,4.0000,0.0000,19.0000,1.7143,3.8809,10,95.00%,1.6449,20.1863,37.3292,49.3292,7,31,reorder_now
2011-12-09,22253,6 CROCHET STRAWBERRIES,1,SIM-SUP-12,1.0000,0.0000,0.0000,1.0000,0.0000,0.0000,5,95.00%,1.6449,0.0000,0.0000,0.0000,7,0,no_order_required
2011-12-09,22254,FELT TOADSTOOL LARGE,1,SIM-SUP-09,3.0000,0.0000,0.0000,3.0000,1.8214,5.2648,7,95.00%,1.6449,22.9117,35.6617,48.4117,7,46,reorder_now
2011-12-09,22255,FELT TOADSTOOL SMALL,1,SIM-SUP-10,24.0000,4.0000,3.0000,25.0000,2.4643,5.7227,14,95.00%,1.6449,35.2199,69.7199,86.9699,7,62,reorder_now
2011-12-09,22256,FELT FARM ANIMAL CHICKEN,1,SIM-SUP-04,1.0000,0.0000,0.0000,1.0000,0.0000,0.0000,5,95.00%,1.6449,0.0000,0.0000,0.0000,7,0,no_order_required
2011-12-09,22257,FELT FARM ANIMAL SHEEP,1,SIM-SUP-10,1.0000,0.0000,0.0000,1.0000,0.0000,0.0000,10,95.00%,1.6449,0.0000,0.0000,0.0000,7,0,no_order_required
2011-12-09,22258,FELT FARM ANIMAL RABBIT,1,SIM-SUP-11,2.0000,0.0000,0.0000,2.0000,0.0357,0.1856,5,95.00%,1.6449,0.6826,0.8611,1.1111,7,0,no_order_required
2011-12-09,22259,FELT FARM ANIMAL HEN,1,SIM-SUP-04,1.0000,0.0000,0.0000,1.0000,0.0000,0.0000,5,95.00%,1.6449,0.0000,0.0000,0.0000,7,0,no_order_required
2011-12-09,22260,FELT EGG COSY BLUE RABBIT,1,SIM-SUP-09,6.0000,0.0000,1.0000,5.0000,1.3571,2.5803,14,95.00%,1.6449,15.8807,34.8807,44.3807,7,40,reorder_now
2011-12-09,22261,FELT EGG COSY WHITE RABBIT,1,SIM-SUP-11,5.0000,0.0000,1.0000,4.0000,1.1071,1.5432,5,95.00%,1.6449,5.6758,11.2115,18.9615,7,15,reorder_now
2011-12-09,22262,FELT EGG COSY CHICKEN,1,SIM-SUP-12,12.0000,2.0000,1.0000,13.0000,1.2857,2.5051,5,95.00%,1.6449,9.2138,15.6423,24.6423,7,12,reorder_now
2011-12-09,22263,FELT EGG COSY LADYBIRD,1,SIM-SUP-05,9.0000,1.0000,0.0000,10.0000,0.6071,1.2912,7,95.00%,1.6449,5.6190,9.8690,14.1190,7,0,no_order_required
2011-12-09,22264,FELT FARM ANIMAL WHITE BUNNY,1,SIM-SUP-06,1.0000,0.0000,0.0000,1.0000,0.0357,0.1856,5,95.00%,1.6449,0.6826,0.8611,1.1111,7,0,no_order_required
2011-12-09,22265,EASTER DECORATION NATURAL CHICK,1,SIM-SUP-02,3.0000,0.0000,0.0000,3.0000,0.2143,0.8175,5,95.00%,1.6449,3.0069,4.0783,5.5783,7,3,reorder_now
2011-12-09,22266,EASTER DECORATION HANGING BUNNY,1,SIM-SUP-05,20.0000,5.0000,2.0000,23.0000,7.3214,17.7202,7,95.00%,1.6449,77.1159,128.3659,179.6159,7,157,reorder_now
2011-12-09,22267,EASTER DECORATION EGG BUNNY,1,SIM-SUP-03,2.0000,0.0000,0.0000,2.0000,3.3214,10.4576,3,95.00%,1.6449,29.7933,39.7576,63.0076,7,62,reorder_now
2011-12-09,22268,DECORATION SITTING BUNNY,1,SIM-SUP-12,1.0000,0.0000,0.0000,1.0000,0.0000,0.0000,5,95.00%,1.6449,0.0000,0.0000,0.0000,7,0,no_order_required
2011-12-09,22269,EGG CUP NATURAL CHICKEN,1,SIM-SUP-07,34.0000,9.0000,4.0000,39.0000,3.8214,8.9724,14,95.00%,1.6449,55.2204,108.7204,135.4704,7,97,reorder_now
2011-12-09,22270,HAPPY EASTER HANGING DECORATION,1,SIM-SUP-07,6.0000,1.0000,0.0000,7.0000,0.1786,0.7585,14,95.00%,1.6449,4.6679,7.1679,8.4179,7,2,reorder_now
2011-12-09,22271,FELTCRAFT DOLL ROSIE,1,SIM-SUP-11,30.0000,7.0000,1.0000,36.0000,5.6786,8.5984,3,95.00%,1.6449,24.4966,41.5323,81.2823,7,46,reorder_now
2011-12-09,22272,FELTCRAFT DOLL MARIA,1,SIM-SUP-03,1.0000,0.0000,0.0000,1.0000,0.0000,0.0000,5,95.00%,1.6449,0.0000,0.0000,0.0000,7,0,no_order_required
2011-12-09,22273,FELTCRAFT DOLL MOLLY,1,SIM-SUP-03,72.0000,0.0000,8.0000,64.0000,9.8214,9.8816,3,95.00%,1.6449,28.1525,57.6168,126.3668,7,0,no_order_required
2011-12-09,22274,FELTCRAFT DOLL EMILY,1,SIM-SUP-12,130.0000,0.0000,19.0000,111.0000,8.2143,8.2174,10,95.00%,1.6449,42.7426,124.8855,182.3855,7,72,reorder_now
2011-12-09,22275,WEEKEND BAG VINTAGE ROSE PAISLEY,1,SIM-SUP-11,0.0000,1.0000,0.0000,1.0000,0.0000,0.0000,10,95.00%,1.6449,0.0000,0.0000,0.0000,7,0,no_order_required
2011-12-09,22276,WASH BAG VINTAGE ROSE PAISLEY,1,SIM-SUP-10,1.0000,0.0000,0.0000,1.0000,0.2143,0.9395,3,95.00%,1.6449,2.6766,3.3195,4.8195,7,4,reorder_now
2011-12-09,22277,COSMETIC BAG VINTAGE ROSE PAISLEY,1,SIM-SUP-05,5.0000,0.0000,1.0000,4.0000,0.9643,1.8416,10,95.00%,1.6449,9.5792,19.2220,25.9720,7,22,reorder_now
2011-12-09,22278,OVERNIGHT BAG VINTAGE ROSE PAISLEY,1,SIM-SUP-10,21.0000,3.0000,0.0000,24.0000,2.9643,4.1359,5,95.00%,1.6449,15.2119,30.0334,50.7834,7,27,reorder_now
2011-12-09,22279,POCKET BAG BLUE PAISLEY RED SPOT,1,SIM-SUP-06,32.0000,6.0000,3.0000,35.0000,4.6071,8.9376,7,95.00%,1.6449,38.8955,71.1455,103.3955,7,69,reorder_now
2011-12-09,22280,POCKET BAG PINK PAISELY BROWN SPOT,1,SIM-SUP-12,6.0000,1.0000,1.0000,6.0000,1.1786,2.4793,3,95.00%,1.6449,7.0633,10.5990,18.8490,7,13,reorder_now
2011-12-09,22281,EASTER TREE YELLOW BIRDS,1,SIM-SUP-12,3.0000,0.0000,0.0000,3.0000,0.0357,0.1856,7,95.00%,1.6449,0.8076,1.0576,1.3076,7,0,no_order_required
2011-12-09,22282,12 EGG HOUSE PAINTED WOOD,1,SIM-SUP-11,7.0000,0.0000,1.0000,6.0000,0.6429,1.6521,10,95.00%,1.6449,8.5936,15.0222,19.5222,7,14,reorder_now
2011-12-09,22283,6 EGG HOUSE PAINTED WOOD,1,SIM-SUP-07,8.0000,0.0000,1.0000,7.0000,0.7143,1.0973,7,95.00%,1.6449,4.7753,9.7753,14.7753,7,8,reorder_now
2011-12-09,22284,HEN HOUSE DECORATION,1,SIM-SUP-08,4.0000,0.0000,0.0000,4.0000,2.0000,4.2342,7,95.00%,1.6449,18.4268,32.4268,46.4268,7,43,reorder_now
2011-12-09,22285,HANGING HEN ON NEST DECORATION,1,SIM-SUP-08,3.0000,0.0000,0.0000,3.0000,1.0714,3.2616,3,95.00%,1.6449,9.2921,12.5064,20.0064,7,18,reorder_now
2011-12-09,22286,DECORATION WOBBLY RABBIT METAL,1,SIM-SUP-02,3.0000,1.0000,0.0000,4.0000,1.7857,5.2601,3,95.00%,1.6449,14.9858,20.3429,32.8429,7,29,reorder_now
2011-12-09,22287,DECORATION WOBBLY CHICKEN,1,SIM-SUP-04,11.0000,0.0000,1.0000,10.0000,1.9643,6.1440,14,95.00%,1.6449,37.8131,65.3131,79.0631,7,70,reorder_now
2011-12-09,22288,HANGING METAL RABBIT DECORATION,1,SIM-SUP-11,0.0000,0.0000,0.0000,0.0000,0.1429,0.5151,3,95.00%,1.6449,1.4674,1.8960,2.8960,7,3,reorder_now
2011-12-09,22289,HANGING METAL CHICKEN DECORATION,1,SIM-SUP-03,1.0000,0.0000,0.0000,1.0000,0.0357,0.1856,5,95.00%,1.6449,0.6826,0.8611,1.1111,7,0,no_order_required
2011-12-09,22290,UNKNOWN,1,SIM-SUP-05,1.0000,0.0000,0.0000,1.0000,0.0000,0.0000,5,95.00%,1.6449,0.0000,0.0000,0.0000,7,0,no_order_required
2011-12-09,22291,HANGING CHICK CREAM DECORATION,1,SIM-SUP-05,1.0000,0.0000,0.0000,1.0000,0.0714,0.2575,5,95.00%,1.6449,0.9472,1.3044,1.8044,7,1,reorder_now
2011-12-09,22292,HANGING CHICK YELLOW DECORATION,1,SIM-SUP-10,2.0000,0.0000,0.0000,2.0000,0.1786,0.6008,3,95.00%,1.6449,1.7117,2.2474,3.4974,7,2,reorder_now
2011-12-09,22293,HANGING CHICK GREEN DECORATION,1,SIM-SUP-09,5.0000,0.0000,0.0000,5.0000,0.1429,0.4403,14,95.00%,1.6449,2.7099,4.7099,5.7099,7,0,no_order_required
2011-12-09,22294,HEART FILIGREE DOVE SMALL,1,SIM-SUP-06,42.0000,15.0000,1.0000,56.0000,14.0000,21.0544,10,95.00%,1.6449,109.5139,249.5139,347.5139,7,292,reorder_now
2011-12-09,22295,HEART FILIGREE DOVE LARGE,1,SIM-SUP-06,38.0000,0.0000,5.0000,33.0000,12.3929,46.5314,10,95.00%,1.6449,242.0321,365.9607,452.7107,7,420,reorder_now
2011-12-09,22296,HEART IVORY TRELLIS LARGE,1,SIM-SUP-03,42.0000,0.0000,5.0000,37.0000,7.2143,11.8543,10,95.00%,1.6449,61.6602,133.8030,184.3030,7,148,reorder_now
2011-12-09,22297,HEART IVORY TRELLIS SMALL,1,SIM-SUP-12,17.0000,0.0000,1.0000,16.0000,8.2857,11.3888,3,95.00%,1.6449,32.4463,57.3034,115.3034,7,100,reorder_now
2011-12-09,22299,PIG KEYRING WITH LIGHT & SOUND,1,SIM-SUP-02,27.0000,0.0000,4.0000,23.0000,24.5714,43.0037,5,95.00%,1.6449,158.1677,281.0249,453.0249,7,431,reorder_now
2011-12-09,22300,COFFEE MUG DOG + BALL DESIGN,1,SIM-SUP-10,60.0000,15.0000,4.0000,71.0000,3.7143,5.0770,14,95.00%,1.6449,31.2460,83.2460,109.2460,7,39,reorder_now
2011-12-09,22301,COFFEE MUG CAT + BIRD DESIGN,1,SIM-SUP-11,60.0000,0.0000,4.0000,56.0000,4.0357,5.5193,10,95.00%,1.6449,28.7087,69.0659,97.3159,7,42,reorder_now
2011-12-09,22302,COFFEE MUG PEARS DESIGN,1,SIM-SUP-08,82.0000,0.0000,12.0000,70.0000,6.8571,9.1835,10,95.00%,1.6449,47.7678,116.3393,164.3393,7,95,reorder_now
2011-12-09,22303,COFFEE MUG APPLES DESIGN,1,SIM-SUP-03,28.0000,0.0000,2.0000,26.0000,7.7143,10.4501,3,95.00%,1.6449,29.7720,52.9148,106.9148,7,81,reorder_now
2011-12-09,22304,COFFEE MUG BLUE PAISLEY DESIGN,1,SIM-SUP-08,4.0000,1.0000,0.0000,5.0000,2.1071,6.8418,14,95.00%,1.6449,42.1076,71.6076,86.3576,7,82,reorder_now
2011-12-09,22305,COFFEE MUG PINK PAISLEY DESIGN,1,SIM-SUP-08,3.0000,1.0000,0.0000,4.0000,0.5714,2.2588,5,95.00%,1.6449,8.3078,11.1649,15.1649,7,12,reorder_now
2011-12-09,22306,SILVER MUG BONE CHINA TREE OF LIFE,1,SIM-SUP-02,50.0000,33.0000,4.0000,79.0000,10.9643,12.4226,5,95.00%,1.6449,45.6903,100.5117,177.2617,7,99,reorder_now
2011-12-09,22307,GOLD MUG BONE CHINA TREE OF LIFE,1,SIM-SUP-10,89.0000,0.0000,12.0000,77.0000,7.4643,11.4283,10,95.00%,1.6449,59.4441,134.0869,186.3369,7,110,reorder_now
2011-12-09,22308,TEA COSY BLUE STRIPE,1,SIM-SUP-06,7.0000,7.0000,1.0000,13.0000,1.2143,1.5892,10,95.00%,1.6449,8.2661,20.4090,28.9090,7,16,reorder_now
2011-12-09,22309,TEA COSY RED STRIPE,1,SIM-SUP-01,17.0000,0.0000,2.0000,15.0000,1.6071,2.1603,10,95.00%,1.6449,11.2370,27.3084,38.5584,7,24,reorder_now
2011-12-09,22310,IVORY KNITTED MUG COSY,1,SIM-SUP-07,36.0000,0.0000,2.0000,34.0000,7.0357,27.6308,14,95.00%,1.6449,170.0534,268.5534,317.8034,7,284,reorder_now
2011-12-09,22311,OFFICE MUG WARMER BLACK+SILVER,1,SIM-SUP-01,18.0000,4.0000,1.0000,21.0000,7.8929,26.4755,5,95.00%,1.6449,97.3771,136.8413,192.0913,7,172,reorder_now
2011-12-09,22312,OFFICE MUG WARMER POLKADOT,1,SIM-SUP-11,62.0000,17.0000,5.0000,74.0000,6.1786,10.5697,10,95.00%,1.6449,54.9780,116.7637,160.0137,7,87,reorder_now
2011-12-09,22313,OFFICE MUG WARMER PINK,1,SIM-SUP-07,14.0000,3.0000,2.0000,15.0000,1.9643,3.4588,5,95.00%,1.6449,12.7213,22.5428,36.2928,7,22,reorder_now
2011-12-09,22314,OFFICE MUG WARMER CHOC+BLUE,1,SIM-SUP-06,7.0000,0.0000,1.0000,6.0000,4.5714,7.6225,5,95.00%,1.6449,28.0355,50.8926,82.8926,7,77,reorder_now
2011-12-09,22315,200 RED + WHITE BENDY STRAWS,1,SIM-SUP-05,7.0000,0.0000,0.0000,7.0000,1.0000,2.4785,3,95.00%,1.6449,7.0611,10.0611,17.0611,7,11,reorder_now
2011-12-09,22316,200 BENDY SKULL STRAWS,1,SIM-SUP-12,7.0000,1.0000,0.0000,8.0000,0.2500,0.5748,10,95.00%,1.6449,2.9896,5.4896,7.2396,7,0,no_order_required
2011-12-09,22317,FIVE CATS HANGING DECORATION,1,SIM-SUP-11,3.0000,0.0000,0.0000,3.0000,0.3929,1.2346,5,95.00%,1.6449,4.5409,6.5051,9.2551,7,7,reorder_now
2011-12-09,22318,FIVE HEART HANGING DECORATION,1,SIM-SUP-06,7.0000,0.0000,1.0000,6.0000,0.4286,1.1780,14,95.00%,1.6449,7.2502,13.2502,16.2502,7,11,reorder_now
2011-12-09,22319,HAIRCLIPS FORTIES FABRIC ASSORTED,1,SIM-SUP-11,14.0000,2.0000,1.0000,15.0000,24.0000,52.0110,5,95.00%,1.6449,191.2966,311.2966,479.2966,7,465,reorder_now
2011-12-09,22320,BIRDS MOBILE VINTAGE DESIGN,1,SIM-SUP-04,8.0000,1.0000,1.0000,8.0000,0.6786,1.1666,7,95.00%,1.6449,5.0769,9.8269,14.5769,7,7,reorder_now
2011-12-09,22321,BIRD DECORATION RED RETROSPOT,1,SIM-SUP-08,10.0000,0.0000,0.0000,10.0000,2.7857,5.8940,10,95.00%,1.6449,30.6578,58.5149,78.0149,7,69,reorder_now
2011-12-09,22322,BIRD DECORATION GREEN POLKADOT,1,SIM-SUP-07,2.0000,0.0000,0.0000,2.0000,0.0000,0.0000,3,95.00%,1.6449,0.0000,0.0000,0.0000,7,0,no_order_required
2011-12-09,22323,UNKNOWN,1,SIM-SUP-02,1.0000,0.0000,0.0000,1.0000,0.0000,0.0000,3,95.00%,1.6449,0.0000,0.0000,0.0000,7,0,no_order_required
2011-12-09,22324,BLUE POLKADOT KIDS BAG,1,SIM-SUP-08,13.0000,0.0000,1.0000,12.0000,0.5357,0.8230,10,95.00%,1.6449,4.2807,9.6379,13.3879,7,0,no_order_required
2011-12-09,22325,MOBILE VINTAGE HEARTS,1,SIM-SUP-10,3.0000,3.0000,0.0000,6.0000,0.6786,1.4893,10,95.00%,1.6449,7.7467,14.5325,19.2825,7,14,reorder_now
2011-12-09,22326,ROUND SNACK BOXES SET OF4 WOODLAND,1,SIM-SUP-12,43.0000,0.0000,1.0000,42.0000,34.1429,37.8858,10,95.00%,1.6449,197.0626,538.4911,777.4911,7,736,reorder_now
2011-12-09,22327,ROUND SNACK BOXES SET OF 4 SKULLS,1,SIM-SUP-07,57.0000,15.0000,6.0000,66.0000,6.1071,9.2749,10,95.00%,1.6449,48.2434,109.3148,152.0648,7,87,reorder_now
2011-12-09,22328,ROUND SNACK BOXES SET OF 4 FRUITS,1,SIM-SUP-03,122.0000,0.0000,13.0000,109.0000,18.0000,37.0704,14,95.00%,1.6449,228.1490,480.1490,606.1490,7,498,reorder_now
2011-12-09,22329,ROUND CONTAINER SET OF 5 RETROSPOT,1,SIM-SUP-03,4.0000,0.0000,0.0000,4.0000,3.0714,4.7429,7,95.00%,1.6449,20.6404,42.1404,63.6404,7,60,reorder_now
2011-12-09,22331,WOODLAND PARTY BAG + STICKER SET,1,SIM-SUP-08,25.0000,0.0000,4.0000,21.0000,4.4286,9.7190,10,95.00%,1.6449,50.5533,94.8390,125.8390,7,105,reorder_now
2011-12-09,22332,SKULLS PARTY BAG + STICKER SET,1,SIM-SUP-10,7.0000,0.0000,0.0000,7.0000,2.0714,3.8815,3,95.00%,1.6449,11.0584,17.2727,31.7727,7,25,reorder_now
2011-12-09,22333,RETROSPOT PARTY BAG + STICKER SET,1,SIM-SUP-05,39.0000,0.0000,1.0000,38.0000,10.0357,18.4710,3,95.00%,1.6449,52.6233,82.7304,152.9804,7,115,reorder_now
2011-12-09,22334,DINOSAUR PARTY BAG + STICKER SET,1,SIM-SUP-04,4.0000,0.0000,1.0000,3.0000,1.3214,3.5158,5,95.00%,1.6449,12.9312,19.5383,28.7883,7,26,reorder_now
2011-12-09,22335,HEART DECORATION PAINTED ZINC,1,SIM-SUP-01,9.0000,0.0000,1.0000,8.0000,5.8571,6.8750,3,95.00%,1.6449,19.5866,37.1580,78.1580,7,71,reorder_now
2011-12-09,22336,DOVE DECORATION PAINTED ZINC,1,SIM-SUP-04,2.0000,0.0000,0.0000,2.0000,0.0000,0.0000,7,95.00%,1.6449,0.0000,0.0000,0.0000,7,0,no_order_required
2011-12-09,22337,ANGEL DECORATION PAINTED ZINC,1,SIM-SUP-01,46.0000,0.0000,2.0000,44.0000,6.3929,11.3085,5,95.00%,1.6449,41.5926,73.5569,118.3069,7,75,reorder_now
2011-12-09,22338,STAR DECORATION PAINTED ZINC,1,SIM-SUP-11,47.0000,0.0000,3.0000,44.0000,65.3214,60.3466,5,95.00%,1.6449,221.9552,548.5624,1005.8124,7,962,reorder_now
2011-12-09,22339,CHRISTMAS TREE PAINTED ZINC,1,SIM-SUP-07,19.0000,0.0000,3.0000,16.0000,7.7500,20.2619,3,95.00%,1.6449,57.7255,80.9755,135.2255,7,120,reorder_now
2011-12-09,22340,NOEL GARLAND PAINTED ZINC,1,SIM-SUP-01,160.0000,0.0000,6.0000,154.0000,21.8571,19.3496,5,95.00%,1.6449,71.1680,180.4537,333.4537,7,180,reorder_now
2011-12-09,22341,LOVE GARLAND PAINTED ZINC,1,SIM-SUP-06,6.0000,0.0000,1.0000,5.0000,0.4643,1.2672,10,95.00%,1.6449,6.5915,11.2343,14.4843,7,10,reorder_now
2011-12-09,22342,HOME GARLAND PAINTED ZINC,1,SIM-SUP-06,7.0000,0.0000,1.0000,6.0000,1.3214,4.7513,7,95.00%,1.6449,20.6772,29.9272,39.1772,7,34,reorder_now
2011-12-09,22343,PARTY PIZZA DISH RED RETROSPOT,1,SIM-SUP-04,8.0000,0.0000,1.0000,7.0000,15.2857,43.3959,3,95.00%,1.6449,123.6336,169.4908,276.4908,7,270,reorder_now
2011-12-09,22344,PARTY PIZZA DISH PINK POLKADOT,1,SIM-SUP-11,5.0000,0.0000,0.0000,5.0000,8.7143,31.3253,5,95.00%,1.6449,115.2147,158.7861,219.7861,7,215,reorder_now
2011-12-09,22345,PARTY PIZZA DISH BLUE POLKADOT,1,SIM-SUP-06,10.0000,0.0000,1.0000,9.0000,8.8214,32.9806,5,95.00%,1.6449,121.3027,165.4098,227.1598,7,219,reorder_now
2011-12-09,22346,PARTY PIZZA DISH GREEN POLKADOT,1,SIM-SUP-12,7.0000,2.0000,0.0000,9.0000,9.0000,31.2878,7,95.00%,1.6449,136.1607,199.1607,262.1607,7,254,reorder_now
2011-12-09,22347,UNKNOWN,1,SIM-SUP-04,1.0000,0.0000,0.0000,1.0000,0.0000,0.0000,10,95.00%,1.6449,0.0000,0.0000,0.0000,7,0,no_order_required
2011-12-09,22348,TEA BAG PLATE RED RETROSPOT,1,SIM-SUP-02,46.0000,0.0000,1.0000,45.0000,13.6786,14.6313,3,95.00%,1.6449,41.6842,82.7199,178.4699,7,134,reorder_now
2011-12-09,22349,DOG BOWL CHASING BALL DESIGN,1,SIM-SUP-02,7.0000,0.0000,1.0000,6.0000,1.4286,2.8838,14,95.00%,1.6449,17.7483,37.7483,47.7483,7,42,reorder_now
2011-12-09,22350,ILLUSTRATED CAT BOWL,1,SIM-SUP-07,13.0000,0.0000,2.0000,11.0000,1.8214,3.0125,5,95.00%,1.6449,11.0800,20.1872,32.9372,7,22,reorder_now
2011-12-09,22352,LUNCH BOX WITH CUTLERY RETROSPOT,1,SIM-SUP-02,29.0000,0.0000,2.0000,27.0000,4.2857,4.0343,3,95.00%,1.6449,11.4936,24.3507,54.3507,7,0,no_order_required
2011-12-09,22353,LUNCH BOX WITH CUTLERY FAIRY CAKES,1,SIM-SUP-07,2.0000,0.0000,0.0000,2.0000,0.0000,0.0000,10,95.00%,1.6449,0.0000,0.0000,0.0000,7,0,no_order_required
2011-12-09,22354,RETROSPOT PADDED SEAT CUSHION,1,SIM-SUP-07,5.0000,0.0000,1.0000,4.0000,0.2500,0.8292,10,95.00%,1.6449,4.3128,6.8128,8.5628,7,5,reorder_now
2011-12-09,22355,CHARLOTTE BAG SUKI DESIGN,1,SIM-SUP-01,497.0000,0.0000,74.0000,423.0000,92.1071,95.7845,14,95.00%,1.6449,589.5036,1879.0036,2523.7536,7,2101,reorder_now
2011-12-09,22356,CHARLOTTE BAG PINK POLKADOT,1,SIM-SUP-06,489.0000,136.0000,59.0000,566.0000,40.4286,44.3738,14,95.00%,1.6449,273.0974,839.0974,1122.0974,7,557,reorder_now
2011-12-09,22357,KINGS CHOICE BISCUIT TIN,1,SIM-SUP-05,19.0000,0.0000,1.0000,18.0000,3.0714,4.0261,5,95.00%,1.6449,14.8079,30.1650,51.6650,7,34,reorder_now
2011-12-09,22358,KINGS CHOICE TEA CADDY,1,SIM-SUP-07,15.0000,0.0000,2.0000,13.0000,2.0357,2.6252,3,95.00%,1.6449,7.4791,13.5862,27.8362,7,15,reorder_now
2011-12-09,22359,GLASS JAR KINGS CHOICE,1,SIM-SUP-08,8.0000,0.0000,0.0000,8.0000,0.3571,0.6103,14,95.00%,1.6449,3.7560,8.7560,11.2560,7,4,reorder_now
2011-12-09,22360,GLASS JAR ENGLISH CONFECTIONERY,1,SIM-SUP-06,12.0000,0.0000,2.0000,10.0000,2.2857,3.1719,3,95.00%,1.6449,9.0368,15.8939,31.8939,7,22,reorder_now
2011-12-09,22361,GLASS JAR DAISY FRESH COTTON WOOL,1,SIM-SUP-02,6.0000,3.0000,0.0000,9.0000,2.3214,3.0479,3,95.00%,1.6449,8.6833,15.6476,31.8976,7,23,reorder_now
2011-12-09,22362,GLASS JAR PEACOCK BATH SALTS,1,SIM-SUP-10,5.0000,0.0000,0.0000,5.0000,0.8214,1.3377,5,95.00%,1.6449,4.9202,9.0273,14.7773,7,10,reorder_now
2011-12-09,22363,GLASS JAR MARMALADE,1,SIM-SUP-07,3.0000,1.0000,0.0000,4.0000,0.5000,0.9063,7,95.00%,1.6449,3.9442,7.4442,10.9442,7,7,reorder_now
2011-12-09,22364,GLASS JAR DIGESTIVE BISCUITS,1,SIM-SUP-10,14.0000,0.0000,0.0000,14.0000,1.4643,2.9336,10,95.00%,1.6449,15.2589,29.9018,40.1518,7,27,reorder_now
2011-12-09,22365,DOORMAT RESPECTABLE HOUSE,1,SIM-SUP-07,8.0000,0.0000,1.0000,7.0000,4.3214,10.3477,3,95.00%,1.6449,29.4803,42.4446,72.6946,7,66,reorder_now
2011-12-09,22366,DOORMAT AIRMAIL,1,SIM-SUP-11,7.0000,0.0000,1.0000,6.0000,1.5714,3.1784,5,95.00%,1.6449,11.6901,19.5472,30.5472,7,25,reorder_now
2011-12-09,22367,CHILDRENS APRON SPACEBOY DESIGN,1,SIM-SUP-07,71.0000,0.0000,8.0000,63.0000,18.3571,26.5414,3,95.00%,1.6449,75.6155,130.6870,259.1870,7,197,reorder_now
2011-12-09,22371,AIRLINE BAG VINTAGE TOKYO 78,1,SIM-SUP-01,59.0000,0.0000,1.0000,58.0000,6.7857,7.8484,7,95.00%,1.6449,34.1551,81.6551,129.1551,7,72,reorder_now
2011-12-09,22372,AIRLINE BAG VINTAGE WORLD CHAMPION,1,SIM-SUP-02,9.0000,0.0000,1.0000,8.0000,1.5357,2.4854,3,95.00%,1.6449,7.0809,11.6880,22.4380,7,15,reorder_now
2011-12-09,22374,AIRLINE BAG VINTAGE JET SET RED,1,SIM-SUP-10,41.0000,0.0000,6.0000,35.0000,1.9286,3.1388,14,95.00%,1.6449,19.3177,46.3177,59.8177,7,25,reorder_now
2011-12-09,22375,AIRLINE BAG VINTAGE JET SET BROWN,1,SIM-SUP-05,24.0000,0.0000,3.0000,21.0000,1.5000,2.0788,7,95.00%,1.6449,9.0467,19.5467,30.0467,7,0,no_order_required
2011-12-09,22376,AIRLINE BAG VINTAGE JET SET WHITE,1,SIM-SUP-05,11.0000,4.0000,1.0000,14.0000,0.8571,1.5051,14,95.00%,1.6449,9.2631,21.2631,27.2631,7,14,reorder_now
2011-12-09,22377,BOTTLE BAG RETROSPOT,1,SIM-SUP-06,8.0000,1.0000,0.0000,9.0000,0.8929,1.8962,5,95.00%,1.6449,6.9743,11.4386,17.6886,7,9,reorder_now
2011-12-09,22378,WALL TIDY RETROSPOT,1,SIM-SUP-08,22.0000,0.0000,1.0000,21.0000,2.8929,3.5086,5,95.00%,1.6449,12.9045,27.3688,47.6188,7,27,reorder_now
2011-12-09,22379,RECYCLING BAG RETROSPOT,1,SIM-SUP-12,68.0000,0.0000,8.0000,60.0000,14.5357,15.0937,3,95.00%,1.6449,43.0015,86.6087,188.3587,7,129,reorder_now
2011-12-09,22380,TOY TIDY SPACEBOY,1,SIM-SUP-11,20.0000,5.0000,1.0000,24.0000,6.7143,9.5650,7,95.00%,1.6449,41.6258,88.6258,135.6258,7,112,reorder_now
2011-12-09,22381,TOY TIDY PINK POLKADOT,1,SIM-SUP-05,95.0000,0.0000,6.0000,89.0000,6.5714,11.6264,10,95.00%,1.6449,60.4746,126.1889,172.1889,7,84,reorder_now
2011-12-09,22382,LUNCH BAG SPACEBOY DESIGN,1,SIM-SUP-05,252.0000,36.0000,31.0000,257.0000,38.5000,50.7589,10,95.00%,1.6449,264.0215,649.0215,918.5215,7,662,reorder_now
2011-12-09,22383,LUNCH BAG SUKI DESIGN,1,SIM-SUP-12,209.0000,0.0000,13.0000,196.0000,25.3571,28.5072,10,95.00%,1.6449,148.2795,401.8510,579.3510,7,384,reorder_now
2011-12-09,22384,LUNCH BAG PINK POLKADOT,1,SIM-SUP-02,131.0000,0.0000,12.0000,119.0000,23.3571,22.7458,5,95.00%,1.6449,83.6592,200.4450,363.9450,7,245,reorder_now
2011-12-09,22385,JUMBO BAG SPACEBOY DESIGN,1,SIM-SUP-01,22.0000,0.0000,1.0000,21.0000,23.8214,40.9756,3,95.00%,1.6449,116.7384,188.2027,354.9527,7,334,reorder_now
2011-12-09,22386,JUMBO BAG PINK POLKADOT,1,SIM-SUP-08,257.0000,0.0000,16.0000,241.0000,47.7143,83.3010,10,95.00%,1.6449,433.2890,910.4318,1244.4318,7,1004,reorder_now
2011-12-09,22389,PAPERWEIGHT SAVE THE PLANET,1,SIM-SUP-02,3.0000,1.0000,0.0000,4.0000,2.2857,4.2917,7,95.00%,1.6449,18.6768,34.6768,50.6768,7,47,reorder_now
2011-12-09,22390,PAPERWEIGHT CHILDHOOD MEMORIES,1,SIM-SUP-08,2.0000,0.0000,0.0000,2.0000,2.3929,5.6019,7,95.00%,1.6449,24.3788,41.1288,57.8788,7,56,reorder_now
2011-12-09,22391,PAPERWEIGHT HOME SWEET HOME,1,SIM-SUP-04,3.0000,0.0000,0.0000,3.0000,1.7143,4.9343,3,95.00%,1.6449,14.0576,19.2004,31.2004,7,29,reorder_now
2011-12-09,22393,PAPERWEIGHT VINTAGE COLLAGE,1,SIM-SUP-03,9.0000,0.0000,0.0000,9.0000,9.6786,29.6769,5,95.00%,1.6449,109.1518,157.5446,225.2946,7,217,reorder_now
2011-12-09,22394,PAPERWEIGHT KINGS CHOICE,1,SIM-SUP-07,5.0000,0.0000,0.0000,5.0000,1.2500,3.3872,10,95.00%,1.6449,17.6185,30.1185,38.8685,7,34,reorder_now
2011-12-09,22395,PAPERWEIGHT VINTAGE PAISLEY,1,SIM-SUP-04,19.0000,0.0000,0.0000,19.0000,3.2143,9.5445,14,95.00%,1.6449,58.7412,103.7412,126.2412,7,108,reorder_now
2011-12-09,22396,MAGNETS PACK OF 4 RETRO PHOTO,1,SIM-SUP-03,23.0000,0.0000,0.0000,23.0000,4.5000,9.2176,7,95.00%,1.6449,40.1139,71.6139,103.1139,7,81,reorder_now
2011-12-09,22398,MAGNETS PACK OF 4 SWALLOWS,1,SIM-SUP-11,100.0000,0.0000,7.0000,93.0000,12.2857,13.9511,5,95.00%,1.6449,51.3121,112.7407,198.7407,7,106,reorder_now
2011-12-09,22399,MAGNETS PACK OF 4 CHILDHOOD MEMORY,1,SIM-SUP-02,5.0000,0.0000,1.0000,4.0000,0.9643,4.4440,7,95.00%,1.6449,19.3395,26.0895,32.8395,7,29,reorder_now
2011-12-09,22400,MAGNETS PACK OF 4 HOME SWEET HOME,1,SIM-SUP-05,38.0000,0.0000,5.0000,33.0000,5.7857,7.9073,10,95.00%,1.6449,41.1297,98.9869,139.4869,7,107,reorder_now
2011-12-09,22402,MAGNETS PACK OF 4 VINTAGE COLLAGE,1,SIM-SUP-10,21.0000,0.0000,1.0000,20.0000,5.7500,9.0064,3,95.00%,1.6449,25.6591,42.9091,83.1591,7,64,reorder_now
2011-12-09,22403,MAGNETS PACK OF 4 VINTAGE LABELS,1,SIM-SUP-10,13.0000,6.0000,1.0000,18.0000,3.6429,5.4656,5,95.00%,1.6449,20.1024,38.3167,63.8167,7,46,reorder_now
2011-12-09,22405,MONEY BOX POCKET MONEY DESIGN,1,SIM-SUP-04,4.0000,0.0000,0.0000,4.0000,4.2857,11.0481,3,95.00%,1.6449,31.4758,44.3329,74.3329,7,71,reorder_now
2011-12-09,22406,MONEY BOX KINGS CHOICE DESIGN,1,SIM-SUP-04,9.0000,0.0000,1.0000,8.0000,4.2857,8.2239,3,95.00%,1.6449,23.4297,36.2868,66.2868,7,59,reorder_now
2011-12-09,22407,MONEY BOX FIRST AID DESIGN,1,SIM-SUP-04,3.0000,2.0000,0.0000,5.0000,0.9286,3.0814,14,95.00%,1.6449,18.9643,31.9643,38.4643,7,34,reorder_now
2011-12-09,22408,MONEY BOX CONFECTIONERY DESIGN,1,SIM-SUP-07,2.0000,0.0000,0.0000,2.0000,2.2143,7.1930,3,95.00%,1.6449,20.4927,27.1356,42.6356,7,41,reorder_now
2011-12-09,22409,MONEY BOX BISCUITS DESIGN,1,SIM-SUP-09,2.0000,0.0000,0.0000,2.0000,0.2500,0.5748,10,95.00%,1.6449,2.9896,5.4896,7.2396,7,6,reorder_now
2011-12-09,22410,MONEY BOX HOUSEKEEPING DESIGN,1,SIM-SUP-08,8.0000,0.0000,1.0000,7.0000,3.1429,7.3325,5,95.00%,1.6449,26.9689,42.6832,64.6832,7,58,reorder_now
2011-12-09,22411,JUMBO SHOPPER VINTAGE RED PAISLEY,1,SIM-SUP-08,90.0000,66.0000,6.0000,150.0000,46.8929,49.4364,5,95.00%,1.6449,181.8271,416.2914,744.5414,7,595,reorder_now
2011-12-09,22412,METAL SIGN NEIGHBOURHOOD WITCH,1,SIM-SUP-04,3.0000,0.0000,0.0000,3.0000,0.0000,0.0000,10,95.00%,1.6449,0.0000,0.0000,0.0000,7,0,no_order_required
2011-12-09,22413,METAL SIGN TAKE IT OR LEAVE IT,1,SIM-SUP-07,19.0000,0.0000,2.0000,17.0000,53.5000,259.9524,10,95.00%,1.6449,1352.1382,1887.1382,2261.6382,7,2245,reorder_now
2011-12-09,22414,DOORMAT NEIGHBOURHOOD WITCH,1,SIM-SUP-03,4.0000,0.0000,0.0000,4.0000,1.0000,2.3146,5,95.00%,1.6449,8.5129,13.5129,20.5129,7,17,reorder_now
2011-12-09,22415,WHITE TISSUE REAM,1,SIM-SUP-04,2.0000,0.0000,0.0000,2.0000,0.0000,0.0000,14,95.00%,1.6449,0.0000,0.0000,0.0000,7,0,no_order_required
2011-12-09,22416,SET OF 36 SPACEBOY PAPER DOILIES,1,SIM-SUP-10,4.0000,0.0000,0.0000,4.0000,0.8571,2.5734,3,95.00%,1.6449,7.3316,9.9030,15.9030,7,12,reorder_now
2011-12-09,22417,PACK OF 60 SPACEBOY CAKE CASES,1,SIM-SUP-08,124.0000,0.0000,4.0000,120.0000,19.8929,44.4902,7,95.00%,1.6449,193.6159,332.8659,472.1159,7,353,reorder_now
2011-12-09,22418,10 COLOUR SPACEBOY PEN,1,SIM-SUP-04,72.0000,8.0000,3.0000,77.0000,21.0714,29.4375,3,95.00%,1.6449,83.8666,147.0808,294.5808,7,218,reorder_now
2011-12-09,22419,LIPSTICK PEN RED,1,SIM-SUP-04,91.0000,0.0000,9.0000,82.0000,22.6429,30.6597,7,95.00%,1.6449,133.4270,291.9270,450.4270,7,369,reorder_now
2011-12-09,22420,LIPSTICK PEN BABY PINK,1,SIM-SUP-01,30.0000,0.0000,4.0000,26.0000,9.5357,19.4247,3,95.00%,1.6449,55.3405,83.9476,150.6976,7,125,reorder_now
2011-12-09,22421,LIPSTICK PEN FUSCHIA,1,SIM-SUP-11,43.0000,12.0000,4.0000,51.0000,15.6429,29.8846,5,95.00%,1.6449,109.9155,188.1298,297.6298,7,247,reorder_now
2011-12-09,22422,TOOTHPASTE TUBE PEN,1,SIM-SUP-08,234.0000,0.0000,31.0000,203.0000,25.2143,40.3001,14,95.00%,1.6449,248.0260,601.0260,777.5260,7,575,reorder_now
2011-12-09,22423,REGENCY CAKESTAND 3 TIER,1,SIM-SUP-02,111.0000,0.0000,5.0000,106.0000,40.5000,39.4104,5,95.00%,1.6449,144.9516,347.4516,630.9516,7,525,reorder_now
2011-12-09,22424,ENAMEL BREAD BIN CREAM,1,SIM-SUP-07,63.0000,0.0000,6.0000,57.0000,2.8214,3.6553,14,95.00%,1.6449,22.4963,61.9963,81.7463,7,25,reorder_now
2011-12-09,22425,ENAMEL COLANDER CREAM,1,SIM-SUP-07,13.0000,0.0000,1.0000,12.0000,1.4286,3.4375,5,95.00%,1.6449,12.6431,19.7860,29.7860,7,18,reorder_now
2011-12-09,22426,ENAMEL WASH BOWL CREAM,1,SIM-SUP-05,11.0000,0.0000,1.0000,10.0000,1.7143,4.1219,3,95.00%,1.6449,11.7431,16.8859,28.8859,7,19,reorder_now
2011-12-09,22427,ENAMEL FLOWER JUG CREAM,1,SIM-SUP-05,3.0000,0.0000,0.0000,3.0000,0.4286,2.2269,14,95.00%,1.6449,13.7055,19.7055,22.7055,7,20,reorder_now
2011-12-09,22428,ENAMEL FIRE BUCKET CREAM,1,SIM-SUP-01,3.0000,0.0000,0.0000,3.0000,0.7143,1.4106,3,95.00%,1.6449,4.0188,6.1616,11.1616,7,9,reorder_now
2011-12-09,22429,ENAMEL MEASURING JUG CREAM,1,SIM-SUP-04,19.0000,0.0000,2.0000,17.0000,2.7500,3.0193,10,95.00%,1.6449,15.7048,43.2048,62.4548,7,46,reorder_now
2011-12-09,22430,ENAMEL WATERING CAN CREAM,1,SIM-SUP-02,4.0000,0.0000,0.0000,4.0000,0.4643,1.4996,5,95.00%,1.6449,5.5154,7.8369,11.0869,7,8,reorder_now
2011-12-09,22431,WATERING CAN BLUE ELEPHANT,1,SIM-SUP-05,9.0000,0.0000,1.0000,8.0000,1.6786,2.8291,7,95.00%,1.6449,12.3119,24.0619,35.8119,7,28,reorder_now
2011-12-09,22432,WATERING CAN PINK BUNNY,1,SIM-SUP-01,4.0000,1.0000,0.0000,5.0000,2.2143,8.9696,3,95.00%,1.6449,25.5542,32.1970,47.6970,7,43,reorder_now
2011-12-09,22433,WATERING CAN GREEN DINOSAUR,1,SIM-SUP-02,10.0000,0.0000,0.0000,10.0000,0.9286,2.2027,10,95.00%,1.6449,11.4575,20.7432,27.2432,7,18,reorder_now
2011-12-09,22434,BALLOON PUMP WITH 10 BALLOONS,1,SIM-SUP-10,23.0000,0.0000,2.0000,21.0000,2.4643,3.8590,14,95.00%,1.6449,23.7499,58.2499,75.4999,7,55,reorder_now
2011-12-09,22435,SET OF 9 HEART SHAPED BALLOONS,1,SIM-SUP-08,59.0000,2.0000,2.0000,59.0000,9.8214,23.4841,10,95.00%,1.6449,122.1523,220.3666,289.1166,7,231,reorder_now
2011-12-09,22436,12 COLOURED PARTY BALLOONS,1,SIM-SUP-04,56.0000,0.0000,5.0000,51.0000,10.2143,14.8621,5,95.00%,1.6449,54.6629,105.7344,177.2344,7,127,reorder_now
2011-12-09,22437,SET OF 9 BLACK SKULL BALLOONS,1,SIM-SUP-09,38.0000,0.0000,5.0000,33.0000,7.2857,11.3133,10,95.00%,1.6449,58.8457,131.7029,182.7029,7,150,reorder_now
2011-12-09,22438,BALLOON ART MAKE YOUR OWN FLOWERS,1,SIM-SUP-02,15.0000,0.0000,0.0000,15.0000,22.5714,54.7986,3,95.00%,1.6449,156.1196,223.8339,381.8339,7,367,reorder_now
2011-12-09,22439,6 ROCKET BALLOONS,1,SIM-SUP-06,32.0000,0.0000,2.0000,30.0000,8.3214,9.8382,3,95.00%,1.6449,28.0286,52.9929,111.2429,7,82,reorder_now
2011-12-09,22440,BALLOON WATER BOMB PACK OF 35,1,SIM-SUP-09,25.0000,0.0000,1.0000,24.0000,10.0000,18.2796,14,95.00%,1.6449,112.5013,252.5013,322.5013,7,299,reorder_now
2011-12-09,22441,GROW YOUR OWN BASIL IN ENAMEL MUG,1,SIM-SUP-12,11.0000,1.0000,0.0000,12.0000,5.8571,8.2450,5,95.00%,1.6449,30.3251,59.6108,100.6108,7,89,reorder_now
2011-12-09,22442,GROW YOUR OWN FLOWERS SET OF 3,1,SIM-SUP-12,13.0000,0.0000,1.0000,12.0000,7.2143,15.3887,14,95.00%,1.6449,94.7093,195.7093,246.2093,7,235,reorder_now
2011-12-09,22443,GROW YOUR OWN HERBS SET OF 3,1,SIM-SUP-05,1.0000,0.0000,0.0000,1.0000,0.0000,0.0000,10,95.00%,1.6449,0.0000,0.0000,0.0000,7,0,no_order_required
2011-12-09,22444,UNKNOWN,1,SIM-SUP-11,1.0000,0.0000,0.0000,1.0000,0.0000,0.0000,7,95.00%,1.6449,0.0000,0.0000,0.0000,7,0,no_order_required
2011-12-09,22445,PENCIL CASE LIFE IS BEAUTIFUL,1,SIM-SUP-12,17.0000,0.0000,2.0000,15.0000,2.1786,3.3812,5,95.00%,1.6449,12.4360,23.3289,38.5789,7,24,reorder_now
2011-12-09,22446,PIN CUSHION BABUSHKA PINK,1,SIM-SUP-07,34.0000,5.0000,0.0000,39.0000,5.6786,9.2352,7,95.00%,1.6449,40.1906,79.9406,119.6906,7,81,reorder_now
2011-12-09,22447,PIN CUSHION BABUSHKA BLUE,1,SIM-SUP-04,3.0000,0.0000,0.0000,3.0000,0.7500,2.5302,5,95.00%,1.6449,9.3060,13.0560,18.3060,7,16,reorder_now
2011-12-09,22448,PIN CUSHION BABUSHKA RED,1,SIM-SUP-06,9.0000,0.0000,0.0000,9.0000,1.8571,4.1637,10,95.00%,1.6449,21.6576,40.2291,53.2291,7,45,reorder_now
2011-12-09,22449,SILK PURSE BABUSHKA PINK,1,SIM-SUP-08,2.0000,0.0000,0.0000,2.0000,0.5714,1.3477,5,95.00%,1.6449,4.9569,7.8140,11.8140,7,10,reorder_now
2011-12-09,22450,SILK PURSE BABUSHKA BLUE,1,SIM-SUP-12,4.0000,0.0000,1.0000,3.0000,0.6786,1.4652,5,95.00%,1.6449,5.3889,8.7817,13.5317,7,11,reorder_now
2011-12-09,22451,SILK PURSE BABUSHKA RED,1,SIM-SUP-03,2.0000,0.0000,0.0000,2.0000,0.0000,0.0000,5,95.00%,1.6449,0.0000,0.0000,0.0000,7,0,no_order_required
2011-12-09,22452,MEASURING TAPE BABUSHKA PINK,1,SIM-SUP-11,3.0000,0.0000,0.0000,3.0000,0.6429,1.4932,3,95.00%,1.6449,4.2540,6.1826,10.6826,7,8,reorder_now
2011-12-09,22453,MEASURING TAPE BABUSHKA BLUE,1,SIM-SUP-07,11.0000,0.0000,1.0000,10.0000,2.1786,4.5044,14,95.00%,1.6449,27.7222,58.2222,73.4722,7,64,reorder_now
2011-12-09,22454,MEASURING TAPE BABUSHKA RED,1,SIM-SUP-09,1.0000,0.0000,0.0000,1.0000,0.4643,1.6362,5,95.00%,1.6449,6.0181,8.3395,11.5895,7,11,reorder_now
2011-12-09,22456,NATURAL SLATE CHALKBOARD LARGE,1,SIM-SUP-03,56.0000,0.0000,7.0000,49.0000,4.8214,5.8496,14,95.00%,1.6449,36.0014,103.5014,137.2514,7,89,reorder_now
2011-12-09,22457,NATURAL SLATE HEART CHALKBOARD,1,SIM-SUP-01,126.0000,0.0000,16.0000,110.0000,49.9286,119.7097,7,95.00%,1.6449,520.9617,870.4617,1219.9617,7,1110,reorder_now
2011-12-09,22458,CAST IRON HOOK GARDEN FORK,1,SIM-SUP-09,1.0000,0.0000,0.0000,1.0000,0.0000,0.0000,5,95.00%,1.6449,0.0000,0.0000,0.0000,7,0,no_order_required
2011-12-09,22459,UNKNOWN,1,SIM-SUP-05,3.0000,0.0000,0.0000,3.0000,0.0000,0.0000,10,95.00%,1.6449,0.0000,0.0000,0.0000,7,0,no_order_required
2011-12-09,22460,EMBOSSED GLASS TEALIGHT HOLDER,1,SIM-SUP-11,144.0000,50.0000,20.0000,174.0000,11.2857,20.1793,14,95.00%,1.6449,124.1931,282.1931,361.1931,7,188,reorder_now
2011-12-09,22461,SAVOY ART DECO CLOCK,1,SIM-SUP-07,1.0000,0.0000,0.0000,1.0000,0.0000,0.0000,7,95.00%,1.6449,0.0000,0.0000,0.0000,7,0,no_order_required
2011-12-09,22464,HANGING METAL HEART LANTERN,1,SIM-SUP-12,168.0000,15.0000,8.0000,175.0000,26.8929,47.5307,14,95.00%,1.6449,292.5267,669.0267,857.2767,7,683,reorder_now
2011-12-09,22465,HANGING METAL STAR LANTERN,1,SIM-SUP-11,50.0000,0.0000,1.0000,49.0000,25.0000,44.0406,7,95.00%,1.6449,191.6590,366.6590,541.6590,7,493,reorder_now
2011-12-09,22466,FAIRY TALE COTTAGE NIGHT LIGHT,1,SIM-SUP-05,38.0000,0.0000,5.0000,33.0000,16.6429,28.5259,10,95.00%,1.6449,148.3772,314.8058,431.3058,7,399,reorder_now
2011-12-09,22467,GUMBALL COAT RACK,1,SIM-SUP-04,88.0000,0.0000,1.0000,87.0000,29.5000,31.8619,5,95.00%,1.6449,117.1881,264.6881,471.1881,7,385,reorder_now
2011-12-09,22468,BABUSHKA LIGHTS STRING OF 10,1,SIM-SUP-06,18.0000,5.0000,2.0000,21.0000,2.8214,5.6635,10,95.00%,1.6449,29.4586,57.6729,77.4229,7,57,reorder_now
2011-12-09,22469,HEART OF WICKER SMALL,1,SIM-SUP-07,188.0000,95.0000,11.0000,272.0000,53.9643,119.0659,7,95.00%,1.6449,518.1595,895.9095,1273.6595,7,1002,reorder_now
2011-12-09,22470,HEART OF WICKER LARGE,1,SIM-SUP-01,448.0000,0.0000,20.0000,428.0000,42.9286,140.7056,14,95.00%,1.6449,865.9696,1466.9696,1767.4696,7,1340,reorder_now
2011-12-09,22471,TV DINNER TRAY AIR HOSTESS,1,SIM-SUP-01,23.0000,0.0000,1.0000,22.0000,2.4643,6.1149,14,95.00%,1.6449,37.6338,72.1338,89.3838,7,68,reorder_now
2011-12-09,22472,TV DINNER TRAY DOLLY GIRL,1,SIM-SUP-02,7.0000,2.0000,0.0000,9.0000,3.0000,7.8513,3,95.00%,1.6449,22.3681,31.3681,52.3681,7,44,reorder_now
2011-12-09,22473,TV DINNER TRAY VINTAGE PAISLEY,1,SIM-SUP-12,20.0000,0.0000,2.0000,18.0000,2.4643,3.5805,10,95.00%,1.6449,18.6240,43.2669,60.5169,7,43,reorder_now
2011-12-09,22474,SPACEBOY TV DINNER TRAY,1,SIM-SUP-01,22.0000,0.0000,1.0000,21.0000,3.3214,7.8151,14,95.00%,1.6449,48.0977,94.5977,117.8477,7,97,reorder_now
2011-12-09,22475,SKULL DESIGN TV DINNER TRAY,1,SIM-SUP-12,4.0000,0.0000,0.0000,4.0000,3.9286,6.1582,3,95.00%,1.6449,17.5445,29.3303,56.8303,7,53,reorder_now
2011-12-09,22476,EMPIRE UNION JACK TV DINNER TRAY,1,SIM-SUP-07,18.0000,0.0000,1.0000,17.0000,23.8214,110.9672,7,95.00%,1.6449,482.9152,649.6652,816.4152,7,800,reorder_now
2011-12-09,22477,WATERING CAN GARDEN MARKER,1,SIM-SUP-02,22.0000,0.0000,2.0000,20.0000,3.5000,11.1947,14,95.00%,1.6449,68.8976,117.8976,142.3976,7,123,reorder_now
2011-12-09,22478,BIRDHOUSE GARDEN MARKER,1,SIM-SUP-05,42.0000,7.0000,3.0000,46.0000,3.7143,6.3688,14,95.00%,1.6449,39.1965,91.1965,117.1965,7,72,reorder_now
2011-12-09,22479,DAISY GARDEN MARKER,1,SIM-SUP-07,6.0000,0.0000,1.0000,5.0000,0.9286,2.4043,5,95.00%,1.6449,8.8430,13.4858,19.9858,7,15,reorder_now
2011-12-09,22480,RED TEA TOWEL CLASSIC DESIGN,1,SIM-SUP-05,3.0000,0.0000,0.0000,3.0000,0.0000,0.0000,14,95.00%,1.6449,0.0000,0.0000,0.0000,7,0,no_order_required
2011-12-09,22481,BLACK TEA TOWEL CLASSIC DESIGN,1,SIM-SUP-02,25.0000,0.0000,3.0000,22.0000,6.1786,12.1979,7,95.00%,1.6449,53.0839,96.3339,139.5839,7,118,reorder_now
2011-12-09,22482,BLUE TEA TOWEL CLASSIC DESIGN,1,SIM-SUP-07,1.0000,0.0000,0.0000,1.0000,0.0000,0.0000,5,95.00%,1.6449,0.0000,0.0000,0.0000,7,0,no_order_required
2011-12-09,22483,RED GINGHAM TEDDY BEAR,1,SIM-SUP-06,22.0000,16.0000,1.0000,37.0000,4.4643,10.0302,10,95.00%,1.6449,52.1722,96.8150,128.0650,7,92,reorder_now
2011-12-09,22485,SET OF 2 WOODEN MARKET CRATES,1,SIM-SUP-11,7.0000,5.0000,0.0000,12.0000,2.2500,3.9517,10,95.00%,1.6449,20.5548,43.0548,58.8048,7,47,reorder_now
2011-12-09,22486,PLASMATRONIC LAMP,1,SIM-SUP-04,4.0000,0.0000,0.0000,4.0000,0.8571,2.6010,14,95.00%,1.6449,16.0079,28.0079,34.0079,7,31,reorder_now
2011-12-09,22487,WHITE WOOD GARDEN PLANT LADDER,1,SIM-SUP-09,12.0000,0.0000,1.0000,11.0000,2.0000,2.5635,7,95.00%,1.6449,11.1559,25.1559,39.1559,7,29,reorder_now
2011-12-09,22488,NATURAL SLATE RECTANGLE CHALKBOARD,1,SIM-SUP-04,55.0000,9.0000,3.0000,61.0000,10.9643,16.4327,5,95.00%,1.6449,60.4396,115.2611,192.0111,7,132,reorder_now
2011-12-09,22489,PACK OF 12 TRADITIONAL CRAYONS,1,SIM-SUP-02,445.0000,0.0000,40.0000,405.0000,46.9643,70.0512,14,95.00%,1.6449,431.1289,1088.6289,1417.3789,7,1013,reorder_now
2011-12-09,22491,PACK OF 12 COLOURED PENCILS,1,SIM-SUP-10,93.0000,0.0000,8.0000,85.0000,16.6429,39.0359,7,95.00%,1.6449,169.8793,286.3793,402.8793,7,318,reorder_now
2011-12-09,22492,MINI PAINT SET VINTAGE,1,SIM-SUP-03,344.0000,0.0000,34.0000,310.0000,57.2143,81.9296,14,95.00%,1.6449,504.2338,1305.2338,1705.7338,7,1396,reorder_now
2011-12-09,22493,PAINT YOUR OWN CANVAS SET,1,SIM-SUP-08,43.0000,14.0000,3.0000,54.0000,9.0000,11.0065,5,95.00%,1.6449,40.4819,85.4819,148.4819,7,95,reorder_now
2011-12-09,22494,EMERGENCY FIRST AID TIN,1,SIM-SUP-06,39.0000,22.0000,3.0000,58.0000,3.4643,7.1588,14,95.00%,1.6449,44.0588,92.5588,116.8088,7,59,reorder_now
2011-12-09,22495,SET OF 2 ROUND TINS CAMEMBERT,1,SIM-SUP-04,20.0000,8.0000,0.0000,28.0000,3.9643,10.2451,14,95.00%,1.6449,63.0535,118.5535,146.3035,7,119,reorder_now
2011-12-09,22496,SET OF 2 ROUND TINS DUTCH CHEESE,1,SIM-SUP-10,8.0000,0.0000,1.0000,7.0000,4.5357,10.1259,14,95.00%,1.6449,62.3198,125.8198,157.5698,7,151,reorder_now
2011-12-09,22497,SET OF 2 TINS VINTAGE BATHROOM,1,SIM-SUP-10,4.0000,1.0000,0.0000,5.0000,0.1429,0.4403,10,95.00%,1.6449,2.2903,3.7189,4.7189,7,0,no_order_required
2011-12-09,22498,WOODEN REGATTA BUNTING,1,SIM-SUP-12,2.0000,0.0000,0.0000,2.0000,0.5357,0.8653,3,95.00%,1.6449,2.4652,4.0723,7.8223,7,6,reorder_now
2011-12-09,22499,WOODEN UNION JACK BUNTING,1,SIM-SUP-05,54.0000,10.0000,6.0000,58.0000,2.1429,2.6010,14,95.00%,1.6449,16.0079,46.0079,61.0079,7,0,no_order_required
2011-12-09,22500,SET OF 2 TINS JARDIN DE PROVENCE,1,SIM-SUP-11,2.0000,1.0000,0.0000,3.0000,3.5000,7.6087,3,95.00%,1.6449,21.6771,32.1771,56.6771,7,54,reorder_now
2011-12-09,22501,PICNIC BASKET WICKER LARGE,1,SIM-SUP-06,1.0000,0.0000,0.0000,1.0000,0.0000,0.0000,7,95.00%,1.6449,0.0000,0.0000,0.0000,7,0,no_order_required
2011-12-09,22502,PICNIC BASKET WICKER SMALL,1,SIM-SUP-04,3.0000,1.0000,0.0000,4.0000,0.0000,0.0000,14,95.00%,1.6449,0.0000,0.0000,0.0000,7,0,no_order_required
2011-12-09,22503,CABIN BAG VINTAGE PAISLEY,1,SIM-SUP-09,2.0000,0.0000,0.0000,2.0000,0.1071,0.4088,5,95.00%,1.6449,1.5035,2.0392,2.7892,7,1,reorder_now
2011-12-09,22504,CABIN BAG VINTAGE RETROSPOT,1,SIM-SUP-12,6.0000,2.0000,0.0000,8.0000,0.3571,1.2310,10,95.00%,1.6449,6.4029,9.9743,12.4743,7,5,reorder_now
2011-12-09,22505,MEMO BOARD COTTAGE DESIGN,1,SIM-SUP-08,50.0000,0.0000,7.0000,43.0000,3.0357,3.8682,7,95.00%,1.6449,16.8339,38.0839,59.3339,7,0,no_order_required
2011-12-09,22507,MEMO BOARD RETROSPOT DESIGN,1,SIM-SUP-05,177.0000,0.0000,7.0000,170.0000,6.0357,6.7161,14,95.00%,1.6449,41.3340,125.8340,168.0840,7,0,no_order_required
2011-12-09,22508,DOORSTOP RETROSPOT HEART,1,SIM-SUP-08,89.0000,5.0000,3.0000,91.0000,3.9286,5.5801,14,95.00%,1.6449,34.3427,89.3427,116.8427,7,0,no_order_required
2011-12-09,22509,SEWING BOX RETROSPOT DESIGN,1,SIM-SUP-01,3.0000,0.0000,0.0000,3.0000,4.2143,9.2711,3,95.00%,1.6449,26.4132,39.0561,68.5561,7,66,reorder_now
2011-12-09,22510,GINGHAM BABUSHKA DOORSTOP,1,SIM-SUP-01,5.0000,0.0000,1.0000,4.0000,1.1429,2.3255,5,95.00%,1.6449,8.5534,14.2677,22.2677,7,19,reorder_now
2011-12-09,22511,RETROSPOT BABUSHKA DOORSTOP,1,SIM-SUP-11,13.0000,0.0000,1.0000,12.0000,1.3571,2.7802,10,95.00%,1.6449,14.4612,28.0327,37.5327,7,26,reorder_now
2011-12-09,22512,DOORSTOP RACING CAR DESIGN,1,SIM-SUP-07,4.0000,0.0000,0.0000,4.0000,1.2143,2.8705,3,95.00%,1.6449,8.1780,11.8208,20.3208,7,17,reorder_now
2011-12-09,22513,DOORSTOP FOOTBALL DESIGN,1,SIM-SUP-02,5.0000,0.0000,0.0000,5.0000,2.3571,5.6138,5,95.00%,1.6449,20.6478,32.4335,48.9335,7,44,reorder_now
2011-12-09,22514,CHILDS GARDEN SPADE BLUE,1,SIM-SUP-05,4.0000,2.0000,0.0000,6.0000,1.2500,2.8363,10,95.00%,1.6449,14.7530,27.2530,36.0030,7,31,reorder_now
2011-12-09,22515,CHILDS GARDEN SPADE PINK,1,SIM-SUP-11,18.0000,2.0000,1.0000,19.0000,0.7143,1.4604,10,95.00%,1.6449,7.5960,14.7389,19.7389,7,0,no_order_required
2011-12-09,22516,CHILDS GARDEN RAKE BLUE,1,SIM-SUP-12,7.0000,1.0000,0.0000,8.0000,0.9643,2.2117,10,95.00%,1.6449,11.5041,21.1469,27.8969,7,20,reorder_now
2011-12-09,22517,CHILDS GARDEN RAKE PINK,1,SIM-SUP-05,3.0000,0.0000,0.0000,3.0000,0.6071,1.0120,3,95.00%,1.6449,2.8833,4.7047,8.9547,7,6,reorder_now
2011-12-09,22518,CHILDS GARDEN BRUSH BLUE,1,SIM-SUP-08,0.0000,0.0000,0.0000,0.0000,0.0000,0.0000,3,95.00%,1.6449,0.0000,0.0000,0.0000,7,0,no_order_required
2011-12-09,22519,CHILDS GARDEN BRUSH PINK,1,SIM-SUP-03,1.0000,0.0000,0.0000,1.0000,0.0000,0.0000,10,95.00%,1.6449,0.0000,0.0000,0.0000,7,0,no_order_required
2011-12-09,22520,CHILDS GARDEN TROWEL BLUE,1,SIM-SUP-04,0.0000,0.0000,0.0000,0.0000,0.0000,0.0000,5,95.00%,1.6449,0.0000,0.0000,0.0000,7,0,no_order_required
2011-12-09,22521,CHILDS GARDEN TROWEL PINK,1,SIM-SUP-10,3.0000,1.0000,0.0000,4.0000,0.0000,0.0000,14,95.00%,1.6449,0.0000,0.0000,0.0000,7,0,no_order_required
2011-12-09,22522,CHILDS GARDEN FORK BLUE,1,SIM-SUP-09,1.0000,0.0000,0.0000,1.0000,0.2143,0.4897,5,95.00%,1.6449,1.8011,2.8725,4.3725,7,4,reorder_now
2011-12-09,22523,CHILDS GARDEN FORK PINK,1,SIM-SUP-06,3.0000,2.0000,0.0000,5.0000,0.9643,2.3525,10,95.00%,1.6449,12.2367,21.8795,28.6295,7,24,reorder_now
2011-12-09,22524,CHILDRENS GARDEN GLOVES BLUE,1,SIM-SUP-12,2.0000,0.0000,0.0000,2.0000,0.0000,0.0000,14,95.00%,1.6449,0.0000,0.0000,0.0000,7,0,no_order_required
2011-12-09,22525,CHILDRENS GARDEN GLOVES PINK,1,SIM-SUP-12,1.0000,0.0000,0.0000,1.0000,0.0000,0.0000,3,95.00%,1.6449,0.0000,0.0000,0.0000,7,0,no_order_required
2011-12-09,22526,WHEELBARROW FOR CHILDREN,1,SIM-SUP-12,5.0000,0.0000,0.0000,5.0000,0.2857,0.5890,7,95.00%,1.6449,2.5633,4.5633,6.5633,7,0,no_order_required
2011-12-09,22528,GARDENERS KNEELING PAD,1,SIM-SUP-09,1.0000,0.0000,0.0000,1.0000,0.0000,0.0000,3,95.00%,1.6449,0.0000,0.0000,0.0000,7,0,no_order_required
2011-12-09,22529,MAGIC DRAWING SLATE GO TO THE FAIR,1,SIM-SUP-10,9.0000,4.0000,1.0000,12.0000,6.7500,12.0967,5,95.00%,1.6449,44.4917,78.2417,125.4917,7,114,reorder_now
2011-12-09,22530,MAGIC DRAWING SLATE DOLLY GIRL,1,SIM-SUP-11,51.0000,2.0000,5.0000,48.0000,21.7857,48.7899,3,95.00%,1.6449,139.0010,204.3581,356.8581,7,309,reorder_now
2011-12-09,22531,MAGIC DRAWING SLATE CIRCUS PARADE,1,SIM-SUP-10,78.0000,0.0000,6.0000,72.0000,10.0357,17.9234,5,95.00%,1.6449,65.9224,116.1010,186.3510,7,115,reorder_now
2011-12-09,22532,MAGIC DRAWING SLATE LEAP FROG,1,SIM-SUP-11,25.0000,0.0000,2.0000,23.0000,3.6071,7.7106,10,95.00%,1.6449,40.1064,76.1778,101.4278,7,79,reorder_now
2011-12-09,22533,MAGIC DRAWING SLATE BAKE A CAKE,1,SIM-SUP-10,14.0000,0.0000,2.0000,12.0000,4.7143,12.3718,7,95.00%,1.6449,53.8405,86.8405,119.8405,7,108,reorder_now
2011-12-09,22534,MAGIC DRAWING SLATE SPACEBOY,1,SIM-SUP-05,72.0000,0.0000,6.0000,66.0000,16.2857,19.3794,3,95.00%,1.6449,55.2113,104.0685,218.0685,7,153,reorder_now
2011-12-09,22535,MAGIC DRAWING SLATE BUNNIES,1,SIM-SUP-10,8.0000,0.0000,1.0000,7.0000,5.8214,10.6404,3,95.00%,1.6449,30.3142,47.7785,88.5285,7,82,reorder_now
2011-12-09,22536,MAGIC DRAWING SLATE PURDEY,1,SIM-SUP-06,15.0000,0.0000,1.0000,14.0000,4.8929,11.5367,7,95.00%,1.6449,50.2063,84.4563,118.7063,7,105,reorder_now
2011-12-09,22537,MAGIC DRAWING SLATE DINOSAUR,1,SIM-SUP-05,113.0000,0.0000,13.0000,100.0000,11.5000,17.7734,10,95.00%,1.6449,92.4479,207.4479,287.9479,7,188,reorder_now
2011-12-09,22538,MINI JIGSAW GO TO THE FAIR,1,SIM-SUP-12,7.0000,2.0000,0.0000,9.0000,2.1429,8.8870,7,95.00%,1.6449,38.6753,53.6753,68.6753,7,60,reorder_now
2011-12-09,22539,MINI JIGSAW DOLLY GIRL,1,SIM-SUP-06,14.0000,1.0000,0.0000,15.0000,14.8214,32.7774,5,95.00%,1.6449,120.5556,194.6627,298.4127,7,284,reorder_now
2011-12-09,22540,MINI JIGSAW CIRCUS PARADE,1,SIM-SUP-12,12.0000,0.0000,0.0000,12.0000,11.7857,37.4408,5,95.00%,1.6449,137.7073,196.6359,279.1359,7,268,reorder_now
2011-12-09,22541,MINI JIGSAW LEAP FROG,1,SIM-SUP-11,7.0000,1.0000,0.0000,8.0000,1.3214,4.7060,3,95.00%,1.6449,13.4073,17.3716,26.6216,7,19,reorder_now
2011-12-09,22543,MINI JIGSAW BAKE A CAKE,1,SIM-SUP-12,7.0000,3.0000,0.0000,10.0000,4.8214,13.4591,7,95.00%,1.6449,58.5722,92.3222,126.0722,7,117,reorder_now
2011-12-09,22544,MINI JIGSAW SPACEBOY,1,SIM-SUP-12,39.0000,1.0000,3.0000,37.0000,25.3929,53.0117,7,95.00%,1.6449,230.7001,408.4501,586.2001,7,550,reorder_now
2011-12-09,22545,MINI JIGSAW BUNNIES,1,SIM-SUP-02,4.0000,0.0000,1.0000,3.0000,7.5357,19.9973,3,95.00%,1.6449,56.9717,79.5788,132.3288,7,130,reorder_now
2011-12-09,22546,MINI JIGSAW PURDEY,1,SIM-SUP-10,16.0000,0.0000,2.0000,14.0000,6.2857,13.2957,3,95.00%,1.6449,37.8790,56.7362,100.7362,7,87,reorder_now
2011-12-09,22547,MINI JIGSAW DINOSAUR,1,SIM-SUP-06,12.0000,0.0000,0.0000,12.0000,8.1429,27.1434,3,95.00%,1.6449,77.3308,101.7594,158.7594,7,147,reorder_now
2011-12-09,22548,adjustment,1,SIM-SUP-03,5.0000,0.0000,1.0000,4.0000,0.1786,0.7585,10,95.00%,1.6449,3.9451,5.7308,6.9808,7,3,reorder_now
2011-12-09,22549,PICTURE DOMINOES,1,SIM-SUP-08,83.0000,11.0000,5.0000,89.0000,21.0000,23.1517,5,95.00%,1.6449,85.1520,190.1520,337.1520,7,249,reorder_now
2011-12-09,22550,HOLIDAY FUN LUDO,1,SIM-SUP-04,27.0000,10.0000,2.0000,35.0000,2.8214,2.6599,7,95.00%,1.6449,11.5757,31.3257,51.0757,7,0,no_order_required
2011-12-09,22551,PLASTERS IN TIN SPACEBOY,1,SIM-SUP-12,183.0000,0.0000,7.0000,176.0000,33.4643,35.8155,14,95.00%,1.6449,220.4256,688.9256,923.1756,7,748,reorder_now
2011-12-09,22553,PLASTERS IN TIN SKULLS,1,SIM-SUP-09,422.0000,134.0000,20.0000,536.0000,18.3929,20.6386,14,95.00%,1.6449,127.0200,384.5200,513.2700,7,0,no_order_required
2011-12-09,22554,PLASTERS IN TIN WOODLAND ANIMALS,1,SIM-SUP-12,99.0000,0.0000,5.0000,94.0000,29.8929,42.8780,5,95.00%,1.6449,157.7055,307.1698,516.4198,7,423,reorder_now
2011-12-09,22555,PLASTERS IN TIN STRONGMAN,1,SIM-SUP-05,266.0000,0.0000,17.0000,249.0000,19.7143,17.4783,14,95.00%,1.6449,107.5696,383.5696,521.5696,7,273,reorder_now
2011-12-09,22556,PLASTERS IN TIN CIRCUS PARADE,1,SIM-SUP-04,120.0000,0.0000,5.0000,115.0000,26.9286,27.1121,5,95.00%,1.6449,99.7185,234.3613,422.8613,7,308,reorder_now
2011-12-09,22557,PLASTERS IN TIN VINTAGE PAISLEY,1,SIM-SUP-05,92.0000,0.0000,9.0000,83.0000,20.0357,25.0221,5,95.00%,1.6449,92.0314,192.2100,332.4600,7,250,reorder_now
2011-12-09,22558,CLOTHES PEGS RETROSPOT PACK 24,1,SIM-SUP-08,168.0000,0.0000,4.0000,164.0000,23.0000,35.9702,10,95.00%,1.6449,187.0985,417.0985,578.0985,7,415,reorder_now
2011-12-09,22559,SEASIDE FLYING DISC,1,SIM-SUP-07,3.0000,0.0000,0.0000,3.0000,0.7857,2.2891,5,95.00%,1.6449,8.4192,12.3477,17.8477,7,15,reorder_now
2011-12-09,22560,TRADITIONAL MODELLING CLAY,1,SIM-SUP-04,204.0000,27.0000,29.0000,202.0000,61.1429,160.5461,7,95.00%,1.6449,698.6764,1126.6764,1554.6764,7,1353,reorder_now
2011-12-09,22561,WOODEN SCHOOL COLOURING SET,1,SIM-SUP-08,141.0000,0.0000,0.0000,141.0000,31.5357,36.1094,3,95.00%,1.6449,102.8747,197.4819,418.2319,7,278,reorder_now
2011-12-09,22562,MONSTERS STENCIL CRAFT,1,SIM-SUP-11,61.0000,9.0000,4.0000,66.0000,7.3929,9.4239,5,95.00%,1.6449,34.6612,71.6254,123.3754,7,58,reorder_now
2011-12-09,22563,HAPPY STENCIL CRAFT,1,SIM-SUP-08,52.0000,14.0000,4.0000,62.0000,17.7857,35.2596,3,95.00%,1.6449,100.4536,153.8107,278.3107,7,217,reorder_now
2011-12-09,22564,ALPHABET STENCIL CRAFT,1,SIM-SUP-06,66.0000,11.0000,6.0000,71.0000,20.6786,57.0564,14,95.00%,1.6449,351.1524,640.6524,785.4024,7,715,reorder_now
2011-12-09,22565,FELTCRAFT HAIRBANDS PINK AND WHITE,1,SIM-SUP-04,52.0000,7.0000,3.0000,56.0000,4.7143,6.8601,7,95.00%,1.6449,29.8544,62.8544,95.8544,7,40,reorder_now
2011-12-09,22566,FELTCRAFT HAIRBAND PINK AND PURPLE,1,SIM-SUP-07,106.0000,0.0000,15.0000,91.0000,8.3571,11.7632,14,95.00%,1.6449,72.3963,189.3963,247.8963,7,157,reorder_now
2011-12-09,22567,20 DOLLY PEGS RETROSPOT,1,SIM-SUP-05,66.0000,0.0000,4.0000,62.0000,4.7857,6.7895,14,95.00%,1.6449,41.7857,108.7857,142.2857,7,81,reorder_now
2011-12-09,22568,FELTCRAFT CUSHION OWL,1,SIM-SUP-10,53.0000,0.0000,5.0000,48.0000,10.8214,15.1423,3,95.00%,1.6449,43.1400,75.6043,151.3543,7,104,reorder_now
2011-12-09,22569,FELTCRAFT CUSHION BUTTERFLY,1,SIM-SUP-05,2.0000,0.0000,0.0000,2.0000,0.0000,0.0000,7,95.00%,1.6449,0.0000,0.0000,0.0000,7,0,no_order_required
2011-12-09,22570,UNKNOWN,1,SIM-SUP-06,5.0000,0.0000,0.0000,5.0000,2.9286,14.8346,10,95.00%,1.6449,77.1621,106.4478,126.9478,7,122,reorder_now
2011-12-09,22571,ROCKING HORSE RED CHRISTMAS,1,SIM-SUP-08,131.0000,0.0000,3.0000,128.0000,25.5357,36.8137,10,95.00%,1.6449,191.4859,446.8430,625.5930,7,498,reorder_now
2011-12-09,22572,ROCKING HORSE GREEN CHRISTMAS,1,SIM-SUP-08,41.0000,0.0000,3.0000,38.0000,10.1429,19.1753,7,95.00%,1.6449,83.4487,154.4487,225.4487,7,188,reorder_now
2011-12-09,22573,STAR WOODEN CHRISTMAS DECORATION,1,SIM-SUP-12,158.0000,0.0000,14.0000,144.0000,28.7143,33.6854,5,95.00%,1.6449,123.8949,267.4664,468.4664,7,325,reorder_now
2011-12-09,22574,HEART WOODEN CHRISTMAS DECORATION,1,SIM-SUP-04,101.0000,25.0000,4.0000,122.0000,34.5357,37.8866,3,95.00%,1.6449,107.9377,211.5448,453.2948,7,332,reorder_now
2011-12-09,22575,METAL MERRY CHRISTMAS WREATH,1,SIM-SUP-10,4.0000,0.0000,0.0000,4.0000,2.7857,9.7847,3,95.00%,1.6449,27.8762,36.2334,55.7334,7,52,reorder_now
2011-12-09,22576,SWALLOW WOODEN CHRISTMAS DECORATION,1,SIM-SUP-03,99.0000,0.0000,12.0000,87.0000,19.7500,27.1051,5,95.00%,1.6449,99.6928,198.4428,336.6928,7,250,reorder_now
2011-12-09,22577,WOODEN HEART CHRISTMAS SCANDINAVIAN,1,SIM-SUP-07,396.0000,0.0000,45.0000,351.0000,140.3571,117.6852,14,95.00%,1.6449,724.2909,2689.2909,3671.7909,7,3321,reorder_now
2011-12-09,22578,WOODEN STAR CHRISTMAS SCANDINAVIAN,1,SIM-SUP-02,173.0000,79.0000,5.0000,247.0000,161.9286,157.3926,7,95.00%,1.6449,684.9526,1818.4526,2951.9526,7,2705,reorder_now
2011-12-09,22579,WOODEN TREE CHRISTMAS SCANDINAVIAN,1,SIM-SUP-05,101.0000,0.0000,0.0000,101.0000,49.9286,79.3518,5,95.00%,1.6449,291.8563,541.4992,890.9992,7,790,reorder_now
2011-12-09,22580,ADVENT CALENDAR GINGHAM SACK,1,SIM-SUP-04,233.0000,0.0000,31.0000,202.0000,16.5357,16.2381,7,95.00%,1.6449,70.6663,186.4163,302.1663,7,0,no_order_required
2011-12-09,22581,WOOD STOCKING CHRISTMAS SCANDISPOT,1,SIM-SUP-07,137.0000,33.0000,12.0000,158.0000,26.6786,25.6655,5,95.00%,1.6449,94.3978,227.7907,414.5407,7,257,reorder_now
2011-12-09,22582,PACK OF 6 SWEETIE GIFT BOXES,1,SIM-SUP-10,7.0000,0.0000,1.0000,6.0000,1.2500,2.6676,7,95.00%,1.6449,11.6090,20.3590,29.1090,7,24,reorder_now
2011-12-09,22583,PACK OF 6 HANDBAG GIFT BOXES,1,SIM-SUP-02,6.0000,4.0000,0.0000,10.0000,0.7500,1.5726,10,95.00%,1.6449,8.1801,15.6801,20.9301,7,11,reorder_now
2011-12-09,22584,PACK OF 6 PANETTONE GIFT BOXES,1,SIM-SUP-07,19.0000,0.0000,0.0000,19.0000,9.3929,27.2073,3,95.00%,1.6449,77.5129,105.6914,171.4414,7,153,reorder_now
2011-12-09,22585,PACK OF 6 BIRDY GIFT TAGS,1,SIM-SUP-07,61.0000,0.0000,1.0000,60.0000,25.5357,42.6401,10,95.00%,1.6449,221.7917,477.1489,655.8989,7,596,reorder_now
2011-12-09,22586,FELTCRAFT HAIRBAND PINK AND BLUE,1,SIM-SUP-12,25.0000,0.0000,2.0000,23.0000,4.7143,5.7870,3,95.00%,1.6449,16.4871,30.6300,63.6300,7,41,reorder_now
2011-12-09,22587,FELTCRAFT HAIRBAND RED AND BLUE,1,SIM-SUP-09,48.0000,0.0000,6.0000,42.0000,7.8214,8.4179,10,95.00%,1.6449,43.7855,121.9998,176.7498,7,135,reorder_now
2011-12-09,22588,CARD HOLDER GINGHAM HEART,1,SIM-SUP-10,70.0000,0.0000,4.0000,66.0000,3.4643,4.9243,10,95.00%,1.6449,25.6137,60.2565,84.5065,7,0,no_order_required
2011-12-09,22589,CARDHOLDER GINGHAM STAR,1,SIM-SUP-07,44.0000,10.0000,1.0000,53.0000,2.7500,3.7381,14,95.00%,1.6449,23.0059,61.5059,80.7559,7,28,reorder_now
2011-12-09,22591,CARDHOLDER GINGHAM CHRISTMAS TREE,1,SIM-SUP-09,20.0000,0.0000,3.0000,17.0000,3.8929,5.5119,3,95.00%,1.6449,15.7033,27.3819,54.6319,7,38,reorder_now
2011-12-09,22592,CARDHOLDER HOLLY WREATH METAL,1,SIM-SUP-07,83.0000,0.0000,6.0000,77.0000,8.0714,7.7778,5,95.00%,1.6449,28.6070,68.9641,125.4641,7,0,no_order_required
2011-12-09,22593,CHRISTMAS GINGHAM STAR,1,SIM-SUP-05,214.0000,0.0000,14.0000,200.0000,21.1429,19.1902,10,95.00%,1.6449,99.8177,311.2463,459.2463,7,260,reorder_now
2011-12-09,22594,CHRISTMAS GINGHAM TREE,1,SIM-SUP-12,194.0000,0.0000,9.0000,185.0000,21.5357,30.8921,7,95.00%,1.6449,134.4384,285.1884,435.9384,7,251,reorder_now
2011-12-09,22595,GINGHAM HEART DECORATION,1,SIM-SUP-06,81.0000,23.0000,2.0000,102.0000,21.7143,24.4947,3,95.00%,1.6449,69.7846,134.9275,286.9275,7,185,reorder_now
2011-12-09,22596,CHRISTMAS STAR WISH LIST CHALKBOARD,1,SIM-SUP-07,77.0000,0.0000,7.0000,70.0000,43.5714,55.1144,3,95.00%,1.6449,157.0194,287.7337,592.7337,7,523,reorder_now
2011-12-09,22597,MUSICAL ZINC HEART DECORATION,1,SIM-SUP-01,175.0000,35.0000,21.0000,189.0000,39.3214,49.3653,7,95.00%,1.6449,214.8315,490.0815,765.3315,7,577,reorder_now
2011-12-09,22598,CHRISTMAS MUSICAL ZINC TREE,1,SIM-SUP-08,59.0000,24.0000,7.0000,76.0000,11.6071,26.6717,5,95.00%,1.6449,98.0988,156.1345,237.3845,7,162,reorder_now
2011-12-09,22599,CHRISTMAS MUSICAL ZINC STAR,1,SIM-SUP-11,106.0000,25.0000,10.0000,121.0000,24.3214,29.5756,5,95.00%,1.6449,108.7793,230.3865,400.6365,7,280,reorder_now
2011-12-09,22600,CHRISTMAS RETROSPOT STAR WOOD,1,SIM-SUP-09,219.0000,0.0000,27.0000,192.0000,16.6071,15.8167,10,95.00%,1.6449,82.2702,248.3416,364.5916,7,173,reorder_now
2011-12-09,22601,CHRISTMAS RETROSPOT ANGEL WOOD,1,SIM-SUP-04,115.0000,0.0000,12.0000,103.0000,14.8571,14.1111,3,95.00%,1.6449,40.2020,84.7735,188.7735,7,0,no_order_required
2011-12-09,22602,RETROSPOT WOODEN HEART DECORATION,1,SIM-SUP-10,22.0000,0.0000,2.0000,20.0000,14.0714,14.9832,3,95.00%,1.6449,42.6866,84.9008,183.4008,7,164,reorder_now
2011-12-09,22603,CHRISTMAS RETROSPOT TREE WOOD,1,SIM-SUP-01,55.0000,0.0000,4.0000,51.0000,14.0714,14.0990,3,95.00%,1.6449,40.1675,82.3818,180.8818,7,130,reorder_now
2011-12-09,22604,SET OF 4 NAPKIN CHARMS CUTLERY,1,SIM-SUP-06,40.0000,0.0000,1.0000,39.0000,3.4643,6.0562,14,95.00%,1.6449,37.2726,85.7726,110.0226,7,72,reorder_now
2011-12-09,22605,WOODEN CROQUET GARDEN SET,1,SIM-SUP-03,29.0000,0.0000,1.0000,28.0000,1.5714,1.9898,10,95.00%,1.6449,10.3498,26.0640,37.0640,7,0,no_order_required
2011-12-09,22606,WOODEN SKITTLES GARDEN SET,1,SIM-SUP-07,4.0000,0.0000,0.0000,4.0000,0.5000,1.5698,10,95.00%,1.6449,8.1653,13.1653,16.6653,7,13,reorder_now
2011-12-09,22607,WOODEN ROUNDERS GARDEN SET,1,SIM-SUP-05,14.0000,0.0000,1.0000,13.0000,3.0714,4.1570,3,95.00%,1.6449,11.8432,21.0574,42.5574,7,30,reorder_now
2011-12-09,22608,PENS ASSORTED FUNKY JEWELED,1,SIM-SUP-05,56.0000,0.0000,2.0000,54.0000,25.2143,32.4074,5,95.00%,1.6449,119.1946,245.2660,421.7660,7,368,reorder_now
2011-12-09,22609,PENS ASSORTED SPACEBALL,1,SIM-SUP-02,167.0000,0.0000,8.0000,159.0000,33.7857,46.9592,5,95.00%,1.6449,172.7162,341.6448,578.1448,7,420,reorder_now
2011-12-09,22610,PENS ASSORTED FUNNY FACE,1,SIM-SUP-04,104.0000,0.0000,3.0000,101.0000,43.7857,52.9537,10,95.00%,1.6449,275.4379,713.2951,1019.7951,7,919,reorder_now
2011-12-09,22611,VINTAGE UNION JACK SHOPPING BAG,1,SIM-SUP-03,1.0000,0.0000,0.0000,1.0000,0.0714,0.3712,5,95.00%,1.6449,1.3651,1.7222,2.2222,7,2,reorder_now
2011-12-09,22612,TEA COSY VINTAGE UNION JACK,1,SIM-SUP-02,1.0000,0.0000,0.0000,1.0000,0.0000,0.0000,7,95.00%,1.6449,0.0000,0.0000,0.0000,7,0,no_order_required
2011-12-09,22613,PACK OF 20 SPACEBOY NAPKINS,1,SIM-SUP-12,13.0000,5.0000,0.0000,18.0000,2.0357,3.6983,7,95.00%,1.6449,16.0945,30.3445,44.5945,7,27,reorder_now
2011-12-09,22614,PACK OF 12 SPACEBOY TISSUES,1,SIM-SUP-04,18.0000,0.0000,1.0000,17.0000,8.0357,12.4542,5,95.00%,1.6449,45.8064,85.9850,142.2350,7,126,reorder_now
2011-12-09,22615,PACK OF 12 CIRCUS PARADE TISSUES,1,SIM-SUP-10,17.0000,0.0000,0.0000,17.0000,3.5000,7.4618,14,95.00%,1.6449,45.9235,94.9235,119.4235,7,103,reorder_now
2011-12-09,22616,PACK OF 12 LONDON TISSUES,1,SIM-SUP-06,101.0000,0.0000,1.0000,100.0000,96.3571,195.9383,7,95.00%,1.6449,852.6985,1527.1985,2201.6985,7,2102,reorder_now
2011-12-09,22617,BAKING SET SPACEBOY DESIGN,1,SIM-SUP-07,71.0000,0.0000,6.0000,65.0000,12.8929,14.2512,14,95.00%,1.6449,87.7085,268.2085,358.4585,7,294,reorder_now
2011-12-09,22618,COOKING SET RETROSPOT,1,SIM-SUP-04,1.0000,0.0000,0.0000,1.0000,0.0000,0.0000,5,95.00%,1.6449,0.0000,0.0000,0.0000,7,0,no_order_required
2011-12-09,22619,SET OF 6 SOLDIER SKITTLES,1,SIM-SUP-03,69.0000,0.0000,8.0000,61.0000,15.2857,21.5371,7,95.00%,1.6449,93.7268,200.7268,307.7268,7,247,reorder_now
2011-12-09,22620,4 TRADITIONAL SPINNING TOPS,1,SIM-SUP-03,59.0000,16.0000,1.0000,74.0000,20.6786,16.7887,7,95.00%,1.6449,73.0624,217.8124,362.5624,7,289,reorder_now
2011-12-09,22621,TRADITIONAL KNITTING NANCY,1,SIM-SUP-11,38.0000,0.0000,4.0000,34.0000,44.7143,49.5104,3,95.00%,1.6449,141.0535,275.1964,588.1964,7,555,reorder_now
2011-12-09,22622,BOX OF VINTAGE ALPHABET BLOCKS,1,SIM-SUP-08,28.0000,0.0000,0.0000,28.0000,3.7857,6.2812,7,95.00%,1.6449,27.3352,53.8352,80.3352,7,53,reorder_now
2011-12-09,22623,BOX OF VINTAGE JIGSAW BLOCKS,1,SIM-SUP-07,17.0000,2.0000,1.0000,18.0000,3.2143,4.1435,3,95.00%,1.6449,11.8046,21.4475,43.9475,7,26,reorder_now
2011-12-09,22624,IVORY KITCHEN SCALES,1,SIM-SUP-04,108.0000,0.0000,14.0000,94.0000,5.3571,4.5764,14,95.00%,1.6449,28.1657,103.1657,140.6657,7,47,reorder_now
2011-12-09,22625,RED KITCHEN SCALES,1,SIM-SUP-11,12.0000,0.0000,1.0000,11.0000,5.8929,9.2247,3,95.00%,1.6449,26.2810,43.9596,85.2096,7,75,reorder_now
2011-12-09,22626,BLACK KITCHEN SCALES,1,SIM-SUP-07,20.0000,0.0000,2.0000,18.0000,1.3929,2.4689,14,95.00%,1.6449,15.1950,34.6950,44.4450,7,27,reorder_now
2011-12-09,22627,MINT KITCHEN SCALES,1,SIM-SUP-09,25.0000,0.0000,1.0000,24.0000,3.6786,4.0975,5,95.00%,1.6449,15.0706,33.4635,59.2135,7,36,reorder_now
2011-12-09,22628,PICNIC BOXES SET OF 3 RETROSPOT,1,SIM-SUP-04,5.0000,0.0000,0.0000,5.0000,2.5714,4.4835,5,95.00%,1.6449,16.4904,29.3476,47.3476,7,43,reorder_now
2011-12-09,22629,SPACEBOY LUNCH BOX,1,SIM-SUP-11,335.0000,0.0000,27.0000,308.0000,42.0357,61.6566,10,95.00%,1.6449,320.7057,741.0629,1035.3129,7,728,reorder_now
2011-12-09,22630,DOLLY GIRL LUNCH BOX,1,SIM-SUP-04,473.0000,133.0000,42.0000,564.0000,30.0357,41.9136,14,95.00%,1.6449,257.9563,678.4563,888.7063,7,325,reorder_now
2011-12-09,22631,CIRCUS PARADE LUNCH BOX,1,SIM-SUP-07,37.0000,27.0000,4.0000,60.0000,11.0000,21.7256,10,95.00%,1.6449,113.0052,223.0052,300.0052,7,241,reorder_now
2011-12-09,22632,HAND WARMER RED RETROSPOT,1,SIM-SUP-08,483.0000,0.0000,35.0000,448.0000,33.9643,52.7375,14,95.00%,1.6449,324.5721,800.0721,1037.8221,7,590,reorder_now
2011-12-09,22633,HAND WARMER UNION JACK,1,SIM-SUP-06,295.0000,13.0000,0.0000,308.0000,43.7857,40.6759,5,95.00%,1.6449,149.6060,368.5346,675.0346,7,368,reorder_now
2011-12-09,22634,CHILDS BREAKFAST SET SPACEBOY,1,SIM-SUP-04,14.0000,0.0000,0.0000,14.0000,3.4286,4.7841,3,95.00%,1.6449,13.6298,23.9155,47.9155,7,34,reorder_now
2011-12-09,22635,CHILDS BREAKFAST SET DOLLY GIRL,1,SIM-SUP-09,15.0000,0.0000,2.0000,13.0000,2.5357,3.2347,7,95.00%,1.6449,14.0768,31.8268,49.5768,7,37,reorder_now
2011-12-09,22636,CHILDS BREAKFAST SET CIRCUS PARADE,1,SIM-SUP-08,43.0000,0.0000,3.0000,40.0000,2.5000,2.5565,10,95.00%,1.6449,13.2976,38.2976,55.7976,7,0,no_order_required
2011-12-09,22637,PIGGY BANK RETROSPOT,1,SIM-SUP-05,6.0000,0.0000,0.0000,6.0000,2.9286,9.7868,7,95.00%,1.6449,42.5907,63.0907,83.5907,7,78,reorder_now
2011-12-09,22638,SET OF 4 NAPKIN CHARMS CROWNS,1,SIM-SUP-10,24.0000,1.0000,3.0000,22.0000,2.2857,6.0110,14,95.00%,1.6449,36.9948,68.9948,84.9948,7,63,reorder_now
2011-12-09,22639,SET OF 4 NAPKIN CHARMS HEARTS,1,SIM-SUP-07,18.0000,0.0000,2.0000,16.0000,5.0714,10.0033,3,95.00%,1.6449,28.4991,43.7134,79.2134,7,64,reorder_now
2011-12-09,22640,SET OF 4 NAPKIN CHARMS 3 KEYS,1,SIM-SUP-08,7.0000,0.0000,1.0000,6.0000,1.8214,7.2312,14,95.00%,1.6449,44.5040,70.0040,82.7540,7,77,reorder_now
2011-12-09,22641,SET OF 4 NAPKIN CHARMS INSTRUMENT,1,SIM-SUP-01,4.0000,0.0000,0.0000,4.0000,0.2857,0.7491,7,95.00%,1.6449,3.2602,5.2602,7.2602,7,4,reorder_now
2011-12-09,22642,SET OF 4 NAPKIN CHARMS STARS,1,SIM-SUP-05,5.0000,0.0000,0.0000,5.0000,3.0357,6.4613,5,95.00%,1.6449,23.7648,38.9434,60.1934,7,56,reorder_now
2011-12-09,22643,SET OF 4 NAPKIN CHARMS LEAVES,1,SIM-SUP-10,2.0000,0.0000,0.0000,2.0000,2.6071,7.0424,3,95.00%,1.6449,20.0636,27.8851,46.1351,7,45,reorder_now
2011-12-09,22644,CERAMIC CHERRY CAKE MONEY BANK,1,SIM-SUP-12,35.0000,2.0000,4.0000,33.0000,26.0357,54.9841,3,95.00%,1.6449,156.6480,234.7551,417.0051,7,385,reorder_now
2011-12-09,22645,CERAMIC HEART FAIRY CAKE MONEY BANK,1,SIM-SUP-09,130.0000,0.0000,12.0000,118.0000,15.7143,20.5806,10,95.00%,1.6449,107.0497,264.1925,374.1925,7,257,reorder_now
2011-12-09,22646,CERAMIC STRAWBERRY CAKE MONEY BANK,1,SIM-SUP-05,22.0000,0.0000,1.0000,21.0000,44.9286,74.6133,7,95.00%,1.6449,324.7075,639.2075,953.7075,7,933,reorder_now
2011-12-09,22647,CERAMIC LOVE HEART MONEY BANK,1,SIM-SUP-06,22.0000,6.0000,3.0000,25.0000,5.0714,11.6064,14,95.00%,1.6449,71.4315,142.4315,177.9315,7,153,reorder_now
2011-12-09,22649,STRAWBERRY FAIRY CAKE TEAPOT,1,SIM-SUP-07,17.0000,0.0000,1.0000,16.0000,2.1429,4.0945,14,95.00%,1.6449,25.1998,55.1998,70.1998,7,55,reorder_now
2011-12-09,22650,CERAMIC PIRATE CHEST MONEY BANK,1,SIM-SUP-09,21.0000,10.0000,1.0000,30.0000,4.7500,8.7571,10,95.00%,1.6449,45.5501,93.0501,126.3001,7,97,reorder_now
2011-12-09,22651,GENTLEMAN SHIRT REPAIR KIT,1,SIM-SUP-05,58.0000,12.0000,5.0000,65.0000,3.6429,6.2519,14,95.00%,1.6449,38.4774,89.4774,114.9774,7,50,reorder_now
2011-12-09,22652,TRAVEL SEWING KIT,1,SIM-SUP-08,2.0000,0.0000,0.0000,2.0000,0.3214,1.0369,3,95.00%,1.6449,2.9542,3.9185,6.1685,7,5,reorder_now
2011-12-09,22653,BUTTON BOX,1,SIM-SUP-11,134.0000,96.0000,11.0000,219.0000,13.6786,12.4558,14,95.00%,1.6449,76.6589,268.1589,363.9089,7,145,reorder_now
2011-12-09,22654,DELUXE SEWING KIT,1,SIM-SUP-10,36.0000,22.0000,5.0000,53.0000,6.7857,10.1958,7,95.00%,1.6449,44.3708,91.8708,139.3708,7,87,reorder_now
2011-12-09,22655,VINTAGE RED KITCHEN CABINET,1,SIM-SUP-11,0.0000,0.0000,0.0000,0.0000,0.0000,0.0000,5,95.00%,1.6449,0.0000,0.0000,0.0000,7,0,no_order_required
2011-12-09,22656,VINTAGE BLUE KITCHEN CABINET,1,SIM-SUP-05,2.0000,0.0000,0.0000,2.0000,0.0000,0.0000,10,95.00%,1.6449,0.0000,0.0000,0.0000,7,0,no_order_required
2011-12-09,22659,LUNCH BOX I LOVE LONDON,1,SIM-SUP-12,163.0000,0.0000,14.0000,149.0000,20.2500,42.8982,7,95.00%,1.6449,186.6877,328.4377,470.1877,7,322,reorder_now
2011-12-09,22660,DOORMAT I LOVE LONDON,1,SIM-SUP-12,6.0000,0.0000,1.0000,5.0000,2.6071,9.3440,10,95.00%,1.6449,48.6026,74.6740,92.9240,7,88,reorder_now
2011-12-09,22661,CHARLOTTE BAG DOLLY GIRL DESIGN,1,SIM-SUP-10,119.0000,0.0000,17.0000,102.0000,12.8571,12.2086,7,95.00%,1.6449,53.1305,143.1305,233.1305,7,132,reorder_now
2011-12-09,22662,LUNCH BAG DOLLY GIRL DESIGN,1,SIM-SUP-12,85.0000,0.0000,2.0000,83.0000,18.2500,22.2640,3,95.00%,1.6449,63.4296,118.1796,245.9296,7,163,reorder_now
2011-12-09,22663,JUMBO BAG DOLLY GIRL DESIGN,1,SIM-SUP-08,54.0000,0.0000,5.0000,49.0000,6.5714,6.8004,5,95.00%,1.6449,25.0118,57.8689,103.8689,7,55,reorder_now
2011-12-09,22664,TOY TIDY DOLLY GIRL DESIGN,1,SIM-SUP-03,22.0000,0.0000,3.0000,19.0000,6.0357,13.3001,10,95.00%,1.6449,69.1800,129.5372,171.7872,7,153,reorder_now
2011-12-09,22665,RECIPE BOX BLUE SKETCHBOOK DESIGN,1,SIM-SUP-09,3.0000,1.0000,0.0000,4.0000,1.1429,3.0673,3,95.00%,1.6449,8.7386,12.1671,20.1671,7,17,reorder_now
2011-12-09,22666,RECIPE BOX PANTRY YELLOW DESIGN,1,SIM-SUP-02,136.0000,0.0000,15.0000,121.0000,33.9286,47.3957,5,95.00%,1.6449,174.3216,343.9644,581.4644,7,461,reorder_now
2011-12-09,22667,RECIPE BOX RETROSPOT,1,SIM-SUP-05,221.0000,0.0000,25.0000,196.0000,14.2500,16.5759,14,95.00%,1.6449,102.0157,301.5157,401.2657,7,206,reorder_now
2011-12-09,22668,PINK BABY BUNTING,1,SIM-SUP-12,29.0000,0.0000,3.0000,26.0000,2.3929,2.8327,5,95.00%,1.6449,10.4187,22.3830,39.1330,7,0,no_order_required
2011-12-09,22669,RED BABY BUNTING,1,SIM-SUP-10,11.0000,0.0000,1.0000,10.0000,3.1786,5.2376,7,95.00%,1.6449,22.7934,45.0434,67.2934,7,58,reorder_now
2011-12-09,22670,FRENCH WC SIGN BLUE METAL,1,SIM-SUP-03,35.0000,0.0000,4.0000,31.0000,7.7500,13.4924,5,95.00%,1.6449,49.6251,88.3751,142.6251,7,112,reorder_now
2011-12-09,22671,FRENCH LAUNDRY SIGN BLUE METAL,1,SIM-SUP-06,23.0000,0.0000,0.0000,23.0000,1.3929,2.7300,10,95.00%,1.6449,14.2000,28.1285,37.8785,7,15,reorder_now
2011-12-09,22672,FRENCH BATHROOM SIGN BLUE METAL,1,SIM-SUP-04,39.0000,6.0000,5.0000,40.0000,3.4643,6.1788,10,95.00%,1.6449,32.1388,66.7817,91.0317,7,52,reorder_now
2011-12-09,22673,FRENCH GARDEN SIGN BLUE METAL,1,SIM-SUP-01,5.0000,0.0000,0.0000,5.0000,1.3571,4.1422,3,95.00%,1.6449,11.8011,15.8726,25.3726,7,21,reorder_now
2011-12-09,22674,FRENCH TOILET SIGN BLUE METAL,1,SIM-SUP-11,12.0000,0.0000,2.0000,10.0000,2.7143,5.3175,3,95.00%,1.6449,15.1493,23.2922,42.2922,7,33,reorder_now
2011-12-09,22675,FRENCH KITCHEN SIGN BLUE METAL,1,SIM-SUP-09,10.0000,0.0000,0.0000,10.0000,2.9286,8.4892,5,95.00%,1.6449,31.2233,45.8661,66.3661,7,57,reorder_now
2011-12-09,22676,FRENCH BLUE METAL DOOR SIGN 1,1,SIM-SUP-02,8.0000,0.0000,0.0000,8.0000,4.4286,14.6102,3,95.00%,1.6449,41.6241,54.9099,85.9099,7,78,reorder_now
2011-12-09,22677,FRENCH BLUE METAL DOOR SIGN 2,1,SIM-SUP-04,15.0000,0.0000,0.0000,15.0000,2.3929,7.6967,7,95.00%,1.6449,33.4949,50.2449,66.9949,7,52,reorder_now
2011-12-09,22678,FRENCH BLUE METAL DOOR SIGN 3,1,SIM-SUP-10,11.0000,0.0000,0.0000,11.0000,1.8929,5.7405,7,95.00%,1.6449,24.9817,38.2317,51.4817,7,41,reorder_now
2011-12-09,22679,FRENCH BLUE METAL DOOR SIGN 4,1,SIM-SUP-02,18.0000,0.0000,1.0000,17.0000,1.3929,3.3630,14,95.00%,1.6449,20.6977,40.1977,49.9477,7,33,reorder_now
2011-12-09,22680,FRENCH BLUE METAL DOOR SIGN 5,1,SIM-SUP-07,15.0000,0.0000,1.0000,14.0000,2.4643,6.7161,5,95.00%,1.6449,24.7018,37.0232,54.2732,7,41,reorder_now
2011-12-09,22681,FRENCH BLUE METAL DOOR SIGN 6,1,SIM-SUP-08,15.0000,0.0000,0.0000,15.0000,2.1071,5.9542,14,95.00%,1.6449,36.6452,66.1452,80.8952,7,66,reorder_now
2011-12-09,22682,FRENCH BLUE METAL DOOR SIGN 7,1,SIM-SUP-09,7.0000,0.0000,0.0000,7.0000,2.6786,6.8298,3,95.00%,1.6449,19.4580,27.4937,46.2437,7,40,reorder_now
2011-12-09,22683,FRENCH BLUE METAL DOOR SIGN 8,1,SIM-SUP-08,3.0000,0.0000,0.0000,3.0000,0.8571,2.5595,3,95.00%,1.6449,7.2919,9.8634,15.8634,7,13,reorder_now
2011-12-09,22684,FRENCH BLUE METAL DOOR SIGN 9,1,SIM-SUP-05,11.0000,0.0000,1.0000,10.0000,1.5357,4.3792,10,95.00%,1.6449,22.7783,38.1354,48.8854,7,39,reorder_now
2011-12-09,22685,FRENCH BLUE METAL DOOR SIGN 0,1,SIM-SUP-08,7.0000,0.0000,1.0000,6.0000,1.6071,4.4428,5,95.00%,1.6449,16.3407,24.3764,35.6264,7,30,reorder_now
2011-12-09,22686,FRENCH BLUE METAL DOOR SIGN No,1,SIM-SUP-08,13.0000,0.0000,0.0000,13.0000,5.1071,22.1977,7,95.00%,1.6449,96.6016,132.3516,168.1016,7,156,reorder_now
2011-12-09,22687,DOORMAT CHRISTMAS VILLAGE,1,SIM-SUP-05,14.0000,0.0000,0.0000,14.0000,1.3571,3.4353,7,95.00%,1.6449,14.9498,24.4498,33.9498,7,20,reorder_now
2011-12-09,22688,DOORMAT PEACE ON EARTH BLUE,1,SIM-SUP-12,1.0000,0.0000,0.0000,1.0000,0.7857,3.1437,3,95.00%,1.6449,8.9562,11.3134,16.8134,7,16,reorder_now
2011-12-09,22689,UNKNOWN,1,SIM-SUP-08,41.0000,13.0000,4.0000,50.0000,2.2857,5.6052,14,95.00%,1.6449,34.4971,66.4971,82.4971,7,33,reorder_now
2011-12-09,22690,DOORMAT HOME SWEET HOME BLUE,1,SIM-SUP-02,9.0000,0.0000,1.0000,8.0000,2.5357,3.9414,5,95.00%,1.6449,14.4964,27.1750,44.9250,7,37,reorder_now
2011-12-09,22691,DOORMAT WELCOME SUNRISE,1,SIM-SUP-08,6.0000,0.0000,0.0000,6.0000,1.0714,2.3441,5,95.00%,1.6449,8.6217,13.9788,21.4788,7,16,reorder_now
2011-12-09,22692,DOORMAT WELCOME TO OUR HOME,1,SIM-SUP-05,32.0000,1.0000,4.0000,29.0000,2.4643,4.0398,7,95.00%,1.6449,17.5808,34.8308,52.0808,7,24,reorder_now
2011-12-09,22693,GROW A FLYTRAP OR SUNFLOWER IN TIN,1,SIM-SUP-02,40.0000,0.0000,2.0000,38.0000,32.0714,56.0898,10,95.00%,1.6449,291.7502,612.4645,836.9645,7,799,reorder_now
2011-12-09,22694,WICKER STAR,1,SIM-SUP-08,131.0000,0.0000,18.0000,113.0000,10.6786,9.4114,10,95.00%,1.6449,48.9535,155.7392,230.4892,7,118,reorder_now
2011-12-09,22695,WICKER WREATH SMALL,1,SIM-SUP-12,22.0000,12.0000,1.0000,33.0000,9.8929,13.8521,5,95.00%,1.6449,50.9482,100.4125,169.6625,7,137,reorder_now
2011-12-09,22696,WICKER WREATH LARGE,1,SIM-SUP-05,25.0000,0.0000,2.0000,23.0000,4.0714,5.4898,5,95.00%,1.6449,20.1915,40.5486,69.0486,7,47,reorder_now
2011-12-09,22697,GREEN REGENCY TEACUP AND SAUCER,1,SIM-SUP-06,198.0000,36.0000,8.0000,226.0000,23.8929,30.3425,10,95.00%,1.6449,157.8260,396.7546,564.0046,7,339,reorder_now
2011-12-09,22698,PINK REGENCY TEACUP AND SAUCER,1,SIM-SUP-03,72.0000,11.0000,3.0000,80.0000,19.3214,22.5548,3,95.00%,1.6449,64.2579,122.2222,257.4722,7,178,reorder_now
2011-12-09,22699,ROSES REGENCY TEACUP AND SAUCER,1,SIM-SUP-12,465.0000,81.0000,33.0000,513.0000,27.3571,30.1392,14,95.00%,1.6449,185.4912,568.4912,759.9912,7,247,reorder_now
2011-12-09,22700,BLACK AND WHITE DOG BOWL,1,SIM-SUP-06,4.0000,0.0000,0.0000,4.0000,0.0000,0.0000,14,95.00%,1.6449,0.0000,0.0000,0.0000,7,0,no_order_required
2011-12-09,22701,PINK DOG BOWL,1,SIM-SUP-04,12.0000,13.0000,1.0000,24.0000,4.0000,6.4918,14,95.00%,1.6449,39.9534,95.9534,123.9534,7,100,reorder_now
2011-12-09,22702,BLACK AND WHITE CAT BOWL,1,SIM-SUP-02,3.0000,0.0000,0.0000,3.0000,0.2143,0.4897,3,95.00%,1.6449,1.3951,2.0380,3.5380,7,0,no_order_required
2011-12-09,22703,PINK CAT BOWL,1,SIM-SUP-09,7.0000,0.0000,1.0000,6.0000,5.3929,7.9881,3,95.00%,1.6449,22.7579,38.9365,76.6865,7,71,reorder_now
2011-12-09,22704,WRAP RED APPLES,1,SIM-SUP-02,10.0000,0.0000,1.0000,9.0000,15.1786,22.4993,5,95.00%,1.6449,82.7525,158.6454,264.8954,7,256,reorder_now
2011-12-09,22705,WRAP GREEN PEARS,1,SIM-SUP-05,5.0000,0.0000,0.0000,5.0000,3.5714,11.0079,3,95.00%,1.6449,31.3611,42.0754,67.0754,7,63,reorder_now
2011-12-09,22706,WRAP COWBOYS,1,SIM-SUP-05,5.0000,0.0000,0.0000,5.0000,4.4643,9.5748,5,95.00%,1.6449,35.2163,57.5377,88.7877,7,84,reorder_now
2011-12-09,22707,WRAP MONSTER FUN,1,SIM-SUP-11,50.0000,10.0000,1.0000,59.0000,4.4643,9.5748,14,95.00%,1.6449,58.9281,121.4281,152.6781,7,94,reorder_now
2011-12-09,22708,WRAP DOLLY GIRL,1,SIM-SUP-03,71.0000,5.0000,4.0000,72.0000,14.2857,30.9295,14,95.00%,1.6449,190.3548,390.3548,490.3548,7,419,reorder_now
2011-12-09,22709,WRAP WEDDING DAY,1,SIM-SUP-04,1.0000,0.0000,0.0000,1.0000,0.8929,4.6394,5,95.00%,1.6449,17.0638,21.5281,27.7781,7,27,reorder_now
2011-12-09,22710,WRAP I LOVE LONDON,1,SIM-SUP-06,19.0000,0.0000,1.0000,18.0000,8.9286,15.2571,10,95.00%,1.6449,79.3598,168.6455,231.1455,7,214,reorder_now
2011-12-09,22711,WRAP CIRCUS PARADE,1,SIM-SUP-07,18.0000,0.0000,1.0000,17.0000,6.2500,14.3692,10,95.00%,1.6449,74.7410,137.2410,180.9910,7,164,reorder_now
2011-12-09,22712,CARD DOLLY GIRL,1,SIM-SUP-08,152.0000,0.0000,1.0000,151.0000,21.2857,43.2516,10,95.00%,1.6449,224.9727,437.8298,586.8298,7,436,reorder_now
2011-12-09,22713,CARD I LOVE LONDON,1,SIM-SUP-03,5.0000,0.0000,0.0000,5.0000,5.0357,7.5851,3,95.00%,1.6449,21.6099,36.7170,71.9670,7,67,reorder_now
2011-12-09,22714,CARD BIRTHDAY COWBOY,1,SIM-SUP-12,100.0000,0.0000,7.0000,93.0000,4.8571,7.1998,14,95.00%,1.6449,44.3109,112.3109,146.3109,7,54,reorder_now
2011-12-09,22715,CARD WEDDING DAY,1,SIM-SUP-10,6.0000,0.0000,1.0000,5.0000,0.2143,1.1135,14,95.00%,1.6449,6.8528,9.8528,11.3528,7,7,reorder_now
2011-12-09,22716,CARD CIRCUS PARADE,1,SIM-SUP-02,21.0000,0.0000,1.0000,20.0000,5.9286,9.4413,5,95.00%,1.6449,34.7251,64.3679,105.8679,7,86,reorder_now
2011-12-09,22717,CARD DOG AND BALL,1,SIM-SUP-05,6.0000,0.0000,0.0000,6.0000,1.4643,3.6692,3,95.00%,1.6449,10.4534,14.8463,25.0963,7,20,reorder_now
2011-12-09,22718,CARD CAT AND TREE,1,SIM-SUP-10,6.0000,2.0000,1.0000,7.0000,2.1429,5.6043,5,95.00%,1.6449,20.6126,31.3269,46.3269,7,40,reorder_now
2011-12-09,22719,UNKNOWN,1,SIM-SUP-05,1.0000,0.0000,0.0000,1.0000,0.0000,0.0000,5,95.00%,1.6449,0.0000,0.0000,0.0000,7,0,no_order_required
2011-12-09,22720,SET OF 3 CAKE TINS PANTRY DESIGN,1,SIM-SUP-10,153.0000,66.0000,14.0000,205.0000,17.7857,17.0008,7,95.00%,1.6449,73.9851,198.4851,322.9851,7,0,no_order_required
2011-12-09,22721,SET OF 3 CAKE TINS SKETCHBOOK,1,SIM-SUP-02,9.0000,0.0000,1.0000,8.0000,7.4643,14.1029,5,95.00%,1.6449,51.8705,89.1919,141.4419,7,134,reorder_now
2011-12-09,22722,SET OF 6 SPICE TINS PANTRY DESIGN,1,SIM-SUP-10,295.0000,0.0000,14.0000,281.0000,14.2500,12.3913,10,95.00%,1.6449,64.4532,206.9532,306.7032,7,0,no_order_required
2011-12-09,22723,SET OF 6 HERB TINS SKETCHBOOK,1,SIM-SUP-12,27.0000,0.0000,2.0000,25.0000,5.7857,10.7980,7,95.00%,1.6449,46.9916,87.4916,127.9916,7,103,reorder_now
2011-12-09,22725,ALARM CLOCK BAKELIKE CHOCOLATE,1,SIM-SUP-06,140.0000,0.0000,6.0000,134.0000,8.8214,7.0612,14,95.00%,1.6449,43.4582,166.9582,228.7082,7,95,reorder_now
2011-12-09,22726,ALARM CLOCK BAKELIKE GREEN,1,SIM-SUP-01,193.0000,18.0000,21.0000,190.0000,34.2500,26.4084,3,95.00%,1.6449,75.2366,177.9866,417.7366,7,0,no_order_required
2011-12-09,22727,ALARM CLOCK BAKELIKE RED,1,SIM-SUP-02,392.0000,0.0000,32.0000,360.0000,56.1071,122.0218,14,95.00%,1.6449,750.9803,1536.4803,1929.2303,7,1570,reorder_now
2011-12-09,22728,ALARM CLOCK BAKELIKE PINK,1,SIM-SUP-09,112.0000,0.0000,15.0000,97.0000,20.5000,20.9481,3,95.00%,1.6449,59.6804,121.1804,264.6804,7,168,reorder_now
2011-12-09,22729,ALARM CLOCK BAKELIKE ORANGE,1,SIM-SUP-03,3.0000,0.0000,0.0000,3.0000,0.6786,1.2551,3,95.00%,1.6449,3.5757,5.6114,10.3614,7,8,reorder_now
2011-12-09,22730,ALARM CLOCK BAKELIKE IVORY,1,SIM-SUP-07,77.0000,0.0000,5.0000,72.0000,13.6429,15.9222,10,95.00%,1.6449,82.8189,219.2475,314.7475,7,243,reorder_now
2011-12-09,22731,3D CHRISTMAS STAMPS STICKERS,1,SIM-SUP-12,47.0000,0.0000,5.0000,42.0000,7.0357,9.4207,7,95.00%,1.6449,40.9975,90.2475,139.4975,7,98,reorder_now
2011-12-09,22732,3D VINTAGE CHRISTMAS STICKERS,1,SIM-SUP-03,61.0000,0.0000,6.0000,55.0000,11.3929,13.2566,3,95.00%,1.6449,37.7678,71.9463,151.6963,7,97,reorder_now
2011-12-09,22733,3D TRADITIONAL CHRISTMAS STICKERS,1,SIM-SUP-05,117.0000,0.0000,1.0000,116.0000,12.0000,18.2307,7,95.00%,1.6449,79.3376,163.3376,247.3376,7,132,reorder_now
2011-12-09,22734,SET OF 6 RIBBONS VINTAGE CHRISTMAS,1,SIM-SUP-03,89.0000,19.0000,7.0000,101.0000,29.1071,31.8964,3,95.00%,1.6449,90.8719,178.1934,381.9434,7,281,reorder_now
2011-12-09,22735,RIBBON REEL SOCKS AND MITTENS,1,SIM-SUP-08,23.0000,0.0000,0.0000,23.0000,5.9643,11.0048,7,95.00%,1.6449,47.8915,89.6415,131.3915,7,109,reorder_now
2011-12-09,22736,RIBBON REEL MAKING SNOWMEN,1,SIM-SUP-05,102.0000,0.0000,15.0000,87.0000,8.9286,8.4555,7,95.00%,1.6449,36.7971,99.2971,161.7971,7,75,reorder_now
2011-12-09,22737,RIBBON REEL CHRISTMAS PRESENT,1,SIM-SUP-05,73.0000,0.0000,8.0000,65.0000,10.8214,10.3270,7,95.00%,1.6449,44.9417,120.6917,196.4417,7,132,reorder_now
2011-12-09,22738,RIBBON REEL SNOWY VILLAGE,1,SIM-SUP-07,40.0000,20.0000,4.0000,56.0000,13.0000,16.1820,5,95.00%,1.6449,59.5175,124.5175,215.5175,7,160,reorder_now
2011-12-09,22739,RIBBON REEL CHRISTMAS SOCK BAUBLE,1,SIM-SUP-05,200.0000,0.0000,6.0000,194.0000,13.8929,11.6721,14,95.00%,1.6449,71.8358,266.3358,363.5858,7,170,reorder_now
2011-12-09,22740,adjustment,1,SIM-SUP-09,4.0000,0.0000,0.0000,4.0000,0.0000,0.0000,14,95.00%,1.6449,0.0000,0.0000,0.0000,7,0,no_order_required
2011-12-09,22741,FUNKY DIVA PEN,1,SIM-SUP-04,79.0000,0.0000,9.0000,70.0000,30.2857,33.1036,10,95.00%,1.6449,172.1877,475.0449,687.0449,7,618,reorder_now
2011-12-09,22742,MAKE YOUR OWN PLAYTIME CARD KIT,1,SIM-SUP-10,8.0000,0.0000,1.0000,7.0000,10.4286,31.0385,3,95.00%,1.6449,88.4277,119.7134,192.7134,7,186,reorder_now
2011-12-09,22743,MAKE YOUR OWN FLOWERPOWER CARD KIT,1,SIM-SUP-09,24.0000,3.0000,2.0000,25.0000,10.1429,28.6465,7,95.00%,1.6449,124.6660,195.6660,266.6660,7,242,reorder_now
2011-12-09,22744,MAKE YOUR OWN MONSOON CARD KIT,1,SIM-SUP-10,27.0000,0.0000,1.0000,26.0000,10.5000,28.1139,5,95.00%,1.6449,103.4031,155.9031,229.4031,7,204,reorder_now
2011-12-09,22745,POPPY'S PLAYHOUSE BEDROOM,1,SIM-SUP-02,89.0000,0.0000,2.0000,87.0000,8.5357,11.4999,5,95.00%,1.6449,42.2968,84.9754,144.7254,7,0,no_order_required
2011-12-09,22746,POPPY'S PLAYHOUSE LIVINGROOM,1,SIM-SUP-12,74.0000,0.0000,1.0000,73.0000,4.6429,6.2975,10,95.00%,1.6449,32.7562,79.1848,111.6848,7,39,reorder_now
2011-12-09,22747,POPPY'S PLAYHOUSE BATHROOM,1,SIM-SUP-06,27.0000,0.0000,1.0000,26.0000,2.8571,3.1477,10,95.00%,1.6449,16.3728,44.9443,64.9443,7,39,reorder_now
2011-12-09,22748,POPPY'S PLAYHOUSE KITCHEN,1,SIM-SUP-05,127.0000,0.0000,11.0000,116.0000,9.6071,14.6710,10,95.00%,1.6449,76.3110,172.3824,239.6324,7,124,reorder_now
2011-12-09,22749,FELTCRAFT PRINCESS CHARLOTTE DOLL,1,SIM-SUP-11,71.0000,0.0000,7.0000,64.0000,14.5357,18.6346,3,95.00%,1.6449,53.0894,96.6966,198.4466,7,135,reorder_now
2011-12-09,22750,FELTCRAFT PRINCESS LOLA DOLL,1,SIM-SUP-07,136.0000,20.0000,19.0000,137.0000,9.7857,7.9479,7,95.00%,1.6449,34.5881,103.0881,171.5881,7,0,no_order_required
2011-12-09,22751,FELTCRAFT PRINCESS OLIVIA DOLL,1,SIM-SUP-12,114.0000,0.0000,12.0000,102.0000,4.9286,4.7654,10,95.00%,1.6449,24.7872,74.0729,108.5729,7,0,no_order_required
2011-12-09,22752,SET 7 BABUSHKA NESTING BOXES,1,SIM-SUP-06,100.0000,0.0000,3.0000,97.0000,14.2500,21.3083,7,95.00%,1.6449,92.7311,192.4811,292.2311,7,196,reorder_now
2011-12-09,22753,SMALL YELLOW BABUSHKA NOTEBOOK,1,SIM-SUP-09,144.0000,36.0000,8.0000,172.0000,13.4643,16.4826,14,95.00%,1.6449,101.4420,289.9420,384.1920,7,213,reorder_now
2011-12-09,22754,SMALL RED BABUSHKA NOTEBOOK,1,SIM-SUP-09,71.0000,0.0000,10.0000,61.0000,27.9286,56.0911,7,95.00%,1.6449,244.1013,439.6013,635.1013,7,575,reorder_now
2011-12-09,22755,SMALL PURPLE BABUSHKA NOTEBOOK,1,SIM-SUP-02,67.0000,0.0000,10.0000,57.0000,20.1429,42.1314,7,95.00%,1.6449,183.3503,324.3503,465.3503,7,409,reorder_now
2011-12-09,22756,LARGE YELLOW BABUSHKA NOTEBOOK,1,SIM-SUP-03,20.0000,0.0000,1.0000,19.0000,8.0357,17.3442,14,95.00%,1.6449,106.7443,219.2443,275.4943,7,257,reorder_now
2011-12-09,22757,LARGE RED BABUSHKA NOTEBOOK,1,SIM-SUP-01,17.0000,0.0000,2.0000,15.0000,15.4643,36.7029,3,95.00%,1.6449,104.5656,150.9584,259.2084,7,245,reorder_now
2011-12-09,22758,LARGE PURPLE BABUSHKA NOTEBOOK,1,SIM-SUP-05,56.0000,0.0000,1.0000,55.0000,20.4286,53.1322,14,95.00%,1.6449,327.0010,613.0010,756.0010,7,702,reorder_now
2011-12-09,22759,check,1,SIM-SUP-01,59.0000,0.0000,7.0000,52.0000,20.1071,39.5026,10,95.00%,1.6449,205.4720,406.5434,547.2934,7,496,reorder_now
2011-12-09,22760,"TRAY, BREAKFAST IN BED",1,SIM-SUP-12,2.0000,0.0000,0.0000,2.0000,0.0000,0.0000,10,95.00%,1.6449,0.0000,0.0000,0.0000,7,0,no_order_required
2011-12-09,22761,CHEST 7 DRAWER MA CAMPAGNE,1,SIM-SUP-01,1.0000,0.0000,0.0000,1.0000,0.1429,0.4403,10,95.00%,1.6449,2.2903,3.7189,4.7189,7,4,reorder_now
2011-12-09,22762,CUPBOARD 3 DRAWER MA CAMPAGNE,1,SIM-SUP-07,6.0000,0.0000,1.0000,5.0000,0.5357,1.1175,5,95.00%,1.6449,4.1100,6.7886,10.5386,7,6,reorder_now
2011-12-09,22763,KEY CABINET MA CAMPAGNE,1,SIM-SUP-09,13.0000,2.0000,2.0000,13.0000,1.0357,1.8416,14,95.00%,1.6449,11.3342,25.8342,33.0842,7,21,reorder_now
2011-12-09,22765,NEWSPAPER STAND,1,SIM-SUP-01,3.0000,0.0000,0.0000,3.0000,0.0000,0.0000,14,95.00%,1.6449,0.0000,0.0000,0.0000,7,0,no_order_required
2011-12-09,22766,PHOTO FRAME CORNICE,1,SIM-SUP-06,108.0000,0.0000,6.0000,102.0000,6.1786,7.1317,10,95.00%,1.6449,37.0954,98.8811,142.1311,7,0,no_order_required
2011-12-09,22767,TRIPLE PHOTO FRAME CORNICE,1,SIM-SUP-07,7.0000,0.0000,0.0000,7.0000,1.6429,2.7930,5,95.00%,1.6449,10.2728,18.4871,29.9871,7,23,reorder_now
2011-12-09,22768,FAMILY PHOTO FRAME CORNICE,1,SIM-SUP-12,25.0000,0.0000,1.0000,24.0000,3.6071,5.0024,7,95.00%,1.6449,21.7699,47.0199,72.2699,7,49,reorder_now
2011-12-09,22769,CHALKBOARD KITCHEN ORGANISER,1,SIM-SUP-11,1.0000,0.0000,0.0000,1.0000,0.0000,0.0000,3,95.00%,1.6449,0.0000,0.0000,0.0000,7,0,no_order_required
2011-12-09,22770,MIRROR CORNICE,1,SIM-SUP-01,3.0000,0.0000,0.0000,3.0000,0.2143,0.6186,14,95.00%,1.6449,3.8071,6.8071,8.3071,7,6,reorder_now
2011-12-09,22771,CLEAR DRAWER KNOB ACRYLIC EDWARDIAN,1,SIM-SUP-05,293.0000,0.0000,43.0000,250.0000,11.0357,15.3634,14,95.00%,1.6449,94.5538,249.0538,326.3038,7,0,no_order_required
2011-12-09,22772,PINK DRAWER KNOB ACRYLIC EDWARDIAN,1,SIM-SUP-10,54.0000,0.0000,0.0000,54.0000,7.0714,13.5196,14,95.00%,1.6449,83.2063,182.2063,231.7063,7,178,reorder_now
2011-12-09,22773,GREEN DRAWER KNOB ACRYLIC EDWARDIAN,1,SIM-SUP-08,10.0000,0.0000,0.0000,10.0000,3.5000,6.2249,7,95.00%,1.6449,27.0902,51.5902,76.0902,7,67,reorder_now
2011-12-09,22774,RED DRAWER KNOB ACRYLIC EDWARDIAN,1,SIM-SUP-12,39.0000,0.0000,5.0000,34.0000,4.3571,10.5804,10,95.00%,1.6449,55.0335,98.6050,129.1050,7,96,reorder_now
2011-12-09,22775,PURPLE DRAWERKNOB ACRYLIC EDWARDIAN,1,SIM-SUP-05,40.0000,34.0000,5.0000,69.0000,11.2500,19.7459,14,95.00%,1.6449,121.5259,279.0259,357.7759,7,289,reorder_now
2011-12-09,22776,SWEETHEART 3 TIER CAKE STAND,1,SIM-SUP-03,26.0000,0.0000,3.0000,23.0000,2.7857,3.1323,14,95.00%,1.6449,19.2776,58.2776,77.7776,7,55,reorder_now
2011-12-09,22777,GLASS CLOCHE LARGE,1,SIM-SUP-04,1.0000,0.0000,0.0000,1.0000,0.0000,0.0000,5,95.00%,1.6449,0.0000,0.0000,0.0000,7,0,no_order_required
2011-12-09,22778,GLASS CLOCHE SMALL,1,SIM-SUP-09,4.0000,0.0000,0.0000,4.0000,0.4643,1.2095,3,95.00%,1.6449,3.4460,4.8388,8.0888,7,5,reorder_now
2011-12-09,22779,WOODEN OWLS LIGHT GARLAND,1,SIM-SUP-04,17.0000,0.0000,2.0000,15.0000,3.0357,3.8124,14,95.00%,1.6449,23.4634,65.9634,87.2134,7,73,reorder_now
2011-12-09,22780,LIGHT GARLAND BUTTERFILES PINK,1,SIM-SUP-05,12.0000,0.0000,1.0000,11.0000,3.0714,3.7026,3,95.00%,1.6449,10.5486,19.7629,41.2629,7,31,reorder_now
2011-12-09,22781,GUMBALL MAGAZINE RACK,1,SIM-SUP-11,30.0000,0.0000,0.0000,30.0000,2.0357,2.0956,10,95.00%,1.6449,10.9003,31.2574,45.5074,7,16,reorder_now
2011-12-09,22782,SET 3 WICKER STORAGE BASKETS,1,SIM-SUP-06,2.0000,1.0000,0.0000,3.0000,0.4286,0.8631,3,95.00%,1.6449,2.4589,3.7446,6.7446,7,4,reorder_now
2011-12-09,22783,UNKNOWN,1,SIM-SUP-05,1.0000,0.0000,0.0000,1.0000,0.0000,0.0000,7,95.00%,1.6449,0.0000,0.0000,0.0000,7,0,no_order_required
2011-12-09,22784,LANTERN CREAM GAZEBO,1,SIM-SUP-01,21.0000,0.0000,2.0000,19.0000,5.5714,7.3554,5,95.00%,1.6449,27.0532,54.9104,93.9104,7,75,reorder_now
2011-12-09,22785,SQUARECUSHION COVER PINK UNION JACK,1,SIM-SUP-11,3.0000,0.0000,0.0000,3.0000,4.5357,12.9104,3,95.00%,1.6449,36.7812,50.3884,82.1384,7,80,reorder_now
2011-12-09,22786,CUSHION COVER PINK UNION JACK,1,SIM-SUP-05,9.0000,0.0000,0.0000,9.0000,0.7500,2.2619,10,95.00%,1.6449,11.7651,19.2651,24.5151,7,16,reorder_now
2011-12-09,22788,BROCANTE COAT RACK,1,SIM-SUP-04,2.0000,0.0000,0.0000,2.0000,0.0000,0.0000,5,95.00%,1.6449,0.0000,0.0000,0.0000,7,0,no_order_required
2011-12-09,22789,T-LIGHT HOLDER SWEETHEART HANGING,1,SIM-SUP-08,7.0000,0.0000,1.0000,6.0000,0.9643,1.8609,5,95.00%,1.6449,6.8445,11.6659,18.4159,7,13,reorder_now
2011-12-09,22791,T-LIGHT GLASS FLUTED ANTIQUE,1,SIM-SUP-10,94.0000,0.0000,12.0000,82.0000,46.6071,46.4045,5,95.00%,1.6449,170.6761,403.7118,729.9618,7,648,reorder_now
2011-12-09,22792,FLUTED ANTIQUE CANDLE HOLDER,1,SIM-SUP-11,62.0000,0.0000,3.0000,59.0000,32.5000,40.8119,10,95.00%,1.6449,212.2822,537.2822,764.7822,7,706,reorder_now
2011-12-09,22794,SWEETHEART WIRE MAGAZINE RACK,1,SIM-SUP-08,8.0000,1.0000,1.0000,8.0000,0.4643,0.7311,7,95.00%,1.6449,3.1815,6.4315,9.6815,7,0,no_order_required
2011-12-09,22795,SWEETHEART RECIPE BOOK STAND,1,SIM-SUP-03,31.0000,17.0000,5.0000,43.0000,6.4643,6.6035,10,95.00%,1.6449,34.3479,98.9907,144.2407,7,102,reorder_now
2011-12-09,22796,PHOTO FRAME 3 CLASSIC HANGING,1,SIM-SUP-05,9.0000,1.0000,0.0000,10.0000,2.0357,3.7936,3,95.00%,1.6449,10.8079,16.9151,31.1651,7,22,reorder_now
2011-12-09,22797,CHEST OF DRAWERS GINGHAM HEART,1,SIM-SUP-08,5.0000,0.0000,0.0000,5.0000,0.5357,1.6793,3,95.00%,1.6449,4.7844,6.3915,10.1415,7,6,reorder_now
2011-12-09,22798,ANTIQUE GLASS DRESSING TABLE POT,1,SIM-SUP-09,45.0000,36.0000,0.0000,81.0000,11.6429,17.6640,14,95.00%,1.6449,108.7124,271.7124,353.2124,7,273,reorder_now
2011-12-09,22799,SWEETHEART WIRE FRUIT BOWL,1,SIM-SUP-04,8.0000,0.0000,1.0000,7.0000,1.4286,3.6098,14,95.00%,1.6449,22.2164,42.2164,52.2164,7,46,reorder_now
2011-12-09,22800,ANTIQUE TALL SWIRLGLASS TRINKET POT,1,SIM-SUP-01,21.0000,10.0000,1.0000,30.0000,3.5000,3.9415,7,95.00%,1.6449,17.1531,41.6531,66.1531,7,37,reorder_now
2011-12-09,22801,ANTIQUE GLASS PEDESTAL BOWL,1,SIM-SUP-10,65.0000,0.0000,7.0000,58.0000,5.5357,7.9484,14,95.00%,1.6449,48.9183,126.4183,165.1683,7,108,reorder_now
2011-12-09,22802,FAUX FUR CHOCOLATE THROW,1,SIM-SUP-09,4.0000,0.0000,0.0000,4.0000,0.8929,2.3955,7,95.00%,1.6449,10.4250,16.6750,22.9250,7,19,reorder_now
2011-12-09,22804,PINK HANGING HEART T-LIGHT HOLDER,1,SIM-SUP-04,46.0000,37.0000,2.0000,81.0000,28.3929,84.6553,10,95.00%,1.6449,440.3333,724.2619,923.0119,7,843,reorder_now
2011-12-09,22805,BLUE DRAWER KNOB ACRYLIC EDWARDIAN,1,SIM-SUP-01,18.0000,0.0000,3.0000,15.0000,3.5000,7.8125,5,95.00%,1.6449,28.7345,46.2345,70.7345,7,56,reorder_now
2011-12-09,22806,SET OF 6 T-LIGHTS WEDDING CAKE,1,SIM-SUP-07,9.0000,4.0000,1.0000,12.0000,3.0000,7.7736,14,95.00%,1.6449,47.8423,89.8423,110.8423,7,99,reorder_now
2011-12-09,22807,SET OF 6 T-LIGHTS TOADSTOOLS,1,SIM-SUP-09,8.0000,0.0000,0.0000,8.0000,5.6071,8.2477,5,95.00%,1.6449,30.3350,58.3707,97.6207,7,90,reorder_now
2011-12-09,22808,SET OF 6 T-LIGHTS EASTER CHICKS,1,SIM-SUP-10,2.0000,1.0000,0.0000,3.0000,1.0000,3.3488,14,95.00%,1.6449,20.6100,34.6100,41.6100,7,39,reorder_now
2011-12-09,22809,SET OF 6 T-LIGHTS SANTA,1,SIM-SUP-12,81.0000,0.0000,5.0000,76.0000,14.2500,19.8560,7,95.00%,1.6449,86.4106,186.1606,285.9106,7,210,reorder_now
2011-12-09,22810,SET OF 6 T-LIGHTS SNOWMEN,1,SIM-SUP-02,55.0000,0.0000,2.0000,53.0000,8.7500,15.3800,7,95.00%,1.6449,66.9319,128.1819,189.4319,7,137,reorder_now
2011-12-09,22811,SET OF 6 T-LIGHTS CACTI,1,SIM-SUP-02,27.0000,0.0000,0.0000,27.0000,11.7857,31.1899,7,95.00%,1.6449,135.7346,218.2346,300.7346,7,274,reorder_now
2011-12-09,22812,PACK 3 BOXES CHRISTMAS PANETTONE,1,SIM-SUP-07,15.0000,0.0000,1.0000,14.0000,4.9286,12.4869,5,95.00%,1.6449,45.9270,70.5698,105.0698,7,92,reorder_now
2011-12-09,22813,PACK 3 BOXES BIRD PANETTONE,1,SIM-SUP-01,21.0000,0.0000,3.0000,18.0000,8.5714,19.9793,3,95.00%,1.6449,56.9205,82.6348,142.6348,7,125,reorder_now
2011-12-09,22814,CARD PARTY GAMES,1,SIM-SUP-07,31.0000,0.0000,5.0000,26.0000,12.5000,28.3467,3,95.00%,1.6449,80.7589,118.2589,205.7589,7,180,reorder_now
2011-12-09,22815,CARD PSYCHEDELIC APPLES,1,SIM-SUP-11,18.0000,7.0000,3.0000,22.0000,9.1429,10.5143,3,95.00%,1.6449,29.9550,57.3836,121.3836,7,100,reorder_now
2011-12-09,22816,CARD MOTORBIKE SANTA,1,SIM-SUP-01,117.0000,36.0000,13.0000,140.0000,41.2143,30.2151,3,95.00%,1.6449,86.0820,209.7249,498.2249,7,359,reorder_now
2011-12-09,22817,CARD SUKI BIRTHDAY,1,SIM-SUP-12,33.0000,0.0000,2.0000,31.0000,9.2857,14.2148,7,95.00%,1.6449,61.8611,126.8611,191.8611,7,161,reorder_now
2011-12-09,22818,CARD CHRISTMAS VILLAGE,1,SIM-SUP-03,93.0000,0.0000,0.0000,93.0000,42.1786,50.5195,3,95.00%,1.6449,143.9285,270.4642,565.7142,7,473,reorder_now
2011-12-09,22819,"BIRTHDAY CARD, RETRO SPOT",1,SIM-SUP-03,57.0000,5.0000,1.0000,61.0000,11.4643,17.1162,5,95.00%,1.6449,62.9533,120.2748,200.5248,7,140,reorder_now
2011-12-09,22820,GIFT BAG BIRTHDAY,1,SIM-SUP-01,5.0000,0.0000,0.0000,5.0000,0.5714,2.2429,7,95.00%,1.6449,9.7608,13.7608,17.7608,7,13,reorder_now
2011-12-09,22821,GIFT BAG PSYCHEDELIC APPLES,1,SIM-SUP-06,18.0000,2.0000,0.0000,20.0000,4.3214,6.4423,5,95.00%,1.6449,23.6950,45.3021,75.5521,7,56,reorder_now
2011-12-09,22822,CREAM WALL PLANTER HEART SHAPED,1,SIM-SUP-09,3.0000,0.0000,0.0000,3.0000,0.3929,0.9761,5,95.00%,1.6449,3.5902,5.5545,8.3045,7,6,reorder_now
2011-12-09,22824,3 TIER SWEETHEART GARDEN SHELF,1,SIM-SUP-01,2.0000,0.0000,0.0000,2.0000,0.0357,0.1856,14,95.00%,1.6449,1.1421,1.6421,1.8921,7,0,no_order_required
2011-12-09,22825,DECORATIVE PLANT POT WITH FRIEZE,1,SIM-SUP-11,2.0000,0.0000,0.0000,2.0000,0.0714,0.2575,5,95.00%,1.6449,0.9472,1.3044,1.8044,7,0,no_order_required
2011-12-09,22826,LOVE SEAT ANTIQUE WHITE METAL,1,SIM-SUP-02,8.0000,0.0000,0.0000,8.0000,0.3929,1.3185,10,95.00%,1.6449,6.8583,10.7869,13.5369,7,6,reorder_now
2011-12-09,22827,RUSTIC SEVENTEEN DRAWER SIDEBOARD,1,SIM-SUP-01,3.0000,0.0000,0.0000,3.0000,0.1786,0.7585,10,95.00%,1.6449,3.9451,5.7308,6.9808,7,4,reorder_now
2011-12-09,22829,SWEETHEART WIRE WALL TIDY,1,SIM-SUP-10,3.0000,0.0000,0.0000,3.0000,0.0000,0.0000,10,95.00%,1.6449,0.0000,0.0000,0.0000,7,0,no_order_required
2011-12-09,22831,WHITE BROCANTE SOAP DISH,1,SIM-SUP-01,16.0000,0.0000,2.0000,14.0000,1.2500,2.6942,14,95.00%,1.6449,16.5816,34.0816,42.8316,7,29,reorder_now
2011-12-09,22832,BROCANTE SHELF WITH HOOKS,1,SIM-SUP-08,5.0000,0.0000,0.0000,5.0000,0.6786,1.8908,5,95.00%,1.6449,6.9545,10.3474,15.0974,7,11,reorder_now
2011-12-09,22834,HAND WARMER BABUSHKA DESIGN,1,SIM-SUP-11,54.0000,0.0000,1.0000,53.0000,6.5714,7.7526,5,95.00%,1.6449,28.5139,61.3711,107.3711,7,55,reorder_now
2011-12-09,22835,HOT WATER BOTTLE I AM SO POORLY,1,SIM-SUP-02,311.0000,0.0000,25.0000,286.0000,33.0357,23.3184,10,95.00%,1.6449,121.2904,451.6475,682.8975,7,397,reorder_now
2011-12-09,22837,UNKNOWN,1,SIM-SUP-02,1.0000,0.0000,0.0000,1.0000,0.0000,0.0000,3,95.00%,1.6449,0.0000,0.0000,0.0000,7,0,no_order_required
2011-12-09,22838,3 TIER CAKE TIN RED AND CREAM,1,SIM-SUP-07,19.0000,0.0000,2.0000,17.0000,3.1786,9.4870,7,95.00%,1.6449,41.2864,63.5364,85.7864,7,69,reorder_now
2011-12-09,22839,3 TIER CAKE TIN GREEN AND CREAM,1,SIM-SUP-03,6.0000,0.0000,0.0000,6.0000,1.4286,2.1783,10,95.00%,1.6449,11.3303,25.6160,35.6160,7,30,reorder_now
2011-12-09,22840,ROUND CAKE TIN VINTAGE RED,1,SIM-SUP-10,51.0000,0.0000,2.0000,49.0000,1.6786,2.6057,14,95.00%,1.6449,16.0366,39.5366,51.2866,7,0,no_order_required
2011-12-09,22841,ROUND CAKE TIN VINTAGE GREEN,1,SIM-SUP-04,6.0000,1.0000,0.0000,7.0000,0.7143,1.1294,3,95.00%,1.6449,3.2176,5.3604,10.3604,7,0,no_order_required
2011-12-09,22842,BISCUIT TIN VINTAGE RED,1,SIM-SUP-03,7.0000,0.0000,0.0000,7.0000,0.9286,2.3894,7,95.00%,1.6449,10.3983,16.8983,23.3983,7,17,reorder_now
2011-12-09,22843,BISCUIT TIN VINTAGE GREEN,1,SIM-SUP-04,4.0000,0.0000,0.0000,4.0000,0.3214,0.6008,14,95.00%,1.6449,3.6977,8.1977,10.4477,7,7,reorder_now
2011-12-09,22844,VINTAGE CREAM DOG FOOD CONTAINER,1,SIM-SUP-10,16.0000,0.0000,2.0000,14.0000,3.2143,3.8019,7,95.00%,1.6449,16.5452,39.0452,61.5452,7,48,reorder_now
2011-12-09,22845,VINTAGE CREAM CAT FOOD CONTAINER,1,SIM-SUP-02,22.0000,0.0000,3.0000,19.0000,2.8214,3.6258,5,95.00%,1.6449,13.3358,27.4430,47.1930,7,29,reorder_now
2011-12-09,22846,BREAD BIN DINER STYLE RED,1,SIM-SUP-07,11.0000,0.0000,1.0000,10.0000,2.5714,3.5600,7,95.00%,1.6449,15.4926,33.4926,51.4926,7,42,reorder_now
2011-12-09,22847,BREAD BIN DINER STYLE IVORY,1,SIM-SUP-11,81.0000,0.0000,8.0000,73.0000,2.8571,2.4159,14,95.00%,1.6449,14.8688,54.8688,74.8688,7,0,no_order_required
2011-12-09,22848,AMAZON,1,SIM-SUP-12,1.0000,0.0000,0.0000,1.0000,0.0357,0.1856,3,95.00%,1.6449,0.5287,0.6358,0.8858,7,0,no_order_required
2011-12-09,22849,BREAD BIN DINER STYLE MINT,1,SIM-SUP-04,1.0000,0.0000,0.0000,1.0000,0.0000,0.0000,7,95.00%,1.6449,0.0000,0.0000,0.0000,7,0,no_order_required
2011-12-09,22851,SET 20 NAPKINS FAIRY CAKES DESIGN,1,SIM-SUP-05,35.0000,1.0000,3.0000,33.0000,7.1071,12.0099,3,95.00%,1.6449,34.2159,55.5374,105.2874,7,73,reorder_now
2011-12-09,22852,DOG BOWL VINTAGE CREAM,1,SIM-SUP-06,7.0000,0.0000,1.0000,6.0000,1.6786,3.4647,7,95.00%,1.6449,15.0777,26.8277,38.5777,7,33,reorder_now
2011-12-09,22853,CAT BOWL VINTAGE CREAM,1,SIM-SUP-09,10.0000,0.0000,0.0000,10.0000,2.0357,4.4919,5,95.00%,1.6449,16.5213,26.6999,40.9499,7,31,reorder_now
2011-12-09,22854,CREAM SWEETHEART EGG HOLDER,1,SIM-SUP-12,0.0000,0.0000,0.0000,0.0000,0.0000,0.0000,5,95.00%,1.6449,0.0000,0.0000,0.0000,7,0,no_order_required
2011-12-09,22855,FINE WICKER HEART,1,SIM-SUP-11,1.0000,0.0000,0.0000,1.0000,0.0000,0.0000,3,95.00%,1.6449,0.0000,0.0000,0.0000,7,0,no_order_required
2011-12-09,22857,ASSORTED EASTER GIFT TAGS,1,SIM-SUP-02,1.0000,0.0000,0.0000,1.0000,0.0000,0.0000,5,95.00%,1.6449,0.0000,0.0000,0.0000,7,0,no_order_required
2011-12-09,22858,EASTER TIN KEEPSAKE,1,SIM-SUP-05,1.0000,0.0000,0.0000,1.0000,0.0000,0.0000,3,95.00%,1.6449,0.0000,0.0000,0.0000,7,0,no_order_required
2011-12-09,22859,EASTER TIN BUNNY BOUQUET,1,SIM-SUP-06,1.0000,0.0000,0.0000,1.0000,0.4286,2.2269,7,95.00%,1.6449,9.6913,12.6913,15.6913,7,15,reorder_now
2011-12-09,22860,EASTER TIN CHICKS PINK DAISY,1,SIM-SUP-08,1.0000,0.0000,0.0000,1.0000,0.2143,1.1135,3,95.00%,1.6449,3.1722,3.8151,5.3151,7,5,reorder_now
2011-12-09,22861,EASTER TIN CHICKS IN GARDEN,1,SIM-SUP-01,4.0000,0.0000,0.0000,4.0000,0.0000,0.0000,14,95.00%,1.6449,0.0000,0.0000,0.0000,7,0,no_order_required
2011-12-09,22862,LOVE HEART NAPKIN BOX,1,SIM-SUP-04,1.0000,0.0000,0.0000,1.0000,0.0000,0.0000,7,95.00%,1.6449,0.0000,0.0000,0.0000,7,0,no_order_required
2011-12-09,22863,SOAP DISH BROCANTE,1,SIM-SUP-11,7.0000,0.0000,0.0000,7.0000,1.2857,3.9538,7,95.00%,1.6449,17.2065,26.2065,35.2065,7,29,reorder_now
2011-12-09,22865,HAND WARMER OWL DESIGN,1,SIM-SUP-03,235.0000,0.0000,7.0000,228.0000,77.7143,69.4323,5,95.00%,1.6449,255.3724,643.9438,1187.9438,7,960,reorder_now
2011-12-09,22866,HAND WARMER SCOTTY DOG DESIGN,1,SIM-SUP-02,361.0000,0.0000,52.0000,309.0000,58.1071,62.8998,10,95.00%,1.6449,327.1722,908.2436,1314.9936,7,1006,reorder_now
2011-12-09,22867,HAND WARMER BIRD DESIGN,1,SIM-SUP-02,266.0000,0.0000,10.0000,256.0000,55.0714,59.0750,7,95.00%,1.6449,257.0868,642.5868,1028.0868,7,773,reorder_now
2011-12-09,22869,NUMBER TILE COTTAGE GARDEN 1,1,SIM-SUP-03,2.0000,1.0000,0.0000,3.0000,0.0714,0.2575,10,95.00%,1.6449,1.3396,2.0539,2.5539,7,0,no_order_required
2011-12-09,22870,NUMBER TILE COTTAGE GARDEN 2,1,SIM-SUP-05,5.0000,1.0000,0.0000,6.0000,0.0357,0.1856,14,95.00%,1.6449,1.1421,1.6421,1.8921,7,0,no_order_required
2011-12-09,22872,NUMBER TILE COTTAGE GARDEN 4,1,SIM-SUP-12,2.0000,0.0000,0.0000,2.0000,0.1071,0.3093,7,95.00%,1.6449,1.3460,2.0960,2.8460,7,1,reorder_now
2011-12-09,22873,NUMBER TILE COTTAGE GARDEN 5,1,SIM-SUP-06,1.0000,0.0000,0.0000,1.0000,0.0357,0.1856,3,95.00%,1.6449,0.5287,0.6358,0.8858,7,0,no_order_required
2011-12-09,22878,NUMBER TILE COTTAGE GARDEN No,1,SIM-SUP-03,1.0000,0.0000,0.0000,1.0000,0.0357,0.1856,10,95.00%,1.6449,0.9653,1.3224,1.5724,7,1,reorder_now
2011-12-09,22880,NUMBER TILE VINTAGE FONT 1,1,SIM-SUP-07,0.0000,0.0000,0.0000,0.0000,0.0714,0.3712,3,95.00%,1.6449,1.0574,1.2717,1.7717,7,2,reorder_now
2011-12-09,22881,NUMBER TILE VINTAGE FONT 2,1,SIM-SUP-05,1.0000,0.0000,0.0000,1.0000,0.1071,0.4088,7,95.00%,1.6449,1.7789,2.5289,3.2789,7,3,reorder_now
2011-12-09,22882,NUMBER TILE VINTAGE FONT 3,1,SIM-SUP-05,1.0000,0.0000,0.0000,1.0000,0.1429,0.4403,5,95.00%,1.6449,1.6195,2.3338,3.3338,7,3,reorder_now
2011-12-09,22884,NUMBER TILE VINTAGE FONT 5,1,SIM-SUP-08,2.0000,0.0000,0.0000,2.0000,0.1786,0.5381,3,95.00%,1.6449,1.5330,2.0687,3.3187,7,2,reorder_now
2011-12-09,22890,NOVELTY BISCUITS CAKE STAND 3 TIER,1,SIM-SUP-12,2.0000,0.0000,0.0000,2.0000,1.2857,2.6303,7,95.00%,1.6449,11.4466,20.4466,29.4466,7,28,reorder_now
2011-12-09,22891,TEA FOR ONE POLKADOT,1,SIM-SUP-05,11.0000,8.0000,2.0000,17.0000,1.8214,2.1885,14,95.00%,1.6449,13.4691,38.9691,51.7191,7,35,reorder_now
2011-12-09,22892,SET OF SALT AND PEPPER TOADSTOOLS,1,SIM-SUP-11,4.0000,1.0000,0.0000,5.0000,0.2143,1.1135,5,95.00%,1.6449,4.0953,5.1667,6.6667,7,2,reorder_now
2011-12-09,22893,MINI CAKE STAND T-LIGHT HOLDER,1,SIM-SUP-12,3.0000,0.0000,0.0000,3.0000,2.0357,4.2635,7,95.00%,1.6449,18.5541,32.8041,47.0541,7,45,reorder_now
2011-12-09,22894,TABLECLOTH RED APPLES DESIGN,1,SIM-SUP-06,5.0000,0.0000,1.0000,4.0000,0.3571,1.5169,7,95.00%,1.6449,6.6014,9.1014,11.6014,7,8,reorder_now
2011-12-09,22895,SET OF 2 TEA TOWELS APPLE AND PEARS,1,SIM-SUP-01,78.0000,0.0000,6.0000,72.0000,4.3571,4.6462,10,95.00%,1.6449,24.1669,67.7383,98.2383,7,0,no_order_required
2011-12-09,22896,PEG BAG APPLES DESIGN,1,SIM-SUP-11,7.0000,0.0000,0.0000,7.0000,1.8571,2.6283,7,95.00%,1.6449,11.4382,24.4382,37.4382,7,31,reorder_now
2011-12-09,22897,OVEN MITT APPLES DESIGN,1,SIM-SUP-03,24.0000,0.0000,4.0000,20.0000,3.9286,5.6184,7,95.00%,1.6449,24.4505,51.9505,79.4505,7,60,reorder_now
2011-12-09,22898,CHILDRENS APRON APPLES DESIGN,1,SIM-SUP-05,152.0000,0.0000,21.0000,131.0000,11.7143,11.7226,10,95.00%,1.6449,60.9747,178.1176,260.1176,7,130,reorder_now
2011-12-09,22899,CHILDREN'S APRON DOLLY GIRL,1,SIM-SUP-07,113.0000,5.0000,15.0000,103.0000,11.8929,22.9165,7,95.00%,1.6449,99.7298,182.9798,266.2298,7,164,reorder_now
2011-12-09,22900,SET 2 TEA TOWELS I LOVE LONDON,1,SIM-SUP-11,123.0000,0.0000,13.0000,110.0000,11.1429,14.4931,10,95.00%,1.6449,75.3858,186.8144,264.8144,7,155,reorder_now
2011-12-09,22902,TOTE BAG I LOVE LONDON,1,SIM-SUP-12,10.0000,6.0000,0.0000,16.0000,4.0357,13.9219,10,95.00%,1.6449,72.4147,112.7718,141.0218,7,126,reorder_now
2011-12-09,22903,CALENDAR FAMILY FAVOURITES,1,SIM-SUP-06,7.0000,0.0000,1.0000,6.0000,1.5714,2.3819,14,95.00%,1.6449,14.6594,36.6594,47.6594,7,42,reorder_now
2011-12-09,22904,CALENDAR PAPER CUT DESIGN,1,SIM-SUP-10,5.0000,0.0000,0.0000,5.0000,0.5357,1.8221,3,95.00%,1.6449,5.1912,6.7983,10.5483,7,6,reorder_now
2011-12-09,22905,CALENDAR IN SEASON DESIGN,1,SIM-SUP-01,21.0000,0.0000,1.0000,20.0000,7.8929,13.7642,5,95.00%,1.6449,50.6247,90.0890,145.3390,7,126,reorder_now
2011-12-09,22906,12 MESSAGE CARDS WITH ENVELOPES,1,SIM-SUP-02,21.0000,0.0000,3.0000,18.0000,8.2857,15.2007,7,95.00%,1.6449,66.1515,124.1515,182.1515,7,165,reorder_now
2011-12-09,22907,PACK OF 20 NAPKINS PANTRY DESIGN,1,SIM-SUP-01,48.0000,21.0000,4.0000,65.0000,12.7500,20.1736,14,95.00%,1.6449,124.1579,302.6579,391.9079,7,327,reorder_now
2011-12-09,22908,PACK OF 20 NAPKINS RED APPLES,1,SIM-SUP-09,33.0000,0.0000,1.0000,32.0000,8.0714,18.1047,5,95.00%,1.6449,66.5892,106.9464,163.4464,7,132,reorder_now
2011-12-09,22909,SET OF 20 VINTAGE CHRISTMAS NAPKINS,1,SIM-SUP-10,160.0000,0.0000,2.0000,158.0000,77.3571,88.0613,3,95.00%,1.6449,250.8841,482.9556,1024.4556,7,867,reorder_now
2011-12-09,22910,PAPER CHAIN KIT VINTAGE CHRISTMAS,1,SIM-SUP-01,344.0000,0.0000,37.0000,307.0000,125.3571,98.0788,10,95.00%,1.6449,510.1551,1763.7265,2641.2265,7,2335,reorder_now
2011-12-09,22911,PAPER CHAIN KIT LONDON,1,SIM-SUP-01,7.0000,0.0000,0.0000,7.0000,4.1071,14.9459,3,95.00%,1.6449,42.5806,54.9020,83.6520,7,77,reorder_now
2011-12-09,22912,YELLOW COAT RACK PARIS FASHION,1,SIM-SUP-08,2.0000,0.0000,0.0000,2.0000,0.4286,1.1157,3,95.00%,1.6449,3.1787,4.4645,7.4645,7,6,reorder_now
2011-12-09,22913,RED COAT RACK PARIS FASHION,1,SIM-SUP-10,4.0000,0.0000,0.0000,4.0000,0.3929,0.7718,7,95.00%,1.6449,3.3587,6.1087,8.8587,7,5,reorder_now
2011-12-09,22914,BLUE COAT RACK PARIS FASHION,1,SIM-SUP-03,11.0000,0.0000,0.0000,11.0000,0.6071,0.9761,7,95.00%,1.6449,4.2479,8.4979,12.7479,7,0,no_order_required
2011-12-09,22915,ASSORTED BOTTLE TOP MAGNETS,1,SIM-SUP-06,64.0000,22.0000,4.0000,82.0000,24.4286,44.0596,7,95.00%,1.6449,191.7416,362.7416,533.7416,7,452,reorder_now
2011-12-09,22916,HERB MARKER THYME,1,SIM-SUP-09,28.0000,0.0000,2.0000,26.0000,3.8571,7.8636,7,95.00%,1.6449,34.2215,61.2215,88.2215,7,63,reorder_now
2011-12-09,22917,HERB MARKER ROSEMARY,1,SIM-SUP-04,24.0000,0.0000,1.0000,23.0000,4.2143,7.5893,7,95.00%,1.6449,33.0275,62.5275,92.0275,7,70,reorder_now
2011-12-09,22918,HERB MARKER PARSLEY,1,SIM-SUP-07,23.0000,0.0000,2.0000,21.0000,4.3571,7.9427,7,95.00%,1.6449,34.5657,65.0657,95.5657,7,75,reorder_now
2011-12-09,22919,HERB MARKER MINT,1,SIM-SUP-10,13.0000,0.0000,1.0000,12.0000,3.3929,7.4275,3,95.00%,1.6449,21.1606,31.3392,55.0892,7,44,reorder_now
2011-12-09,22920,HERB MARKER BASIL,1,SIM-SUP-10,23.0000,0.0000,1.0000,22.0000,4.0357,6.5492,7,95.00%,1.6449,28.5011,56.7511,85.0011,7,64,reorder_now
2011-12-09,22921,HERB MARKER CHIVES,1,SIM-SUP-05,8.0000,0.0000,1.0000,7.0000,3.2857,7.2990,5,95.00%,1.6449,26.8458,43.2744,66.2744,7,60,reorder_now
2011-12-09,22922,FRIDGE MAGNETS US DINER ASSORTED,1,SIM-SUP-02,5.0000,0.0000,1.0000,4.0000,7.0000,22.2293,7,95.00%,1.6449,96.7392,145.7392,194.7392,7,191,reorder_now
2011-12-09,22923,FRIDGE MAGNETS LES ENFANTS ASSORTED,1,SIM-SUP-08,11.0000,0.0000,1.0000,10.0000,7.3929,23.5756,3,95.00%,1.6449,67.1662,89.3448,141.0948,7,132,reorder_now
2011-12-09,22924,FRIDGE MAGNETS LA VIE EN ROSE,1,SIM-SUP-04,34.0000,0.0000,2.0000,32.0000,8.3571,22.1814,10,95.00%,1.6449,115.3763,198.9477,257.4477,7,226,reorder_now
2011-12-09,22925,AMAZON,1,SIM-SUP-09,1.0000,0.0000,0.0000,1.0000,0.0357,0.1856,14,95.00%,1.6449,1.1421,1.6421,1.8921,7,1,reorder_now
2011-12-09,22926,IVORY GIANT GARDEN THERMOMETER,1,SIM-SUP-11,4.0000,1.0000,0.0000,5.0000,0.0000,0.0000,14,95.00%,1.6449,0.0000,0.0000,0.0000,7,0,no_order_required
2011-12-09,22927,GREEN GIANT GARDEN THERMOMETER,1,SIM-SUP-01,2.0000,0.0000,0.0000,2.0000,0.0714,0.3712,10,95.00%,1.6449,1.9306,2.6448,3.1448,7,2,reorder_now
2011-12-09,22928,YELLOW GIANT GARDEN THERMOMETER,1,SIM-SUP-09,45.0000,0.0000,2.0000,43.0000,1.8571,2.2790,14,95.00%,1.6449,14.0261,40.0261,53.0261,7,0,no_order_required
2011-12-09,22930,BAKING MOULD HEART MILK CHOCOLATE,1,SIM-SUP-02,2.0000,0.0000,0.0000,2.0000,2.5714,9.1395,7,95.00%,1.6449,39.7740,57.7740,75.7740,7,74,reorder_now
2011-12-09,22931,BAKING MOULD HEART WHITE CHOCOLATE,1,SIM-SUP-04,3.0000,1.0000,0.0000,4.0000,0.8214,1.9649,3,95.00%,1.6449,5.5980,8.0623,13.8123,7,10,reorder_now
2011-12-09,22932,BAKING MOULD TOFFEE CUP CHOCOLATE,1,SIM-SUP-04,1.0000,0.0000,0.0000,1.0000,0.6071,1.6763,7,95.00%,1.6449,7.2950,11.5450,15.7950,7,15,reorder_now
2011-12-09,22933,BAKING MOULD EASTER EGG MILK CHOC,1,SIM-SUP-12,1.0000,0.0000,0.0000,1.0000,0.1071,0.4088,14,95.00%,1.6449,2.5158,4.0158,4.7658,7,4,reorder_now
2011-12-09,22934,BAKING MOULD EASTER EGG WHITE CHOC,1,SIM-SUP-03,1.0000,0.0000,0.0000,1.0000,0.0000,0.0000,5,95.00%,1.6449,0.0000,0.0000,0.0000,7,0,no_order_required
2011-12-09,22935,BAKING MOULD ROSE MILK CHOCOLATE,1,SIM-SUP-09,8.0000,0.0000,1.0000,7.0000,0.4286,1.2080,10,95.00%,1.6449,6.2832,10.5689,13.5689,7,7,reorder_now
2011-12-09,22936,BAKING MOULD ROSE WHITE CHOCOLATE,1,SIM-SUP-04,6.0000,0.0000,0.0000,6.0000,0.3929,0.8168,7,95.00%,1.6449,3.5544,6.3044,9.0544,7,4,reorder_now
2011-12-09,22937,BAKING MOULD CHOCOLATE CUPCAKES,1,SIM-SUP-04,10.0000,0.0000,1.0000,9.0000,0.6429,2.2554,14,95.00%,1.6449,13.8807,22.8807,27.3807,7,19,reorder_now
2011-12-09,22938,CUPCAKE LACE PAPER SET 6,1,SIM-SUP-09,48.0000,0.0000,7.0000,41.0000,10.3929,31.8673,14,95.00%,1.6449,196.1266,341.6266,414.3766,7,374,reorder_now
2011-12-09,22939,ADULT APRON APPLE DELIGHT,1,SIM-SUP-05,6.0000,0.0000,1.0000,5.0000,3.0000,9.3960,3,95.00%,1.6449,26.7691,35.7691,56.7691,7,52,reorder_now
2011-12-09,22940,FELTCRAFT CHRISTMAS FAIRY,1,SIM-SUP-02,85.0000,0.0000,10.0000,75.0000,9.3929,7.6174,7,95.00%,1.6449,33.1498,98.8998,164.6498,7,90,reorder_now
2011-12-09,22941,CHRISTMAS LIGHTS 10 REINDEER,1,SIM-SUP-04,183.0000,0.0000,16.0000,167.0000,16.3214,15.1022,10,95.00%,1.6449,78.5536,241.7679,356.0179,7,190,reorder_now
2011-12-09,22942,CHRISTMAS LIGHTS 10 SANTAS,1,SIM-SUP-05,57.0000,0.0000,5.0000,52.0000,7.2500,10.7392,5,95.00%,1.6449,39.4988,75.7488,126.4988,7,75,reorder_now
2011-12-09,22943,CHRISTMAS LIGHTS 10 VINTAGE BAUBLES,1,SIM-SUP-03,24.0000,0.0000,3.0000,21.0000,2.5000,4.7996,3,95.00%,1.6449,13.6738,21.1738,38.6738,7,18,reorder_now
2011-12-09,22944,CHRISTMAS METAL POSTCARD WITH BELLS,1,SIM-SUP-12,187.0000,32.0000,3.0000,216.0000,31.2857,48.2500,10,95.00%,1.6449,250.9715,563.8287,782.8287,7,567,reorder_now
2011-12-09,22945,CHRISTMAS METAL TAGS ASSORTED,1,SIM-SUP-01,150.0000,0.0000,22.0000,128.0000,15.7857,21.2424,14,95.00%,1.6449,130.7359,351.7359,462.2359,7,335,reorder_now
2011-12-09,22946,WOODEN ADVENT CALENDAR CREAM,1,SIM-SUP-11,14.0000,1.0000,2.0000,13.0000,1.6786,3.1742,5,95.00%,1.6449,11.6746,20.0674,31.8174,7,19,reorder_now
2011-12-09,22947,UNKNOWN,1,SIM-SUP-12,113.0000,0.0000,1.0000,112.0000,12.8571,18.0628,7,95.00%,1.6449,78.6071,168.6071,258.6071,7,147,reorder_now
2011-12-09,22948,METAL DECORATION NAUGHTY CHILDREN,1,SIM-SUP-08,11.0000,0.0000,1.0000,10.0000,7.9286,10.3162,7,95.00%,1.6449,44.8947,100.3947,155.8947,7,146,reorder_now
2011-12-09,22949,SET OF 36 DOLLY GIRL PAPER DOILIES,1,SIM-SUP-08,4.0000,2.0000,0.0000,6.0000,1.4643,3.2457,14,95.00%,1.6449,19.9755,40.4755,50.7255,7,45,reorder_now
2011-12-09,22950,36 DOILIES VINTAGE CHRISTMAS,1,SIM-SUP-03,3.0000,0.0000,0.0000,3.0000,0.0000,0.0000,10,95.00%,1.6449,0.0000,0.0000,0.0000,7,0,no_order_required
2011-12-09,22951,60 CAKE CASES DOLLY GIRL DESIGN,1,SIM-SUP-12,131.0000,0.0000,12.0000,119.0000,15.2143,29.0164,5,95.00%,1.6449,106.7226,182.7940,289.2940,7,171,reorder_now
2011-12-09,22952,60 CAKE CASES VINTAGE CHRISTMAS,1,SIM-SUP-07,194.0000,0.0000,14.0000,180.0000,129.3929,116.9210,3,95.00%,1.6449,333.1045,721.2830,1627.0330,7,1448,reorder_now
2011-12-09,22953,BIRTHDAY PARTY CORDON BARRIER TAPE,1,SIM-SUP-09,18.0000,0.0000,1.0000,17.0000,0.8929,2.3351,14,95.00%,1.6449,14.3715,26.8715,33.1215,7,17,reorder_now
2011-12-09,22954,HEN PARTY CORDON BARRIER TAPE,1,SIM-SUP-01,4.0000,0.0000,0.0000,4.0000,0.2500,0.9496,10,95.00%,1.6449,4.9395,7.4395,9.1895,7,6,reorder_now
2011-12-09,22955,36 FOIL STAR CAKE CASES,1,SIM-SUP-01,36.0000,0.0000,5.0000,31.0000,5.5000,10.8808,7,95.00%,1.6449,47.3521,85.8521,124.3521,7,94,reorder_now
2011-12-09,22956,36 FOIL HEART CAKE CASES,1,SIM-SUP-09,27.0000,5.0000,3.0000,29.0000,6.0714,13.3093,14,95.00%,1.6449,81.9119,166.9119,209.4119,7,181,reorder_now
2011-12-09,22957,SET 3 PAPER VINTAGE CHICK PAPER EGG,1,SIM-SUP-09,2.0000,0.0000,0.0000,2.0000,0.0000,0.0000,7,95.00%,1.6449,0.0000,0.0000,0.0000,7,0,no_order_required
2011-12-09,22959,WRAP CHRISTMAS VILLAGE,1,SIM-SUP-06,373.0000,0.0000,9.0000,364.0000,50.9286,97.3858,14,95.00%,1.6449,599.3589,1312.3589,1668.8589,7,1305,reorder_now
2011-12-09,22960,JAM MAKING SET WITH JARS,1,SIM-SUP-04,37.0000,0.0000,4.0000,33.0000,33.9286,43.5471,7,95.00%,1.6449,189.5116,427.0116,664.5116,7,632,reorder_now
2011-12-09,22961,JAM MAKING SET PRINTED,1,SIM-SUP-10,138.0000,0.0000,4.0000,134.0000,75.3214,130.5598,3,95.00%,1.6449,371.9610,597.9252,1125.1752,7,992,reorder_now
2011-12-09,22962,JAM JAR WITH PINK LID,1,SIM-SUP-01,89.0000,0.0000,12.0000,77.0000,5.0357,8.4027,14,95.00%,1.6449,51.7144,122.2144,157.4644,7,81,reorder_now
2011-12-09,22963,JAM JAR WITH GREEN LID,1,SIM-SUP-07,14.0000,2.0000,2.0000,14.0000,3.7500,7.3077,3,95.00%,1.6449,20.8193,32.0693,58.3193,7,45,reorder_now
2011-12-09,22964,3 PIECE SPACEBOY COOKIE CUTTER SET,1,SIM-SUP-09,91.0000,0.0000,1.0000,90.0000,7.9286,13.4773,10,95.00%,1.6449,70.1020,149.3877,204.8877,7,115,reorder_now
2011-12-09,22965,3 TRADITIONAl BISCUIT CUTTERS SET,1,SIM-SUP-12,11.0000,0.0000,0.0000,11.0000,6.3214,16.0692,5,95.00%,1.6449,59.1025,90.7096,134.9596,7,124,reorder_now
2011-12-09,22966,GINGERBREAD MAN COOKIE CUTTER,1,SIM-SUP-12,437.0000,0.0000,1.0000,436.0000,32.0714,34.9581,14,95.00%,1.6449,215.1487,664.1487,888.6487,7,453,reorder_now
2011-12-09,22967,SET 3 SONG BIRD PAPER EGGS ASSORTED,1,SIM-SUP-05,1.0000,0.0000,0.0000,1.0000,0.2143,1.1135,10,95.00%,1.6449,5.7917,7.9345,9.4345,7,9,reorder_now
2011-12-09,22968,ROSE COTTAGE KEEPSAKE BOX,1,SIM-SUP-02,7.0000,0.0000,0.0000,7.0000,1.1786,4.4325,7,95.00%,1.6449,19.2895,27.5395,35.7895,7,29,reorder_now
2011-12-09,22969,HOMEMADE JAM SCENTED CANDLES,1,SIM-SUP-06,59.0000,43.0000,4.0000,98.0000,21.6071,24.8011,7,95.00%,1.6449,107.9314,259.1814,410.4314,7,313,reorder_now
2011-12-09,22970,LONDON BUS COFFEE MUG,1,SIM-SUP-09,22.0000,0.0000,3.0000,19.0000,10.5357,12.3360,5,95.00%,1.6449,45.3719,98.0505,171.8005,7,153,reorder_now
2011-12-09,22971,QUEENS GUARD COFFEE MUG,1,SIM-SUP-11,35.0000,0.0000,5.0000,30.0000,6.8929,9.1548,7,95.00%,1.6449,39.8404,88.0904,136.3404,7,107,reorder_now
2011-12-09,22972,CHILDREN'S SPACEBOY MUG,1,SIM-SUP-08,56.0000,0.0000,6.0000,50.0000,4.3929,6.4550,14,95.00%,1.6449,39.7272,101.2272,131.9772,7,82,reorder_now
2011-12-09,22973,CHILDREN'S CIRCUS PARADE MUG,1,SIM-SUP-11,14.0000,0.0000,2.0000,12.0000,3.0357,9.2330,10,95.00%,1.6449,48.0254,78.3826,99.6326,7,88,reorder_now
2011-12-09,22974,CHILDRENS DOLLY GIRL MUG,1,SIM-SUP-08,25.0000,16.0000,0.0000,41.0000,3.3571,5.5241,10,95.00%,1.6449,28.7333,62.3048,85.8048,7,45,reorder_now
2011-12-09,22975,SPACEBOY CHILDRENS EGG CUP,1,SIM-SUP-07,20.0000,0.0000,1.0000,19.0000,2.7857,4.0914,10,95.00%,1.6449,21.2815,49.1386,68.6386,7,50,reorder_now
2011-12-09,22976,CIRCUS PARADE CHILDRENS EGG CUP,1,SIM-SUP-08,8.0000,3.0000,1.0000,10.0000,2.8571,5.6234,5,95.00%,1.6449,20.6828,34.9685,54.9685,7,45,reorder_now
2011-12-09,22977,DOLLY GIRL CHILDRENS EGG CUP,1,SIM-SUP-03,3.0000,0.0000,0.0000,3.0000,1.3214,2.7910,3,95.00%,1.6449,7.9514,11.9157,21.1657,7,19,reorder_now
2011-12-09,22978,PANTRY ROLLING PIN,1,SIM-SUP-03,11.0000,0.0000,1.0000,10.0000,2.7143,3.6436,3,95.00%,1.6449,10.3804,18.5232,37.5232,7,28,reorder_now
2011-12-09,22979,PANTRY WASHING UP BRUSH,1,SIM-SUP-08,61.0000,0.0000,1.0000,60.0000,12.2500,21.5152,3,95.00%,1.6449,61.2960,98.0460,183.7960,7,124,reorder_now
2011-12-09,22980,PANTRY SCRUBBING BRUSH,1,SIM-SUP-06,30.0000,7.0000,4.0000,33.0000,3.2857,5.7809,10,95.00%,1.6449,30.0691,62.9262,85.9262,7,53,reorder_now
2011-12-09,22981,PANTRY APPLE CORER,1,SIM-SUP-11,15.0000,0.0000,0.0000,15.0000,1.6786,3.3812,5,95.00%,1.6449,12.4360,20.8289,32.5789,7,18,reorder_now
2011-12-09,22982,PANTRY PASTRY BRUSH,1,SIM-SUP-10,28.0000,0.0000,0.0000,28.0000,4.0714,6.1871,5,95.00%,1.6449,22.7563,43.1134,71.6134,7,44,reorder_now
2011-12-09,22983,CARD BILLBOARD FONT,1,SIM-SUP-06,85.0000,0.0000,9.0000,76.0000,13.2500,12.0701,10,95.00%,1.6449,62.7825,195.2825,288.0325,7,213,reorder_now
2011-12-09,22984,CARD GINGHAM ROSE,1,SIM-SUP-11,10.0000,0.0000,1.0000,9.0000,4.4643,8.0155,3,95.00%,1.6449,22.8360,36.2289,67.4789,7,59,reorder_now
2011-12-09,22985,WRAP BILLBOARD FONTS DESIGN,1,SIM-SUP-07,22.0000,0.0000,2.0000,20.0000,5.3571,12.2422,10,95.00%,1.6449,63.6778,117.2492,154.7492,7,135,reorder_now
2011-12-09,22986,WRAP GINGHAM ROSE,1,SIM-SUP-08,13.0000,1.0000,2.0000,12.0000,6.2500,15.8466,5,95.00%,1.6449,58.2840,89.5340,133.2840,7,122,reorder_now
2011-12-09,22988,SOLDIERS EGG CUP,1,SIM-SUP-09,49.0000,0.0000,5.0000,44.0000,38.2857,68.9207,7,95.00%,1.6449,299.9341,567.9341,835.9341,7,792,reorder_now
2011-12-09,22989,SET 2 PANTRY DESIGN TEA TOWELS,1,SIM-SUP-11,20.0000,0.0000,0.0000,20.0000,4.2857,4.3822,7,95.00%,1.6449,19.0710,49.0710,79.0710,7,60,reorder_now
2011-12-09,22990,COTTON APRON PANTRY DESIGN,1,SIM-SUP-09,7.0000,0.0000,0.0000,7.0000,4.6071,14.6978,7,95.00%,1.6449,63.9628,96.2128,128.4628,7,122,reorder_now
2011-12-09,22991,GIRAFFE WOODEN RULER,1,SIM-SUP-11,38.0000,5.0000,1.0000,42.0000,11.2500,11.1375,3,95.00%,1.6449,31.7305,65.4805,144.2305,7,103,reorder_now
2011-12-09,22992,REVOLVER WOODEN RULER,1,SIM-SUP-04,354.0000,0.0000,37.0000,317.0000,26.2500,36.8672,14,95.00%,1.6449,226.8982,594.3982,778.1482,7,462,reorder_now
2011-12-09,22993,SET OF 4 PANTRY JELLY MOULDS,1,SIM-SUP-08,216.0000,0.0000,5.0000,211.0000,60.6786,59.9250,7,95.00%,1.6449,260.7860,685.5360,1110.2860,7,900,reorder_now
2011-12-09,22994,TRAVEL CARD WALLET RETROSPOT,1,SIM-SUP-03,73.0000,0.0000,8.0000,65.0000,10.7500,15.5738,7,95.00%,1.6449,67.7754,143.0254,218.2754,7,154,reorder_now
2011-12-09,22995,TRAVEL CARD WALLET SUKI,1,SIM-SUP-08,59.0000,0.0000,5.0000,54.0000,5.1786,6.0654,7,95.00%,1.6449,26.3960,62.6460,98.8960,7,45,reorder_now
2011-12-09,22996,TRAVEL CARD WALLET VINTAGE TICKET,1,SIM-SUP-08,95.0000,0.0000,2.0000,93.0000,15.3929,16.1031,5,95.00%,1.6449,59.2273,136.1916,243.9416,7,151,reorder_now
2011-12-09,22997,TRAVEL CARD WALLET UNION JACK,1,SIM-SUP-11,87.0000,0.0000,12.0000,75.0000,10.5000,17.2658,7,95.00%,1.6449,75.1385,148.6385,222.1385,7,148,reorder_now
2011-12-09,22998,TRAVEL CARD WALLET KEEP CALM,1,SIM-SUP-08,151.0000,0.0000,6.0000,145.0000,47.0000,99.9339,3,95.00%,1.6449,284.7087,425.7087,754.7087,7,610,reorder_now
2011-12-09,22999,TRAVEL CARD WALLET VINTAGE LEAF,1,SIM-SUP-10,90.0000,0.0000,4.0000,86.0000,7.7857,12.8128,14,95.00%,1.6449,78.8562,187.8562,242.3562,7,157,reorder_now
2011-12-09,23000,TRAVEL CARD WALLET TRANSPORT,1,SIM-SUP-09,35.0000,17.0000,5.0000,47.0000,8.5357,10.6217,5,95.00%,1.6449,39.0666,81.7452,141.4952,7,95,reorder_now
2011-12-09,23002,TRAVEL CARD WALLET SKULLS,1,SIM-SUP-12,16.0000,0.0000,1.0000,15.0000,8.2857,12.1504,3,95.00%,1.6449,34.6162,59.4733,117.4733,7,103,reorder_now
2011-12-09,23003,TRAVEL CARD WALLET VINTAGE ROSE,1,SIM-SUP-11,2.0000,0.0000,0.0000,2.0000,0.0000,0.0000,10,95.00%,1.6449,0.0000,0.0000,0.0000,7,0,no_order_required
2011-12-09,23004,TRAVEL CARD WALLET PANTRY,1,SIM-SUP-09,76.0000,0.0000,3.0000,73.0000,9.4286,13.8162,7,95.00%,1.6449,60.1264,126.1264,192.1264,7,120,reorder_now
2011-12-09,23005,TRAVEL CARD WALLET I LOVE LONDON,1,SIM-SUP-07,47.0000,0.0000,1.0000,46.0000,20.1429,28.8799,3,95.00%,1.6449,82.2781,142.7067,283.7067,7,238,reorder_now
2011-12-09,23006,TRAVEL CARD WALLET FLOWER MEADOW,1,SIM-SUP-02,12.0000,0.0000,1.0000,11.0000,2.9643,6.4669,7,95.00%,1.6449,28.1429,48.8929,69.6429,7,59,reorder_now
2011-12-09,23007,SPACEBOY BABY GIFT SET,1,SIM-SUP-08,12.0000,5.0000,0.0000,17.0000,2.1429,3.6909,14,95.00%,1.6449,22.7153,52.7153,67.7153,7,51,reorder_now
2011-12-09,23008,DOLLY GIRL BABY GIFT SET,1,SIM-SUP-12,8.0000,0.0000,1.0000,7.0000,0.9643,2.6388,5,95.00%,1.6449,9.7053,14.5268,21.2768,7,15,reorder_now
2011-12-09,23009,I LOVE LONDON BABY GIFT SET,1,SIM-SUP-06,9.0000,0.0000,1.0000,8.0000,1.6786,3.3600,3,95.00%,1.6449,9.5725,14.6082,26.3582,7,19,reorder_now
2011-12-09,23010,CIRCUS PARADE BABY GIFT SET,1,SIM-SUP-08,11.0000,1.0000,1.0000,11.0000,1.5357,3.3218,5,95.00%,1.6449,12.2176,19.8962,30.6462,7,20,reorder_now
2011-12-09,23012,GLASS APOTHECARY BOTTLE PERFUME,1,SIM-SUP-09,45.0000,0.0000,3.0000,42.0000,7.0714,9.4375,7,95.00%,1.6449,41.0708,90.5708,140.0708,7,99,reorder_now
2011-12-09,23013,GLASS APOTHECARY BOTTLE TONIC,1,SIM-SUP-09,58.0000,0.0000,6.0000,52.0000,6.9643,7.1787,7,95.00%,1.6449,31.2410,79.9910,128.7410,7,77,reorder_now
2011-12-09,23014,GLASS APOTHECARY BOTTLE ELIXIR,1,SIM-SUP-11,41.0000,0.0000,5.0000,36.0000,3.4643,4.9388,5,95.00%,1.6449,18.1649,35.4863,59.7363,7,0,no_order_required
2011-12-09,23020,GLASS SONGBIRD STORAGE JAR,1,SIM-SUP-04,8.0000,0.0000,0.0000,8.0000,0.7143,1.5779,7,95.00%,1.6449,6.8669,11.8669,16.8669,7,9,reorder_now
2011-12-09,23025,DRAWER KNOB VINTAGE GLASS BALL,1,SIM-SUP-07,10.0000,0.0000,1.0000,9.0000,1.2500,2.9353,5,95.00%,1.6449,10.7961,17.0461,25.7961,7,17,reorder_now
2011-12-09,23026,DRAWER KNOB VINTAGE GLASS STAR,1,SIM-SUP-05,8.0000,0.0000,1.0000,7.0000,1.1429,2.7866,3,95.00%,1.6449,7.9390,11.3676,19.3676,7,13,reorder_now
2011-12-09,23028,DRAWER KNOB CRACKLE GLAZE BLUE,1,SIM-SUP-08,2.0000,0.0000,0.0000,2.0000,0.0000,0.0000,10,95.00%,1.6449,0.0000,0.0000,0.0000,7,0,no_order_required
2011-12-09,23029,DRAWER KNOB CRACKLE GLAZE GREEN,1,SIM-SUP-12,13.0000,2.0000,1.0000,14.0000,4.7500,6.3394,3,95.00%,1.6449,18.0607,32.3107,65.5607,7,52,reorder_now
2011-12-09,23031,DRAWER KNOB CRACKLE GLAZE PINK,1,SIM-SUP-09,34.0000,8.0000,4.0000,38.0000,4.5000,6.6036,7,95.00%,1.6449,28.7379,60.2379,91.7379,7,54,reorder_now
2011-12-09,23032,DRAWER KNOB CRACKLE GLAZE IVORY,1,SIM-SUP-09,9.0000,0.0000,1.0000,8.0000,0.3571,1.1089,7,95.00%,1.6449,4.8257,7.3257,9.8257,7,0,no_order_required
2011-12-09,23033,DRAWER KNOB CERAMIC RED,1,SIM-SUP-07,27.0000,0.0000,4.0000,23.0000,2.5357,5.4280,10,95.00%,1.6449,28.2336,53.5907,71.3407,7,49,reorder_now
2011-12-09,23034,DRAWER KNOB CERAMIC BLACK,1,SIM-SUP-10,17.0000,0.0000,1.0000,16.0000,3.0714,6.6490,5,95.00%,1.6449,24.4550,39.8122,61.3122,7,46,reorder_now
2011-12-09,23035,DRAWER KNOB CERAMIC IVORY,1,SIM-SUP-01,98.0000,0.0000,12.0000,86.0000,14.6429,12.8681,14,95.00%,1.6449,79.1961,284.1961,386.6961,7,301,reorder_now
2011-12-09,23041,PAPER LANTERN 9 POINT SNOW STAR,1,SIM-SUP-06,11.0000,0.0000,0.0000,11.0000,1.5714,2.4702,5,95.00%,1.6449,9.0855,16.9427,27.9427,7,17,reorder_now
2011-12-09,23048,SET OF 10 LANTERNS FAIRY LIGHT STAR,1,SIM-SUP-03,7.0000,2.0000,1.0000,8.0000,1.0357,1.4756,3,95.00%,1.6449,4.2038,7.3110,14.5610,7,0,no_order_required
2011-12-09,23049,RECYCLED ACAPULCO MAT RED,1,SIM-SUP-05,10.0000,3.0000,1.0000,12.0000,0.7857,2.3958,14,95.00%,1.6449,14.7448,25.7448,31.2448,7,20,reorder_now
2011-12-09,23050,RECYCLED ACAPULCO MAT GREEN,1,SIM-SUP-09,5.0000,0.0000,0.0000,5.0000,0.5000,1.0856,5,95.00%,1.6449,3.9929,6.4929,9.9929,7,5,reorder_now
2011-12-09,23051,RECYCLED ACAPULCO MAT BLUE,1,SIM-SUP-09,3.0000,0.0000,0.0000,3.0000,0.3929,1.0467,14,95.00%,1.6449,6.4421,11.9421,14.6921,7,12,reorder_now
2011-12-09,23052,RECYCLED ACAPULCO MAT TURQUOISE,1,SIM-SUP-07,17.0000,0.0000,2.0000,15.0000,0.6786,1.1968,14,95.00%,1.6449,7.3659,16.8659,21.6159,7,7,reorder_now
2011-12-09,23053,RECYCLED ACAPULCO MAT PINK,1,SIM-SUP-07,7.0000,0.0000,0.0000,7.0000,0.3214,0.6576,10,95.00%,1.6449,3.4203,6.6346,8.8846,7,0,no_order_required
2011-12-09,23054,RECYCLED ACAPULCO MAT LAVENDER,1,SIM-SUP-04,2.0000,0.0000,0.0000,2.0000,0.2143,0.4897,5,95.00%,1.6449,1.8011,2.8725,4.3725,7,3,reorder_now
2011-12-09,23055,IVORY CHANDELIER T-LIGHT HOLDER,1,SIM-SUP-07,4.0000,4.0000,1.0000,7.0000,8.5714,31.5633,14,95.00%,1.6449,194.2559,314.2559,374.2559,7,368,reorder_now
2011-12-09,23056,FLOWERS CHANDELIER T-LIGHT HOLDER,1,SIM-SUP-06,10.0000,2.0000,1.0000,11.0000,8.6071,31.5542,10,95.00%,1.6449,164.1286,250.2001,310.4501,7,300,reorder_now
2011-12-09,23057,BEADED CHANDELIER T-LIGHT HOLDER,1,SIM-SUP-02,4.0000,2.0000,0.0000,6.0000,8.6071,31.5542,7,95.00%,1.6449,137.3199,197.5699,257.8199,7,252,reorder_now
2011-12-09,23060,HEART BEADED TRELLIS DECORATION,1,SIM-SUP-09,7.0000,1.0000,1.0000,7.0000,1.6429,3.4971,10,95.00%,1.6449,18.1900,34.6186,46.1186,7,40,reorder_now
2011-12-09,23061,VINTAGE EMBOSSED HEART,1,SIM-SUP-12,55.0000,0.0000,3.0000,52.0000,3.1429,5.2285,14,95.00%,1.6449,32.1784,76.1784,98.1784,7,47,reorder_now
2011-12-09,23065,LARGE DECO JEWELLERY STAND,1,SIM-SUP-07,1.0000,0.0000,0.0000,1.0000,0.0000,0.0000,3,95.00%,1.6449,0.0000,0.0000,0.0000,7,0,no_order_required
2011-12-09,23066,SMALL DECO JEWELLERY STAND,1,SIM-SUP-09,1.0000,0.0000,0.0000,1.0000,0.0000,0.0000,5,95.00%,1.6449,0.0000,0.0000,0.0000,7,0,no_order_required
2011-12-09,23067,HANGING ENGRAVED METAL HEART,1,SIM-SUP-06,11.0000,3.0000,1.0000,13.0000,1.0357,2.7187,7,95.00%,1.6449,11.8316,19.0816,26.3316,7,14,reorder_now
2011-12-09,23068,ALUMINIUM STAMPED HEART,1,SIM-SUP-07,17.0000,0.0000,0.0000,17.0000,3.1786,5.9224,5,95.00%,1.6449,21.7827,37.6756,59.9256,7,43,reorder_now
2011-12-09,23070,EDWARDIAN HEART PHOTO FRAME,1,SIM-SUP-09,1.0000,0.0000,0.0000,1.0000,0.5357,1.2095,5,95.00%,1.6449,4.4487,7.1273,10.8773,7,10,reorder_now
2011-12-09,23073,GEORGIAN TRINKET BOX,1,SIM-SUP-07,4.0000,0.0000,0.0000,4.0000,0.7143,2.3582,3,95.00%,1.6449,6.7185,8.8614,13.8614,7,10,reorder_now
2011-12-09,23075,PARLOUR CERAMIC WALL HOOK,1,SIM-SUP-04,11.0000,0.0000,1.0000,10.0000,2.5714,5.4079,14,95.00%,1.6449,33.2825,69.2825,87.2825,7,78,reorder_now
2011-12-09,23076,ICE CREAM SUNDAE LIP GLOSS,1,SIM-SUP-05,108.0000,73.0000,4.0000,177.0000,23.3214,30.4150,10,95.00%,1.6449,158.2034,391.4177,554.6677,7,378,reorder_now
2011-12-09,23077,DOUGHNUT LIP GLOSS,1,SIM-SUP-04,95.0000,0.0000,1.0000,94.0000,73.3571,113.8744,3,95.00%,1.6449,324.4247,544.4961,1057.9961,7,964,reorder_now
2011-12-09,23078,ICE CREAM PEN LIP GLOSS,1,SIM-SUP-10,193.0000,23.0000,11.0000,205.0000,29.8214,63.4508,10,95.00%,1.6449,330.0383,628.2526,837.0026,7,633,reorder_now
2011-12-09,23079,TOADSTOOL BEDSIDE LIGHT,1,SIM-SUP-10,31.0000,7.0000,4.0000,34.0000,1.8214,2.3154,14,95.00%,1.6449,14.2499,39.7499,52.4999,7,19,reorder_now
2011-12-09,23080,RED METAL BOX TOP SECRET,1,SIM-SUP-02,33.0000,0.0000,1.0000,32.0000,14.2143,32.7658,3,95.00%,1.6449,93.3488,135.9916,235.4916,7,204,reorder_now
2011-12-09,23081,GREEN METAL BOX ARMY SUPPLIES,1,SIM-SUP-07,23.0000,0.0000,2.0000,21.0000,4.2857,5.6370,14,95.00%,1.6449,34.6927,94.6927,124.6927,7,104,reorder_now
2011-12-09,23082,SET 6 PAPER TABLE LANTERN HEARTS,1,SIM-SUP-11,35.0000,0.0000,0.0000,35.0000,17.9643,17.6948,3,95.00%,1.6449,50.4119,104.3048,230.0548,7,196,reorder_now
2011-12-09,23083,SET 6 PAPER TABLE LANTERN STARS,1,SIM-SUP-11,106.0000,0.0000,9.0000,97.0000,18.9643,21.6967,5,95.00%,1.6449,79.8007,174.6222,307.3722,7,211,reorder_now
2011-12-09,23084,RABBIT NIGHT LIGHT,1,SIM-SUP-09,246.0000,54.0000,16.0000,284.0000,512.7500,581.2088,3,95.00%,1.6449,1655.8463,3194.0963,6783.3463,7,6500,reorder_now
2011-12-09,23085,ANTIQUE SILVER BAUBLE LAMP,1,SIM-SUP-11,8.0000,0.0000,0.0000,8.0000,3.8214,4.7363,5,95.00%,1.6449,17.4201,36.5272,63.2772,7,56,reorder_now
2011-12-09,23086,ZINC STAR T-LIGHT HOLDER,1,SIM-SUP-12,36.0000,13.0000,2.0000,47.0000,8.1071,27.1876,14,95.00%,1.6449,167.3257,280.8257,337.5757,7,291,reorder_now
2011-12-09,23087,ZINC HEART T-LIGHT HOLDER,1,SIM-SUP-08,11.0000,3.0000,1.0000,13.0000,2.2857,5.0204,5,95.00%,1.6449,18.4649,29.8935,45.8935,7,33,reorder_now
2011-12-09,23088,ZINC HEART FLOWER T-LIGHT HOLDER,1,SIM-SUP-01,5.0000,0.0000,0.0000,5.0000,2.5714,5.1577,5,95.00%,1.6449,18.9701,31.8272,49.8272,7,45,reorder_now
2011-12-09,23089,GLASS BON BON JAR,1,SIM-SUP-12,29.0000,0.0000,0.0000,29.0000,13.6429,21.1072,7,95.00%,1.6449,91.8560,187.3560,282.8560,7,254,reorder_now
2011-12-09,23090,VINTAGE GLASS T-LIGHT HOLDER,1,SIM-SUP-08,50.0000,0.0000,5.0000,45.0000,25.7143,39.6906,3,95.00%,1.6449,113.0774,190.2203,370.2203,7,326,reorder_now
2011-12-09,23091,ZINC HERB GARDEN CONTAINER,1,SIM-SUP-06,1.0000,0.0000,0.0000,1.0000,0.0000,0.0000,3,95.00%,1.6449,0.0000,0.0000,0.0000,7,0,no_order_required
2011-12-09,23092,LARGE ANTIQUE WHITE PHOTO FRAME,1,SIM-SUP-09,2.0000,0.0000,0.0000,2.0000,1.7143,3.1832,7,95.00%,1.6449,13.8528,25.8528,37.8528,7,36,reorder_now
2011-12-09,23093,SMALL PARISIENNE HEART PHOTO FRAME,1,SIM-SUP-06,12.0000,0.0000,2.0000,10.0000,2.2500,3.6706,3,95.00%,1.6449,10.4574,17.2074,32.9574,7,23,reorder_now
2011-12-09,23094,LE GRAND TRAY CHIC SET,1,SIM-SUP-07,1.0000,0.0000,0.0000,1.0000,0.1786,0.4670,5,95.00%,1.6449,1.7177,2.6106,3.8606,7,3,reorder_now
2011-12-09,23096,PETIT TRAY CHIC,1,SIM-SUP-06,20.0000,15.0000,3.0000,32.0000,4.1429,5.9144,10,95.00%,1.6449,30.7634,72.1920,101.1920,7,70,reorder_now
2011-12-09,23099,FRENCH CARRIAGE LANTERN,1,SIM-SUP-02,6.0000,0.0000,1.0000,5.0000,0.5000,1.1180,5,95.00%,1.6449,4.1121,6.6121,10.1121,7,6,reorder_now
2011-12-09,23100,SILVER BELLS TABLE DECORATION,1,SIM-SUP-03,233.0000,0.0000,7.0000,226.0000,19.4643,19.9490,10,95.00%,1.6449,103.7645,298.4073,434.6573,7,209,reorder_now
2011-12-09,23101,SILVER STARS TABLE DECORATION,1,SIM-SUP-10,53.0000,6.0000,1.0000,58.0000,12.6071,17.5323,3,95.00%,1.6449,49.9490,87.7704,176.0204,7,119,reorder_now
2011-12-09,23102,SILVER HEARTS TABLE DECORATION,1,SIM-SUP-01,15.0000,19.0000,2.0000,32.0000,3.7857,5.6780,10,95.00%,1.6449,29.5341,67.3912,93.8912,7,62,reorder_now
2011-12-09,23103,JINGLE BELL HEART DECORATION,1,SIM-SUP-02,90.0000,0.0000,4.0000,86.0000,31.2857,25.9943,10,95.00%,1.6449,135.2090,448.0661,667.0661,7,582,reorder_now
2011-12-09,23106,ZINC HEARTS PLANT POT HOLDER,1,SIM-SUP-01,7.0000,0.0000,0.0000,7.0000,1.7500,4.1630,10,95.00%,1.6449,21.6536,39.1536,51.4036,7,45,reorder_now
2011-12-09,23107,WHITE HEARTS WIRE PLANT POT HOLDER,1,SIM-SUP-07,23.0000,0.0000,1.0000,22.0000,1.7143,3.5942,14,95.00%,1.6449,22.1205,46.1205,58.1205,7,37,reorder_now
2011-12-09,23108,SET OF 10 LED DOLLY LIGHTS,1,SIM-SUP-07,36.0000,0.0000,4.0000,32.0000,11.0000,17.2171,3,95.00%,1.6449,49.0510,82.0510,159.0510,7,128,reorder_now
2011-12-09,23109,PACK OF SIX LED TEA LIGHTS,1,SIM-SUP-10,98.0000,0.0000,6.0000,92.0000,22.7500,25.8314,3,95.00%,1.6449,73.5928,141.8428,301.0928,7,210,reorder_now
2011-12-09,23110,PARISIENNE KEY CABINET,1,SIM-SUP-04,12.0000,0.0000,1.0000,11.0000,3.2143,6.8105,3,95.00%,1.6449,19.4029,29.0457,51.5457,7,41,reorder_now
2011-12-09,23111,PARISIENNE SEWING BOX,1,SIM-SUP-05,9.0000,0.0000,1.0000,8.0000,2.1786,4.0625,14,95.00%,1.6449,25.0025,55.5025,70.7525,7,63,reorder_now
2011-12-09,23112,PARISIENNE CURIO CABINET,1,SIM-SUP-10,10.0000,0.0000,0.0000,10.0000,2.5714,2.7958,3,95.00%,1.6449,7.9651,15.6793,33.6793,7,24,reorder_now
2011-12-09,23118,PARISIENNE JEWELLERY DRAWER,1,SIM-SUP-09,20.0000,0.0000,1.0000,19.0000,5.0714,6.9996,3,95.00%,1.6449,19.9418,35.1560,70.6560,7,52,reorder_now
2011-12-09,23119,PACK OF 6 LARGE FRUIT STRAWS,1,SIM-SUP-04,17.0000,0.0000,1.0000,16.0000,4.5357,7.7896,14,95.00%,1.6449,47.9407,111.4407,143.1907,7,128,reorder_now
2011-12-09,23120,PACK OF 6 SMALL FRUIT STRAWS,1,SIM-SUP-02,21.0000,3.0000,0.0000,24.0000,3.9643,7.3460,14,95.00%,1.6449,45.2105,100.7105,128.4605,7,105,reorder_now
2011-12-09,23121,PACK OF 6 COCKTAIL PARASOL STRAWS,1,SIM-SUP-07,29.0000,0.0000,3.0000,26.0000,6.3571,11.8298,5,95.00%,1.6449,43.5100,75.2957,119.7957,7,94,reorder_now
2011-12-09,23122,PARTY CHARMS 50 PIECES,1,SIM-SUP-12,46.0000,0.0000,1.0000,45.0000,3.4286,6.1727,7,95.00%,1.6449,26.8627,50.8627,74.8627,7,30,reorder_now
2011-12-09,23123,COCKTAIL SWORDS 50 PIECES,1,SIM-SUP-05,29.0000,0.0000,2.0000,27.0000,2.6786,4.3757,10,95.00%,1.6449,22.7601,49.5458,68.2958,7,42,reorder_now
2011-12-09,23124,18PC WOODEN CUTLERY SET DISPOSABLE,1,SIM-SUP-03,1.0000,0.0000,0.0000,1.0000,0.0000,0.0000,5,95.00%,1.6449,0.0000,0.0000,0.0000,7,0,no_order_required
2011-12-09,23126,FELTCRAFT GIRL AMELIE KIT,1,SIM-SUP-07,99.0000,0.0000,10.0000,89.0000,7.8571,8.8589,14,95.00%,1.6449,54.5217,164.5217,219.5217,7,131,reorder_now
2011-12-09,23127,FELTCRAFT GIRL NICOLE KIT,1,SIM-SUP-05,101.0000,0.0000,10.0000,91.0000,5.0000,6.3415,14,95.00%,1.6449,39.0285,109.0285,144.0285,7,54,reorder_now
2011-12-09,23128,FELTCRAFT BOY JEAN-PAUL KIT,1,SIM-SUP-12,10.0000,0.0000,1.0000,9.0000,2.1071,3.2220,3,95.00%,1.6449,9.1794,15.5009,30.2509,7,22,reorder_now
2011-12-09,23129,HEART SHAPED HOLLY WREATH,1,SIM-SUP-04,65.0000,0.0000,6.0000,59.0000,3.7143,5.1260,10,95.00%,1.6449,26.6626,63.8055,89.8055,7,31,reorder_now
2011-12-09,23130,MISTLETOE HEART WREATH GREEN,1,SIM-SUP-09,135.0000,22.0000,16.0000,141.0000,7.0714,13.5302,10,95.00%,1.6449,70.3771,141.0914,190.5914,7,50,reorder_now
2011-12-09,23131,MISTLETOE HEART WREATH CREAM,1,SIM-SUP-06,20.0000,0.0000,3.0000,17.0000,2.6786,5.2171,14,95.00%,1.6449,32.1085,69.6085,88.3585,7,72,reorder_now
2011-12-09,23132,SMALL IVORY HEART WALL ORGANISER,1,SIM-SUP-10,8.0000,0.0000,1.0000,7.0000,3.1071,9.3821,3,95.00%,1.6449,26.7294,36.0508,57.8008,7,51,reorder_now
2011-12-09,23133,LARGE IVORY HEART WALL ORGANISER,1,SIM-SUP-07,19.0000,6.0000,0.0000,25.0000,1.2143,2.3506,10,95.00%,1.6449,12.2268,24.3697,32.8697,7,0,no_order_required
2011-12-09,23134,UNKNOWN,1,SIM-SUP-08,1.0000,0.0000,0.0000,1.0000,0.0000,0.0000,5,95.00%,1.6449,0.0000,0.0000,0.0000,7,0,no_order_required
2011-12-09,23135,SMALL ZINC HEART WALL ORGANISER,1,SIM-SUP-06,6.0000,0.0000,0.0000,6.0000,0.7143,3.3366,14,95.00%,1.6449,20.5348,30.5348,35.5348,7,30,reorder_now
2011-12-09,23136,IVORY WIRE SWEETHEART LETTER TRAY,1,SIM-SUP-06,10.0000,0.0000,1.0000,9.0000,0.6429,1.5403,14,95.00%,1.6449,9.4796,18.4796,22.9796,7,14,reorder_now
2011-12-09,23138,SINGLE WIRE HOOK IVORY HEART,1,SIM-SUP-09,3.0000,0.0000,0.0000,3.0000,0.7143,2.6438,14,95.00%,1.6449,16.2713,26.2713,31.2713,7,29,reorder_now
2011-12-09,23140,TRIPLE WIRE HOOK IVORY HEART,1,SIM-SUP-02,1.0000,0.0000,0.0000,1.0000,0.0357,0.1856,10,95.00%,1.6449,0.9653,1.3224,1.5724,7,1,reorder_now
2011-12-09,23144,ZINC T-LIGHT HOLDER STARS SMALL,1,SIM-SUP-12,80.0000,1.0000,4.0000,77.0000,14.0357,15.2303,5,95.00%,1.6449,56.0172,126.1958,224.4458,7,148,reorder_now
2011-12-09,23145,ZINC T-LIGHT HOLDER STAR LARGE,1,SIM-SUP-08,20.0000,0.0000,2.0000,18.0000,6.6429,10.3379,5,95.00%,1.6449,38.0229,71.2372,117.7372,7,100,reorder_now
2011-12-09,23146,TRIPLE HOOK ANTIQUE IVORY ROSE,1,SIM-SUP-07,54.0000,0.0000,4.0000,50.0000,2.7143,5.4698,14,95.00%,1.6449,33.6636,71.6636,90.6636,7,41,reorder_now
2011-12-09,23147,SINGLE ANTIQUE ROSE HOOK IVORY,1,SIM-SUP-04,72.0000,0.0000,5.0000,67.0000,5.7500,6.0037,14,95.00%,1.6449,36.9498,117.4498,157.6998,7,91,reorder_now
2011-12-09,23148,MINIATURE ANTIQUE ROSE HOOK IVORY,1,SIM-SUP-10,20.0000,15.0000,3.0000,32.0000,9.0000,18.2189,14,95.00%,1.6449,112.1279,238.1279,301.1279,7,270,reorder_now
2011-12-09,23150,IVORY SWEETHEART SOAP DISH,1,SIM-SUP-02,8.0000,0.0000,1.0000,7.0000,1.3214,2.7653,7,95.00%,1.6449,12.0341,21.2841,30.5341,7,24,reorder_now
2011-12-09,23152,IVORY SWEETHEART WIRE LETTER RACK,1,SIM-SUP-09,15.0000,2.0000,1.0000,16.0000,1.1786,2.5221,10,95.00%,1.6449,13.1186,24.9044,33.1544,7,18,reorder_now
2011-12-09,23153,ZINC SWEETHEART WIRE LETTER RACK,1,SIM-SUP-03,5.0000,0.0000,0.0000,5.0000,1.3214,2.7393,5,95.00%,1.6449,10.0752,16.6823,25.9323,7,21,reorder_now
2011-12-09,23154,SET OF 4 JAM JAR MAGNETS,1,SIM-SUP-09,54.0000,15.0000,1.0000,68.0000,16.4286,40.4638,10,95.00%,1.6449,210.4716,374.7573,489.7573,7,422,reorder_now
2011-12-09,23155,KNICKERBOCKERGLORY MAGNET ASSORTED,1,SIM-SUP-05,34.0000,9.0000,3.0000,40.0000,4.3214,7.9913,10,95.00%,1.6449,41.5666,84.7809,115.0309,7,76,reorder_now
2011-12-09,23156,SET OF 5 MINI GROCERY MAGNETS,1,SIM-SUP-08,59.0000,14.0000,3.0000,70.0000,6.5357,7.7066,7,95.00%,1.6449,33.5381,79.2881,125.0381,7,56,reorder_now
2011-12-09,23157,SET OF 6 NATIVITY MAGNETS,1,SIM-SUP-10,176.0000,54.0000,5.0000,225.0000,20.4286,46.3623,10,95.00%,1.6449,241.1525,445.4383,588.4383,7,364,reorder_now
2011-12-09,23158,SET OF 5 LUCKY CAT MAGNETS,1,SIM-SUP-07,45.0000,0.0000,4.0000,41.0000,11.8571,13.6191,7,95.00%,1.6449,59.2686,142.2686,225.2686,7,185,reorder_now
2011-12-09,23159,SET OF 5 PANCAKE DAY MAGNETS,1,SIM-SUP-06,31.0000,0.0000,4.0000,27.0000,5.6786,10.1138,3,95.00%,1.6449,28.8140,45.8497,85.5997,7,59,reorder_now
2011-12-09,23160,REGENCY TEA SPOON,1,SIM-SUP-01,8.0000,0.0000,1.0000,7.0000,1.4643,4.6174,14,95.00%,1.6449,28.4175,48.9175,59.1675,7,53,reorder_now
2011-12-09,23161,REGENCY CAKE FORK,1,SIM-SUP-04,23.0000,2.0000,3.0000,22.0000,2.8214,4.3429,14,95.00%,1.6449,26.7284,66.2284,85.9784,7,64,reorder_now
2011-12-09,23162,REGENCY TEA STRAINER,1,SIM-SUP-12,36.0000,13.0000,5.0000,44.0000,4.7857,10.0048,14,95.00%,1.6449,61.5746,128.5746,162.0746,7,119,reorder_now
2011-12-09,23163,REGENCY SUGAR TONGS,1,SIM-SUP-08,20.0000,0.0000,2.0000,18.0000,5.0714,9.6174,3,95.00%,1.6449,27.3998,42.6140,78.1140,7,61,reorder_now
2011-12-09,23164,REGENCY CAKE SLICE,1,SIM-SUP-05,5.0000,0.0000,0.0000,5.0000,3.2500,11.4817,5,95.00%,1.6449,42.2299,58.4799,81.2299,7,77,reorder_now
2011-12-09,23165,LARGE CERAMIC TOP STORAGE JAR,1,SIM-SUP-07,91.0000,11.0000,3.0000,99.0000,17.7143,25.5369,7,95.00%,1.6449,111.1333,235.1333,359.1333,7,261,reorder_now
2011-12-09,23166,MEDIUM CERAMIC TOP STORAGE JAR,1,SIM-SUP-08,107.0000,0.0000,10.0000,97.0000,27.3571,54.0847,5,95.00%,1.6449,198.9239,335.7096,527.2096,7,431,reorder_now
2011-12-09,23167,SMALL CERAMIC TOP STORAGE JAR,1,SIM-SUP-03,197.0000,0.0000,24.0000,173.0000,26.3571,55.9210,14,95.00%,1.6449,344.1646,713.1646,897.6646,7,725,reorder_now
2011-12-09,23168,CLASSIC CAFE SUGAR DISPENSER,1,SIM-SUP-12,34.0000,0.0000,4.0000,30.0000,18.6429,20.5239,3,95.00%,1.6449,58.4719,114.4005,244.9005,7,215,reorder_now
2011-12-09,23169,CLASSIC GLASS COOKIE JAR,1,SIM-SUP-01,106.0000,82.0000,7.0000,181.0000,8.8214,11.1581,14,95.00%,1.6449,68.6725,192.1725,253.9225,7,73,reorder_now
2011-12-09,23170,REGENCY TEA PLATE ROSES,1,SIM-SUP-06,54.0000,0.0000,3.0000,51.0000,10.7857,13.6260,5,95.00%,1.6449,50.1166,104.0451,179.5451,7,129,reorder_now
2011-12-09,23171,REGENCY TEA PLATE GREEN,1,SIM-SUP-04,58.0000,10.0000,7.0000,61.0000,10.2143,12.2572,5,95.00%,1.6449,45.0822,96.1536,167.6536,7,107,reorder_now
2011-12-09,23172,REGENCY TEA PLATE PINK,1,SIM-SUP-04,53.0000,0.0000,2.0000,51.0000,10.3571,13.5283,14,95.00%,1.6449,83.2597,228.2597,300.7597,7,250,reorder_now
2011-12-09,23173,REGENCY TEAPOT ROSES,1,SIM-SUP-11,38.0000,0.0000,3.0000,35.0000,4.0000,3.5254,14,95.00%,1.6449,21.6971,77.6971,105.6971,7,71,reorder_now
2011-12-09,23174,REGENCY SUGAR BOWL GREEN,1,SIM-SUP-01,61.0000,0.0000,5.0000,56.0000,4.2500,5.1243,10,95.00%,1.6449,26.6542,69.1542,98.9042,7,43,reorder_now
2011-12-09,23175,REGENCY MILK JUG PINK,1,SIM-SUP-11,15.0000,0.0000,1.0000,14.0000,5.1786,6.3530,14,95.00%,1.6449,39.0996,111.5996,147.8496,7,134,reorder_now
2011-12-09,23176,ABC TREASURE BOOK BOX,1,SIM-SUP-10,34.0000,0.0000,2.0000,32.0000,4.2857,7.1257,3,95.00%,1.6449,20.3009,33.1580,63.1580,7,32,reorder_now
2011-12-09,23177,TREASURE ISLAND BOOK BOX,1,SIM-SUP-09,165.0000,0.0000,6.0000,159.0000,22.5000,93.1679,14,95.00%,1.6449,573.3996,888.3996,1045.8996,7,887,reorder_now
2011-12-09,23178,JAM CLOCK MAGNET,1,SIM-SUP-07,7.0000,0.0000,1.0000,6.0000,1.3571,2.6755,3,95.00%,1.6449,7.6223,11.6938,21.1938,7,16,reorder_now
2011-12-09,23179,CLOCK MAGNET MUM'S KITCHEN,1,SIM-SUP-02,5.0000,0.0000,1.0000,4.0000,1.6071,6.8470,5,95.00%,1.6449,25.1833,33.2190,44.4690,7,41,reorder_now
2011-12-09,23180,MUM'S KITCHEN CLOCK,1,SIM-SUP-02,6.0000,2.0000,0.0000,8.0000,0.8571,2.3862,10,95.00%,1.6449,12.4117,20.9831,26.9831,7,19,reorder_now
2011-12-09,23181,BULL DOG BOTTLE TOP WALL CLOCK,1,SIM-SUP-03,12.0000,4.0000,1.0000,15.0000,0.5357,1.5920,14,95.00%,1.6449,9.7979,17.2979,21.0479,7,7,reorder_now
2011-12-09,23182,TOILET SIGN OCCUPIED OR VACANT,1,SIM-SUP-04,102.0000,0.0000,11.0000,91.0000,6.4643,7.9619,7,95.00%,1.6449,34.6491,79.8991,125.1491,7,0,no_order_required
2011-12-09,23183,MOTHER'S KITCHEN SPOON REST,1,SIM-SUP-06,11.0000,0.0000,2.0000,9.0000,0.5357,0.9056,14,95.00%,1.6449,5.5736,13.0736,16.8236,7,8,reorder_now
2011-12-09,23184,BULL DOG BOTTLE OPENER,1,SIM-SUP-07,14.0000,5.0000,0.0000,19.0000,3.9286,3.7790,3,95.00%,1.6449,10.7662,22.5519,50.0519,7,32,reorder_now
2011-12-09,23186,FRENCH STYLE STORAGE JAR CAFE,1,SIM-SUP-10,14.0000,0.0000,2.0000,12.0000,12.0714,22.8878,3,95.00%,1.6449,65.2067,101.4210,185.9210,7,174,reorder_now
2011-12-09,23187,FRENCH STYLE STORAGE JAR BONBONS,1,SIM-SUP-01,2.0000,0.0000,0.0000,2.0000,0.0000,0.0000,5,95.00%,1.6449,0.0000,0.0000,0.0000,7,0,no_order_required
2011-12-09,23188,VINTAGE 2 METRE FOLDING RULER,1,SIM-SUP-12,43.0000,0.0000,1.0000,42.0000,32.9286,38.9670,7,95.00%,1.6449,169.5793,400.0793,630.5793,7,589,reorder_now
2011-12-09,23189,SET OF 12 FORK CANDLES,1,SIM-SUP-07,92.0000,33.0000,3.0000,122.0000,5.0714,8.3449,10,95.00%,1.6449,43.4060,94.1203,129.6203,7,0,no_order_required
2011-12-09,23190,BUNDLE OF 3 SCHOOL EXERCISE BOOKS,1,SIM-SUP-02,22.0000,0.0000,0.0000,22.0000,4.3571,5.7085,5,95.00%,1.6449,20.9958,42.7815,73.2815,7,52,reorder_now
2011-12-09,23191,BUNDLE OF 3 RETRO NOTE BOOKS,1,SIM-SUP-07,139.0000,0.0000,12.0000,127.0000,9.8929,12.6557,10,95.00%,1.6449,65.8285,164.7571,234.0071,7,108,reorder_now
2011-12-09,23192,BUNDLE OF 3 ALPHABET EXERCISE BOOKS,1,SIM-SUP-11,151.0000,37.0000,12.0000,176.0000,22.0357,34.9852,10,95.00%,1.6449,181.9749,402.3320,556.5820,7,381,reorder_now
2011-12-09,23193,BUFFALO BILL TREASURE BOOK BOX,1,SIM-SUP-01,76.0000,0.0000,6.0000,70.0000,16.3929,72.1429,10,95.00%,1.6449,375.2500,539.1786,653.9286,7,584,reorder_now
2011-12-09,23194,GYMKHANA TREASURE BOOK BOX,1,SIM-SUP-06,28.0000,14.0000,3.0000,39.0000,3.5714,4.6784,7,95.00%,1.6449,20.3600,45.3600,70.3600,7,32,reorder_now
2011-12-09,23196,VINTAGE LEAF MAGNETIC NOTEPAD,1,SIM-SUP-11,42.0000,25.0000,0.0000,67.0000,7.8929,9.8718,7,95.00%,1.6449,42.9609,98.2109,153.4609,7,87,reorder_now
2011-12-09,23197,SKETCHBOOK MAGNETIC SHOPPING LIST,1,SIM-SUP-09,106.0000,5.0000,1.0000,110.0000,12.7500,12.3567,5,95.00%,1.6449,45.4479,109.1979,198.4479,7,0,no_order_required
2011-12-09,23198,PANTRY MAGNETIC SHOPPING LIST,1,SIM-SUP-07,53.0000,0.0000,4.0000,49.0000,20.1071,19.2564,3,95.00%,1.6449,54.8610,115.1824,255.9324,7,207,reorder_now
2011-12-09,23199,JUMBO BAG APPLES,1,SIM-SUP-10,165.0000,8.0000,14.0000,159.0000,38.0714,41.3788,3,95.00%,1.6449,117.8871,232.1014,498.6014,7,340,reorder_now
2011-12-09,23200,JUMBO BAG PEARS,1,SIM-SUP-06,161.0000,0.0000,13.0000,148.0000,21.6429,22.8586,14,95.00%,1.6449,140.6827,443.6827,595.1827,7,448,reorder_now
2011-12-09,23201,JUMBO BAG ALPHABET,1,SIM-SUP-10,552.0000,0.0000,76.0000,476.0000,56.6786,78.6116,14,95.00%,1.6449,483.8137,1277.3137,1674.0637,7,1199,reorder_now
2011-12-09,23202,JUMBO BAG VINTAGE LEAF,1,SIM-SUP-09,134.0000,0.0000,11.0000,123.0000,54.2857,63.6238,3,95.00%,1.6449,181.2623,344.1195,724.1195,7,602,reorder_now
2011-12-09,23203,JUMBO BAG VINTAGE DOILY,1,SIM-SUP-10,236.0000,0.0000,17.0000,219.0000,91.5357,119.2906,7,95.00%,1.6449,519.1376,1159.8876,1800.6376,7,1582,reorder_now
2011-12-09,23204,CHARLOTTE BAG APPLES DESIGN,1,SIM-SUP-10,136.0000,0.0000,12.0000,124.0000,32.3571,30.6515,3,95.00%,1.6449,87.3252,184.3967,410.8967,7,287,reorder_now
2011-12-09,23205,CHARLOTTE BAG VINTAGE ALPHABET,1,SIM-SUP-01,200.0000,0.0000,3.0000,197.0000,29.2500,45.2427,14,95.00%,1.6449,278.4452,687.9452,892.6952,7,696,reorder_now
2011-12-09,23206,LUNCH BAG APPLE DESIGN,1,SIM-SUP-06,230.0000,0.0000,14.0000,216.0000,33.1071,33.3920,7,95.00%,1.6449,145.3177,377.0677,608.8177,7,393,reorder_now
2011-12-09,23207,LUNCH BAG ALPHABET DESIGN,1,SIM-SUP-02,199.0000,36.0000,3.0000,232.0000,26.3214,41.0679,5,95.00%,1.6449,151.0480,282.6552,466.9052,7,235,reorder_now
2011-12-09,23208,LUNCH BAG VINTAGE LEAF DESIGN,1,SIM-SUP-11,71.0000,0.0000,2.0000,69.0000,25.4643,40.7926,5,95.00%,1.6449,150.0353,277.3567,455.6067,7,387,reorder_now
2011-12-09,23209,LUNCH BAG VINTAGE DOILY,1,SIM-SUP-09,331.0000,0.0000,4.0000,327.0000,43.8929,36.4607,7,95.00%,1.6449,158.6723,465.9223,773.1723,7,447,reorder_now
2011-12-09,23210,WHITE ROCKING HORSE HAND PAINTED,1,SIM-SUP-05,107.0000,0.0000,8.0000,99.0000,23.8214,31.9017,14,95.00%,1.6449,196.3383,529.8383,696.5883,7,598,reorder_now
2011-12-09,23211,RED ROCKING HORSE HAND PAINTED,1,SIM-SUP-03,66.0000,48.0000,8.0000,106.0000,22.6429,36.0834,7,95.00%,1.6449,157.0306,315.5306,474.0306,7,369,reorder_now
2011-12-09,23212,HEART WREATH DECORATION WITH BELL,1,SIM-SUP-04,56.0000,0.0000,8.0000,48.0000,22.2143,34.0738,3,95.00%,1.6449,97.0753,163.7182,319.2182,7,272,reorder_now
2011-12-09,23213,STAR WREATH DECORATION WITH BELL,1,SIM-SUP-07,73.0000,0.0000,4.0000,69.0000,17.6429,31.6603,3,95.00%,1.6449,90.1991,143.1277,266.6277,7,198,reorder_now
2011-12-09,23214,JINGLE BELL HEART ANTIQUE GOLD,1,SIM-SUP-07,18.0000,0.0000,1.0000,17.0000,4.9643,5.0248,3,95.00%,1.6449,14.3155,29.2084,63.9584,7,47,reorder_now
2011-12-09,23215,JINGLE BELL HEART ANTIQUE SILVER,1,SIM-SUP-05,264.0000,0.0000,25.0000,239.0000,41.3571,86.6838,7,95.00%,1.6449,377.2371,666.7371,956.2371,7,718,reorder_now
2011-12-09,23217,LAUREL HEART ANTIQUE SILVER,1,SIM-SUP-01,44.0000,23.0000,4.0000,63.0000,11.9643,28.4121,10,95.00%,1.6449,147.7852,267.4281,351.1781,7,289,reorder_now
2011-12-09,23220,REINDEER HEART DECORATION GOLD,1,SIM-SUP-01,62.0000,8.0000,9.0000,61.0000,11.7857,27.6488,7,95.00%,1.6449,120.3239,202.8239,285.3239,7,225,reorder_now
2011-12-09,23221,REINDEER HEART DECORATION SILVER,1,SIM-SUP-02,33.0000,0.0000,3.0000,30.0000,18.6786,31.6511,5,95.00%,1.6449,116.4127,209.8056,340.5556,7,311,reorder_now
2011-12-09,23222,CHRISTMAS TREE HANGING GOLD,1,SIM-SUP-09,79.0000,4.0000,10.0000,73.0000,6.0714,11.2819,10,95.00%,1.6449,58.6825,119.3968,161.8968,7,89,reorder_now
2011-12-09,23223,CHRISTMAS TREE HANGING SILVER,1,SIM-SUP-04,40.0000,0.0000,2.0000,38.0000,8.3214,14.9691,7,95.00%,1.6449,65.1438,123.3938,181.6438,7,144,reorder_now
2011-12-09,23224,CHERUB HEART DECORATION GOLD,1,SIM-SUP-01,104.0000,5.0000,6.0000,103.0000,6.7500,12.4803,14,95.00%,1.6449,76.8100,171.3100,218.5600,7,116,reorder_now
2011-12-09,23225,CHERUB HEART DECORATION SILVER,1,SIM-SUP-11,44.0000,4.0000,0.0000,48.0000,14.5000,30.8921,3,95.00%,1.6449,88.0106,131.5106,233.0106,7,186,reorder_now
2011-12-09,23226,FILIGREE HEART DAISY WHITE,1,SIM-SUP-08,27.0000,0.0000,2.0000,25.0000,5.2143,11.5954,14,95.00%,1.6449,71.3638,144.3638,180.8638,7,156,reorder_now
2011-12-09,23227,FILIGREE HEART BUTTERFLY WHITE,1,SIM-SUP-11,14.0000,0.0000,2.0000,12.0000,5.2857,8.6100,5,95.00%,1.6449,31.6677,58.0963,95.0963,7,84,reorder_now
2011-12-09,23228,FILIGREE HEART BIRD WHITE,1,SIM-SUP-12,70.0000,13.0000,3.0000,80.0000,6.9286,9.7721,7,95.00%,1.6449,42.5272,91.0272,139.5272,7,60,reorder_now
2011-12-09,23229,VINTAGE DONKEY TAIL GAME,1,SIM-SUP-08,115.0000,29.0000,4.0000,140.0000,12.5000,16.8999,7,95.00%,1.6449,73.5463,161.0463,248.5463,7,109,reorder_now
2011-12-09,23230,WRAP ALPHABET DESIGN,1,SIM-SUP-12,40.0000,0.0000,1.0000,39.0000,25.8929,55.2923,3,95.00%,1.6449,157.5261,235.2047,416.4547,7,378,reorder_now
2011-12-09,23231,WRAP VINTAGE DOILY,1,SIM-SUP-02,169.0000,0.0000,9.0000,160.0000,19.6429,21.5028,7,95.00%,1.6449,93.5777,231.0777,368.5777,7,209,reorder_now
2011-12-09,23232,WRAP VINTAGE LEAF DESIGN,1,SIM-SUP-07,70.0000,0.0000,8.0000,62.0000,25.8929,36.2790,5,95.00%,1.6449,133.4344,262.8987,444.1487,7,383,reorder_now
2011-12-09,23233,WRAP POPPIES DESIGN,1,SIM-SUP-11,21.0000,0.0000,3.0000,18.0000,7.1429,14.7254,14,95.00%,1.6449,90.6270,190.6270,240.6270,7,223,reorder_now
2011-12-09,23234,BISCUIT TIN VINTAGE CHRISTMAS,1,SIM-SUP-03,303.0000,45.0000,9.0000,339.0000,11.1429,11.1858,14,95.00%,1.6449,68.8429,224.8429,302.8429,7,0,no_order_required
2011-12-09,23235,STORAGE TIN VINTAGE LEAF,1,SIM-SUP-06,11.0000,4.0000,1.0000,14.0000,3.0000,6.3640,7,95.00%,1.6449,27.6952,48.6952,69.6952,7,56,reorder_now
2011-12-09,23236,STORAGE TIN VINTAGE DOILY,1,SIM-SUP-01,35.0000,0.0000,3.0000,32.0000,8.1786,20.7348,7,95.00%,1.6449,90.2353,147.4853,204.7353,7,173,reorder_now
2011-12-09,23237,SET OF 4 KNICK KNACK TINS LEAF,1,SIM-SUP-03,31.0000,0.0000,3.0000,28.0000,5.3571,9.6073,14,95.00%,1.6449,59.1282,134.1282,171.6282,7,144,reorder_now
2011-12-09,23238,SET OF 4 KNICK KNACK TINS LONDON,1,SIM-SUP-06,46.0000,4.0000,2.0000,48.0000,12.6429,25.7837,3,95.00%,1.6449,73.4571,111.3857,199.8857,7,152,reorder_now
2011-12-09,23239,SET OF 4 KNICK KNACK TINS POPPIES,1,SIM-SUP-11,42.0000,0.0000,3.0000,39.0000,4.8929,6.2469,10,95.00%,1.6449,32.4933,81.4219,115.6719,7,77,reorder_now
2011-12-09,23240,SET OF 4 KNICK KNACK TINS DOILY,1,SIM-SUP-02,63.0000,34.0000,4.0000,93.0000,20.5000,20.3882,5,95.00%,1.6449,74.9879,177.4879,320.9879,7,228,reorder_now
2011-12-09,23241,TREASURE TIN GYMKHANA DESIGN,1,SIM-SUP-08,64.0000,14.0000,5.0000,73.0000,11.1429,14.6524,3,95.00%,1.6449,41.7444,75.1729,153.1729,7,81,reorder_now
2011-12-09,23242,TREASURE TIN BUFFALO BILL,1,SIM-SUP-11,77.0000,9.0000,11.0000,75.0000,7.7857,14.7971,7,95.00%,1.6449,64.3951,118.8951,173.3951,7,99,reorder_now
2011-12-09,23243,SET OF TEA COFFEE SUGAR TINS PANTRY,1,SIM-SUP-12,124.0000,23.0000,14.0000,133.0000,14.7143,30.9975,5,95.00%,1.6449,114.0091,187.5805,290.5805,7,158,reorder_now
2011-12-09,23244,ROUND STORAGE TIN VINTAGE LEAF,1,SIM-SUP-09,9.0000,0.0000,1.0000,8.0000,2.7857,4.8356,5,95.00%,1.6449,17.7852,31.7138,51.2138,7,44,reorder_now
2011-12-09,23245,SET OF 3 REGENCY CAKE TINS,1,SIM-SUP-12,220.0000,122.0000,20.0000,322.0000,25.4286,25.2706,10,95.00%,1.6449,131.4445,385.7302,563.7302,7,242,reorder_now
2011-12-09,23247,BISCUIT TIN 50'S CHRISTMAS,1,SIM-SUP-05,168.0000,0.0000,12.0000,156.0000,12.8214,11.9912,7,95.00%,1.6449,52.1843,141.9343,231.6843,7,0,no_order_required
2011-12-09,23249,VINTAGE RED ENAMEL TRIM PLATE,1,SIM-SUP-07,7.0000,4.0000,1.0000,10.0000,1.5357,3.3539,10,95.00%,1.6449,17.4453,32.8025,43.5525,7,34,reorder_now
2011-12-09,23250,VINTAGE RED TRIM ENAMEL BOWL,1,SIM-SUP-08,37.0000,0.0000,4.0000,33.0000,8.0000,13.0740,3,95.00%,1.6449,37.2473,61.2473,117.2473,7,85,reorder_now
2011-12-09,23251,VINTAGE RED ENAMEL TRIM MUG,1,SIM-SUP-11,33.0000,3.0000,4.0000,32.0000,8.8571,21.8300,5,95.00%,1.6449,80.2910,124.5767,186.5767,7,155,reorder_now
2011-12-09,23252,VINTAGE RED ENAMEL TRIM JUG,1,SIM-SUP-04,11.0000,0.0000,2.0000,9.0000,1.5357,3.0762,14,95.00%,1.6449,18.9324,40.4324,51.1824,7,43,reorder_now
2011-12-09,23253,16 PIECE CUTLERY SET PANTRY DESIGN,1,SIM-SUP-07,5.0000,0.0000,0.0000,5.0000,0.6071,1.2632,5,95.00%,1.6449,4.6460,7.6818,11.9318,7,7,reorder_now
2011-12-09,23254,CHILDRENS CUTLERY DOLLY GIRL,1,SIM-SUP-12,153.0000,0.0000,8.0000,145.0000,5.5000,4.7397,14,95.00%,1.6449,29.1701,106.1701,144.6701,7,0,no_order_required
2011-12-09,23255,CHILDRENS CUTLERY CIRCUS PARADE,1,SIM-SUP-03,24.0000,0.0000,1.0000,23.0000,2.3571,3.9389,10,95.00%,1.6449,20.4884,44.0598,60.5598,7,38,reorder_now
2011-12-09,23256,CHILDRENS CUTLERY SPACEBOY,1,SIM-SUP-03,184.0000,37.0000,3.0000,218.0000,9.2143,14.5881,14,95.00%,1.6449,89.7818,218.7818,283.2818,7,66,reorder_now
2011-12-09,23263,SET OF 3 WOODEN HEART DECORATIONS,1,SIM-SUP-11,329.0000,0.0000,47.0000,282.0000,33.5000,31.0570,7,95.00%,1.6449,135.1560,369.6560,604.1560,7,323,reorder_now
2011-12-09,23264,SET OF 3 WOODEN SLEIGH DECORATIONS,1,SIM-SUP-10,120.0000,0.0000,12.0000,108.0000,21.2857,17.6268,3,95.00%,1.6449,50.2182,114.0754,263.0754,7,156,reorder_now
2011-12-09,23265,SET OF 3 WOODEN TREE DECORATIONS,1,SIM-SUP-08,356.0000,0.0000,2.0000,354.0000,20.4286,19.1394,10,95.00%,1.6449,99.5532,303.8390,446.8390,7,0,no_order_required
2011-12-09,23266,SET OF 3 WOODEN STOCKING DECORATION,1,SIM-SUP-11,59.0000,0.0000,3.0000,56.0000,20.4643,16.1322,3,95.00%,1.6449,45.9602,107.3531,250.6031,7,195,reorder_now
2011-12-09,23267,SET OF 4 SANTA PLACE SETTINGS,1,SIM-SUP-10,124.0000,28.0000,14.0000,138.0000,8.0357,11.8276,10,95.00%,1.6449,61.5210,141.8781,198.1281,7,61,reorder_now
2011-12-09,23268,UNKNOWN,1,SIM-SUP-07,2.0000,0.0000,0.0000,2.0000,0.2500,0.6339,7,95.00%,1.6449,2.7585,4.5085,6.2585,7,5,reorder_now
2011-12-09,23269,SET OF 2 CERAMIC CHRISTMAS TREES,1,SIM-SUP-07,33.0000,0.0000,0.0000,33.0000,7.9643,12.2925,5,95.00%,1.6449,45.2119,85.0333,140.7833,7,108,reorder_now
2011-12-09,23270,SET OF 2 CERAMIC PAINTED HEARTS,1,SIM-SUP-12,7.0000,0.0000,0.0000,7.0000,4.7857,7.3841,5,95.00%,1.6449,27.1589,51.0875,84.5875,7,78,reorder_now
2011-12-09,23271,CHRISTMAS TABLE SILVER CANDLE SPIKE,1,SIM-SUP-12,92.0000,15.0000,10.0000,97.0000,12.5714,16.0478,14,95.00%,1.6449,98.7656,274.7656,362.7656,7,266,reorder_now
2011-12-09,23273,HEART T-LIGHT HOLDER WILLIE WINKIE,1,SIM-SUP-04,49.0000,36.0000,3.0000,82.0000,5.6071,7.2375,14,95.00%,1.6449,44.5430,123.0430,162.2930,7,81,reorder_now
2011-12-09,23274,STAR T-LIGHT HOLDER WILLIE WINKIE,1,SIM-SUP-12,41.0000,0.0000,3.0000,38.0000,6.9643,10.5677,3,95.00%,1.6449,30.1072,51.0001,99.7501,7,62,reorder_now
2011-12-09,23275,SET OF 3 HANGING OWLS OLLIE BEAK,1,SIM-SUP-05,110.0000,0.0000,3.0000,107.0000,38.7143,42.3639,5,95.00%,1.6449,155.8148,349.3862,620.3862,7,514,reorder_now
2011-12-09,23280,FOLDING BUTTERFLY MIRROR HOT PINK,1,SIM-SUP-07,128.0000,19.0000,10.0000,137.0000,12.1071,19.6330,10,95.00%,1.6449,102.1205,223.1919,307.9419,7,171,reorder_now
2011-12-09,23281,FOLDING BUTTERFLY MIRROR RED,1,SIM-SUP-06,16.0000,0.0000,2.0000,14.0000,7.1071,18.2802,3,95.00%,1.6449,52.0798,73.4013,123.1513,7,110,reorder_now
2011-12-09,23282,FOLDING BUTTERFLY MIRROR IVORY,1,SIM-SUP-10,16.0000,7.0000,0.0000,23.0000,3.6429,6.3483,14,95.00%,1.6449,39.0705,90.0705,115.5705,7,93,reorder_now
2011-12-09,23283,DOORMAT VINTAGE LEAF,1,SIM-SUP-01,28.0000,7.0000,1.0000,34.0000,3.7143,4.5815,5,95.00%,1.6449,16.8506,35.4221,61.4221,7,28,reorder_now
2011-12-09,23284,DOORMAT KEEP CALM AND COME IN,1,SIM-SUP-10,120.0000,0.0000,16.0000,104.0000,22.0714,22.3574,3,95.00%,1.6449,63.6955,129.9098,284.4098,7,181,reorder_now
2011-12-09,23285,PINK VINTAGE SPOT BEAKER,1,SIM-SUP-04,10.0000,5.0000,0.0000,15.0000,1.7500,2.8738,7,95.00%,1.6449,12.5066,24.7566,37.0066,7,23,reorder_now
2011-12-09,23286,BLUE VINTAGE SPOT BEAKER,1,SIM-SUP-09,41.0000,21.0000,2.0000,60.0000,2.8929,3.5591,14,95.00%,1.6449,21.9043,62.4043,82.6543,7,23,reorder_now
2011-12-09,23287,RED VINTAGE SPOT BEAKER,1,SIM-SUP-01,22.0000,0.0000,1.0000,21.0000,3.2143,5.2055,7,95.00%,1.6449,22.6536,45.1536,67.6536,7,47,reorder_now
2011-12-09,23288,GREEN VINTAGE SPOT BEAKER,1,SIM-SUP-12,46.0000,15.0000,5.0000,56.0000,2.6071,4.1087,10,95.00%,1.6449,21.3713,47.4427,65.6927,7,0,no_order_required
2011-12-09,23289,DOLLY GIRL CHILDRENS BOWL,1,SIM-SUP-01,55.0000,0.0000,3.0000,52.0000,5.1071,6.8366,5,95.00%,1.6449,25.1449,50.6806,86.4306,7,0,no_order_required
2011-12-09,23290,SPACEBOY CHILDRENS BOWL,1,SIM-SUP-04,139.0000,0.0000,7.0000,132.0000,15.8214,37.8305,10,95.00%,1.6449,196.7747,354.9890,465.7390,7,334,reorder_now
2011-12-09,23291,DOLLY GIRL CHILDRENS CUP,1,SIM-SUP-11,24.0000,2.0000,1.0000,25.0000,4.9286,5.9036,3,95.00%,1.6449,16.8191,31.6048,66.1048,7,42,reorder_now
2011-12-09,23292,SPACEBOY CHILDRENS CUP,1,SIM-SUP-06,65.0000,9.0000,8.0000,66.0000,13.1786,25.3899,3,95.00%,1.6449,72.3350,111.8708,204.1208,7,139,reorder_now
2011-12-09,23293,SET OF 12 FAIRY CAKE BAKING CASES,1,SIM-SUP-12,492.0000,0.0000,5.0000,487.0000,62.8571,76.7108,10,95.00%,1.6449,399.0101,1027.5816,1467.5816,7,981,reorder_now
2011-12-09,23294,SET OF 6 SNACK LOAF BAKING CASES,1,SIM-SUP-05,221.0000,0.0000,9.0000,212.0000,17.3214,26.2815,14,95.00%,1.6449,161.7490,404.2490,525.4990,7,314,reorder_now
2011-12-09,23295,SET OF 12 MINI LOAF BAKING CASES,1,SIM-SUP-07,73.0000,0.0000,10.0000,63.0000,29.6071,36.1133,3,95.00%,1.6449,102.8856,191.7070,398.9570,7,336,reorder_now
2011-12-09,23296,SET OF 6 TEA TIME BAKING CASES,1,SIM-SUP-04,485.0000,0.0000,15.0000,470.0000,26.6786,42.1960,14,95.00%,1.6449,259.6945,633.1945,819.9445,7,350,reorder_now
2011-12-09,23297,SET 40 HEART SHAPE PETIT FOUR CASES,1,SIM-SUP-08,4.0000,0.0000,1.0000,3.0000,0.1786,0.7585,10,95.00%,1.6449,3.9451,5.7308,6.9808,7,4,reorder_now
2011-12-09,23298,SPOTTY BUNTING,1,SIM-SUP-08,181.0000,0.0000,8.0000,173.0000,28.6786,59.9452,14,95.00%,1.6449,368.9317,770.4317,971.1817,7,799,reorder_now
2011-12-09,23299,FOOD COVER WITH BEADS SET 2,1,SIM-SUP-09,6.0000,1.0000,1.0000,6.0000,0.7857,1.1451,3,95.00%,1.6449,3.2623,5.6195,11.1195,7,0,no_order_required
2011-12-09,23300,GARDENERS KNEELING PAD CUP OF TEA,1,SIM-SUP-06,194.0000,0.0000,9.0000,185.0000,52.1071,55.7945,5,95.00%,1.6449,205.2124,465.7481,830.4981,7,646,reorder_now
2011-12-09,23301,GARDENERS KNEELING PAD KEEP CALM,1,SIM-SUP-05,435.0000,81.0000,11.0000,505.0000,90.2143,91.5198,10,95.00%,1.6449,476.0390,1378.1819,2009.6819,7,1505,reorder_now
2011-12-09,23302,KNEELING MAT HOUSEWORK DESIGN,1,SIM-SUP-11,26.0000,0.0000,2.0000,24.0000,22.6429,55.7239,7,95.00%,1.6449,242.5036,401.0036,559.5036,7,536,reorder_now
2011-12-09,23306,SET OF 36 PANTRY PAPER DOILIES,1,SIM-SUP-09,18.0000,3.0000,2.0000,19.0000,1.1429,1.7467,7,95.00%,1.6449,7.6015,15.6015,23.6015,7,0,no_order_required
2011-12-09,23307,SET OF 60 PANTRY DESIGN CAKE CASES,1,SIM-SUP-11,81.0000,28.0000,5.0000,104.0000,41.9643,74.7914,3,95.00%,1.6449,213.0784,338.9712,632.7212,7,529,reorder_now
2011-12-09,23308,SET OF 60 VINTAGE LEAF CAKE CASES,1,SIM-SUP-08,39.0000,0.0000,4.0000,35.0000,23.7143,67.4663,3,95.00%,1.6449,192.2095,263.3524,429.3524,7,395,reorder_now
2011-12-09,23309,SET OF 60 I LOVE LONDON CAKE CASES,1,SIM-SUP-11,151.0000,6.0000,14.0000,143.0000,61.4286,113.9155,3,95.00%,1.6449,324.5419,508.8276,938.8276,7,796,reorder_now
2011-12-09,23310,BUBBLEGUM RING ASSORTED,1,SIM-SUP-03,164.0000,0.0000,23.0000,141.0000,72.2857,61.5170,7,95.00%,1.6449,267.7144,773.7144,1279.7144,7,1139,reorder_now
2011-12-09,23311,VINTAGE CHRISTMAS STOCKING,1,SIM-SUP-11,508.0000,164.0000,10.0000,662.0000,24.4643,20.3162,14,95.00%,1.6449,125.0357,467.5357,638.7857,7,0,no_order_required
2011-12-09,23312,VINTAGE CHRISTMAS GIFT SACK,1,SIM-SUP-08,125.0000,0.0000,12.0000,113.0000,13.0714,20.0266,3,95.00%,1.6449,57.0553,96.2696,187.7696,7,0,no_order_required
2011-12-09,23313,VINTAGE CHRISTMAS BUNTING,1,SIM-SUP-02,365.0000,30.0000,12.0000,383.0000,39.0714,46.9574,14,95.00%,1.6449,288.9982,835.9982,1109.4982,7,727,reorder_now
2011-12-09,23314,VINTAGE CHRISTMAS TABLECLOTH,1,SIM-SUP-10,18.0000,0.0000,1.0000,17.0000,2.4286,3.0987,14,95.00%,1.6449,19.0710,53.0710,70.0710,7,54,reorder_now
2011-12-09,23315,IVORY REFECTORY CLOCK,1,SIM-SUP-08,6.0000,1.0000,1.0000,6.0000,0.7500,0.9112,5,95.00%,1.6449,3.3515,7.1015,12.3515,7,7,reorder_now
2011-12-09,23316,RED REFECTORY CLOCK,1,SIM-SUP-05,14.0000,3.0000,2.0000,15.0000,1.1786,1.6269,5,95.00%,1.6449,5.9836,11.8765,20.1265,7,0,no_order_required
2011-12-09,23317,BLUE REFECTORY CLOCK,1,SIM-SUP-07,18.0000,0.0000,3.0000,15.0000,0.7500,1.1840,14,95.00%,1.6449,7.2867,17.7867,23.0367,7,9,reorder_now
2011-12-09,23318,BOX OF 6 MINI VINTAGE CRACKERS,1,SIM-SUP-02,367.0000,0.0000,50.0000,317.0000,32.0357,30.9048,14,95.00%,1.6449,190.2029,638.7029,862.9529,7,546,reorder_now
2011-12-09,23319,BOX OF 6 MINI 50'S CRACKERS,1,SIM-SUP-06,131.0000,28.0000,7.0000,152.0000,28.7857,27.2821,3,95.00%,1.6449,77.7258,164.0829,365.5829,7,214,reorder_now
2011-12-09,23320,GIANT 50'S CHRISTMAS CRACKER,1,SIM-SUP-06,146.0000,0.0000,5.0000,141.0000,26.5000,26.1172,10,95.00%,1.6449,135.8481,400.8481,586.3481,7,446,reorder_now
2011-12-09,23321,SMALL WHITE HEART OF WICKER,1,SIM-SUP-08,161.0000,0.0000,21.0000,140.0000,34.3571,40.1214,7,95.00%,1.6449,174.6034,415.1034,655.6034,7,516,reorder_now
2011-12-09,23322,LARGE WHITE HEART OF WICKER,1,SIM-SUP-01,339.0000,0.0000,35.0000,304.0000,18.0357,17.2843,14,95.00%,1.6449,106.3762,358.8762,485.1262,7,182,reorder_now
2011-12-09,23323,WHITE WICKER STAR,1,SIM-SUP-11,173.0000,0.0000,13.0000,160.0000,15.6786,15.1140,10,95.00%,1.6449,78.6151,235.4008,345.1508,7,186,reorder_now
2011-12-09,23324,RUSTIC STRAWBERRY JAM POT LARGE,1,SIM-SUP-02,6.0000,0.0000,1.0000,5.0000,1.0714,2.5764,10,95.00%,1.6449,13.4010,24.1153,31.6153,7,27,reorder_now
2011-12-09,23326,HANGING MINI COLOURED BOTTLES,1,SIM-SUP-12,21.0000,0.0000,3.0000,18.0000,20.2857,71.5850,5,95.00%,1.6449,263.2901,364.7187,506.7187,7,489,reorder_now
2011-12-09,23328,SET 6 SCHOOL MILK BOTTLES IN CRATE,1,SIM-SUP-04,134.0000,35.0000,0.0000,169.0000,35.5000,24.0364,3,95.00%,1.6449,68.4791,174.9791,423.4791,7,255,reorder_now
2011-12-09,23329,DECORATIVE WICKER HEART LARGE,1,SIM-SUP-02,79.0000,15.0000,8.0000,86.0000,14.9286,17.2335,3,95.00%,1.6449,49.0978,93.8836,198.3836,7,113,reorder_now
2011-12-09,23330,DECORATIVE WICKER HEART MEDIUM,1,SIM-SUP-10,155.0000,0.0000,7.0000,148.0000,18.5714,32.0618,5,95.00%,1.6449,117.9235,210.7806,340.7806,7,193,reorder_now
2011-12-09,23331,DECORATIVE WICKER HEART SMALL,1,SIM-SUP-08,64.0000,2.0000,3.0000,63.0000,14.3929,19.4428,5,95.00%,1.6449,71.5109,143.4752,244.2252,7,182,reorder_now
2011-12-09,23332,IVORY WICKER HEART LARGE,1,SIM-SUP-07,285.0000,0.0000,37.0000,248.0000,18.3571,20.8485,10,95.00%,1.6449,108.4429,292.0143,420.5143,7,173,reorder_now
2011-12-09,23333,IVORY WICKER HEART MEDIUM,1,SIM-SUP-11,231.0000,0.0000,7.0000,224.0000,20.0000,21.3692,14,95.00%,1.6449,131.5163,411.5163,551.5163,7,328,reorder_now
2011-12-09,23334,IVORY WICKER HEART SMALL,1,SIM-SUP-07,80.0000,0.0000,3.0000,77.0000,19.3571,26.3875,10,95.00%,1.6449,137.2542,330.8257,466.3257,7,390,reorder_now
2011-12-09,23335,EGG FRYING PAN IVORY,1,SIM-SUP-08,28.0000,0.0000,1.0000,27.0000,2.5714,2.8589,5,95.00%,1.6449,10.5152,23.3723,41.3723,7,0,no_order_required
2011-12-09,23336,EGG FRYING PAN PINK,1,SIM-SUP-09,28.0000,0.0000,2.0000,26.0000,1.7500,2.8110,10,95.00%,1.6449,14.6214,32.1214,44.3714,7,19,reorder_now
2011-12-09,23337,EGG FRYING PAN MINT,1,SIM-SUP-07,11.0000,0.0000,0.0000,11.0000,1.7143,2.9260,5,95.00%,1.6449,10.7617,19.3331,31.3331,7,21,reorder_now
2011-12-09,23338,EGG FRYING PAN RED,1,SIM-SUP-02,22.0000,0.0000,2.0000,20.0000,5.9286,9.8123,10,95.00%,1.6449,51.0384,110.3241,151.8241,7,132,reorder_now
2011-12-09,23339,EGG FRYING PAN BLUE,1,SIM-SUP-09,5.0000,0.0000,0.0000,5.0000,1.8929,3.2441,3,95.00%,1.6449,9.2424,14.9209,28.1709,7,24,reorder_now
2011-12-09,23340,VINTAGE CHRISTMAS CAKE FRILL,1,SIM-SUP-09,57.0000,0.0000,0.0000,57.0000,6.4643,9.5412,10,95.00%,1.6449,49.6284,114.2712,159.5212,7,103,reorder_now
2011-12-09,23341,PINK DINER WALL CLOCK,1,SIM-SUP-09,26.0000,0.0000,2.0000,24.0000,1.7143,2.7627,10,95.00%,1.6449,14.3703,31.5131,43.5131,7,20,reorder_now
2011-12-09,23342,MINT DINER WALL CLOCK,1,SIM-SUP-08,14.0000,0.0000,0.0000,14.0000,1.8571,2.9727,14,95.00%,1.6449,18.2952,44.2952,57.2952,7,44,reorder_now
2011-12-09,23343,JUMBO BAG VINTAGE CHRISTMAS,1,SIM-SUP-08,349.0000,39.0000,47.0000,341.0000,73.1429,77.8628,7,95.00%,1.6449,338.8493,850.8493,1362.8493,7,1022,reorder_now
2011-12-09,23344,JUMBO BAG 50'S CHRISTMAS,1,SIM-SUP-03,518.0000,0.0000,69.0000,449.0000,122.5000,120.3909,10,95.00%,1.6449,626.2112,1851.2112,2708.7112,7,2260,reorder_now
2011-12-09,23345,DOLLY GIRL BEAKER,1,SIM-SUP-12,48.0000,0.0000,5.0000,43.0000,6.1786,7.1217,3,95.00%,1.6449,20.2894,38.8251,82.0751,7,0,no_order_required
2011-12-09,23346,SPACEBOY BEAKER,1,SIM-SUP-02,135.0000,0.0000,12.0000,123.0000,5.2143,5.5829,14,95.00%,1.6449,34.3596,107.3596,143.8596,7,0,no_order_required
2011-12-09,23347,I LOVE LONDON BEAKER,1,SIM-SUP-06,15.0000,0.0000,0.0000,15.0000,4.0357,8.9821,7,95.00%,1.6449,39.0888,67.3388,95.5888,7,81,reorder_now
2011-12-09,23348,UNKNOWN,1,SIM-SUP-06,56.0000,0.0000,0.0000,56.0000,3.1786,6.9388,10,95.00%,1.6449,36.0920,67.8777,90.1277,7,35,reorder_now
2011-12-09,23349,ROLL WRAP VINTAGE CHRISTMAS,1,SIM-SUP-08,110.0000,0.0000,15.0000,95.0000,27.6786,24.0936,3,95.00%,1.6449,68.6421,151.6778,345.4278,7,251,reorder_now
2011-12-09,23350,ROLL WRAP VINTAGE SPOT,1,SIM-SUP-07,226.0000,63.0000,16.0000,273.0000,21.0714,15.9193,7,95.00%,1.6449,69.2787,216.7787,364.2787,7,0,no_order_required
2011-12-09,23351,ROLL WRAP 50'S CHRISTMAS,1,SIM-SUP-07,253.0000,8.0000,30.0000,231.0000,37.3571,30.8351,14,95.00%,1.6449,189.7737,712.7737,974.2737,7,744,reorder_now
2011-12-09,23352,ROLL WRAP 50'S RED CHRISTMAS,1,SIM-SUP-10,61.0000,18.0000,5.0000,74.0000,14.7857,12.1048,3,95.00%,1.6449,34.4861,78.8433,182.3433,7,109,reorder_now
2011-12-09,23353,6 GIFT TAGS VINTAGE CHRISTMAS,1,SIM-SUP-03,117.0000,39.0000,1.0000,155.0000,25.2500,24.4944,3,95.00%,1.6449,69.7837,145.5337,322.2837,7,0,no_order_required
2011-12-09,23354,6 GIFT TAGS 50'S CHRISTMAS,1,SIM-SUP-10,85.0000,0.0000,4.0000,81.0000,29.2857,31.2591,3,95.00%,1.6449,89.0563,176.9134,381.9134,7,301,reorder_now
2011-12-09,23355,HOT WATER BOTTLE KEEP CALM,1,SIM-SUP-03,375.0000,0.0000,4.0000,371.0000,69.3214,42.3346,7,95.00%,1.6449,184.2348,669.4848,1154.7348,7,784,reorder_now
2011-12-09,23356,LOVE HOT WATER BOTTLE,1,SIM-SUP-01,150.0000,0.0000,12.0000,138.0000,23.1071,19.4594,3,95.00%,1.6449,55.4392,124.7606,286.5106,7,0,no_order_required
2011-12-09,23357,HOT WATER BOTTLE SEX BOMB,1,SIM-SUP-04,53.0000,0.0000,6.0000,47.0000,6.0714,7.3433,5,95.00%,1.6449,27.0085,57.3657,99.8657,7,53,reorder_now
2011-12-09,23358,HOT STUFF HOT WATER BOTTLE,1,SIM-SUP-01,85.0000,0.0000,12.0000,73.0000,9.2500,12.2055,14,95.00%,1.6449,75.1182,204.6182,269.3682,7,197,reorder_now
2011-12-09,23359,SET OF 12 T-LIGHTS VINTAGE DOILY,1,SIM-SUP-11,54.0000,0.0000,2.0000,52.0000,5.5357,7.6180,7,95.00%,1.6449,33.1527,71.9027,110.6527,7,59,reorder_now
2011-12-09,23360,SET 8 CANDLES VINTAGE DOILY,1,SIM-SUP-02,57.0000,18.0000,8.0000,67.0000,5.5714,10.5168,14,95.00%,1.6449,64.7251,142.7251,181.7251,7,115,reorder_now
2011-12-09,23365,SET 12 COLOUR PENCILS LOVE LONDON,1,SIM-SUP-07,173.0000,0.0000,2.0000,171.0000,18.6522,17.6083,7,95.00%,1.6449,76.6292,207.1944,337.7596,7,167,reorder_now
2011-12-09,23366,SET 12 COLOURING PENCILS DOILY,1,SIM-SUP-03,53.0000,0.0000,6.0000,47.0000,22.2174,23.0443,5,95.00%,1.6449,84.7570,195.8440,351.3657,7,305,reorder_now
2011-12-09,23367,SET 12 COLOUR PENCILS SPACEBOY,1,SIM-SUP-02,387.0000,126.0000,18.0000,495.0000,39.3913,29.9967,10,95.00%,1.6449,156.0275,549.9405,825.6796,7,331,reorder_now
2011-12-09,23368,SET 12 COLOUR PENCILS DOLLY GIRL,1,SIM-SUP-12,112.0000,24.0000,3.0000,133.0000,30.7391,34.6752,5,95.00%,1.6449,127.5354,281.2310,496.4050,7,364,reorder_now
2011-12-09,23369,SET 36 COLOUR PENCILS LOVE LONDON,1,SIM-SUP-06,148.0000,28.0000,1.0000,175.0000,15.5217,26.2163,14,95.00%,1.6449,161.3475,378.6518,487.3040,7,313,reorder_now
2011-12-09,23370,SET 36 COLOURING PENCILS DOILY,1,SIM-SUP-04,126.0000,51.0000,8.0000,169.0000,14.6522,17.5712,14,95.00%,1.6449,108.1418,313.2723,415.8375,7,247,reorder_now
2011-12-09,23371,SET 36 COLOUR PENCILS SPACEBOY,1,SIM-SUP-12,418.0000,0.0000,13.0000,405.0000,24.1739,39.8919,14,95.00%,1.6449,245.5136,583.9484,753.1658,7,349,reorder_now
2011-12-09,23372,SET 36 COLOUR PENCILS DOLLY GIRL,1,SIM-SUP-11,100.0000,0.0000,14.0000,86.0000,22.1739,39.9616,14,95.00%,1.6449,245.9426,556.3774,711.5947,7,626,reorder_now
2011-12-09,23373,VINTAGE CHRISTMAS PAPER GIFT BAG,1,SIM-SUP-03,45.0000,19.0000,1.0000,63.0000,8.3571,13.2482,14,95.00%,1.6449,81.5359,198.5359,257.0359,7,195,reorder_now
2011-12-09,23374,RED SPOT PAPER GIFT BAG,1,SIM-SUP-01,66.0000,0.0000,4.0000,62.0000,23.1071,39.9306,10,95.00%,1.6449,207.6984,438.7698,600.5198,7,539,reorder_now
2011-12-09,23375,50'S CHRISTMAS PAPER GIFT BAG,1,SIM-SUP-02,51.0000,0.0000,6.0000,45.0000,7.2857,9.2306,10,95.00%,1.6449,48.0128,120.8700,171.8700,7,127,reorder_now
2011-12-09,23376,PACK OF 12 VINTAGE CHRISTMAS TISSUE,1,SIM-SUP-09,472.0000,0.0000,18.0000,454.0000,31.1786,45.7423,14,95.00%,1.6449,281.5202,718.0202,936.2702,7,483,reorder_now
2011-12-09,23377,PACK OF 12 DOLLY GIRL TISSUES,1,SIM-SUP-12,25.0000,0.0000,2.0000,23.0000,7.7857,10.8376,7,95.00%,1.6449,47.1640,101.6640,156.1640,7,134,reorder_now
2011-12-09,23378,PACK OF 12 50'S CHRISTMAS TISSUES,1,SIM-SUP-01,106.0000,0.0000,6.0000,100.0000,40.9643,68.0171,3,95.00%,1.6449,193.7786,316.6714,603.4214,7,504,reorder_now
2011-12-09,23379,PACK OF 12 RED APPLE TISSUES,1,SIM-SUP-04,32.0000,10.0000,3.0000,39.0000,3.4643,4.8291,7,95.00%,1.6449,21.0156,45.2656,69.5156,7,31,reorder_now
2011-12-09,23380,PACK OF 12 VINTAGE DOILY TISSUES,1,SIM-SUP-06,41.0000,0.0000,2.0000,39.0000,17.0357,34.3890,7,95.00%,1.6449,149.6567,268.9067,388.1567,7,350,reorder_now
2011-12-09,23381,PACK OF 12 VINTAGE LEAF TISSUES,1,SIM-SUP-04,16.0000,0.0000,2.0000,14.0000,3.7500,9.5117,3,95.00%,1.6449,27.0987,38.3487,64.5987,7,51,reorder_now
2011-12-09,23388,WOODLAND MINI BACKPACK,1,SIM-SUP-03,49.0000,0.0000,4.0000,45.0000,5.5714,10.4691,7,95.00%,1.6449,45.5602,84.5602,123.5602,7,79,reorder_now
2011-12-09,23389,SPACEBOY MINI BACKPACK,1,SIM-SUP-05,50.0000,0.0000,5.0000,45.0000,10.1786,21.7552,5,95.00%,1.6449,80.0158,130.9086,202.1586,7,158,reorder_now
2011-12-09,23390,DOLLY GIRL MINI BACKPACK,1,SIM-SUP-10,57.0000,7.0000,4.0000,60.0000,5.0357,9.1162,7,95.00%,1.6449,39.6727,74.9227,110.1727,7,51,reorder_now
2011-12-09,23391,I LOVE LONDON MINI BACKPACK,1,SIM-SUP-10,17.0000,3.0000,1.0000,19.0000,3.7500,8.9388,5,95.00%,1.6449,32.8769,51.6269,77.8769,7,59,reorder_now
2011-12-09,23392,SPACEBOY ROCKET LOLLY MAKERS,1,SIM-SUP-04,141.0000,0.0000,16.0000,125.0000,6.6071,8.4021,14,95.00%,1.6449,51.7107,144.2107,190.4607,7,66,reorder_now
2011-12-09,23393,HOME SWEET HOME CUSHION COVER,1,SIM-SUP-07,158.0000,0.0000,13.0000,145.0000,6.2143,8.0771,10,95.00%,1.6449,42.0130,104.1558,147.6558,7,0,no_order_required
2011-12-09,23394,POSTE FRANCE CUSHION COVER,1,SIM-SUP-09,51.0000,0.0000,2.0000,49.0000,4.2143,6.4827,7,95.00%,1.6449,28.2119,57.7119,87.2119,7,39,reorder_now
2011-12-09,23395,BELLE JARDINIERE CUSHION COVER,1,SIM-SUP-04,83.0000,0.0000,9.0000,74.0000,7.2143,8.2348,10,95.00%,1.6449,42.8330,114.9758,165.4758,7,92,reorder_now
2011-12-09,23396,LE JARDIN BOTANIQUE CUSHION COVER,1,SIM-SUP-09,57.0000,14.0000,3.0000,68.0000,5.6429,7.0722,14,95.00%,1.6449,43.5254,122.5254,162.0254,7,95,reorder_now
2011-12-09,23397,FOOT STOOL HOME SWEET HOME,1,SIM-SUP-08,53.0000,0.0000,4.0000,49.0000,4.5000,8.0022,7,95.00%,1.6449,34.8247,66.3247,97.8247,7,49,reorder_now
2011-12-09,23398,HANGING HEART BONHEUR,1,SIM-SUP-05,17.0000,6.0000,0.0000,23.0000,5.1071,10.0653,5,95.00%,1.6449,37.0202,62.5559,98.3059,7,76,reorder_now
2011-12-09,23399,HOME SWEET HOME HANGING HEART,1,SIM-SUP-09,352.0000,0.0000,46.0000,306.0000,12.5000,12.8188,14,95.00%,1.6449,78.8930,253.8930,341.3930,7,0,no_order_required
2011-12-09,23400,SHELF WITH 4 HOOKS HOME SWEET HOME,1,SIM-SUP-05,6.0000,2.0000,1.0000,7.0000,1.0357,1.4263,3,95.00%,1.6449,4.0636,7.1707,14.4207,7,8,reorder_now
2011-12-09,23401,RUSTIC MIRROR WITH LACE HEART,1,SIM-SUP-09,25.0000,0.0000,3.0000,22.0000,6.8214,27.6510,10,95.00%,1.6449,143.8260,212.0403,259.7903,7,238,reorder_now
2011-12-09,23402,HOME SWEET HOME 3 PEG HANGER,1,SIM-SUP-06,14.0000,1.0000,1.0000,14.0000,1.5000,2.9701,10,95.00%,1.6449,15.4489,30.4489,40.9489,7,27,reorder_now
2011-12-09,23403,LETTER HOLDER HOME SWEET HOME,1,SIM-SUP-08,35.0000,0.0000,3.0000,32.0000,3.4643,3.9050,7,95.00%,1.6449,16.9939,41.2439,65.4939,7,34,reorder_now
2011-12-09,23404,HOME SWEET HOME BLACKBOARD,1,SIM-SUP-09,35.0000,17.0000,2.0000,50.0000,13.0357,27.2665,7,95.00%,1.6449,118.6604,209.9104,301.1604,7,252,reorder_now
2011-12-09,23405,HOME SWEET HOME 2 DRAWER CABINET,1,SIM-SUP-11,7.0000,0.0000,0.0000,7.0000,2.9286,3.5348,10,95.00%,1.6449,18.3863,47.6720,68.1720,7,62,reorder_now
2011-12-09,23406,UNKNOWN,1,SIM-SUP-10,23.0000,0.0000,3.0000,20.0000,2.8929,3.9219,7,95.00%,1.6449,17.0677,37.3177,57.5677,7,38,reorder_now
2011-12-09,23407,SET OF 2 TRAYS HOME SWEET HOME,1,SIM-SUP-07,18.0000,0.0000,2.0000,16.0000,2.5714,4.1268,14,95.00%,1.6449,25.3984,61.3984,79.3984,7,64,reorder_now
2011-12-09,23408,PHOTO FRAME LINEN AND LACE SMALL,1,SIM-SUP-02,23.0000,0.0000,3.0000,20.0000,2.8571,5.1250,14,95.00%,1.6449,31.5415,71.5415,91.5415,7,72,reorder_now
2011-12-09,23411,TRELLIS COAT RACK,1,SIM-SUP-07,9.0000,0.0000,0.0000,9.0000,1.0714,1.9808,5,95.00%,1.6449,7.2853,12.6424,20.1424,7,12,reorder_now
2011-12-09,23414,ZINC BOX SIGN HOME,1,SIM-SUP-10,4.0000,0.0000,0.0000,4.0000,0.4643,0.8653,10,95.00%,1.6449,4.5008,9.1436,12.3936,7,9,reorder_now
2011-12-09,23418,LAVENDER TOILETTE BOTTLE,1,SIM-SUP-02,8.0000,4.0000,0.0000,12.0000,2.6071,4.1691,5,95.00%,1.6449,15.3340,28.3697,46.6197,7,35,reorder_now
2011-12-09,23419,HOME SWEET HOME BOTTLE,1,SIM-SUP-09,69.0000,0.0000,3.0000,66.0000,2.7500,3.7476,14,95.00%,1.6449,23.0646,61.5646,80.8146,7,0,no_order_required
2011-12-09,23423,PANTRY 3 HOOK ROLLING PIN HANGER,1,SIM-SUP-08,10.0000,10.0000,0.0000,20.0000,2.0000,3.4641,14,95.00%,1.6449,21.3197,49.3197,63.3197,7,44,reorder_now
2011-12-09,23424,GINGHAM RECIPE BOOK BOX,1,SIM-SUP-11,73.0000,26.0000,2.0000,97.0000,3.2143,3.0161,10,95.00%,1.6449,15.6883,47.8311,70.3311,7,0,no_order_required
2011-12-09,23426,METAL SIGN DROP YOUR PANTS,1,SIM-SUP-10,135.0000,0.0000,17.0000,118.0000,9.2143,11.4747,7,95.00%,1.6449,49.9364,114.4364,178.9364,7,0,no_order_required
2011-12-09,23427,STOOL HOME SWEET HOME,1,SIM-SUP-03,2.0000,0.0000,0.0000,2.0000,0.2857,0.6468,3,95.00%,1.6449,1.8428,2.6999,4.6999,7,3,reorder_now
2011-12-09,23431,NATURAL HANGING QUILTED HEARTS,1,SIM-SUP-12,15.0000,10.0000,2.0000,23.0000,2.9286,6.0647,14,95.00%,1.6449,37.3251,78.3251,98.8251,7,76,reorder_now
2011-12-09,23432,PRETTY HANGING QUILTED HEARTS,1,SIM-SUP-08,18.0000,0.0000,1.0000,17.0000,5.1429,8.8346,7,95.00%,1.6449,38.4473,74.4473,110.4473,7,94,reorder_now
2011-12-09,23433,HANGING QUILTED PATCHWORK APPLES,1,SIM-SUP-07,30.0000,0.0000,2.0000,28.0000,6.8929,8.6079,5,95.00%,1.6449,31.6598,66.1241,114.3741,7,87,reorder_now
2011-12-09,23434,3 RAFFIA RIBBONS 50'S CHRISTMAS,1,SIM-SUP-04,81.0000,0.0000,3.0000,78.0000,26.7143,30.9479,3,95.00%,1.6449,88.1698,168.3126,355.3126,7,278,reorder_now
2011-12-09,23435,3 RAFFIA RIBBONS VINTAGE CHRISTMAS,1,SIM-SUP-05,60.0000,0.0000,1.0000,59.0000,6.0714,6.7977,5,95.00%,1.6449,25.0021,55.3592,97.8592,7,0,no_order_required
2011-12-09,23436,VINTAGE CHRISTMAS GIFT BAG LARGE,1,SIM-SUP-08,50.0000,0.0000,3.0000,47.0000,8.4643,11.3625,3,95.00%,1.6449,32.3714,57.7642,117.0142,7,71,reorder_now
2011-12-09,23437,50'S CHRISTMAS GIFT BAG LARGE,1,SIM-SUP-08,143.0000,9.0000,7.0000,145.0000,9.7857,12.8795,14,95.00%,1.6449,79.2669,216.2669,284.7669,7,140,reorder_now
2011-12-09,23438,RED SPOT GIFT BAG LARGE,1,SIM-SUP-10,18.0000,8.0000,2.0000,24.0000,11.2143,16.6312,3,95.00%,1.6449,47.3818,81.0247,159.5247,7,136,reorder_now
2011-12-09,23439,HAND WARMER RED LOVE HEART,1,SIM-SUP-12,449.0000,94.0000,26.0000,517.0000,42.1786,37.0203,10,95.00%,1.6449,192.5606,614.3463,909.5963,7,393,reorder_now
2011-12-09,23444,Next Day Carriage,1,SIM-SUP-01,24.0000,3.0000,1.0000,26.0000,1.1429,1.1562,14,95.00%,1.6449,7.1156,23.1156,31.1156,7,0,no_order_required
2011-12-09,23445,ICE CREAM BUBBLES,1,SIM-SUP-05,145.0000,0.0000,12.0000,133.0000,15.0714,15.7229,7,95.00%,1.6449,68.4240,173.9240,279.4240,7,147,reorder_now
2011-12-09,23461,SWEETHEART BIRD HOUSE,1,SIM-SUP-07,9.0000,6.0000,1.0000,14.0000,41.5000,152.2239,3,95.00%,1.6449,433.6814,558.1814,848.6814,7,835,reorder_now
2011-12-09,23493,VINTAGE DOILY TRAVEL SEWING KIT,1,SIM-SUP-01,175.0000,0.0000,5.0000,170.0000,57.3913,38.7441,3,95.00%,1.6449,110.3809,282.5548,684.2939,7,515,reorder_now
2011-12-09,23494,VINTAGE DOILY DELUXE SEWING KIT,1,SIM-SUP-12,102.0000,0.0000,3.0000,99.0000,13.9500,17.1682,10,95.00%,1.6449,89.3002,228.8002,326.4502,7,228,reorder_now
2011-12-09,23502,PLAYING CARDS VINTAGE DOILY,1,SIM-SUP-09,89.0000,0.0000,12.0000,77.0000,4.7391,6.7387,14,95.00%,1.6449,41.4732,107.8211,140.9950,7,64,reorder_now
2011-12-09,23503,PLAYING CARDS KEEP CALM & CARRY ON,1,SIM-SUP-02,178.0000,0.0000,19.0000,159.0000,34.6522,27.7592,3,95.00%,1.6449,79.0852,183.0417,425.6069,7,267,reorder_now
2011-12-09,23504,PLAYING CARDS JUBILEE UNION JACK,1,SIM-SUP-09,95.0000,0.0000,13.0000,82.0000,16.6957,20.4183,5,95.00%,1.6449,75.0986,158.5769,275.4465,7,194,reorder_now
2011-12-09,23505,PLAYING CARDS I LOVE LONDON,1,SIM-SUP-05,52.0000,0.0000,1.0000,51.0000,16.3478,30.4911,5,95.00%,1.6449,112.1463,193.8854,308.3202,7,258,reorder_now
2011-12-09,23506,MINI PLAYING CARDS SPACEBOY,1,SIM-SUP-08,246.0000,0.0000,29.0000,217.0000,15.6957,14.4957,14,95.00%,1.6449,89.2134,308.9525,418.8221,7,202,reorder_now
2011-12-09,23507,MINI PLAYING CARDS BUFFALO BILL,1,SIM-SUP-11,86.0000,0.0000,9.0000,77.0000,43.4348,162.7126,7,95.00%,1.6449,708.1045,1012.1480,1316.1914,7,1240,reorder_now
2011-12-09,23508,MINI PLAYING CARDS DOLLY GIRL,1,SIM-SUP-08,66.0000,0.0000,6.0000,60.0000,9.9565,10.3187,7,95.00%,1.6449,44.9058,114.6015,184.2972,7,125,reorder_now
2011-12-09,23510,MINI PLAYING CARDS GYMKHANA,1,SIM-SUP-07,112.0000,0.0000,9.0000,103.0000,41.7826,162.9622,10,95.00%,1.6449,847.6455,1265.4716,1557.9498,7,1455,reorder_now
2011-12-09,23511,EMBROIDERED RIBBON REEL EMILY,1,SIM-SUP-07,16.0000,0.0000,0.0000,16.0000,1.8696,2.9533,3,95.00%,1.6449,8.4139,14.0226,27.1096,7,0,no_order_required
2011-12-09,23513,EMBROIDERED RIBBON REEL SUSIE,1,SIM-SUP-07,31.0000,7.0000,4.0000,34.0000,1.3478,2.3885,14,95.00%,1.6449,14.7002,33.5698,43.0045,7,0,no_order_required
2011-12-09,23514,EMBROIDERED RIBBON REEL SALLY,1,SIM-SUP-12,22.0000,0.0000,3.0000,19.0000,2.7391,3.5901,5,95.00%,1.6449,13.2042,26.8999,46.0738,7,28,reorder_now
2011-12-09,23515,EMBROIDERED RIBBON REEL DAISY,1,SIM-SUP-09,2.0000,0.0000,0.0000,2.0000,1.6087,2.4626,3,95.00%,1.6449,7.0158,11.8419,23.1028,7,22,reorder_now
2011-12-09,23517,EMBROIDERED RIBBON REEL REBECCA,1,SIM-SUP-08,28.0000,0.0000,4.0000,24.0000,0.7826,1.6670,14,95.00%,1.6449,10.2594,21.2159,26.6942,7,0,no_order_required
2011-12-09,23526,WALL ART DOG LICENCE,1,SIM-SUP-06,181.0000,0.0000,18.0000,163.0000,15.7500,37.3879,14,95.00%,1.6449,230.1030,450.6030,560.8530,7,398,reorder_now
2011-12-09,23531,WALL ART BIG LOVE,1,SIM-SUP-12,35.0000,0.0000,4.0000,31.0000,16.5000,37.1293,7,95.00%,1.6449,161.5819,277.0819,392.5819,7,362,reorder_now
2011-12-09,23534,WALL ART STOP FOR TEA,1,SIM-SUP-08,71.0000,0.0000,10.0000,61.0000,10.8462,8.9773,5,95.00%,1.6449,33.0185,87.2493,163.1724,7,103,reorder_now
2011-12-09,23535,WALL ART BICYCLE SAFETY,1,SIM-SUP-04,384.0000,0.0000,9.0000,375.0000,26.7692,41.3375,14,95.00%,1.6449,254.4111,629.1803,816.5649,7,442,reorder_now
2011-12-09,23541,WALL ART CLASSIC PUDDINGS,1,SIM-SUP-12,85.0000,0.0000,12.0000,73.0000,2.0000,2.6018,10,95.00%,1.6449,13.5331,33.5331,47.5331,7,0,no_order_required
2011-12-09,23545,WRAP RED VINTAGE DOILY,1,SIM-SUP-01,65.0000,0.0000,8.0000,57.0000,16.9643,23.1971,7,95.00%,1.6449,100.9509,219.7009,338.4509,7,282,reorder_now
2011-12-09,23546,WRAP PAISLEY PARK,1,SIM-SUP-09,111.0000,0.0000,6.0000,105.0000,23.2143,35.9368,7,95.00%,1.6449,156.3924,318.8924,481.3924,7,377,reorder_now
2011-12-09,23547,WRAP FLOWER SHOP,1,SIM-SUP-01,11.0000,0.0000,1.0000,10.0000,9.8214,20.4189,10,95.00%,1.6449,106.2087,204.4230,273.1730,7,264,reorder_now
2011-12-09,23549,WRAP BIRD GARDEN,1,SIM-SUP-01,23.0000,8.0000,0.0000,31.0000,5.3571,12.2422,10,95.00%,1.6449,63.6778,117.2492,154.7492,7,124,reorder_now
2011-12-09,23550,WRAP ALPHABET POSTER,1,SIM-SUP-03,8.0000,0.0000,1.0000,7.0000,3.5714,8.7482,14,95.00%,1.6449,53.8405,103.8405,128.8405,7,122,reorder_now
2011-12-09,23551,PACK OF 12 PAISLEY PARK TISSUES,1,SIM-SUP-06,156.0000,29.0000,12.0000,173.0000,12.0357,25.3933,14,95.00%,1.6449,156.2826,324.7826,409.0326,7,237,reorder_now
2011-12-09,23559,WOODLAND BUNNIES LOLLY MAKERS,1,SIM-SUP-12,29.0000,0.0000,3.0000,26.0000,5.5357,8.8135,3,95.00%,1.6449,25.1093,41.7165,80.4665,7,55,reorder_now
2011-12-09,35001G,HAND OPEN SHAPE GOLD,1,SIM-SUP-04,5.0000,0.0000,0.0000,5.0000,1.3929,3.3630,10,95.00%,1.6449,17.4927,31.4213,41.1713,7,37,reorder_now
2011-12-09,35001W,HAND OPEN SHAPE DECO.WHITE,1,SIM-SUP-12,2.0000,0.0000,0.0000,2.0000,0.0000,0.0000,10,95.00%,1.6449,0.0000,0.0000,0.0000,7,0,no_order_required
2011-12-09,35004B,SET OF 3 BLACK FLYING DUCKS,1,SIM-SUP-12,7.0000,2.0000,1.0000,8.0000,0.9643,2.3677,14,95.00%,1.6449,14.5718,28.0718,34.8218,7,27,reorder_now
2011-12-09,35004C,SET OF 3 COLOURED FLYING DUCKS,1,SIM-SUP-02,1.0000,0.0000,0.0000,1.0000,0.0000,0.0000,5,95.00%,1.6449,0.0000,0.0000,0.0000,7,0,no_order_required
2011-12-09,35004G,SET OF 3 GOLD FLYING DUCKS,1,SIM-SUP-09,4.0000,1.0000,0.0000,5.0000,1.3929,3.6969,5,95.00%,1.6449,13.5972,20.5615,30.3115,7,26,reorder_now
2011-12-09,35004P,UNKNOWN,1,SIM-SUP-02,1.0000,0.0000,0.0000,1.0000,0.0000,0.0000,7,95.00%,1.6449,0.0000,0.0000,0.0000,7,0,no_order_required
2011-12-09,35015,JACOBS LADDER SMALL,1,SIM-SUP-10,1.0000,0.0000,0.0000,1.0000,0.0000,0.0000,5,95.00%,1.6449,0.0000,0.0000,0.0000,7,0,no_order_required
2011-12-09,35095A,BLUE VICTORIAN FABRIC OVAL BOX,1,SIM-SUP-07,16.0000,0.0000,0.0000,16.0000,5.8929,8.4106,3,95.00%,1.6449,23.9616,41.6402,82.8902,7,67,reorder_now
2011-12-09,35095B,RED VICTORIAN FABRIC OVAL BOX,1,SIM-SUP-11,10.0000,0.0000,0.0000,10.0000,2.4286,4.9744,5,95.00%,1.6449,18.2960,30.4388,47.4388,7,38,reorder_now
2011-12-09,35096A,UNKNOWN,1,SIM-SUP-08,1.0000,0.0000,0.0000,1.0000,0.0000,0.0000,5,95.00%,1.6449,0.0000,0.0000,0.0000,7,0,no_order_required
2011-12-09,35160,UNKNOWN,1,SIM-SUP-10,2.0000,0.0000,0.0000,2.0000,0.0000,0.0000,7,95.00%,1.6449,0.0000,0.0000,0.0000,7,0,no_order_required
2011-12-09,35240,UNKNOWN,1,SIM-SUP-07,0.0000,0.0000,0.0000,0.0000,0.0000,0.0000,5,95.00%,1.6449,0.0000,0.0000,0.0000,7,0,no_order_required
2011-12-09,35241,ENAMEL BLUE RIM BISCUIT BIN,1,SIM-SUP-05,1.0000,0.0000,0.0000,1.0000,0.0000,0.0000,3,95.00%,1.6449,0.0000,0.0000,0.0000,7,0,no_order_required
2011-12-09,35400,WOODEN BOX ADVENT CALENDAR,1,SIM-SUP-12,2.0000,0.0000,0.0000,2.0000,0.3571,1.6736,3,95.00%,1.6449,4.7681,5.8395,8.3395,7,7,reorder_now
2011-12-09,35471A,SET OF 3 BIRD L.BLUE FEATHER,1,SIM-SUP-08,4.0000,0.0000,0.0000,4.0000,0.0000,0.0000,14,95.00%,1.6449,0.0000,0.0000,0.0000,7,0,no_order_required
2011-12-09,35471D,SET OF 3 BIRD LIGHT PINK FEATHER,1,SIM-SUP-04,80.0000,0.0000,1.0000,79.0000,20.1429,22.8344,10,95.00%,1.6449,118.7726,320.2011,461.2011,7,383,reorder_now
2011-12-09,35594,WOODEN CHRISTMAS TREE 3 HANGING,1,SIM-SUP-10,1.0000,0.0000,0.0000,1.0000,0.0000,0.0000,5,95.00%,1.6449,0.0000,0.0000,0.0000,7,0,no_order_required
2011-12-09,35598B,BLACK CHRISTMAS TREE 60CM,1,SIM-SUP-09,7.0000,0.0000,1.0000,6.0000,2.6786,7.3923,14,95.00%,1.6449,45.4960,82.9960,101.7460,7,96,reorder_now
2011-12-09,35598D,PINK/WHITE CHRISTMAS TREE 60CM,1,SIM-SUP-05,19.0000,0.0000,1.0000,18.0000,2.7143,9.7828,14,95.00%,1.6449,60.2083,98.2083,117.2083,7,100,reorder_now
2011-12-09,35599B,BLACK CHRISTMAS TREE 120CM,1,SIM-SUP-12,14.0000,2.0000,0.0000,16.0000,4.1429,13.7340,5,95.00%,1.6449,50.5137,71.2280,100.2280,7,85,reorder_now
2011-12-09,35599D,PINK AND WHITE CHRISTMAS TREE 120CM,1,SIM-SUP-08,7.0000,3.0000,0.0000,10.0000,2.8214,8.9205,7,95.00%,1.6449,38.8209,58.5709,78.3209,7,69,reorder_now
2011-12-09,35607A,UNKNOWN,1,SIM-SUP-06,1.0000,0.0000,0.0000,1.0000,0.0000,0.0000,5,95.00%,1.6449,0.0000,0.0000,0.0000,7,0,no_order_required
2011-12-09,35637A,IVORY STRING CURTAIN WITH POLE,1,SIM-SUP-09,3.0000,0.0000,0.0000,3.0000,0.2500,0.5748,7,95.00%,1.6449,2.5013,4.2513,6.0013,7,4,reorder_now
2011-12-09,35645,VINTAGE BEAD PINK JEWEL BOX,1,SIM-SUP-06,2.0000,0.0000,0.0000,2.0000,0.0000,0.0000,14,95.00%,1.6449,0.0000,0.0000,0.0000,7,0,no_order_required
2011-12-09,35646,VINTAGE BEAD PINK EVENING BAG,1,SIM-SUP-09,68.0000,0.0000,10.0000,58.0000,4.2500,7.4863,10,95.00%,1.6449,38.9399,81.4399,111.1899,7,54,reorder_now
2011-12-09,35647,VINTAGE BEAD PINK SHADE,1,SIM-SUP-10,1.0000,0.0000,0.0000,1.0000,0.0000,0.0000,10,95.00%,1.6449,0.0000,0.0000,0.0000,7,0,no_order_required
2011-12-09,35648,VINTAGE BEAD PINK PURSE,1,SIM-SUP-04,37.0000,0.0000,1.0000,36.0000,4.3214,7.6534,14,95.00%,1.6449,47.1030,107.6030,137.8530,7,102,reorder_now
2011-12-09,35649,VINTAGE BEAD COSMETIC BAG,1,SIM-SUP-04,3.0000,0.0000,0.0000,3.0000,0.4643,0.9442,5,95.00%,1.6449,3.4729,5.7943,9.0443,7,7,reorder_now
2011-12-09,35651,VINTAGE BEAD PINK SCARF,1,SIM-SUP-03,2.0000,0.0000,0.0000,2.0000,0.0000,0.0000,10,95.00%,1.6449,0.0000,0.0000,0.0000,7,0,no_order_required
2011-12-09,35653,VINTAGE BEAD NOTEBOOK,1,SIM-SUP-11,1.0000,0.0000,0.0000,1.0000,0.0000,0.0000,5,95.00%,1.6449,0.0000,0.0000,0.0000,7,0,no_order_required
2011-12-09,35809A,ENAMEL PINK TEA CONTAINER,1,SIM-SUP-06,4.0000,0.0000,1.0000,3.0000,0.0000,0.0000,14,95.00%,1.6449,0.0000,0.0000,0.0000,7,0,no_order_required
2011-12-09,35810A,ENAMEL PINK COFFEE CONTAINER,1,SIM-SUP-04,1.0000,0.0000,0.0000,1.0000,0.0000,0.0000,5,95.00%,1.6449,0.0000,0.0000,0.0000,7,0,no_order_required
2011-12-09,35810B,ENAMEL BLUE RIM COFFEE CONTAINER,1,SIM-SUP-07,5.0000,0.0000,1.0000,4.0000,0.1786,0.7585,14,95.00%,1.6449,4.6679,7.1679,8.4179,7,5,reorder_now
2011-12-09,35811A,UNKNOWN,1,SIM-SUP-08,2.0000,0.0000,0.0000,2.0000,0.0000,0.0000,7,95.00%,1.6449,0.0000,0.0000,0.0000,7,0,no_order_required
2011-12-09,35832,UNKNOWN,1,SIM-SUP-04,2.0000,0.0000,0.0000,2.0000,0.0000,0.0000,10,95.00%,1.6449,0.0000,0.0000,0.0000,7,0,no_order_required
2011-12-09,35833P,4 PINK FLOCK CHRISTMAS BALLS,1,SIM-SUP-02,2.0000,0.0000,0.0000,2.0000,0.5000,1.7423,3,95.00%,1.6449,4.9638,6.4638,9.9638,7,8,reorder_now
2011-12-09,35911A,MULTICOLOUR RABBIT EGG WARMER,1,SIM-SUP-05,2.0000,0.0000,0.0000,2.0000,0.0000,0.0000,5,95.00%,1.6449,0.0000,0.0000,0.0000,7,0,no_order_required
2011-12-09,35914,UNKNOWN,1,SIM-SUP-07,1.0000,0.0000,0.0000,1.0000,0.0000,0.0000,5,95.00%,1.6449,0.0000,0.0000,0.0000,7,0,no_order_required
2011-12-09,35915B,BLUE KNITTED HEN,1,SIM-SUP-08,1.0000,0.0000,0.0000,1.0000,0.0000,0.0000,10,95.00%,1.6449,0.0000,0.0000,0.0000,7,0,no_order_required
2011-12-09,35915C,UNKNOWN,1,SIM-SUP-03,1.0000,0.0000,0.0000,1.0000,0.0000,0.0000,3,95.00%,1.6449,0.0000,0.0000,0.0000,7,0,no_order_required
2011-12-09,35916A,YELLOW FELT HANGING HEART W FLOWER,1,SIM-SUP-01,2.0000,0.0000,0.0000,2.0000,0.0000,0.0000,14,95.00%,1.6449,0.0000,0.0000,0.0000,7,0,no_order_required
2011-12-09,35916B,BLUE FELT HANGING HEART WITH FLOWER,1,SIM-SUP-08,1.0000,0.0000,0.0000,1.0000,0.0000,0.0000,3,95.00%,1.6449,0.0000,0.0000,0.0000,7,0,no_order_required
2011-12-09,35916C,PINK FELT HANGING HEART W FLOWER,1,SIM-SUP-04,0.0000,0.0000,0.0000,0.0000,0.0000,0.0000,7,95.00%,1.6449,0.0000,0.0000,0.0000,7,0,no_order_required
2011-12-09,35921,EASTER BUNNY HANGING GARLAND,1,SIM-SUP-06,2.0000,0.0000,0.0000,2.0000,0.0000,0.0000,5,95.00%,1.6449,0.0000,0.0000,0.0000,7,0,no_order_required
2011-12-09,35922,EASTER BUNNY WREATH,1,SIM-SUP-08,2.0000,0.0000,0.0000,2.0000,0.0000,0.0000,5,95.00%,1.6449,0.0000,0.0000,0.0000,7,0,no_order_required
2011-12-09,35923,CANDY HEART HANGING DECORATION,1,SIM-SUP-03,4.0000,0.0000,0.0000,4.0000,5.0714,18.2403,5,95.00%,1.6449,67.0880,92.4451,127.9451,7,124,reorder_now
2011-12-09,35924,HANGING FAIRY CAKE DECORATION,1,SIM-SUP-10,3.0000,0.0000,0.0000,3.0000,0.1786,0.7585,5,95.00%,1.6449,2.7896,3.6825,4.9325,7,2,reorder_now
2011-12-09,35951,UNKNOWN,1,SIM-SUP-11,1.0000,0.0000,0.0000,1.0000,0.0000,0.0000,7,95.00%,1.6449,0.0000,0.0000,0.0000,7,0,no_order_required
2011-12-09,35953,FOLKART STAR CHRISTMAS DECORATIONS,1,SIM-SUP-02,140.0000,39.0000,8.0000,171.0000,61.4643,53.8778,3,95.00%,1.6449,153.4963,337.8892,768.1392,7,598,reorder_now
2011-12-09,35954,check,1,SIM-SUP-11,10.0000,0.0000,0.0000,10.0000,0.0000,0.0000,10,95.00%,1.6449,0.0000,0.0000,0.0000,7,0,no_order_required
2011-12-09,35957,SMALLFOLKART BAUBLE CHRISTMAS DEC,1,SIM-SUP-03,2.0000,0.0000,0.0000,2.0000,0.0000,0.0000,10,95.00%,1.6449,0.0000,0.0000,0.0000,7,0,no_order_required
2011-12-09,35958,UNKNOWN,1,SIM-SUP-09,1.0000,0.0000,0.0000,1.0000,0.0000,0.0000,3,95.00%,1.6449,0.0000,0.0000,0.0000,7,0,no_order_required
2011-12-09,35961,FOLKART ZINC HEART CHRISTMAS DEC,1,SIM-SUP-02,8.0000,0.0000,1.0000,7.0000,7.9643,12.5939,7,95.00%,1.6449,54.8070,110.5570,166.3070,7,160,reorder_now
2011-12-09,35962,UNKNOWN,1,SIM-SUP-10,1.0000,0.0000,0.0000,1.0000,0.0000,0.0000,7,95.00%,1.6449,0.0000,0.0000,0.0000,7,0,no_order_required
2011-12-09,35964,FOLKART CLIP ON STARS,1,SIM-SUP-06,42.0000,0.0000,3.0000,39.0000,11.2857,15.5054,10,95.00%,1.6449,80.6512,193.5084,272.5084,7,234,reorder_now
2011-12-09,35965,FOLKART HEART NAPKIN RINGS,1,SIM-SUP-12,2.0000,0.0000,0.0000,2.0000,0.6071,2.3806,5,95.00%,1.6449,8.7557,11.7914,16.0414,7,15,reorder_now
2011-12-09,35967,FOLK ART METAL STAR T-LIGHT HOLDER,1,SIM-SUP-11,24.0000,0.0000,4.0000,20.0000,4.2500,6.0334,14,95.00%,1.6449,37.1324,96.6324,126.3824,7,107,reorder_now
2011-12-09,35968,check,1,SIM-SUP-09,3.0000,0.0000,0.0000,3.0000,0.0000,0.0000,10,95.00%,1.6449,0.0000,0.0000,0.0000,7,0,no_order_required
2011-12-09,35969,FOLKART CROWN TABLE DECORATIONS,1,SIM-SUP-10,2.0000,0.0000,0.0000,2.0000,0.0000,0.0000,5,95.00%,1.6449,0.0000,0.0000,0.0000,7,0,no_order_required
2011-12-09,35970,ZINC FOLKART SLEIGH BELLS,1,SIM-SUP-10,180.0000,7.0000,13.0000,174.0000,51.7143,46.9178,3,95.00%,1.6449,133.6673,288.8101,650.8101,7,477,reorder_now
2011-12-09,35971,ROSE FOLKART HEART DECORATIONS,1,SIM-SUP-11,5.0000,0.0000,0.0000,5.0000,1.4286,4.4756,5,95.00%,1.6449,16.4611,23.6040,33.6040,7,29,reorder_now
2011-12-09,35972,DAISY FOLKART HEART DECORATION,1,SIM-SUP-11,4.0000,0.0000,0.0000,4.0000,0.0000,0.0000,14,95.00%,1.6449,0.0000,0.0000,0.0000,7,0,no_order_required
2011-12-09,35981C,WHITE SNOW SCANDINAVIAN STOCKING,1,SIM-SUP-11,3.0000,0.0000,0.0000,3.0000,0.0000,0.0000,14,95.00%,1.6449,0.0000,0.0000,0.0000,7,0,no_order_required
2011-12-09,35991,SET/6 BLACK SNOWFLAKE T-LIGHTS,1,SIM-SUP-09,2.0000,0.0000,0.0000,2.0000,0.0000,0.0000,7,95.00%,1.6449,0.0000,0.0000,0.0000,7,0,no_order_required
2011-12-09,37327,adjustment,1,SIM-SUP-04,2.0000,0.0000,0.0000,2.0000,0.1071,0.5567,14,95.00%,1.6449,3.4264,4.9264,5.6764,7,4,reorder_now
2011-12-09,37333,"RETRO ""TEA FOR ONE""",1,SIM-SUP-01,3.0000,0.0000,0.0000,3.0000,0.0000,0.0000,14,95.00%,1.6449,0.0000,0.0000,0.0000,7,0,no_order_required
2011-12-09,37340,MULTICOLOUR SPRING FLOWER MUG,1,SIM-SUP-01,36.0000,0.0000,0.0000,36.0000,7.6429,12.9621,10,95.00%,1.6449,67.4220,143.8506,197.3506,7,162,reorder_now
2011-12-09,37342,UNKNOWN,1,SIM-SUP-06,1.0000,0.0000,0.0000,1.0000,0.0000,0.0000,10,95.00%,1.6449,0.0000,0.0000,0.0000,7,0,no_order_required
2011-12-09,37343,POLKADOT MUG PINK,1,SIM-SUP-10,2.0000,0.0000,0.0000,2.0000,0.0000,0.0000,14,95.00%,1.6449,0.0000,0.0000,0.0000,7,0,no_order_required
2011-12-09,37370,RETRO COFFEE MUGS ASSORTED,1,SIM-SUP-06,1.0000,1.0000,0.0000,2.0000,0.2500,1.1220,5,95.00%,1.6449,4.1268,5.3768,7.1268,7,6,reorder_now
2011-12-09,37413,ICON MUG REVOLUTIONARY,1,SIM-SUP-11,28.0000,0.0000,3.0000,25.0000,3.7857,6.3995,7,95.00%,1.6449,27.8500,54.3500,80.8500,7,56,reorder_now
2011-12-09,37422,WHITE WITH BLACK CATS BOWL,1,SIM-SUP-11,3.0000,0.0000,0.0000,3.0000,0.0000,0.0000,10,95.00%,1.6449,0.0000,0.0000,0.0000,7,0,no_order_required
2011-12-09,37423,WHITE WITH BLACK CATS PLATE,1,SIM-SUP-11,4.0000,0.0000,0.0000,4.0000,0.0000,0.0000,14,95.00%,1.6449,0.0000,0.0000,0.0000,7,0,no_order_required
2011-12-09,37424,WHITE WITH BLACK CATS MUG,1,SIM-SUP-01,0.0000,0.0000,0.0000,0.0000,0.0000,0.0000,5,95.00%,1.6449,0.0000,0.0000,0.0000,7,0,no_order_required
2011-12-09,37441,UNKNOWN,1,SIM-SUP-12,4.0000,0.0000,0.0000,4.0000,0.0000,0.0000,14,95.00%,1.6449,0.0000,0.0000,0.0000,7,0,no_order_required
2011-12-09,37444A,UNKNOWN,1,SIM-SUP-01,1.0000,0.0000,0.0000,1.0000,0.0000,0.0000,5,95.00%,1.6449,0.0000,0.0000,0.0000,7,0,no_order_required
2011-12-09,37444C,UNKNOWN,1,SIM-SUP-07,3.0000,0.0000,0.0000,3.0000,0.0000,0.0000,10,95.00%,1.6449,0.0000,0.0000,0.0000,7,0,no_order_required
2011-12-09,37446,MINI CAKE STAND WITH HANGING CAKES,1,SIM-SUP-04,4.0000,0.0000,1.0000,3.0000,1.9286,4.9492,5,95.00%,1.6449,18.2033,27.8462,41.3462,7,39,reorder_now
2011-12-09,37447,CERAMIC CAKE DESIGN SPOTTED PLATE,1,SIM-SUP-02,18.0000,0.0000,2.0000,16.0000,1.5000,3.7177,10,95.00%,1.6449,19.3377,34.3377,44.8377,7,29,reorder_now
2011-12-09,37448,CERAMIC CAKE DESIGN SPOTTED MUG,1,SIM-SUP-10,3.0000,6.0000,0.0000,9.0000,3.6071,6.7683,5,95.00%,1.6449,24.8939,42.9296,68.1796,7,60,reorder_now
2011-12-09,37449,CERAMIC CAKE STAND + HANGING CAKES,1,SIM-SUP-01,17.0000,0.0000,2.0000,15.0000,0.8929,1.3185,10,95.00%,1.6449,6.8583,15.7869,22.0369,7,8,reorder_now
2011-12-09,37450,CERAMIC CAKE BOWL + HANGING CAKES,1,SIM-SUP-03,1.0000,0.0000,0.0000,1.0000,1.0714,2.8021,3,95.00%,1.6449,7.9832,11.1975,18.6975,7,18,reorder_now
2011-12-09,37461,UNKNOWN,1,SIM-SUP-10,3.0000,0.0000,0.0000,3.0000,0.0000,0.0000,14,95.00%,1.6449,0.0000,0.0000,0.0000,7,0,no_order_required
2011-12-09,37462B,"PET MUG, BUDGIE",1,SIM-SUP-08,1.0000,0.0000,0.0000,1.0000,0.0000,0.0000,7,95.00%,1.6449,0.0000,0.0000,0.0000,7,0,no_order_required
2011-12-09,37464,ROBOT MUG IN DISPLAY BOX,1,SIM-SUP-08,2.0000,0.0000,0.0000,2.0000,0.0000,0.0000,7,95.00%,1.6449,0.0000,0.0000,0.0000,7,0,no_order_required
2011-12-09,37467,UNKNOWN,1,SIM-SUP-04,1.0000,0.0000,0.0000,1.0000,0.0000,0.0000,7,95.00%,1.6449,0.0000,0.0000,0.0000,7,0,no_order_required
2011-12-09,37474,UNKNOWN,1,SIM-SUP-08,0.0000,0.0000,0.0000,0.0000,0.0000,0.0000,5,95.00%,1.6449,0.0000,0.0000,0.0000,7,0,no_order_required
2011-12-09,37475,SET/4 COLOURFUL MIXING BOWLS,1,SIM-SUP-07,7.0000,0.0000,0.0000,7.0000,0.5000,1.3496,14,95.00%,1.6449,8.3061,15.3061,18.8061,7,12,reorder_now
2011-12-09,37476,CONDIMENT TRAY 4 BOWLS AND 4 SPOONS,1,SIM-SUP-10,1.0000,0.0000,0.0000,1.0000,0.0000,0.0000,10,95.00%,1.6449,0.0000,0.0000,0.0000,7,0,no_order_required
2011-12-09,37479B,UNKNOWN,1,SIM-SUP-05,1.0000,0.0000,0.0000,1.0000,0.0000,0.0000,7,95.00%,1.6449,0.0000,0.0000,0.0000,7,0,no_order_required
2011-12-09,37479P,CUBIC MUG FLOCK PINK ON BROWN,1,SIM-SUP-10,1.0000,0.0000,0.0000,1.0000,0.0000,0.0000,3,95.00%,1.6449,0.0000,0.0000,0.0000,7,0,no_order_required
2011-12-09,37482P,CUBIC MUG PINK POLKADOT,1,SIM-SUP-03,3.0000,0.0000,0.0000,3.0000,0.0000,0.0000,14,95.00%,1.6449,0.0000,0.0000,0.0000,7,0,no_order_required
2011-12-09,37492B,BLUE YELLOW FLOWER PIGGY BANK,1,SIM-SUP-11,1.0000,0.0000,0.0000,1.0000,0.0000,0.0000,5,95.00%,1.6449,0.0000,0.0000,0.0000,7,0,no_order_required
2011-12-09,37494A,FAIRY CAKE CERAMIC BUTTER DISH,1,SIM-SUP-10,1.0000,0.0000,0.0000,1.0000,0.0000,0.0000,7,95.00%,1.6449,0.0000,0.0000,0.0000,7,0,no_order_required
2011-12-09,37495,FAIRY CAKE BIRTHDAY CANDLE SET,1,SIM-SUP-08,5.0000,0.0000,0.0000,5.0000,0.4286,1.2372,7,95.00%,1.6449,5.3840,8.3840,11.3840,7,7,reorder_now
2011-12-09,37500,TEA TIME TEAPOT IN GIFT BOX,1,SIM-SUP-12,11.0000,1.0000,1.0000,11.0000,2.7857,5.2736,3,95.00%,1.6449,15.0244,23.3816,42.8816,7,32,reorder_now
2011-12-09,37501,UNKNOWN,1,SIM-SUP-03,1.0000,0.0000,0.0000,1.0000,0.0000,0.0000,5,95.00%,1.6449,0.0000,0.0000,0.0000,7,0,no_order_required
2011-12-09,37502,TEA TIME MUG IN GIFT BOX,1,SIM-SUP-11,2.0000,0.0000,0.0000,2.0000,0.0000,0.0000,14,95.00%,1.6449,0.0000,0.0000,0.0000,7,0,no_order_required
2011-12-09,37503,TEA TIME CAKE STAND IN GIFT BOX,1,SIM-SUP-05,2.0000,0.0000,0.0000,2.0000,0.0000,0.0000,14,95.00%,1.6449,0.0000,0.0000,0.0000,7,0,no_order_required
2011-12-09,37508,NEW ENGLAND CERAMIC CAKE SERVER,1,SIM-SUP-08,2.0000,0.0000,0.0000,2.0000,0.0000,0.0000,10,95.00%,1.6449,0.0000,0.0000,0.0000,7,0,no_order_required
2011-12-09,40001,WHITE BAMBOO RIBS LAMPSHADE,1,SIM-SUP-01,1.0000,0.0000,0.0000,1.0000,0.1071,0.5567,10,95.00%,1.6449,2.8958,3.9673,4.7173,7,4,reorder_now
2011-12-09,40003,WHITE BAMBOO RIBS LAMPSHADE,1,SIM-SUP-05,0.0000,0.0000,0.0000,0.0000,0.0000,0.0000,3,95.00%,1.6449,0.0000,0.0000,0.0000,7,0,no_order_required
2011-12-09,40016,CHINESE DRAGON PAPER LANTERNS,1,SIM-SUP-07,1.0000,0.0000,0.0000,1.0000,0.0000,0.0000,5,95.00%,1.6449,0.0000,0.0000,0.0000,7,0,no_order_required
2011-12-09,40018E,UNKNOWN,1,SIM-SUP-07,2.0000,0.0000,0.0000,2.0000,0.0000,0.0000,10,95.00%,1.6449,0.0000,0.0000,0.0000,7,0,no_order_required
2011-12-09,40018F,CHERRY DESIGN PAPERLANTERNS,1,SIM-SUP-08,2.0000,0.0000,0.0000,2.0000,0.0000,0.0000,5,95.00%,1.6449,0.0000,0.0000,0.0000,7,0,no_order_required
2011-12-09,40046A,RED DAISY PAPER LAMPSHADE,1,SIM-SUP-10,1.0000,0.0000,0.0000,1.0000,0.0000,0.0000,5,95.00%,1.6449,0.0000,0.0000,0.0000,7,0,no_order_required
2011-12-09,44230,SQUARE MIRROR CURTAIN,1,SIM-SUP-05,2.0000,0.0000,0.0000,2.0000,0.0000,0.0000,7,95.00%,1.6449,0.0000,0.0000,0.0000,7,0,no_order_required
2011-12-09,44234,ASSORTED CIRCULAR MOBILE,1,SIM-SUP-09,13.0000,3.0000,1.0000,15.0000,0.6071,1.8193,14,95.00%,1.6449,11.1970,19.6970,23.9470,7,9,reorder_now
2011-12-09,45008C,DECORATIVE NET CANOPY CREAM,1,SIM-SUP-03,2.0000,0.0000,0.0000,2.0000,0.0000,0.0000,10,95.00%,1.6449,0.0000,0.0000,0.0000,7,0,no_order_required
2011-12-09,46000M,POLYESTER FILLER PAD 45x45cm,1,SIM-SUP-02,28.0000,0.0000,2.0000,26.0000,12.1071,44.2278,5,95.00%,1.6449,162.6699,223.2057,307.9557,7,282,reorder_now
2011-12-09,46000P,POLYESTER FILLER PAD 65CMx65CM,1,SIM-SUP-01,1.0000,0.0000,0.0000,1.0000,0.0000,0.0000,5,95.00%,1.6449,0.0000,0.0000,0.0000,7,0,no_order_required
2011-12-09,46000R,POLYESTER FILLER PAD 45x30cm,1,SIM-SUP-08,4.0000,0.0000,0.0000,4.0000,0.2143,0.6186,14,95.00%,1.6449,3.8071,6.8071,8.3071,7,5,reorder_now
2011-12-09,46000S,POLYESTER FILLER PAD 40x40cm,1,SIM-SUP-06,66.0000,0.0000,5.0000,61.0000,16.6429,56.2058,7,95.00%,1.6449,244.6003,361.1003,477.6003,7,417,reorder_now
2011-12-09,46000U,POLYESTER FILLER PAD 30CMx30CM,1,SIM-SUP-06,4.0000,0.0000,0.0000,4.0000,0.3571,1.8558,7,95.00%,1.6449,8.0761,10.5761,13.0761,7,10,reorder_now
2011-12-09,46118,FUNKY MONKEY CUSHION COVER,1,SIM-SUP-01,4.0000,2.0000,0.0000,6.0000,0.6071,1.2632,7,95.00%,1.6449,5.4973,9.7473,13.9973,7,8,reorder_now
2011-12-09,46126A,ELVIS WALLHANGING / CURTAIN,1,SIM-SUP-04,1.0000,1.0000,0.0000,2.0000,0.0000,0.0000,14,95.00%,1.6449,0.0000,0.0000,0.0000,7,0,no_order_required
2011-12-09,46775D,SUNSET COLOUR CHUNKY KNITTED THROW,1,SIM-SUP-03,4.0000,0.0000,1.0000,3.0000,0.1429,0.4403,14,95.00%,1.6449,2.7099,4.7099,5.7099,7,3,reorder_now
2011-12-09,46775E,CANDY POP CHUNKY KNITTED THROW,1,SIM-SUP-09,1.0000,0.0000,0.0000,1.0000,0.0000,0.0000,3,95.00%,1.6449,0.0000,0.0000,0.0000,7,0,no_order_required
2011-12-09,46776A,WOVEN BUBBLE GUM CUSHION COVER,1,SIM-SUP-03,11.0000,3.0000,1.0000,13.0000,1.6071,2.2094,7,95.00%,1.6449,9.6150,20.8650,32.1150,7,20,reorder_now
2011-12-09,46776B,WOVEN BERRIES CUSHION COVER,1,SIM-SUP-12,8.0000,0.0000,0.0000,8.0000,1.2857,1.4604,5,95.00%,1.6449,5.3712,11.7998,20.7998,7,13,reorder_now
2011-12-09,46776C,WOVEN FROST CUSHION COVER,1,SIM-SUP-02,27.0000,0.0000,0.0000,27.0000,1.2500,1.7035,14,95.00%,1.6449,10.4839,27.9839,36.7339,7,10,reorder_now
2011-12-09,46776D,WOVEN SUNSET CUSHION COVER,1,SIM-SUP-12,9.0000,1.0000,1.0000,9.0000,1.2143,1.7800,5,95.00%,1.6449,6.5468,12.6182,21.1182,7,13,reorder_now
2011-12-09,46776E,WOVEN CANDY CUSHION COVER,1,SIM-SUP-11,14.0000,0.0000,1.0000,13.0000,0.6071,1.2912,14,95.00%,1.6449,7.9464,16.4464,20.6964,7,8,reorder_now
2011-12-09,46776F,WOVEN ROSE GARDEN CUSHION COVER,1,SIM-SUP-09,13.0000,0.0000,0.0000,13.0000,1.8214,2.2528,3,95.00%,1.6449,6.4183,11.8825,24.6325,7,0,no_order_required
2011-12-09,47021G,SET/6 BEAD COASTERS GAUZE BAG GOLD,1,SIM-SUP-10,2.0000,0.0000,0.0000,2.0000,0.0000,0.0000,14,95.00%,1.6449,0.0000,0.0000,0.0000,7,0,no_order_required
2011-12-09,47310M,SMALL POP BOX FUNKY MONKEY,1,SIM-SUP-01,44.0000,20.0000,5.0000,59.0000,2.7500,4.9035,14,95.00%,1.6449,30.1787,68.6787,87.9287,7,29,reorder_now
2011-12-09,47367B,PAIR PADDED HANGERS PINK CHECK,1,SIM-SUP-10,4.0000,1.0000,1.0000,4.0000,0.0000,0.0000,14,95.00%,1.6449,0.0000,0.0000,0.0000,7,0,no_order_required
2011-12-09,47421,ASSORTED COLOUR LIZARD SUCTION HOOK,1,SIM-SUP-01,7.0000,0.0000,0.0000,7.0000,2.5714,6.2646,7,95.00%,1.6449,27.2626,45.2626,63.2626,7,57,reorder_now
2011-12-09,47422,ASSORTED MONKEY SUCTION CUP HOOK,1,SIM-SUP-11,9.0000,0.0000,0.0000,9.0000,0.7143,1.8871,10,95.00%,1.6449,9.8158,16.9587,21.9587,7,13,reorder_now
2011-12-09,47471,RAINBOW PEGS PHOTO CLIP STRING,1,SIM-SUP-01,2.0000,1.0000,0.0000,3.0000,0.4643,1.0850,5,95.00%,1.6449,3.9908,6.3122,9.5622,7,7,reorder_now
2011-12-09,47480,HANGING PHOTO CLIP ROPE LADDER,1,SIM-SUP-06,32.0000,0.0000,4.0000,28.0000,5.1429,17.7436,14,95.00%,1.6449,109.2029,181.2029,217.2029,7,190,reorder_now
2011-12-09,47481,50CM METAL STRING WITH 7 CLIPS,1,SIM-SUP-03,6.0000,0.0000,1.0000,5.0000,0.2143,0.9395,14,95.00%,1.6449,5.7821,8.7821,10.2821,7,6,reorder_now
2011-12-09,47502,POLKADOT CUTLERY 24 PCS IN TRAY,1,SIM-SUP-02,2.0000,0.0000,0.0000,2.0000,0.0000,0.0000,14,95.00%,1.6449,0.0000,0.0000,0.0000,7,0,no_order_required
2011-12-09,47503A,ASS FLORAL PRINT MULTI SCREWDRIVER,1,SIM-SUP-04,63.0000,13.0000,3.0000,73.0000,9.7143,22.0128,5,95.00%,1.6449,80.9630,129.5344,197.5344,7,125,reorder_now
2011-12-09,47503H,ASS FLORAL PRINT SPIRIT LEVEL,1,SIM-SUP-01,3.0000,1.0000,0.0000,4.0000,2.7857,12.2222,3,95.00%,1.6449,34.8207,43.1779,62.6779,7,59,reorder_now
2011-12-09,47503J,SET/3 FLORAL GARDEN TOOLS IN BAG,1,SIM-SUP-11,1.0000,0.0000,0.0000,1.0000,0.0000,0.0000,3,95.00%,1.6449,0.0000,0.0000,0.0000,7,0,no_order_required
2011-12-09,47503K,ASSORTED FLORAL SECATEURS,1,SIM-SUP-10,2.0000,0.0000,0.0000,2.0000,0.0000,0.0000,5,95.00%,1.6449,0.0000,0.0000,0.0000,7,0,no_order_required
2011-12-09,47504E,ENGLISH ROSE SCISSORS,1,SIM-SUP-11,0.0000,0.0000,0.0000,0.0000,0.0000,0.0000,7,95.00%,1.6449,0.0000,0.0000,0.0000,7,0,no_order_required
2011-12-09,47504G,ENGLISH ROSE TAPE MEASURE,1,SIM-SUP-03,1.0000,0.0000,0.0000,1.0000,0.0000,0.0000,3,95.00%,1.6449,0.0000,0.0000,0.0000,7,0,no_order_required
2011-12-09,47504H,ENGLISH ROSE SPIRIT LEVEL,1,SIM-SUP-03,28.0000,5.0000,0.0000,33.0000,7.5000,10.2696,5,95.00%,1.6449,37.7716,75.2716,127.7716,7,95,reorder_now
2011-12-09,47504K,ENGLISH ROSE GARDEN SECATEURS,1,SIM-SUP-11,4.0000,1.0000,0.0000,5.0000,0.0000,0.0000,14,95.00%,1.6449,0.0000,0.0000,0.0000,7,0,no_order_required
2011-12-09,47505,UNKNOWN,1,SIM-SUP-05,1.0000,0.0000,0.0000,1.0000,0.0000,0.0000,14,95.00%,1.6449,0.0000,0.0000,0.0000,7,0,no_order_required
2011-12-09,47518F,ICON PLACEMAT POP ART ELVIS,1,SIM-SUP-06,3.0000,0.0000,0.0000,3.0000,0.0714,0.3712,7,95.00%,1.6449,1.6152,2.1152,2.6152,7,0,no_order_required
2011-12-09,47556B,TEA TIME TEA TOWELS,1,SIM-SUP-09,1.0000,0.0000,0.0000,1.0000,0.0000,0.0000,7,95.00%,1.6449,0.0000,0.0000,0.0000,7,0,no_order_required
2011-12-09,47559B,TEA TIME OVEN GLOVE,1,SIM-SUP-04,53.0000,0.0000,7.0000,46.0000,11.8571,21.3436,5,95.00%,1.6449,78.5020,137.7877,220.7877,7,175,reorder_now
2011-12-09,47562,ENGLISH ROSE IRONING BOARD COVER,1,SIM-SUP-10,3.0000,0.0000,0.0000,3.0000,0.0000,0.0000,14,95.00%,1.6449,0.0000,0.0000,0.0000,7,0,no_order_required
2011-12-09,47563A,RETRO LONGBOARD IRONING BOARD COVER,1,SIM-SUP-07,12.0000,2.0000,1.0000,13.0000,1.4643,1.9907,7,95.00%,1.6449,8.6634,18.9134,29.1634,7,17,reorder_now
2011-12-09,47566,PARTY BUNTING,1,SIM-SUP-11,140.0000,0.0000,17.0000,123.0000,30.4643,60.8866,7,95.00%,1.6449,264.9708,478.2208,691.4708,7,569,reorder_now
2011-12-09,47566B,TEA TIME PARTY BUNTING,1,SIM-SUP-12,1.0000,0.0000,0.0000,1.0000,0.1786,0.4670,3,95.00%,1.6449,1.3305,1.8663,3.1163,7,3,reorder_now
2011-12-09,47567B,TEA TIME KITCHEN APRON,1,SIM-SUP-12,12.0000,0.0000,0.0000,12.0000,2.2143,3.1888,3,95.00%,1.6449,9.0848,15.7276,31.2276,7,20,reorder_now
2011-12-09,47568,ENGLISH ROSE DESIGN PEG BAG,1,SIM-SUP-03,1.0000,0.0000,0.0000,1.0000,0.0000,0.0000,7,95.00%,1.6449,0.0000,0.0000,0.0000,7,0,no_order_required
2011-12-09,47570,ENGLISH ROSE TABLE CLOTH,1,SIM-SUP-04,1.0000,0.0000,0.0000,1.0000,0.0000,0.0000,3,95.00%,1.6449,0.0000,0.0000,0.0000,7,0,no_order_required
2011-12-09,47570B,UNKNOWN,1,SIM-SUP-12,1.0000,0.0000,0.0000,1.0000,0.0000,0.0000,3,95.00%,1.6449,0.0000,0.0000,0.0000,7,0,no_order_required
2011-12-09,47574A,ENGLISH ROSE SCENTED HANGING FLOWER,1,SIM-SUP-06,2.0000,0.0000,0.0000,2.0000,0.0000,0.0000,10,95.00%,1.6449,0.0000,0.0000,0.0000,7,0,no_order_required
2011-12-09,47578A,ENGLISH ROSE SMALL SCENTED FLOWER,1,SIM-SUP-08,10.0000,0.0000,1.0000,9.0000,2.2143,4.6931,5,95.00%,1.6449,17.2614,28.3328,43.8328,7,35,reorder_now
2011-12-09,47579,TEA TIME BREAKFAST BASKET,1,SIM-SUP-03,1.0000,0.0000,0.0000,1.0000,0.0000,0.0000,5,95.00%,1.6449,0.0000,0.0000,0.0000,7,0,no_order_required
2011-12-09,47580,TEA TIME DES TEA COSY,1,SIM-SUP-03,3.0000,0.0000,0.0000,3.0000,0.5000,1.2677,14,95.00%,1.6449,7.8022,14.8022,18.3022,7,16,reorder_now
2011-12-09,47581B,FAIRY CAKE WICKER PICNIC BASKET,1,SIM-SUP-10,2.0000,0.0000,0.0000,2.0000,0.0000,0.0000,5,95.00%,1.6449,0.0000,0.0000,0.0000,7,0,no_order_required
2011-12-09,47585A,PINK FAIRY CAKE CUSHION COVER,1,SIM-SUP-11,2.0000,1.0000,0.0000,3.0000,0.4643,1.2387,10,95.00%,1.6449,6.4432,11.0861,14.3361,7,12,reorder_now
2011-12-09,47589,CONGRATULATIONS BUNTING,1,SIM-SUP-05,2.0000,0.0000,0.0000,2.0000,0.0000,0.0000,7,95.00%,1.6449,0.0000,0.0000,0.0000,7,0,no_order_required
2011-12-09,47590A,BLUE HAPPY BIRTHDAY BUNTING,1,SIM-SUP-09,4.0000,5.0000,0.0000,9.0000,2.8929,9.1937,5,95.00%,1.6449,33.8145,48.2788,68.5288,7,60,reorder_now
2011-12-09,47590B,PINK HAPPY BIRTHDAY BUNTING,1,SIM-SUP-11,24.0000,0.0000,3.0000,21.0000,3.3214,9.1770,5,95.00%,1.6449,33.7532,50.3603,73.6103,7,53,reorder_now
2011-12-09,47591A,CAROUSEL CHILDRENS APRON,1,SIM-SUP-02,2.0000,0.0000,0.0000,2.0000,0.0000,0.0000,5,95.00%,1.6449,0.0000,0.0000,0.0000,7,0,no_order_required
2011-12-09,47591B,SCOTTIES CHILDRENS APRON,1,SIM-SUP-04,1.0000,0.0000,0.0000,1.0000,0.0714,0.2575,3,95.00%,1.6449,0.7337,0.9480,1.4480,7,0,no_order_required
2011-12-09,47591C,UNKNOWN,1,SIM-SUP-06,2.0000,0.0000,0.0000,2.0000,0.0000,0.0000,10,95.00%,1.6449,0.0000,0.0000,0.0000,7,0,no_order_required
2011-12-09,47591D,PINK FAIRY CAKE CHILDRENS APRON,1,SIM-SUP-04,140.0000,14.0000,19.0000,135.0000,22.8571,32.1489,14,95.00%,1.6449,197.8596,517.8596,677.8596,7,543,reorder_now
2011-12-09,47592A,CAROUSEL CHILDRENS OVERALL,1,SIM-SUP-08,2.0000,0.0000,0.0000,2.0000,0.0000,0.0000,5,95.00%,1.6449,0.0000,0.0000,0.0000,7,0,no_order_required
2011-12-09,47593A,UNKNOWN,1,SIM-SUP-07,2.0000,0.0000,0.0000,2.0000,0.0000,0.0000,5,95.00%,1.6449,0.0000,0.0000,0.0000,7,0,no_order_required
2011-12-09,47593B,SCOTTIE DOGS BABY BIB,1,SIM-SUP-04,36.0000,0.0000,1.0000,35.0000,10.6429,24.1131,10,95.00%,1.6449,125.4241,231.8527,306.3527,7,272,reorder_now
2011-12-09,47594A,CAROUSEL DESIGN WASHBAG,1,SIM-SUP-08,3.0000,0.0000,0.0000,3.0000,0.2143,0.6186,10,95.00%,1.6449,3.2176,5.3604,6.8604,7,4,reorder_now
2011-12-09,47594B,SCOTTIES DESIGN WASHBAG,1,SIM-SUP-02,1.0000,0.0000,0.0000,1.0000,0.0000,0.0000,7,95.00%,1.6449,0.0000,0.0000,0.0000,7,0,no_order_required
2011-12-09,47597,NEW ENGLAND TEATOWELS,1,SIM-SUP-10,1.0000,0.0000,0.0000,1.0000,0.0000,0.0000,3,95.00%,1.6449,0.0000,0.0000,0.0000,7,0,no_order_required
2011-12-09,47599A,PINK PARTY BAGS,1,SIM-SUP-02,13.0000,0.0000,2.0000,11.0000,0.8214,2.4936,14,95.00%,1.6449,15.3469,26.8469,32.5969,7,22,reorder_now
2011-12-09,47599B,BLUE PARTY BAGS,1,SIM-SUP-02,15.0000,0.0000,1.0000,14.0000,1.4286,3.6197,14,95.00%,1.6449,22.2772,42.2772,52.2772,7,39,reorder_now
2011-12-09,48111,DOORMAT 3 SMILEY CATS,1,SIM-SUP-08,9.0000,2.0000,1.0000,10.0000,1.8571,2.9485,3,95.00%,1.6449,8.4003,13.9717,26.9717,7,17,reorder_now
2011-12-09,48116,DOORMAT MULTICOLOUR STRIPE,1,SIM-SUP-06,15.0000,0.0000,2.0000,13.0000,1.1429,1.8461,7,95.00%,1.6449,8.0341,16.0341,24.0341,7,12,reorder_now
2011-12-09,48129,DOORMAT TOPIARY,1,SIM-SUP-01,10.0000,4.0000,1.0000,13.0000,1.6429,2.6079,5,95.00%,1.6449,9.5918,17.8061,29.3061,7,17,reorder_now
2011-12-09,48138,DOORMAT UNION FLAG,1,SIM-SUP-12,33.0000,0.0000,3.0000,30.0000,8.1071,12.1665,3,95.00%,1.6449,34.6621,58.9835,115.7335,7,86,reorder_now
2011-12-09,48173C,DOORMAT BLACK FLOCK,1,SIM-SUP-12,16.0000,0.0000,2.0000,14.0000,3.5000,9.2524,3,95.00%,1.6449,26.3598,36.8598,61.3598,7,48,reorder_now
2011-12-09,48184,DOORMAT ENGLISH ROSE,1,SIM-SUP-11,24.0000,0.0000,2.0000,22.0000,5.7500,11.1504,5,95.00%,1.6449,41.0110,69.7610,110.0110,7,89,reorder_now
2011-12-09,48185,DOORMAT FAIRY CAKE,1,SIM-SUP-08,50.0000,0.0000,5.0000,45.0000,4.8214,11.0843,14,95.00%,1.6449,68.2179,135.7179,169.4679,7,125,reorder_now
2011-12-09,48187,DOORMAT NEW ENGLAND,1,SIM-SUP-05,89.0000,9.0000,8.0000,90.0000,8.5714,13.3669,7,95.00%,1.6449,58.1710,118.1710,178.1710,7,89,reorder_now
2011-12-09,48188,DOORMAT WELCOME PUPPIES,1,SIM-SUP-06,8.0000,0.0000,0.0000,8.0000,0.5357,1.3224,7,95.00%,1.6449,5.7549,9.5049,13.2549,7,6,reorder_now
2011-12-09,48189,adjustment,1,SIM-SUP-03,3.0000,0.0000,0.0000,3.0000,0.0000,0.0000,14,95.00%,1.6449,0.0000,0.0000,0.0000,7,0,no_order_required
2011-12-09,48194,DOORMAT HEARTS,1,SIM-SUP-04,74.0000,0.0000,10.0000,64.0000,6.8214,13.0796,14,95.00%,1.6449,80.4980,175.9980,223.7480,7,160,reorder_now
2011-12-09,48195,UNKNOWN,1,SIM-SUP-01,2.0000,1.0000,0.0000,3.0000,0.0000,0.0000,10,95.00%,1.6449,0.0000,0.0000,0.0000,7,0,no_order_required
2011-12-09,48197,DOORMAT BIRD ON THE WIRE,1,SIM-SUP-10,2.0000,0.0000,0.0000,2.0000,0.0000,0.0000,7,95.00%,1.6449,0.0000,0.0000,0.0000,7,0,no_order_required
2011-12-09,51008,AFGHAN SLIPPER SOCK PAIR,1,SIM-SUP-10,4.0000,1.0000,0.0000,5.0000,0.1786,0.6576,14,95.00%,1.6449,4.0470,6.5470,7.7970,7,3,reorder_now
2011-12-09,51014A,"FEATHER PEN,HOT PINK",1,SIM-SUP-05,100.0000,69.0000,2.0000,167.0000,30.1429,36.6057,14,95.00%,1.6449,225.2892,647.2892,858.2892,7,692,reorder_now
2011-12-09,51014C,"FEATHER PEN,COAL BLACK",1,SIM-SUP-01,220.0000,0.0000,24.0000,196.0000,20.0714,37.9896,14,95.00%,1.6449,233.8061,514.8061,655.3061,7,460,reorder_now
2011-12-09,51014L,"FEATHER PEN,LIGHT PINK",1,SIM-SUP-01,56.0000,0.0000,0.0000,56.0000,13.7500,22.7920,3,95.00%,1.6449,64.9336,106.1836,202.4336,7,147,reorder_now
2011-12-09,51020A,adjustment,1,SIM-SUP-07,1.0000,0.0000,0.0000,1.0000,0.0000,0.0000,7,95.00%,1.6449,0.0000,0.0000,0.0000,7,0,no_order_required
2011-12-09,51020B,STRIPY DESIGN SHOWER CAP,1,SIM-SUP-02,1.0000,0.0000,0.0000,1.0000,0.0000,0.0000,7,95.00%,1.6449,0.0000,0.0000,0.0000,7,0,no_order_required
2011-12-09,62018,SOMBRERO,1,SIM-SUP-04,8.0000,0.0000,0.0000,8.0000,7.8214,37.0232,5,95.00%,1.6449,136.1715,175.2787,230.0287,7,223,reorder_now
2011-12-09,62094B,TURQ ICE CREAM BUM BAG,1,SIM-SUP-09,1.0000,0.0000,0.0000,1.0000,0.0000,0.0000,3,95.00%,1.6449,0.0000,0.0000,0.0000,7,0,no_order_required
2011-12-09,62096A,PINK/YELLOW FLOWERS HANDBAG,1,SIM-SUP-09,1.0000,0.0000,0.0000,1.0000,0.0000,0.0000,10,95.00%,1.6449,0.0000,0.0000,0.0000,7,0,no_order_required
2011-12-09,62096B,PURPLE/TURQ FLOWERS HANDBAG,1,SIM-SUP-07,1.0000,0.0000,0.0000,1.0000,0.0000,0.0000,7,95.00%,1.6449,0.0000,0.0000,0.0000,7,0,no_order_required
2011-12-09,70006,LOVE HEART POCKET WARMER,1,SIM-SUP-09,6.0000,3.0000,0.0000,9.0000,4.8214,9.1067,14,95.00%,1.6449,56.0471,123.5471,157.2971,7,149,reorder_now
2011-12-09,70007,HI TEC ALPINE HAND WARMER,1,SIM-SUP-10,39.0000,22.0000,1.0000,60.0000,4.6071,8.9216,14,95.00%,1.6449,54.9080,119.4080,151.6580,7,92,reorder_now
2011-12-09,71038,WHITE HANGING BEADS CANDLE HOLDER,1,SIM-SUP-11,3.0000,0.0000,0.0000,3.0000,0.6071,2.9682,14,95.00%,1.6449,18.2675,26.7675,31.0175,7,29,reorder_now
2011-12-09,71053,WHITE MOROCCAN METAL LANTERN,1,SIM-SUP-02,18.0000,5.0000,2.0000,21.0000,3.2143,5.0239,10,95.00%,1.6449,26.1319,58.2747,80.7747,7,60,reorder_now
2011-12-09,71101E,STANDING FAIRY POLE SUPPORT,1,SIM-SUP-11,2.0000,0.0000,0.0000,2.0000,0.6429,2.3332,3,95.00%,1.6449,6.6473,8.5758,13.0758,7,12,reorder_now
2011-12-09,71143,ANTIQUE SILVER BOOK MARK WITH BEADS,1,SIM-SUP-03,2.0000,0.0000,0.0000,2.0000,0.0000,0.0000,14,95.00%,1.6449,0.0000,0.0000,0.0000,7,0,no_order_required
2011-12-09,71270,PHOTO CLIP LINE,1,SIM-SUP-02,9.0000,0.0000,0.0000,9.0000,0.4643,0.8230,7,95.00%,1.6449,3.5815,6.8315,10.0815,7,0,no_order_required
2011-12-09,71279,PINK GLASS CANDLEHOLDER,1,SIM-SUP-09,1.0000,0.0000,0.0000,1.0000,0.0000,0.0000,3,95.00%,1.6449,0.0000,0.0000,0.0000,7,0,no_order_required
2011-12-09,71403,"PINK/WHITE ""KEEP CLEAN"" BULLET BIN",1,SIM-SUP-01,1.0000,0.0000,0.0000,1.0000,0.1071,0.4088,3,95.00%,1.6449,1.1646,1.4860,2.2360,7,2,reorder_now
2011-12-09,71406C,BLACK ORANGE SQUEEZER,1,SIM-SUP-02,3.0000,0.0000,0.0000,3.0000,0.9286,2.1865,3,95.00%,1.6449,6.2292,9.0149,15.5149,7,13,reorder_now
2011-12-09,71459,HANGING JAM JAR T-LIGHT HOLDERS,1,SIM-SUP-12,75.0000,0.0000,3.0000,72.0000,23.8571,57.5548,3,95.00%,1.6449,163.9718,235.5432,402.5432,7,331,reorder_now
2011-12-09,71477,COLOURED GLASS STAR T-LIGHT HOLDER,1,SIM-SUP-02,58.0000,0.0000,8.0000,50.0000,46.4286,86.3983,3,95.00%,1.6449,246.1463,385.4320,710.4320,7,661,reorder_now
2011-12-09,72008,UNKNOWN,1,SIM-SUP-04,1.0000,0.0000,0.0000,1.0000,0.0000,0.0000,3,95.00%,1.6449,0.0000,0.0000,0.0000,7,0,no_order_required
2011-12-09,72023F,RED ORGANIC CANDLE IN GLASS,1,SIM-SUP-07,2.0000,0.0000,0.0000,2.0000,0.0000,0.0000,10,95.00%,1.6449,0.0000,0.0000,0.0000,7,0,no_order_required
2011-12-09,72051S,BAG OF SILVER STONES,1,SIM-SUP-08,1.0000,0.0000,0.0000,1.0000,0.0000,0.0000,5,95.00%,1.6449,0.0000,0.0000,0.0000,7,0,no_order_required
2011-12-09,72122,COFFEE SCENT PILLAR CANDLE,1,SIM-SUP-05,12.0000,0.0000,1.0000,11.0000,2.3929,4.6163,5,95.00%,1.6449,16.9787,28.9429,45.6929,7,35,reorder_now
2011-12-09,72127,COLUMBIAN CANDLE ROUND,1,SIM-SUP-11,4.0000,1.0000,1.0000,4.0000,0.6429,2.5525,10,95.00%,1.6449,13.2768,19.7054,24.2054,7,21,reorder_now
2011-12-09,72128,COLUMBIAN CANDLE ROUND,1,SIM-SUP-04,9.0000,2.0000,1.0000,10.0000,0.5714,1.4250,10,95.00%,1.6449,7.4121,13.1264,17.1264,7,8,reorder_now
2011-12-09,72130,COLUMBIAN CANDLE ROUND,1,SIM-SUP-03,3.0000,0.0000,0.0000,3.0000,0.8571,2.5173,3,95.00%,1.6449,7.1717,9.7431,15.7431,7,13,reorder_now
2011-12-09,72131,COLUMBIAN CANDLE RECTANGLE,1,SIM-SUP-05,1.0000,0.0000,0.0000,1.0000,0.2500,0.9112,5,95.00%,1.6449,3.3515,4.6015,6.3515,7,6,reorder_now
2011-12-09,72225C,LAVENDER SCENT CAKE CANDLE,1,SIM-SUP-01,4.0000,0.0000,1.0000,3.0000,1.7143,6.1809,3,95.00%,1.6449,17.6093,22.7522,34.7522,7,32,reorder_now
2011-12-09,72232,FENG SHUI PILLAR CANDLE,1,SIM-SUP-01,17.0000,0.0000,1.0000,16.0000,14.2857,37.4078,5,95.00%,1.6449,137.5862,209.0148,309.0148,7,294,reorder_now
2011-12-09,72349B,SET/6 PURPLE BUTTERFLY T-LIGHTS,1,SIM-SUP-07,26.0000,0.0000,0.0000,26.0000,5.2143,6.4385,7,95.00%,1.6449,28.0195,64.5195,101.0195,7,76,reorder_now
2011-12-09,72351A,SET/6 TURQUOISE BUTTERFLY T-LIGHTS,1,SIM-SUP-07,14.0000,5.0000,0.0000,19.0000,1.5714,2.5274,7,95.00%,1.6449,10.9989,21.9989,32.9989,7,14,reorder_now
2011-12-09,72351B,SET/6 PINK BUTTERFLY T-LIGHTS,1,SIM-SUP-10,15.0000,1.0000,0.0000,16.0000,3.1786,4.8921,5,95.00%,1.6449,17.9931,33.8859,56.1359,7,41,reorder_now
2011-12-09,72484,UNKNOWN,1,SIM-SUP-07,1.0000,0.0000,0.0000,1.0000,0.0000,0.0000,5,95.00%,1.6449,0.0000,0.0000,0.0000,7,0,no_order_required
2011-12-09,72586,SET OF 6 HALLOWEEN GHOST T-LIGHTS,1,SIM-SUP-04,1.0000,0.0000,0.0000,1.0000,0.1071,0.3093,10,95.00%,1.6449,1.6088,2.6802,3.4302,7,3,reorder_now
2011-12-09,72598,SET/12 TAPER CANDLES,1,SIM-SUP-11,9.0000,0.0000,1.0000,8.0000,7.8571,19.7208,3,95.00%,1.6449,56.1838,79.7553,134.7553,7,127,reorder_now
2011-12-09,72728,ROSE SCENT CANDLES IN GLASS,1,SIM-SUP-07,1.0000,0.0000,0.0000,1.0000,0.0000,0.0000,3,95.00%,1.6449,0.0000,0.0000,0.0000,7,0,no_order_required
2011-12-09,72741,GRAND CHOCOLATECANDLE,1,SIM-SUP-04,298.0000,0.0000,7.0000,291.0000,31.2500,42.1601,10,95.00%,1.6449,219.2950,531.7950,750.5450,7,460,reorder_now
2011-12-09,72750B,FLOWER FAIRY SET 3 CANDLES LAVENDER,1,SIM-SUP-03,1.0000,0.0000,0.0000,1.0000,0.0000,0.0000,3,95.00%,1.6449,0.0000,0.0000,0.0000,7,0,no_order_required
2011-12-09,72760B,VINTAGE CREAM 3 BASKET CAKE STAND,1,SIM-SUP-10,1.0000,0.0000,0.0000,1.0000,1.1429,1.6194,7,95.00%,1.6449,7.0474,15.0474,23.0474,7,23,reorder_now
2011-12-09,72780,BLACK SILOUETTE CANDLE PLATE,1,SIM-SUP-06,4.0000,1.0000,0.0000,5.0000,0.2500,0.8292,10,95.00%,1.6449,4.3128,6.8128,8.5628,7,4,reorder_now
2011-12-09,72789,BASKET/8 SCENTED LOVE TOKEN CANDLES,1,SIM-SUP-11,2.0000,0.0000,0.0000,2.0000,0.0000,0.0000,14,95.00%,1.6449,0.0000,0.0000,0.0000,7,0,no_order_required
2011-12-09,72799C,PINK PILLAR CANDLE SILVER FLOCK,1,SIM-SUP-04,8.0000,0.0000,1.0000,7.0000,2.3214,6.0713,3,95.00%,1.6449,17.2970,24.2613,40.5113,7,34,reorder_now
2011-12-09,72799E,IVORY PILLAR CANDLE SILVER FLOCK,1,SIM-SUP-11,19.0000,0.0000,1.0000,18.0000,8.3929,29.3870,5,95.00%,1.6449,108.0855,150.0498,208.7998,7,191,reorder_now
2011-12-09,72799F,IVORY PILLAR CANDLE GOLD FLOCK,1,SIM-SUP-03,2.0000,0.0000,0.0000,2.0000,0.0714,0.3712,5,95.00%,1.6449,1.3651,1.7222,2.2222,7,0,no_order_required
2011-12-09,72800A,UNKNOWN,1,SIM-SUP-09,1.0000,0.0000,0.0000,1.0000,0.0000,0.0000,10,95.00%,1.6449,0.0000,0.0000,0.0000,7,0,no_order_required
2011-12-09,72800B,4 PURPLE FLOCK DINNER CANDLES,1,SIM-SUP-02,3.0000,0.0000,0.0000,3.0000,3.1786,5.7882,3,95.00%,1.6449,16.4905,26.0263,48.2763,7,46,reorder_now
2011-12-09,72800C,4 PINK DINNER CANDLE SILVER FLOCK,1,SIM-SUP-04,8.0000,0.0000,0.0000,8.0000,2.6071,5.5442,10,95.00%,1.6449,28.8382,54.9097,73.1597,7,66,reorder_now
2011-12-09,72800D,4 BLUE DINNER CANDLES SILVER FLOCK,1,SIM-SUP-08,1.0000,0.0000,0.0000,1.0000,0.1786,0.4670,7,95.00%,1.6449,2.0324,3.2824,4.5324,7,4,reorder_now
2011-12-09,72800E,4 IVORY DINNER CANDLES SILVER FLOCK,1,SIM-SUP-02,33.0000,10.0000,3.0000,40.0000,5.8214,9.2507,10,95.00%,1.6449,48.1173,106.3316,147.0816,7,108,reorder_now
2011-12-09,72800F,4 IVORY DINNER CANDLES GOLD FLOCK,1,SIM-SUP-04,0.0000,0.0000,0.0000,0.0000,0.0000,0.0000,7,95.00%,1.6449,0.0000,0.0000,0.0000,7,0,no_order_required
2011-12-09,72801C,4 ROSE PINK DINNER CANDLES,1,SIM-SUP-04,0.0000,0.0000,0.0000,0.0000,0.3929,0.8168,5,95.00%,1.6449,3.0040,4.9683,7.7183,7,8,reorder_now
2011-12-09,72801D,4 SKY BLUE DINNER CANDLES,1,SIM-SUP-02,3.0000,0.0000,0.0000,3.0000,0.5000,1.7008,3,95.00%,1.6449,4.8456,6.3456,9.8456,7,7,reorder_now
2011-12-09,72801G,4 BURGUNDY WINE DINNER CANDLES,1,SIM-SUP-07,2.0000,0.0000,0.0000,2.0000,0.2143,1.1135,14,95.00%,1.6449,6.8528,9.8528,11.3528,7,10,reorder_now
2011-12-09,72802A,ROSE SCENT CANDLE IN JEWELLED BOX,1,SIM-SUP-12,2.0000,0.0000,0.0000,2.0000,1.9286,7.3578,5,95.00%,1.6449,27.0622,36.7050,50.2050,7,49,reorder_now
2011-12-09,72802B,OCEAN SCENT CANDLE IN JEWELLED BOX,1,SIM-SUP-10,4.0000,0.0000,1.0000,3.0000,0.0000,0.0000,14,95.00%,1.6449,0.0000,0.0000,0.0000,7,0,no_order_required
2011-12-09,72802C,VANILLA SCENT CANDLE JEWELLED BOX,1,SIM-SUP-08,1.0000,0.0000,0.0000,1.0000,0.0714,0.2575,3,95.00%,1.6449,0.7337,0.9480,1.4480,7,0,no_order_required
2011-12-09,72803A,ROSE SCENT CANDLE JEWELLED DRAWER,1,SIM-SUP-03,1.0000,0.0000,0.0000,1.0000,0.0000,0.0000,3,95.00%,1.6449,0.0000,0.0000,0.0000,7,0,no_order_required
2011-12-09,72803B,UNKNOWN,1,SIM-SUP-01,1.0000,0.0000,0.0000,1.0000,0.0000,0.0000,5,95.00%,1.6449,0.0000,0.0000,0.0000,7,0,no_order_required
2011-12-09,72807A,SET/3 ROSE CANDLE IN JEWELLED BOX,1,SIM-SUP-06,12.0000,0.0000,1.0000,11.0000,3.1786,10.7107,7,95.00%,1.6449,46.6114,68.8614,91.1114,7,81,reorder_now
2011-12-09,72807B,SET/3 OCEAN SCENT CANDLE JEWEL BOX,1,SIM-SUP-01,4.0000,0.0000,1.0000,3.0000,2.7143,11.2848,3,95.00%,1.6449,32.1501,40.2929,59.2929,7,57,reorder_now
2011-12-09,72807C,SET/3 VANILLA SCENTED CANDLE IN BOX,1,SIM-SUP-12,11.0000,0.0000,1.0000,10.0000,7.7857,33.7050,14,95.00%,1.6449,207.4366,316.4366,370.9366,7,361,reorder_now
2011-12-09,72814,UNKNOWN,1,SIM-SUP-12,2.0000,0.0000,0.0000,2.0000,0.0000,0.0000,10,95.00%,1.6449,0.0000,0.0000,0.0000,7,0,no_order_required
2011-12-09,72815,3 WICK CHRISTMAS BRIAR CANDLE,1,SIM-SUP-12,2.0000,0.0000,0.0000,2.0000,0.0000,0.0000,7,95.00%,1.6449,0.0000,0.0000,0.0000,7,0,no_order_required
2011-12-09,72816,SET/3 CHRISTMAS DECOUPAGE CANDLES,1,SIM-SUP-12,2.0000,0.0000,0.0000,2.0000,0.0000,0.0000,10,95.00%,1.6449,0.0000,0.0000,0.0000,7,0,no_order_required
2011-12-09,72817,UNKNOWN,1,SIM-SUP-02,29.0000,0.0000,3.0000,26.0000,6.2500,12.0671,3,95.00%,1.6449,34.3789,53.1289,96.8789,7,71,reorder_now
2011-12-09,72818,CHRISTMAS DECOUPAGE CANDLE,1,SIM-SUP-10,1.0000,0.0000,0.0000,1.0000,0.0000,0.0000,3,95.00%,1.6449,0.0000,0.0000,0.0000,7,0,no_order_required
2011-12-09,72819,CUPID DESIGN SCENTED CANDLES,1,SIM-SUP-12,3.0000,0.0000,0.0000,3.0000,2.5714,6.4996,3,95.00%,1.6449,18.5172,26.2315,44.2315,7,42,reorder_now
2011-12-09,75013B,UNKNOWN,1,SIM-SUP-12,2.0000,0.0000,0.0000,2.0000,0.0000,0.0000,14,95.00%,1.6449,0.0000,0.0000,0.0000,7,0,no_order_required
2011-12-09,75049L,LARGE CIRCULAR MIRROR MOBILE,1,SIM-SUP-12,53.0000,0.0000,5.0000,48.0000,22.9286,78.3207,10,95.00%,1.6449,407.3840,636.6698,797.1698,7,750,reorder_now
2011-12-09,75131,METAL TUBE CHIME ON BAMBOO,1,SIM-SUP-12,1.0000,0.0000,0.0000,1.0000,0.0000,0.0000,10,95.00%,1.6449,0.0000,0.0000,0.0000,7,0,no_order_required
2011-12-09,77101A,UNKNOWN,1,SIM-SUP-07,2.0000,0.0000,0.0000,2.0000,0.0000,0.0000,5,95.00%,1.6449,0.0000,0.0000,0.0000,7,0,no_order_required
2011-12-09,79000,MOROCCAN TEA GLASS,1,SIM-SUP-04,1.0000,0.0000,0.0000,1.0000,0.0000,0.0000,10,95.00%,1.6449,0.0000,0.0000,0.0000,7,0,no_order_required
2011-12-09,79026B,"S/4 ICON COASTER,ELVIS LIVES",1,SIM-SUP-04,1.0000,0.0000,0.0000,1.0000,0.0000,0.0000,14,95.00%,1.6449,0.0000,0.0000,0.0000,7,0,no_order_required
2011-12-09,79029,UNKNOWN,1,SIM-SUP-08,1.0000,0.0000,0.0000,1.0000,0.0000,0.0000,3,95.00%,1.6449,0.0000,0.0000,0.0000,7,0,no_order_required
2011-12-09,79030D,TUMBLER BAROQUE,1,SIM-SUP-04,2.0000,0.0000,0.0000,2.0000,0.0000,0.0000,7,95.00%,1.6449,0.0000,0.0000,0.0000,7,0,no_order_required
2011-12-09,79030G,TUMBLER NEW ENGLAND,1,SIM-SUP-06,2.0000,1.0000,0.0000,3.0000,0.0000,0.0000,10,95.00%,1.6449,0.0000,0.0000,0.0000,7,0,no_order_required
2011-12-09,79051A,SMOKEY GREY COLOUR GLASS,1,SIM-SUP-02,12.0000,2.0000,2.0000,12.0000,4.3571,8.4862,3,95.00%,1.6449,24.1769,37.2483,67.7483,7,56,reorder_now
2011-12-09,79066K,RETRO MOD TRAY,1,SIM-SUP-11,97.0000,0.0000,6.0000,91.0000,4.6786,8.7670,14,95.00%,1.6449,53.9566,119.4566,152.2066,7,62,reorder_now
2011-12-09,79067,CORONA MEXICAN TRAY,1,SIM-SUP-04,2.0000,0.0000,0.0000,2.0000,0.0000,0.0000,14,95.00%,1.6449,0.0000,0.0000,0.0000,7,0,no_order_required
2011-12-09,79071B,ENGLISH ROSE METAL WASTE BIN,1,SIM-SUP-04,2.0000,0.0000,0.0000,2.0000,0.0000,0.0000,14,95.00%,1.6449,0.0000,0.0000,0.0000,7,0,no_order_required
2011-12-09,79072,TEATIME CAKE TIN WITH HANDLE,1,SIM-SUP-04,2.0000,0.0000,0.0000,2.0000,0.0000,0.0000,10,95.00%,1.6449,0.0000,0.0000,0.0000,7,0,no_order_required
2011-12-09,79144B,PAINTED LIGHTBULB STAR+ MOON,1,SIM-SUP-11,4.0000,0.0000,0.0000,4.0000,0.6786,1.4893,7,95.00%,1.6449,6.4814,11.2314,15.9814,7,12,reorder_now
2011-12-09,79144C,PAINTED LIGHTBULB RAINBOW DESIGN,1,SIM-SUP-12,4.0000,0.0000,0.0000,4.0000,0.3214,0.7098,5,95.00%,1.6449,2.6107,4.2178,6.4678,7,3,reorder_now
2011-12-09,79160,HEART SHAPE WIRELESS DOORBELL,1,SIM-SUP-02,8.0000,0.0000,0.0000,8.0000,0.8214,1.5365,10,95.00%,1.6449,7.9923,16.2066,21.9566,7,14,reorder_now
2011-12-09,79163,BLACK CHAMPAGNE GLASS,1,SIM-SUP-04,1.0000,0.0000,0.0000,1.0000,0.0000,0.0000,10,95.00%,1.6449,0.0000,0.0000,0.0000,7,0,no_order_required
2011-12-09,79164,BLACK WINE GLASS,1,SIM-SUP-02,1.0000,0.0000,0.0000,1.0000,0.0000,0.0000,3,95.00%,1.6449,0.0000,0.0000,0.0000,7,0,no_order_required
2011-12-09,79190A,RETRO PLASTIC 70'S TRAY,1,SIM-SUP-06,8.0000,0.0000,0.0000,8.0000,2.3571,4.7224,7,95.00%,1.6449,20.5513,37.0513,53.5513,7,46,reorder_now
2011-12-09,79190B,RETRO PLASTIC POLKA TRAY,1,SIM-SUP-04,19.0000,0.0000,2.0000,17.0000,3.5000,7.2875,7,95.00%,1.6449,31.7141,56.2141,80.7141,7,64,reorder_now
2011-12-09,79190D,RETRO PLASTIC DAISY TRAY,1,SIM-SUP-12,12.0000,0.0000,2.0000,10.0000,0.8929,3.0040,14,95.00%,1.6449,18.4883,30.9883,37.2383,7,28,reorder_now
2011-12-09,79191B,RETRO PLASTIC POLKA TRAY,1,SIM-SUP-12,9.0000,0.0000,0.0000,9.0000,1.2500,3.3341,14,95.00%,1.6449,20.5195,38.0195,46.7695,7,38,reorder_now
2011-12-09,79191C,RETRO PLASTIC ELEPHANT TRAY,1,SIM-SUP-04,12.0000,0.0000,1.0000,11.0000,7.4286,29.0694,14,95.00%,1.6449,178.9071,282.9071,334.9071,7,324,reorder_now
2011-12-09,79191D,RETRO PLASTIC DAISY TRAY,1,SIM-SUP-11,2.0000,0.0000,0.0000,2.0000,0.3929,1.1753,14,95.00%,1.6449,7.2335,12.7335,15.4835,7,14,reorder_now
2011-12-09,79192A,RETRO PLASTIC 70'S TRAY,1,SIM-SUP-03,1.0000,0.0000,0.0000,1.0000,0.0000,0.0000,3,95.00%,1.6449,0.0000,0.0000,0.0000,7,0,no_order_required
2011-12-09,79302M,"ART LIGHTS,FUNK MONKEY",1,SIM-SUP-12,11.0000,3.0000,0.0000,14.0000,2.8214,6.9388,7,95.00%,1.6449,30.1967,49.9467,69.6967,7,56,reorder_now
2011-12-09,79320,FLAMINGO LIGHTS,1,SIM-SUP-02,1.0000,0.0000,0.0000,1.0000,0.0000,0.0000,7,95.00%,1.6449,0.0000,0.0000,0.0000,7,0,no_order_required
2011-12-09,79321,CHILLI LIGHTS,1,SIM-SUP-12,89.0000,0.0000,1.0000,88.0000,69.3929,123.8249,10,95.00%,1.6449,644.0730,1338.0016,1823.7516,7,1736,reorder_now
2011-12-09,79323B,BLACK CHERRY LIGHTS,1,SIM-SUP-11,2.0000,0.0000,0.0000,2.0000,0.0000,0.0000,14,95.00%,1.6449,0.0000,0.0000,0.0000,7,0,no_order_required
2011-12-09,79323G,GOLD CHERRY LIGHTS,1,SIM-SUP-05,1.0000,0.0000,0.0000,1.0000,0.0000,0.0000,10,95.00%,1.6449,0.0000,0.0000,0.0000,7,0,no_order_required
2011-12-09,79323GR,GREEN CHERRY LIGHTS,1,SIM-SUP-08,2.0000,0.0000,0.0000,2.0000,0.0000,0.0000,7,95.00%,1.6449,0.0000,0.0000,0.0000,7,0,no_order_required
2011-12-09,79323LP,LIGHT PINK CHERRY LIGHTS,1,SIM-SUP-04,1.0000,0.0000,0.0000,1.0000,0.0000,0.0000,5,95.00%,1.6449,0.0000,0.0000,0.0000,7,0,no_order_required
2011-12-09,79323P,PINK CHERRY LIGHTS,1,SIM-SUP-08,2.0000,0.0000,0.0000,2.0000,0.0000,0.0000,7,95.00%,1.6449,0.0000,0.0000,0.0000,7,0,no_order_required
2011-12-09,79323S,SILVER CHERRY LIGHTS,1,SIM-SUP-11,1.0000,0.0000,0.0000,1.0000,0.0000,0.0000,3,95.00%,1.6449,0.0000,0.0000,0.0000,7,0,no_order_required
2011-12-09,79323W,WHITE CHERRY LIGHTS,1,SIM-SUP-09,1.0000,0.0000,0.0000,1.0000,0.0000,0.0000,5,95.00%,1.6449,0.0000,0.0000,0.0000,7,0,no_order_required
2011-12-09,79341,WILLOW BRANCH LIGHTS.,1,SIM-SUP-02,1.0000,0.0000,0.0000,1.0000,0.0000,0.0000,3,95.00%,1.6449,0.0000,0.0000,0.0000,7,0,no_order_required
2011-12-09,79342B,BROWN FLOWER LIGHTS,1,SIM-SUP-05,1.0000,0.0000,0.0000,1.0000,0.0000,0.0000,7,95.00%,1.6449,0.0000,0.0000,0.0000,7,0,no_order_required
2011-12-09,79403,FROSTED WHITE BASE,1,SIM-SUP-03,1.0000,0.0000,0.0000,1.0000,0.0357,0.1856,3,95.00%,1.6449,0.5287,0.6358,0.8858,7,0,no_order_required
2011-12-09,81950B,FLOWER BLUE CLOCK WITH SUCKER,1,SIM-SUP-05,0.0000,0.0000,0.0000,0.0000,0.0000,0.0000,3,95.00%,1.6449,0.0000,0.0000,0.0000,7,0,no_order_required
2011-12-09,81952V,ROUND PURPLE CLOCK WITH SUCKER,1,SIM-SUP-08,3.0000,0.0000,0.0000,3.0000,0.2500,0.9112,5,95.00%,1.6449,3.3515,4.6015,6.3515,7,4,reorder_now
2011-12-09,82001S,SILVER RECORD COVER FRAME,1,SIM-SUP-10,35.0000,0.0000,1.0000,34.0000,6.6786,13.2882,10,95.00%,1.6449,69.1182,135.9039,182.6539,7,149,reorder_now
2011-12-09,82011A,"BATHROOM SCALES, TROPICAL BEACH",1,SIM-SUP-08,1.0000,0.0000,0.0000,1.0000,0.0714,0.3712,3,95.00%,1.6449,1.0574,1.2717,1.7717,7,1,reorder_now
2011-12-09,82011B,BATHROOM SCALES RUBBER DUCKS,1,SIM-SUP-03,5.0000,0.0000,1.0000,4.0000,0.4286,1.8790,7,95.00%,1.6449,8.1771,11.1771,14.1771,7,11,reorder_now
2011-12-09,82011C,BATHROOM SCALES FOOTPRINTS IN SAND,1,SIM-SUP-12,4.0000,0.0000,1.0000,3.0000,0.4286,1.8790,10,95.00%,1.6449,9.7735,14.0593,17.0593,7,15,reorder_now
2011-12-09,82095,HEART BUTTONS JEWELLERY BOX,1,SIM-SUP-08,1.0000,0.0000,0.0000,1.0000,0.0000,0.0000,5,95.00%,1.6449,0.0000,0.0000,0.0000,7,0,no_order_required
2011-12-09,82482,WOODEN PICTURE FRAME WHITE FINISH,1,SIM-SUP-09,159.0000,0.0000,11.0000,148.0000,23.5000,25.7869,14,95.00%,1.6449,158.7049,487.7049,652.2049,7,505,reorder_now
2011-12-09,82483,WOOD 2 DRAWER CABINET WHITE FINISH,1,SIM-SUP-11,212.0000,0.0000,13.0000,199.0000,9.9286,12.2676,10,95.00%,1.6449,63.8099,163.0956,232.5956,7,0,no_order_required
2011-12-09,82484,WOOD BLACK BOARD ANT WHITE FINISH,1,SIM-SUP-04,41.0000,78.0000,1.0000,118.0000,20.0357,42.7305,14,95.00%,1.6449,262.9837,543.4837,683.7337,7,566,reorder_now
2011-12-09,82486,3 DRAWER ANTIQUE WHITE WOOD CABINET,1,SIM-SUP-12,86.0000,0.0000,10.0000,76.0000,9.7857,10.6179,5,95.00%,1.6449,39.0527,87.9813,156.4813,7,81,reorder_now
2011-12-09,82494L,WOODEN FRAME ANTIQUE WHITE,1,SIM-SUP-12,175.0000,0.0000,7.0000,168.0000,34.9643,32.8421,14,95.00%,1.6449,202.1262,691.6262,936.3762,7,769,reorder_now
2011-12-09,82551,LAUNDRY 15C METAL SIGN,1,SIM-SUP-11,176.0000,68.0000,2.0000,242.0000,15.2500,38.7885,14,95.00%,1.6449,238.7228,452.2228,558.9728,7,317,reorder_now
2011-12-09,82552,WASHROOM METAL SIGN,1,SIM-SUP-08,54.0000,0.0000,4.0000,50.0000,9.4286,19.9614,7,95.00%,1.6449,86.8697,152.8697,218.8697,7,169,reorder_now
2011-12-09,82567,"AIRLINE LOUNGE,METAL SIGN",1,SIM-SUP-02,41.0000,0.0000,5.0000,36.0000,3.8214,4.6603,7,95.00%,1.6449,20.2809,47.0309,73.7809,7,38,reorder_now
2011-12-09,82578,KITCHEN METAL SIGN,1,SIM-SUP-07,16.0000,0.0000,2.0000,14.0000,13.2857,48.8503,10,95.00%,1.6449,254.0938,386.9509,479.9509,7,466,reorder_now
2011-12-09,82580,BATHROOM METAL SIGN,1,SIM-SUP-10,24.0000,10.0000,3.0000,31.0000,17.1786,26.9643,3,95.00%,1.6449,76.8206,128.3563,248.6063,7,218,reorder_now
2011-12-09,82581,TOILET METAL SIGN,1,SIM-SUP-01,89.0000,0.0000,11.0000,78.0000,13.7500,22.3345,10,95.00%,1.6449,116.1726,253.6726,349.9226,7,272,reorder_now
2011-12-09,82582,AREA PATROLLED METAL SIGN,1,SIM-SUP-04,61.0000,22.0000,8.0000,75.0000,14.8929,25.4339,7,95.00%,1.6449,110.6850,214.9350,319.1850,7,245,reorder_now
2011-12-09,82583,HOT BATHS METAL SIGN,1,SIM-SUP-02,70.0000,0.0000,7.0000,63.0000,33.1429,53.2137,7,95.00%,1.6449,231.5791,463.5791,695.5791,7,633,reorder_now
2011-12-09,82585,UNKNOWN,1,SIM-SUP-05,2.0000,0.0000,0.0000,2.0000,0.0000,0.0000,7,95.00%,1.6449,0.0000,0.0000,0.0000,7,0,no_order_required
2011-12-09,82587,TEXRIO TOMATOES CANDLE+CUP,1,SIM-SUP-01,1.0000,0.0000,0.0000,1.0000,0.0000,0.0000,3,95.00%,1.6449,0.0000,0.0000,0.0000,7,0,no_order_required
2011-12-09,82597,UNKNOWN,1,SIM-SUP-05,1.0000,0.0000,0.0000,1.0000,0.0000,0.0000,3,95.00%,1.6449,0.0000,0.0000,0.0000,7,0,no_order_required
2011-12-09,82599,UNKNOWN,1,SIM-SUP-02,3.0000,0.0000,0.0000,3.0000,0.0000,0.0000,10,95.00%,1.6449,0.0000,0.0000,0.0000,7,0,no_order_required
2011-12-09,82600,N0 SINGING METAL SIGN,1,SIM-SUP-02,39.0000,0.0000,0.0000,39.0000,43.6429,126.8140,3,95.00%,1.6449,361.2894,492.2180,797.7180,7,759,reorder_now
2011-12-09,82605,UNKNOWN,1,SIM-SUP-02,2.0000,0.0000,0.0000,2.0000,0.0000,0.0000,7,95.00%,1.6449,0.0000,0.0000,0.0000,7,0,no_order_required
2011-12-09,82607A,UNKNOWN,1,SIM-SUP-10,1.0000,1.0000,0.0000,2.0000,0.0000,0.0000,10,95.00%,1.6449,0.0000,0.0000,0.0000,7,0,no_order_required
2011-12-09,82613A,Amazon,1,SIM-SUP-01,1.0000,0.0000,0.0000,1.0000,0.0000,0.0000,7,95.00%,1.6449,0.0000,0.0000,0.0000,7,0,no_order_required
2011-12-09,82613B,"METAL SIGN,CUPCAKE SINGLE HOOK",1,SIM-SUP-03,3.0000,0.0000,0.0000,3.0000,0.1429,0.4403,7,95.00%,1.6449,1.9162,2.9162,3.9162,7,0,no_order_required
2011-12-09,82613C,"METAL SIGN,CUPCAKE SINGLE HOOK",1,SIM-SUP-02,4.0000,2.0000,0.0000,6.0000,0.6429,2.1911,10,95.00%,1.6449,11.3971,17.8257,22.3257,7,17,reorder_now
2011-12-09,82613D,METAL SIGN CUPCAKE SINGLE HOOK,1,SIM-SUP-08,1.0000,0.0000,0.0000,1.0000,0.3571,1.6736,3,95.00%,1.6449,4.7681,5.8395,8.3395,7,8,reorder_now
2011-12-09,82615,PINK MARSHMALLOW SCARF KNITTING KIT,1,SIM-SUP-12,1.0000,0.0000,0.0000,1.0000,0.0000,0.0000,3,95.00%,1.6449,0.0000,0.0000,0.0000,7,0,no_order_required
2011-12-09,82616A,BUBBLE GUM SCARF KNITTING KIT,1,SIM-SUP-05,1.0000,0.0000,0.0000,1.0000,0.0000,0.0000,3,95.00%,1.6449,0.0000,0.0000,0.0000,7,0,no_order_required
2011-12-09,82616B,FRAPPUCINO SCARF KNITTING KIT,1,SIM-SUP-04,9.0000,3.0000,1.0000,11.0000,1.7500,2.8489,3,95.00%,1.6449,8.1164,13.3664,25.6164,7,15,reorder_now
2011-12-09,82616C,MIDNIGHT GLAMOUR SCARF KNITTING KIT,1,SIM-SUP-09,16.0000,0.0000,2.0000,14.0000,2.4643,3.9685,5,95.00%,1.6449,14.5960,26.9175,44.1675,7,31,reorder_now
2011-12-09,84006,MAGIC TREE -PAPER FLOWERS,1,SIM-SUP-08,34.0000,0.0000,4.0000,30.0000,10.6786,16.3249,7,95.00%,1.6449,71.0441,145.7941,220.5441,7,191,reorder_now
2011-12-09,84007,MAGIC GARDEN MOUNT FUJI,1,SIM-SUP-07,1.0000,0.0000,0.0000,1.0000,0.0000,0.0000,3,95.00%,1.6449,0.0000,0.0000,0.0000,7,0,no_order_required
2011-12-09,84012,MAGIC SHEEP WOOL GROWING FROM PAPER,1,SIM-SUP-02,27.0000,0.0000,4.0000,23.0000,13.2143,22.3389,14,95.00%,1.6449,137.4842,322.4842,414.9842,7,392,reorder_now
2011-12-09,84016,FLAG OF ST GEORGE CAR FLAG,1,SIM-SUP-10,1.0000,0.0000,0.0000,1.0000,0.0000,0.0000,5,95.00%,1.6449,0.0000,0.0000,0.0000,7,0,no_order_required
2011-12-09,84029E,RED WOOLLY HOTTIE WHITE HEART.,1,SIM-SUP-11,210.0000,0.0000,15.0000,195.0000,45.4286,84.5617,7,95.00%,1.6449,368.0016,686.0016,1004.0016,7,810,reorder_now
2011-12-09,84029G,KNITTED UNION FLAG HOT WATER BOTTLE,1,SIM-SUP-05,87.0000,0.0000,7.0000,80.0000,20.7143,21.3522,3,95.00%,1.6449,60.8319,122.9748,267.9748,7,188,reorder_now
2011-12-09,84030E,ENGLISH ROSE HOT WATER BOTTLE,1,SIM-SUP-10,83.0000,36.0000,8.0000,111.0000,11.2143,16.0409,14,95.00%,1.6449,98.7235,255.7235,334.2235,7,224,reorder_now
2011-12-09,84031A,CHARLIE+LOLA RED HOT WATER BOTTLE,1,SIM-SUP-11,32.0000,0.0000,3.0000,29.0000,4.9643,8.4957,7,95.00%,1.6449,36.9723,71.7223,106.4723,7,78,reorder_now
2011-12-09,84031B,CHARLIE LOLA BLUE HOT WATER BOTTLE,1,SIM-SUP-07,9.0000,0.0000,1.0000,8.0000,2.0714,3.2725,7,95.00%,1.6449,14.2415,28.7415,43.2415,7,36,reorder_now
2011-12-09,84032A,CHARLIE+LOLA PINK HOT WATER BOTTLE,1,SIM-SUP-10,72.0000,0.0000,2.0000,70.0000,9.7500,12.4086,7,95.00%,1.6449,54.0006,122.2506,190.5006,7,121,reorder_now
2011-12-09,84032B,CHARLIE + LOLA RED HOT WATER BOTTLE,1,SIM-SUP-08,65.0000,0.0000,3.0000,62.0000,15.6071,37.5845,7,95.00%,1.6449,163.5631,272.8131,382.0631,7,321,reorder_now
2011-12-09,84033,FLAG OF ST GEORGE,1,SIM-SUP-02,2.0000,0.0000,0.0000,2.0000,0.0000,0.0000,10,95.00%,1.6449,0.0000,0.0000,0.0000,7,0,no_order_required
2011-12-09,84050,check,1,SIM-SUP-09,1.0000,0.0000,0.0000,1.0000,0.0000,0.0000,14,95.00%,1.6449,0.0000,0.0000,0.0000,7,0,no_order_required
2011-12-09,84051,ASS COLOUR GLOWING TIARAS,1,SIM-SUP-08,11.0000,0.0000,0.0000,11.0000,1.3929,4.1087,10,95.00%,1.6449,21.3713,35.2999,45.0499,7,35,reorder_now
2011-12-09,84077,WORLD WAR 2 GLIDERS ASSTD DESIGNS,1,SIM-SUP-01,324.0000,0.0000,10.0000,314.0000,142.5357,110.2440,7,95.00%,1.6449,479.7681,1477.5181,2475.2681,7,2162,reorder_now
2011-12-09,84078A,SET/4 WHITE RETRO STORAGE CUBES,1,SIM-SUP-06,2.0000,1.0000,0.0000,3.0000,0.5000,0.7792,3,95.00%,1.6449,2.2199,3.7199,7.2199,7,5,reorder_now
2011-12-09,84086C,PINK/PURPLE RETRO RADIO,1,SIM-SUP-10,10.0000,0.0000,1.0000,9.0000,2.0714,6.9792,10,95.00%,1.6449,36.3022,57.0165,71.5165,7,63,reorder_now
2011-12-09,84192,ASSORTED COLOUR METAL CAT,1,SIM-SUP-11,4.0000,0.0000,0.0000,4.0000,1.0357,2.7837,10,95.00%,1.6449,14.4791,24.8363,32.0863,7,29,reorder_now
2011-12-09,84199,GLOW IN DARK DOLPHINS,1,SIM-SUP-10,4.0000,0.0000,0.0000,4.0000,1.4643,3.3218,3,95.00%,1.6449,9.4637,13.8566,24.1066,7,21,reorder_now
2011-12-09,84212,"ASSORTED FLOWER COLOUR ""LEIS""",1,SIM-SUP-01,13.0000,0.0000,2.0000,11.0000,20.1786,89.0313,14,95.00%,1.6449,547.9413,830.4413,971.6913,7,961,reorder_now
2011-12-09,84218,BOX/12 CHICK & EGG IN BASKET,1,SIM-SUP-02,1.0000,0.0000,0.0000,1.0000,0.0000,0.0000,10,95.00%,1.6449,0.0000,0.0000,0.0000,7,0,no_order_required
2011-12-09,84228,HEN HOUSE WITH CHICK STANDING,1,SIM-SUP-04,1.0000,0.0000,0.0000,1.0000,0.4286,2.2269,3,95.00%,1.6449,6.3444,7.6301,10.6301,7,10,reorder_now
2011-12-09,84231,EASTER BUNNY WITH BASKET ON BACK,1,SIM-SUP-01,4.0000,0.0000,0.0000,4.0000,0.0000,0.0000,14,95.00%,1.6449,0.0000,0.0000,0.0000,7,0,no_order_required
2011-12-09,84247E,PACK OF 12 CHRISTMAS FUN CARDS,1,SIM-SUP-01,4.0000,0.0000,0.0000,4.0000,1.5714,4.3869,3,95.00%,1.6449,12.4981,17.2124,28.2124,7,25,reorder_now
2011-12-09,84247G,"DECOUPAGE,GREETING CARD,",1,SIM-SUP-01,1.0000,1.0000,0.0000,2.0000,0.0000,0.0000,7,95.00%,1.6449,0.0000,0.0000,0.0000,7,0,no_order_required
2011-12-09,84247L,FAWN AND MUSHROOM GREETING CARD,1,SIM-SUP-11,1.0000,0.0000,0.0000,1.0000,0.0000,0.0000,10,95.00%,1.6449,0.0000,0.0000,0.0000,7,0,no_order_required
2011-12-09,84247N,PACK/12 BLUE FOLKART CARDS,1,SIM-SUP-03,3.0000,0.0000,0.0000,3.0000,0.1071,0.4088,7,95.00%,1.6449,1.7789,2.5289,3.2789,7,0,no_order_required
2011-12-09,84249A,"GREETING CARD,SQUARE, DOUGHNUTS",1,SIM-SUP-02,3.0000,0.0000,0.0000,3.0000,0.0714,0.2575,10,95.00%,1.6449,1.3396,2.0539,2.5539,7,0,no_order_required
2011-12-09,84249D,FAIRY CAKE GREETINGS CARD,1,SIM-SUP-08,2.0000,0.0000,0.0000,2.0000,0.0000,0.0000,10,95.00%,1.6449,0.0000,0.0000,0.0000,7,0,no_order_required
2011-12-09,84251B,"GREETING CARD, STICKY GORDON",1,SIM-SUP-12,2.0000,0.0000,0.0000,2.0000,0.0000,0.0000,14,95.00%,1.6449,0.0000,0.0000,0.0000,7,0,no_order_required
2011-12-09,84251C,"GREETING CARD, TWO SISTERS.",1,SIM-SUP-12,2.0000,0.0000,0.0000,2.0000,0.0000,0.0000,10,95.00%,1.6449,0.0000,0.0000,0.0000,7,0,no_order_required
2011-12-09,84251F,UNKNOWN,1,SIM-SUP-03,1.0000,0.0000,0.0000,1.0000,0.0000,0.0000,5,95.00%,1.6449,0.0000,0.0000,0.0000,7,0,no_order_required
2011-12-09,84251G,"GREETING CARD, OVERCROWDED POOL.",1,SIM-SUP-05,5.0000,0.0000,1.0000,4.0000,1.3214,3.7038,7,95.00%,1.6449,16.1185,25.3685,34.6185,7,31,reorder_now
2011-12-09,84270,UNKNOWN,1,SIM-SUP-06,1.0000,0.0000,0.0000,1.0000,0.0000,0.0000,3,95.00%,1.6449,0.0000,0.0000,0.0000,7,0,no_order_required
2011-12-09,84279B,CHERRY BLOSSOM DECORATIVE FLASK,1,SIM-SUP-07,1.0000,0.0000,0.0000,1.0000,0.0000,0.0000,3,95.00%,1.6449,0.0000,0.0000,0.0000,7,0,no_order_required
2011-12-09,84279P,CHERRY BLOSSOM DECORATIVE FLASK,1,SIM-SUP-01,20.0000,0.0000,0.0000,20.0000,1.6429,2.8437,14,95.00%,1.6449,17.5016,40.5016,52.0016,7,33,reorder_now
2011-12-09,84313B,BLUE TV TRAY TABLE,1,SIM-SUP-02,1.0000,0.0000,0.0000,1.0000,0.0000,0.0000,3,95.00%,1.6449,0.0000,0.0000,0.0000,7,0,no_order_required
2011-12-09,84313C,ORANGE TV TRAY TABLE,1,SIM-SUP-07,1.0000,0.0000,0.0000,1.0000,0.0000,0.0000,3,95.00%,1.6449,0.0000,0.0000,0.0000,7,0,no_order_required
2011-12-09,84327A,PINK JUMPER LARRY THE LAMB,1,SIM-SUP-03,1.0000,0.0000,0.0000,1.0000,0.0000,0.0000,7,95.00%,1.6449,0.0000,0.0000,0.0000,7,0,no_order_required
2011-12-09,84341B,SMALL PINK MAGIC CHRISTMAS TREE,1,SIM-SUP-07,2.0000,0.0000,0.0000,2.0000,0.1429,0.7423,14,95.00%,1.6449,4.5685,6.5685,7.5685,7,6,reorder_now
2011-12-09,84347,ROTATING SILVER ANGELS T-LIGHT HLDR,1,SIM-SUP-12,123.0000,84.0000,5.0000,202.0000,112.6786,132.5427,5,95.00%,1.6449,487.4928,1050.8856,1839.6356,7,1638,reorder_now
2011-12-09,84352,SILVER CHRISTMAS TREE BAUBLE STAND,1,SIM-SUP-07,3.0000,0.0000,0.0000,3.0000,0.0000,0.0000,10,95.00%,1.6449,0.0000,0.0000,0.0000,7,0,no_order_required
2011-12-09,84356,POMPOM CURTAIN,1,SIM-SUP-09,3.0000,0.0000,0.0000,3.0000,1.7857,5.0239,7,95.00%,1.6449,21.8635,34.3635,46.8635,7,44,reorder_now
2011-12-09,84360,TABLE LAMP WHITE SHADE WOOD BASE,1,SIM-SUP-11,2.0000,0.0000,0.0000,2.0000,0.2143,0.6739,3,95.00%,1.6449,1.9198,2.5627,4.0627,7,3,reorder_now
2011-12-09,84375,SET OF 20 KIDS COOKIE CUTTERS,1,SIM-SUP-01,152.0000,0.0000,3.0000,149.0000,19.3929,22.2363,5,95.00%,1.6449,81.7852,178.7495,314.4995,7,166,reorder_now
2011-12-09,84378,SET OF 3 HEART COOKIE CUTTERS,1,SIM-SUP-03,164.0000,0.0000,8.0000,156.0000,50.3929,143.4564,14,95.00%,1.6449,882.8994,1588.3994,1941.1494,7,1786,reorder_now
2011-12-09,84380,SET OF 3 BUTTERFLY COOKIE CUTTERS,1,SIM-SUP-02,206.0000,0.0000,1.0000,205.0000,18.2500,23.3920,14,95.00%,1.6449,143.9658,399.4658,527.2158,7,323,reorder_now
2011-12-09,84396,6 HOOK JEWELLERY STAND BLACK DRESS,1,SIM-SUP-08,1.0000,0.0000,0.0000,1.0000,0.0000,0.0000,3,95.00%,1.6449,0.0000,0.0000,0.0000,7,0,no_order_required
2011-12-09,84405A,S/3 PINK COL METAL BASKET W HANDLE,1,SIM-SUP-07,1.0000,0.0000,0.0000,1.0000,0.0000,0.0000,3,95.00%,1.6449,0.0000,0.0000,0.0000,7,0,no_order_required
2011-12-09,84406B,CREAM CUPID HEARTS COAT HANGER,1,SIM-SUP-12,21.0000,0.0000,3.0000,18.0000,2.7500,5.4683,7,95.00%,1.6449,23.7971,43.0471,62.2971,7,45,reorder_now
2011-12-09,84422,PINK/BLUE DISC/MIRROR STRING,1,SIM-SUP-12,1.0000,0.0000,0.0000,1.0000,0.0000,0.0000,5,95.00%,1.6449,0.0000,0.0000,0.0000,7,0,no_order_required
2011-12-09,84429A,MEDIUM PINK BUDDHA HEAD,1,SIM-SUP-03,2.0000,0.0000,0.0000,2.0000,0.5357,2.2438,10,95.00%,1.6449,11.6709,17.0280,20.7780,7,19,reorder_now
2011-12-09,84450B,PINK/YELLOW RABBIT SAT EASTER,1,SIM-SUP-09,1.0000,0.0000,0.0000,1.0000,0.0000,0.0000,7,95.00%,1.6449,0.0000,0.0000,0.0000,7,0,no_order_required
2011-12-09,84452,METAL RABBIT LADDER EASTER,1,SIM-SUP-10,3.0000,0.0000,0.0000,3.0000,0.0000,0.0000,14,95.00%,1.6449,0.0000,0.0000,0.0000,7,0,no_order_required
2011-12-09,84457,SET/3 RABBITS FLOWER SKIPPPING ROPE,1,SIM-SUP-11,0.0000,0.0000,0.0000,0.0000,0.0000,0.0000,5,95.00%,1.6449,0.0000,0.0000,0.0000,7,0,no_order_required
2011-12-09,84459A,PINK METAL CHICKEN HEART,1,SIM-SUP-07,3.0000,0.0000,0.0000,3.0000,0.0000,0.0000,14,95.00%,1.6449,0.0000,0.0000,0.0000,7,0,no_order_required
2011-12-09,84459B,UNKNOWN,1,SIM-SUP-02,1.0000,0.0000,0.0000,1.0000,0.0000,0.0000,10,95.00%,1.6449,0.0000,0.0000,0.0000,7,0,no_order_required
2011-12-09,84461,12 PINK HEN+CHICKS IN BASKET,1,SIM-SUP-03,1.0000,0.0000,0.0000,1.0000,0.0000,0.0000,3,95.00%,1.6449,0.0000,0.0000,0.0000,7,0,no_order_required
2011-12-09,84466,TOP SECRET PEN SET,1,SIM-SUP-08,1.0000,0.0000,0.0000,1.0000,0.0000,0.0000,7,95.00%,1.6449,0.0000,0.0000,0.0000,7,0,no_order_required
2011-12-09,84467,ENGLISH ROSE DESIGN QUILTED THROW,1,SIM-SUP-07,1.0000,0.0000,0.0000,1.0000,0.0000,0.0000,5,95.00%,1.6449,0.0000,0.0000,0.0000,7,0,no_order_required
2011-12-09,84497,BUTTONS AND STRIPES NOTEBOOK,1,SIM-SUP-12,2.0000,0.0000,0.0000,2.0000,0.0357,0.1856,14,95.00%,1.6449,1.1421,1.6421,1.8921,7,0,no_order_required
2011-12-09,84499,BLACK FLOWER CANDLE PLATE,1,SIM-SUP-04,2.0000,0.0000,0.0000,2.0000,0.0000,0.0000,14,95.00%,1.6449,0.0000,0.0000,0.0000,7,0,no_order_required
2011-12-09,84507B,STRIPES DESIGN MONKEY DOLL,1,SIM-SUP-11,1.0000,0.0000,0.0000,1.0000,0.0000,0.0000,5,95.00%,1.6449,0.0000,0.0000,0.0000,7,0,no_order_required
2011-12-09,84507C,adjustment,1,SIM-SUP-02,1.0000,0.0000,0.0000,1.0000,0.0000,0.0000,5,95.00%,1.6449,0.0000,0.0000,0.0000,7,0,no_order_required
2011-12-09,84508A,CAMOUFLAGE DESIGN TEDDY,1,SIM-SUP-11,0.0000,0.0000,0.0000,0.0000,0.0000,0.0000,3,95.00%,1.6449,0.0000,0.0000,0.0000,7,0,no_order_required
2011-12-09,84508B,STRIPES DESIGN TEDDY,1,SIM-SUP-10,2.0000,0.0000,0.0000,2.0000,0.2500,0.8292,5,95.00%,1.6449,3.0496,4.2996,6.0496,7,5,reorder_now
2011-12-09,84508C,BLUE CIRCLES DESIGN TEDDY,1,SIM-SUP-09,1.0000,0.0000,0.0000,1.0000,0.1429,0.5803,7,95.00%,1.6449,2.5253,3.5253,4.5253,7,4,reorder_now
2011-12-09,84509A,SET OF 4 ENGLISH ROSE PLACEMATS,1,SIM-SUP-08,40.0000,0.0000,5.0000,35.0000,2.7857,2.9684,10,95.00%,1.6449,15.4399,43.2971,62.7971,7,28,reorder_now
2011-12-09,84509B,SET OF 4 FAIRY CAKE PLACEMATS,1,SIM-SUP-01,7.0000,0.0000,1.0000,6.0000,1.1071,2.8827,7,95.00%,1.6449,12.5451,20.2951,28.0451,7,23,reorder_now
2011-12-09,84509C,SET OF 4 POLKADOT PLACEMATS,1,SIM-SUP-08,3.0000,0.0000,0.0000,3.0000,0.5357,1.4011,3,95.00%,1.6449,3.9916,5.5988,9.3488,7,7,reorder_now
2011-12-09,84509E,SET OF 4 CAROUSEL PLACEMATS,1,SIM-SUP-12,3.0000,0.0000,0.0000,3.0000,0.5000,2.2440,10,95.00%,1.6449,11.6723,16.6723,20.1723,7,18,reorder_now
2011-12-09,84509F,SET OF 4 NEW ENGLAND PLACEMATS,1,SIM-SUP-09,1.0000,0.0000,0.0000,1.0000,0.0000,0.0000,14,95.00%,1.6449,0.0000,0.0000,0.0000,7,0,no_order_required
2011-12-09,84509G,SET OF 4 FAIRY CAKE PLACEMATS,1,SIM-SUP-02,6.0000,0.0000,0.0000,6.0000,1.4286,3.0987,10,95.00%,1.6449,16.1179,30.4036,40.4036,7,35,reorder_now
2011-12-09,84510A,SET OF 4 ENGLISH ROSE COASTERS,1,SIM-SUP-06,40.0000,0.0000,3.0000,37.0000,4.8571,6.2605,7,95.00%,1.6449,27.2449,61.2449,95.2449,7,59,reorder_now
2011-12-09,84510B,UNKNOWN,1,SIM-SUP-08,1.0000,0.0000,0.0000,1.0000,0.0000,0.0000,7,95.00%,1.6449,0.0000,0.0000,0.0000,7,0,no_order_required
2011-12-09,84510C,SET OF 4 POLKADOT COASTERS,1,SIM-SUP-01,4.0000,0.0000,0.0000,4.0000,0.5714,1.3209,14,95.00%,1.6449,8.1297,16.1297,20.1297,7,17,reorder_now
2011-12-09,84510E,SET OF 4 GREEN CAROUSEL COASTERS,1,SIM-SUP-09,4.0000,0.0000,0.0000,4.0000,0.1786,0.6576,10,95.00%,1.6449,3.4203,5.2061,6.4561,7,3,reorder_now
2011-12-09,84510F,SET OF 4 NEW ENGLAND COASTERS,1,SIM-SUP-03,1.0000,0.0000,0.0000,1.0000,0.0000,0.0000,7,95.00%,1.6449,0.0000,0.0000,0.0000,7,0,no_order_required
2011-12-09,84519A,TOMATO CHARLIE+LOLA COASTER SET,1,SIM-SUP-02,19.0000,2.0000,0.0000,21.0000,2.6429,5.1839,10,95.00%,1.6449,26.9638,53.3924,71.8924,7,51,reorder_now
2011-12-09,84519B,CARROT CHARLIE+LOLA COASTER SET,1,SIM-SUP-02,10.0000,0.0000,1.0000,9.0000,1.8571,2.6419,7,95.00%,1.6449,11.4972,24.4972,37.4972,7,29,reorder_now
2011-12-09,84520B,PACK 20 ENGLISH ROSE PAPER NAPKINS,1,SIM-SUP-08,0.0000,0.0000,0.0000,0.0000,0.0000,0.0000,5,95.00%,1.6449,0.0000,0.0000,0.0000,7,0,no_order_required
2011-12-09,84520D,UNKNOWN,1,SIM-SUP-09,2.0000,1.0000,0.0000,3.0000,0.0000,0.0000,14,95.00%,1.6449,0.0000,0.0000,0.0000,7,0,no_order_required
2011-12-09,84526,GIANT BLACK SUNGLASSES,1,SIM-SUP-05,0.0000,0.0000,0.0000,0.0000,0.0000,0.0000,7,95.00%,1.6449,0.0000,0.0000,0.0000,7,0,no_order_required
2011-12-09,84531A,returned,1,SIM-SUP-02,1.0000,0.0000,0.0000,1.0000,0.0000,0.0000,10,95.00%,1.6449,0.0000,0.0000,0.0000,7,0,no_order_required
2011-12-09,84531B,returned,1,SIM-SUP-08,4.0000,0.0000,0.0000,4.0000,0.0000,0.0000,14,95.00%,1.6449,0.0000,0.0000,0.0000,7,0,no_order_required
2011-12-09,84534B,FAIRY CAKE NOTEBOOK A5 SIZE,1,SIM-SUP-02,2.0000,0.0000,0.0000,2.0000,0.0000,0.0000,14,95.00%,1.6449,0.0000,0.0000,0.0000,7,0,no_order_required
2011-12-09,84535A,ENGLISH ROSE NOTEBOOK A6 SIZE,1,SIM-SUP-06,2.0000,0.0000,0.0000,2.0000,0.0000,0.0000,10,95.00%,1.6449,0.0000,0.0000,0.0000,7,0,no_order_required
2011-12-09,84535B,FAIRY CAKES NOTEBOOK A6 SIZE,1,SIM-SUP-04,8.0000,4.0000,0.0000,12.0000,4.5357,9.9659,3,95.00%,1.6449,28.3927,41.9998,73.7498,7,62,reorder_now
2011-12-09,84536A,ENGLISH ROSE NOTEBOOK A7 SIZE,1,SIM-SUP-04,36.0000,0.0000,4.0000,32.0000,19.2500,21.1569,3,95.00%,1.6449,60.2755,118.0255,252.7755,7,221,reorder_now
2011-12-09,84536B,FAIRY CAKES NOTEBOOK A7 SIZE,1,SIM-SUP-09,23.0000,8.0000,3.0000,28.0000,5.4643,13.5343,7,95.00%,1.6449,58.8996,97.1496,135.3996,7,108,reorder_now
2011-12-09,84558A,3D DOG PICTURE PLAYING CARDS,1,SIM-SUP-10,12.0000,0.0000,0.0000,12.0000,1.1071,2.7818,7,95.00%,1.6449,12.1061,19.8561,27.6061,7,16,reorder_now
2011-12-09,84559A,3D SHEET OF DOG STICKERS,1,SIM-SUP-05,18.0000,0.0000,2.0000,16.0000,0.7500,0.8292,10,95.00%,1.6449,4.3128,11.8128,17.0628,7,0,no_order_required
2011-12-09,84559B,3D SHEET OF CAT STICKERS,1,SIM-SUP-07,1.0000,0.0000,0.0000,1.0000,0.0000,0.0000,7,95.00%,1.6449,0.0000,0.0000,0.0000,7,0,no_order_required
2011-12-09,84559D,3D SHEET OF SEA WORLD STICKERS,1,SIM-SUP-08,2.0000,0.0000,0.0000,2.0000,0.0000,0.0000,10,95.00%,1.6449,0.0000,0.0000,0.0000,7,0,no_order_required
2011-12-09,84562A,PINK/WHITE RIBBED MELAMINE JUG,1,SIM-SUP-10,1.0000,0.0000,0.0000,1.0000,0.0000,0.0000,10,95.00%,1.6449,0.0000,0.0000,0.0000,7,0,no_order_required
2011-12-09,84563A,PINK & WHITE BREAKFAST TRAY,1,SIM-SUP-12,2.0000,0.0000,0.0000,2.0000,0.0000,0.0000,7,95.00%,1.6449,0.0000,0.0000,0.0000,7,0,no_order_required
2011-12-09,84563B,BLUE & WHITE BREAKFAST TRAY,1,SIM-SUP-05,0.0000,0.0000,0.0000,0.0000,0.0000,0.0000,3,95.00%,1.6449,0.0000,0.0000,0.0000,7,0,no_order_required
2011-12-09,84568,GIRLS ALPHABET IRON ON PATCHES,1,SIM-SUP-11,53.0000,0.0000,3.0000,50.0000,41.4286,90.0692,3,95.00%,1.6449,256.6044,380.8901,670.8901,7,621,reorder_now
2011-12-09,84569A,PACK 3 IRON ON DOG PATCHES,1,SIM-SUP-02,4.0000,2.0000,0.0000,6.0000,0.1786,0.5381,10,95.00%,1.6449,2.7989,4.5846,5.8346,7,0,no_order_required
2011-12-09,84569B,PACK 3 FIRE ENGINE/CAR PATCHES,1,SIM-SUP-12,2.0000,0.0000,0.0000,2.0000,0.0000,0.0000,5,95.00%,1.6449,0.0000,0.0000,0.0000,7,0,no_order_required
2011-12-09,84569C,PACK 4 FLOWER/BUTTERFLY PATCHES,1,SIM-SUP-11,2.0000,0.0000,0.0000,2.0000,0.0000,0.0000,14,95.00%,1.6449,0.0000,0.0000,0.0000,7,0,no_order_required
2011-12-09,84569D,PACK 6 HEART/ICE-CREAM PATCHES,1,SIM-SUP-01,2.0000,0.0000,0.0000,2.0000,0.1429,0.4403,10,95.00%,1.6449,2.2903,3.7189,4.7189,7,3,reorder_now
2011-12-09,84578,ELEPHANT TOY WITH BLUE T-SHIRT,1,SIM-SUP-12,1.0000,0.0000,0.0000,1.0000,0.0000,0.0000,3,95.00%,1.6449,0.0000,0.0000,0.0000,7,0,no_order_required
2011-12-09,84580,MOUSE TOY WITH PINK T-SHIRT,1,SIM-SUP-04,12.0000,0.0000,2.0000,10.0000,2.4643,3.8682,5,95.00%,1.6449,14.2273,26.5487,43.7987,7,34,reorder_now
2011-12-09,84581,DOG TOY WITH PINK CROCHET SKIRT,1,SIM-SUP-08,7.0000,0.0000,0.0000,7.0000,0.6429,1.2597,7,95.00%,1.6449,5.4819,9.9819,14.4819,7,8,reorder_now
2011-12-09,84584,PINK GINGHAM CAT WITH SCARF,1,SIM-SUP-06,2.0000,1.0000,0.0000,3.0000,0.0000,0.0000,14,95.00%,1.6449,0.0000,0.0000,0.0000,7,0,no_order_required
2011-12-09,84592,CROCHET ROSE PURSE WITH SUEDE BACK,1,SIM-SUP-02,3.0000,0.0000,0.0000,3.0000,0.4643,1.5465,5,95.00%,1.6449,5.6879,8.0094,11.2594,7,9,reorder_now
2011-12-09,84595E,LARGE TORTILLA DESIGN RED BOWL,1,SIM-SUP-12,0.0000,0.0000,0.0000,0.0000,0.0000,0.0000,10,95.00%,1.6449,0.0000,0.0000,0.0000,7,0,no_order_required
2011-12-09,84596B,SMALL DOLLY MIX DESIGN ORANGE BOWL,1,SIM-SUP-03,85.0000,10.0000,4.0000,91.0000,20.9643,20.9122,5,95.00%,1.6449,76.9152,181.7366,328.4866,7,238,reorder_now
2011-12-09,84596E,UNKNOWN,1,SIM-SUP-02,1.0000,0.0000,0.0000,1.0000,0.0000,0.0000,3,95.00%,1.6449,0.0000,0.0000,0.0000,7,0,no_order_required
2011-12-09,84596F,SMALL MARSHMALLOWS PINK BOWL,1,SIM-SUP-12,300.0000,0.0000,41.0000,259.0000,16.8571,18.5544,14,95.00%,1.6449,114.1926,350.1926,468.1926,7,210,reorder_now
2011-12-09,84596G,SMALL CHOCOLATES PINK BOWL,1,SIM-SUP-04,74.0000,4.0000,4.0000,74.0000,4.6071,6.0435,14,95.00%,1.6449,37.1948,101.6948,133.9448,7,60,reorder_now
2011-12-09,84596J,MIXED NUTS LIGHT GREEN BOWL,1,SIM-SUP-05,1.0000,0.0000,0.0000,1.0000,0.0000,0.0000,5,95.00%,1.6449,0.0000,0.0000,0.0000,7,0,no_order_required
2011-12-09,84596K,JELLY BABIES YELLOW SMALL BOWL,1,SIM-SUP-06,2.0000,0.0000,0.0000,2.0000,0.0000,0.0000,10,95.00%,1.6449,0.0000,0.0000,0.0000,7,0,no_order_required
2011-12-09,84596L,BISCUITS SMALL BOWL LIGHT BLUE,1,SIM-SUP-11,1.0000,0.0000,0.0000,1.0000,0.0000,0.0000,5,95.00%,1.6449,0.0000,0.0000,0.0000,7,0,no_order_required
2011-12-09,84597C,RETRO PINK BALL ASHTRAY,1,SIM-SUP-08,1.0000,0.0000,0.0000,1.0000,0.0000,0.0000,3,95.00%,1.6449,0.0000,0.0000,0.0000,7,0,no_order_required
2011-12-09,84598,BOYS ALPHABET IRON ON PATCHES,1,SIM-SUP-09,15.0000,0.0000,1.0000,14.0000,14.0000,54.2013,3,95.00%,1.6449,154.4180,196.4180,294.4180,7,281,reorder_now
2011-12-09,84600,NEW BAROQUE JEWELLERY BOX,1,SIM-SUP-06,3.0000,0.0000,0.0000,3.0000,0.6786,1.7332,3,95.00%,1.6449,4.9377,6.9734,11.7234,7,9,reorder_now
2011-12-09,84609,TALL ROCOCO CANDLE HOLDER,1,SIM-SUP-12,4.0000,0.0000,0.0000,4.0000,1.0000,3.7985,5,95.00%,1.6449,13.9709,18.9709,25.9709,7,22,reorder_now
2011-12-09,84620,BLUE GINGHAM ROSE CUSHION COVER,1,SIM-SUP-07,3.0000,0.0000,0.0000,3.0000,0.0000,0.0000,14,95.00%,1.6449,0.0000,0.0000,0.0000,7,0,no_order_required
2011-12-09,84625A,PINK NEW BAROQUECANDLESTICK CANDLE,1,SIM-SUP-12,2.0000,0.0000,0.0000,2.0000,0.8929,4.4508,10,95.00%,1.6449,23.1510,32.0795,38.3295,7,37,reorder_now
2011-12-09,84625C,BLUE NEW BAROQUE CANDLESTICK CANDLE,1,SIM-SUP-01,0.0000,0.0000,0.0000,0.0000,0.0000,0.0000,10,95.00%,1.6449,0.0000,0.0000,0.0000,7,0,no_order_required
2011-12-09,84625D,WHITE NEWBAROQUE CANDLESTICK CANDLE,1,SIM-SUP-10,1.0000,0.0000,0.0000,1.0000,0.0000,0.0000,3,95.00%,1.6449,0.0000,0.0000,0.0000,7,0,no_order_required
2011-12-09,84631,FRUIT TREE AND BIRDS WALL PLAQUE,1,SIM-SUP-12,1.0000,0.0000,0.0000,1.0000,0.0000,0.0000,5,95.00%,1.6449,0.0000,0.0000,0.0000,7,0,no_order_required
2011-12-09,84637,KITCHEN FLOWER POTS WALL PLAQUE,1,SIM-SUP-02,2.0000,0.0000,0.0000,2.0000,0.0000,0.0000,7,95.00%,1.6449,0.0000,0.0000,0.0000,7,0,no_order_required
2011-12-09,84638,SMALL KITCHEN FLOWER POTS PLAQUE,1,SIM-SUP-09,0.0000,0.0000,0.0000,0.0000,0.0000,0.0000,5,95.00%,1.6449,0.0000,0.0000,0.0000,7,0,no_order_required
2011-12-09,84658,WHITE STITCHED CUSHION COVER,1,SIM-SUP-03,3.0000,0.0000,0.0000,3.0000,0.2143,0.8175,7,95.00%,1.6449,3.5578,5.0578,6.5578,7,4,reorder_now
2011-12-09,84659A,WHITE TRAVEL ALARM CLOCK,1,SIM-SUP-10,2.0000,0.0000,0.0000,2.0000,0.2500,1.1220,5,95.00%,1.6449,4.1268,5.3768,7.1268,7,6,reorder_now
2011-12-09,84660A,WHITE STITCHED WALL CLOCK,1,SIM-SUP-12,3.0000,0.0000,0.0000,3.0000,0.0000,0.0000,10,95.00%,1.6449,0.0000,0.0000,0.0000,7,0,no_order_required
2011-12-09,84660B,BLACK STITCHED WALL CLOCK,1,SIM-SUP-04,2.0000,0.0000,0.0000,2.0000,0.0000,0.0000,7,95.00%,1.6449,0.0000,0.0000,0.0000,7,0,no_order_required
2011-12-09,84660C,UNKNOWN,1,SIM-SUP-08,1.0000,0.0000,0.0000,1.0000,0.0000,0.0000,3,95.00%,1.6449,0.0000,0.0000,0.0000,7,0,no_order_required
2011-12-09,84661A,WHITE SQUARE TABLE CLOCK,1,SIM-SUP-12,6.0000,0.0000,1.0000,5.0000,2.3214,9.2584,7,95.00%,1.6449,40.2914,56.5414,72.7914,7,68,reorder_now
2011-12-09,84661B,BLACK SQUARE TABLE CLOCK,1,SIM-SUP-07,5.0000,0.0000,0.0000,5.0000,1.8214,6.2224,7,95.00%,1.6449,27.0790,39.8290,52.5790,7,48,reorder_now
2011-12-09,84663A,UNKNOWN,1,SIM-SUP-02,3.0000,0.0000,0.0000,3.0000,0.6071,1.8193,3,95.00%,1.6449,5.1832,7.0046,11.2546,7,9,reorder_now
2011-12-09,84665,SQUARE CHERRY BLOSSOM CABINET,1,SIM-SUP-10,2.0000,0.0000,0.0000,2.0000,0.0000,0.0000,10,95.00%,1.6449,0.0000,0.0000,0.0000,7,0,no_order_required
2011-12-09,84670,UNKNOWN,1,SIM-SUP-04,2.0000,0.0000,0.0000,2.0000,0.0000,0.0000,10,95.00%,1.6449,0.0000,0.0000,0.0000,7,0,no_order_required
2011-12-09,84673A,PINK FLY SWAT,1,SIM-SUP-06,2.0000,0.0000,0.0000,2.0000,0.1429,0.5151,3,95.00%,1.6449,1.4674,1.8960,2.8960,7,0,no_order_required
2011-12-09,84673B,BLUE FLY SWAT,1,SIM-SUP-07,5.0000,0.0000,0.0000,5.0000,0.6071,1.4228,14,95.00%,1.6449,8.7563,17.2563,21.5063,7,17,reorder_now
2011-12-09,84674,FLYING PIG WATERING CAN,1,SIM-SUP-08,4.0000,0.0000,0.0000,4.0000,0.2500,0.5089,7,95.00%,1.6449,2.2145,3.9645,5.7145,7,0,no_order_required
2011-12-09,84675,FROG KING WATERING CAN,1,SIM-SUP-03,1.0000,0.0000,0.0000,1.0000,0.0000,0.0000,7,95.00%,1.6449,0.0000,0.0000,0.0000,7,0,no_order_required
2011-12-09,84676,BATH DUCK WATERING CAN,1,SIM-SUP-08,1.0000,0.0000,0.0000,1.0000,0.0000,0.0000,7,95.00%,1.6449,0.0000,0.0000,0.0000,7,0,no_order_required
2011-12-09,84678,CLASSICAL ROSE SMALL VASE,1,SIM-SUP-11,2.0000,0.0000,0.0000,2.0000,0.0000,0.0000,14,95.00%,1.6449,0.0000,0.0000,0.0000,7,0,no_order_required
2011-12-09,84682,CLASSICAL ROSE DISH,1,SIM-SUP-09,1.0000,0.0000,0.0000,1.0000,0.0000,0.0000,3,95.00%,1.6449,0.0000,0.0000,0.0000,7,0,no_order_required
2011-12-09,84683,CLASSICAL ROSE CANDLESTAND,1,SIM-SUP-03,2.0000,1.0000,0.0000,3.0000,0.0000,0.0000,14,95.00%,1.6449,0.0000,0.0000,0.0000,7,0,no_order_required
2011-12-09,84684,UNKNOWN,1,SIM-SUP-09,3.0000,0.0000,0.0000,3.0000,0.0000,0.0000,10,95.00%,1.6449,0.0000,0.0000,0.0000,7,0,no_order_required
2011-12-09,84685,BEACH HUT KEY CABINET,1,SIM-SUP-08,1.0000,0.0000,0.0000,1.0000,0.0000,0.0000,3,95.00%,1.6449,0.0000,0.0000,0.0000,7,0,no_order_required
2011-12-09,84686,UNKNOWN,1,SIM-SUP-06,1.0000,0.0000,0.0000,1.0000,0.0000,0.0000,14,95.00%,1.6449,0.0000,0.0000,0.0000,7,0,no_order_required
2011-12-09,84687,BEACH HUT SHELF W 3 DRAWERS,1,SIM-SUP-11,3.0000,0.0000,0.0000,3.0000,0.0357,0.1856,14,95.00%,1.6449,1.1421,1.6421,1.8921,7,0,no_order_required
2011-12-09,84688,BEACH HUT DESIGN BLACKBOARD,1,SIM-SUP-10,3.0000,0.0000,0.0000,3.0000,0.0000,0.0000,14,95.00%,1.6449,0.0000,0.0000,0.0000,7,0,no_order_required
2011-12-09,84689,S/2 BEACH HUT TREASURE CHESTS,1,SIM-SUP-12,2.0000,0.0000,0.0000,2.0000,0.0000,0.0000,14,95.00%,1.6449,0.0000,0.0000,0.0000,7,0,no_order_required
2011-12-09,84691,PACK 20 DOLLY PEGS,1,SIM-SUP-10,1.0000,0.0000,0.0000,1.0000,0.0000,0.0000,5,95.00%,1.6449,0.0000,0.0000,0.0000,7,0,no_order_required
2011-12-09,84692,BOX OF 24 COCKTAIL PARASOLS,1,SIM-SUP-06,436.0000,0.0000,25.0000,411.0000,19.5000,23.1185,14,95.00%,1.6449,142.2822,415.2822,551.7822,7,141,reorder_now
2011-12-09,84707A,SILVER JEWELLED MIRROR TRINKET TRAY,1,SIM-SUP-01,8.0000,0.0000,0.0000,8.0000,1.5000,3.6006,10,95.00%,1.6449,18.7284,33.7284,44.2284,7,37,reorder_now
2011-12-09,84707B,PINK JEWELLED MIRROR TRINKET TRAY,1,SIM-SUP-03,1.0000,0.0000,0.0000,1.0000,0.5357,2.5978,5,95.00%,1.6449,9.5548,12.2334,15.9834,7,15,reorder_now
2011-12-09,84708B,PINK JEWELLED PHOTO FRAME,1,SIM-SUP-03,4.0000,0.0000,0.0000,4.0000,0.5000,1.2392,14,95.00%,1.6449,7.6269,14.6269,18.1269,7,15,reorder_now
2011-12-09,84709B,UNKNOWN,1,SIM-SUP-09,1.0000,0.0000,0.0000,1.0000,0.0000,0.0000,7,95.00%,1.6449,0.0000,0.0000,0.0000,7,0,no_order_required
2011-12-09,84712B,PINK JEWELLED PHOTO FRAME,1,SIM-SUP-01,8.0000,0.0000,1.0000,7.0000,0.2500,0.6339,14,95.00%,1.6449,3.9011,7.4011,9.1511,7,3,reorder_now
2011-12-09,84715,SET OF 6 ICE CREAM SKITTLES,1,SIM-SUP-07,2.0000,0.0000,0.0000,2.0000,0.0000,0.0000,7,95.00%,1.6449,0.0000,0.0000,0.0000,7,0,no_order_required
2011-12-09,84741C,CITRUS GARLAND FELT FLOWERS,1,SIM-SUP-07,1.0000,0.0000,0.0000,1.0000,0.0000,0.0000,5,95.00%,1.6449,0.0000,0.0000,0.0000,7,0,no_order_required
2011-12-09,84748,FOLK FELT HANGING MULTICOL GARLAND,1,SIM-SUP-09,3.0000,0.0000,0.0000,3.0000,0.1429,0.3499,14,95.00%,1.6449,2.1536,4.1536,5.1536,7,3,reorder_now
2011-12-09,84750A,PINK SMALL GLASS CAKE STAND,1,SIM-SUP-12,0.0000,0.0000,0.0000,0.0000,0.0000,0.0000,5,95.00%,1.6449,0.0000,0.0000,0.0000,7,0,no_order_required
2011-12-09,84750B,BLACK SMALL GLASS CAKE STAND,1,SIM-SUP-06,1.0000,0.0000,0.0000,1.0000,0.0000,0.0000,7,95.00%,1.6449,0.0000,0.0000,0.0000,7,0,no_order_required
2011-12-09,84754,S/15 SILVER GLASS BAUBLES IN BAG,1,SIM-SUP-02,1.0000,0.0000,0.0000,1.0000,0.0000,0.0000,5,95.00%,1.6449,0.0000,0.0000,0.0000,7,0,no_order_required
2011-12-09,84755,COLOUR GLASS T-LIGHT HOLDER HANGING,1,SIM-SUP-11,80.0000,0.0000,8.0000,72.0000,25.2857,48.7800,10,95.00%,1.6449,253.7285,506.5856,683.5856,7,612,reorder_now
2011-12-09,84760S,UNKNOWN,1,SIM-SUP-09,1.0000,0.0000,0.0000,1.0000,0.0000,0.0000,3,95.00%,1.6449,0.0000,0.0000,0.0000,7,0,no_order_required
2011-12-09,84761,IVORY HANGING BIRD PLANTER,1,SIM-SUP-12,2.0000,0.0000,0.0000,2.0000,0.0000,0.0000,10,95.00%,1.6449,0.0000,0.0000,0.0000,7,0,no_order_required
2011-12-09,84762B,PINK PICNIC BARBECUE BUCKET,1,SIM-SUP-08,1.0000,0.0000,0.0000,1.0000,0.0000,0.0000,5,95.00%,1.6449,0.0000,0.0000,0.0000,7,0,no_order_required
2011-12-09,84762C,GREEN PICNIC BARBECUE BUCKET,1,SIM-SUP-05,1.0000,0.0000,0.0000,1.0000,0.0000,0.0000,3,95.00%,1.6449,0.0000,0.0000,0.0000,7,0,no_order_required
2011-12-09,84763,ZINC FINISH 15CM PLANTER POTS,1,SIM-SUP-10,1.0000,0.0000,0.0000,1.0000,0.0000,0.0000,10,95.00%,1.6449,0.0000,0.0000,0.0000,7,0,no_order_required
2011-12-09,84773,UNKNOWN,1,SIM-SUP-03,1.0000,0.0000,0.0000,1.0000,0.0000,0.0000,5,95.00%,1.6449,0.0000,0.0000,0.0000,7,0,no_order_required
2011-12-09,84789,UNKNOWN,1,SIM-SUP-01,2.0000,0.0000,0.0000,2.0000,0.0000,0.0000,5,95.00%,1.6449,0.0000,0.0000,0.0000,7,0,no_order_required
2011-12-09,84791,GINGHAM HEART DECORATION,1,SIM-SUP-02,1.0000,0.0000,0.0000,1.0000,0.0000,0.0000,3,95.00%,1.6449,0.0000,0.0000,0.0000,7,0,no_order_required
2011-12-09,84792,ENCHANTED BIRD COATHANGER 5 HOOK,1,SIM-SUP-02,23.0000,0.0000,2.0000,21.0000,2.8571,3.8518,3,95.00%,1.6449,10.9738,19.5452,39.5452,7,0,no_order_required
2011-12-09,84795A,UNKNOWN,1,SIM-SUP-06,1.0000,0.0000,0.0000,1.0000,0.0000,0.0000,3,95.00%,1.6449,0.0000,0.0000,0.0000,7,0,no_order_required
2011-12-09,84795B,SUNSET CHECK HAMMOCK,1,SIM-SUP-11,2.0000,0.0000,0.0000,2.0000,0.0357,0.1856,7,95.00%,1.6449,0.8076,1.0576,1.3076,7,0,no_order_required
2011-12-09,84795C,UNKNOWN,1,SIM-SUP-06,1.0000,0.0000,0.0000,1.0000,0.0000,0.0000,5,95.00%,1.6449,0.0000,0.0000,0.0000,7,0,no_order_required
2011-12-09,84795D,UNKNOWN,1,SIM-SUP-12,2.0000,0.0000,0.0000,2.0000,0.0000,0.0000,14,95.00%,1.6449,0.0000,0.0000,0.0000,7,0,no_order_required
2011-12-09,84796A,PINK HAWAIIAN PICNIC HAMPER FOR 2,1,SIM-SUP-08,1.0000,0.0000,0.0000,1.0000,0.0714,0.3712,3,95.00%,1.6449,1.0574,1.2717,1.7717,7,1,reorder_now
2011-12-09,84796B,BLUE SAVANNAH PICNIC HAMPER FOR 2,1,SIM-SUP-05,3.0000,0.0000,0.0000,3.0000,0.0000,0.0000,10,95.00%,1.6449,0.0000,0.0000,0.0000,7,0,no_order_required
2011-12-09,84800L,LARGE WHITE/PINK ROSE ART FLOWER,1,SIM-SUP-04,1.0000,0.0000,0.0000,1.0000,0.0000,0.0000,5,95.00%,1.6449,0.0000,0.0000,0.0000,7,0,no_order_required
2011-12-09,84806B,WHITE CANDYSTUFT ARTIFICIAL FLOWER,1,SIM-SUP-11,1.0000,0.0000,0.0000,1.0000,0.9643,4.4680,10,95.00%,1.6449,23.2402,32.8831,39.6331,7,39,reorder_now
2011-12-09,84813,SET OF 4 DIAMOND NAPKIN RINGS,1,SIM-SUP-08,2.0000,1.0000,0.0000,3.0000,1.0357,4.8365,5,95.00%,1.6449,17.7886,22.9672,30.2172,7,28,reorder_now
2011-12-09,84815,SET OF 3 DANISH ROSE PLANTERS,1,SIM-SUP-07,2.0000,0.0000,0.0000,2.0000,0.0000,0.0000,10,95.00%,1.6449,0.0000,0.0000,0.0000,7,0,no_order_required
2011-12-09,84817,DANISH ROSE DECORATIVE PLATE,1,SIM-SUP-10,6.0000,3.0000,0.0000,9.0000,8.2143,19.5601,7,95.00%,1.6449,85.1230,142.6230,200.1230,7,192,reorder_now
2011-12-09,84818,DANISH ROSE PHOTO FRAME,1,SIM-SUP-12,1.0000,0.0000,0.0000,1.0000,0.0000,0.0000,5,95.00%,1.6449,0.0000,0.0000,0.0000,7,0,no_order_required
2011-12-09,84819,DANISH ROSE ROUND SEWING BOX,1,SIM-SUP-08,6.0000,0.0000,0.0000,6.0000,7.8929,15.7011,7,95.00%,1.6449,68.3292,123.5792,178.8292,7,173,reorder_now
2011-12-09,84820,DANISH ROSE TRINKET TRAYS,1,SIM-SUP-08,4.0000,0.0000,0.0000,4.0000,1.9286,6.5133,7,95.00%,1.6449,28.3452,41.8452,55.3452,7,52,reorder_now
2011-12-09,84821,DANISH ROSE DELUXE COASTER,1,SIM-SUP-10,6.0000,0.0000,0.0000,6.0000,2.4643,9.1006,5,95.00%,1.6449,33.4719,45.7933,63.0433,7,58,reorder_now
2011-12-09,84826,ASSTD DESIGN 3D PAPER STICKERS,1,SIM-SUP-05,2.0000,0.0000,0.0000,2.0000,451.1429,2326.5642,3,95.00%,1.6449,6628.3117,7981.7403,11139.7403,7,11138,reorder_now
2011-12-09,84828,JUNGLE POPSICLES ICE LOLLY MOULDS,1,SIM-SUP-12,33.0000,7.0000,4.0000,36.0000,2.5714,5.1438,10,95.00%,1.6449,26.7556,52.4699,70.4699,7,35,reorder_now
2011-12-09,84832,ZINC WILLIE WINKIE CANDLE STICK,1,SIM-SUP-03,60.0000,0.0000,0.0000,60.0000,20.0714,21.7419,3,95.00%,1.6449,61.9420,122.1562,262.6562,7,203,reorder_now
2011-12-09,84836,ZINC METAL HEART DECORATION,1,SIM-SUP-11,203.0000,0.0000,6.0000,197.0000,15.0714,18.8451,10,95.00%,1.6449,98.0225,248.7368,354.2368,7,158,reorder_now
2011-12-09,84837,UNKNOWN,1,SIM-SUP-07,1.0000,0.0000,0.0000,1.0000,0.0000,0.0000,14,95.00%,1.6449,0.0000,0.0000,0.0000,7,0,no_order_required
2011-12-09,84839,SWEETHEART KEY CABINET,1,SIM-SUP-12,3.0000,0.0000,0.0000,3.0000,0.0000,0.0000,14,95.00%,1.6449,0.0000,0.0000,0.0000,7,0,no_order_required
2011-12-09,84840,UNKNOWN,1,SIM-SUP-06,1.0000,0.0000,0.0000,1.0000,0.0000,0.0000,5,95.00%,1.6449,0.0000,0.0000,0.0000,7,0,no_order_required
2011-12-09,84842,HELLO SAILOR BATHROOM SET,1,SIM-SUP-12,2.0000,0.0000,0.0000,2.0000,0.0714,0.2575,7,95.00%,1.6449,1.1208,1.6208,2.1208,7,0,no_order_required
2011-12-09,84843,WHITE SOAP RACK WITH 2 BOTTLES,1,SIM-SUP-09,2.0000,1.0000,0.0000,3.0000,0.3214,0.6576,14,95.00%,1.6449,4.0470,8.5470,10.7970,7,8,reorder_now
2011-12-09,84846A,SCENTED CANDLE IN DIGITALIS TIN,1,SIM-SUP-03,0.0000,0.0000,0.0000,0.0000,0.0000,0.0000,3,95.00%,1.6449,0.0000,0.0000,0.0000,7,0,no_order_required
2011-12-09,84847,UNKNOWN,1,SIM-SUP-02,2.0000,0.0000,0.0000,2.0000,0.0000,0.0000,7,95.00%,1.6449,0.0000,0.0000,0.0000,7,0,no_order_required
2011-12-09,84849A,HELLO SAILOR BLUE SOAP HOLDER,1,SIM-SUP-10,2.0000,0.0000,0.0000,2.0000,0.2143,0.6739,10,95.00%,1.6449,3.5051,5.6479,7.1479,7,6,reorder_now
2011-12-09,84849B,FAIRY SOAP SOAP HOLDER,1,SIM-SUP-05,1.0000,0.0000,0.0000,1.0000,0.0000,0.0000,3,95.00%,1.6449,0.0000,0.0000,0.0000,7,0,no_order_required
2011-12-09,84849D,HOT BATHS SOAP HOLDER,1,SIM-SUP-05,3.0000,0.0000,0.0000,3.0000,3.0000,13.3229,3,95.00%,1.6449,37.9566,46.9566,67.9566,7,65,reorder_now
2011-12-09,84854,GIRLY PINK TOOL SET,1,SIM-SUP-03,1.0000,0.0000,0.0000,1.0000,0.0000,0.0000,5,95.00%,1.6449,0.0000,0.0000,0.0000,7,0,no_order_required
2011-12-09,84856L,LARGE TAHITI BEACH BAG,1,SIM-SUP-11,3.0000,0.0000,0.0000,3.0000,0.0000,0.0000,10,95.00%,1.6449,0.0000,0.0000,0.0000,7,0,no_order_required
2011-12-09,84856S,SMALL TAHITI BEACH BAG,1,SIM-SUP-05,1.0000,0.0000,0.0000,1.0000,0.0000,0.0000,5,95.00%,1.6449,0.0000,0.0000,0.0000,7,0,no_order_required
2011-12-09,84859A,SILVER DISCO HANDBAG,1,SIM-SUP-10,5.0000,0.0000,0.0000,5.0000,1.2857,3.1151,10,95.00%,1.6449,16.2033,29.0605,38.0605,7,34,reorder_now
2011-12-09,84865,NEW BAROQUE BLACK PHOTO ALBUM,1,SIM-SUP-07,1.0000,0.0000,0.0000,1.0000,0.0000,0.0000,10,95.00%,1.6449,0.0000,0.0000,0.0000,7,0,no_order_required
2011-12-09,84870B,BLUE GEISHA GIRL,1,SIM-SUP-12,1.0000,0.0000,0.0000,1.0000,0.0357,0.1856,10,95.00%,1.6449,0.9653,1.3224,1.5724,7,1,reorder_now
2011-12-09,84870C,GREEN GEISHA GIRL,1,SIM-SUP-03,1.0000,0.0000,0.0000,1.0000,0.0000,0.0000,5,95.00%,1.6449,0.0000,0.0000,0.0000,7,0,no_order_required
2011-12-09,84872A,TEATIME FUNKY FLOWER BACKPACK FOR 2,1,SIM-SUP-09,4.0000,0.0000,0.0000,4.0000,0.0000,0.0000,14,95.00%,1.6449,0.0000,0.0000,0.0000,7,0,no_order_required
2011-12-09,84874B,BLUE TRAVEL FIRST AID KIT,1,SIM-SUP-11,1.0000,0.0000,0.0000,1.0000,0.0000,0.0000,5,95.00%,1.6449,0.0000,0.0000,0.0000,7,0,no_order_required
2011-12-09,84876D,BLUE HEART COMPACT MIRROR,1,SIM-SUP-06,2.0000,0.0000,0.0000,2.0000,0.0000,0.0000,14,95.00%,1.6449,0.0000,0.0000,0.0000,7,0,no_order_required
2011-12-09,84877B,GREEN ROUND COMPACT MIRROR,1,SIM-SUP-08,1.0000,0.0000,0.0000,1.0000,0.1071,0.5567,3,95.00%,1.6449,1.5861,1.9075,2.6575,7,2,reorder_now
2011-12-09,84877D,BLUE ROUND COMPACT MIRROR,1,SIM-SUP-02,0.0000,0.0000,0.0000,0.0000,0.0000,0.0000,3,95.00%,1.6449,0.0000,0.0000,0.0000,7,0,no_order_required
2011-12-09,84879,ASSORTED COLOUR BIRD ORNAMENT,1,SIM-SUP-06,147.0000,0.0000,11.0000,136.0000,143.4643,130.3721,10,95.00%,1.6449,678.1285,2112.7714,3117.0214,7,2982,reorder_now
2011-12-09,84880,WHITE WIRE EGG HOLDER,1,SIM-SUP-01,2.0000,0.0000,0.0000,2.0000,0.3571,0.8950,5,95.00%,1.6449,3.2918,5.0775,7.5775,7,6,reorder_now
2011-12-09,84882,GREEN WIRE STANDING CANDLE HOLDER,1,SIM-SUP-01,3.0000,0.0000,0.0000,3.0000,0.0714,0.3712,7,95.00%,1.6449,1.6152,2.1152,2.6152,7,0,no_order_required
2011-12-09,84884A,ANT WHITE WIRE HEART SPIRAL,1,SIM-SUP-11,4.0000,0.0000,0.0000,4.0000,0.8929,2.4252,3,95.00%,1.6449,6.9092,9.5878,15.8378,7,12,reorder_now
2011-12-09,84898F,YELLOW FLOWERS FELT HANDBAG KIT,1,SIM-SUP-04,3.0000,0.0000,0.0000,3.0000,0.0000,0.0000,14,95.00%,1.6449,0.0000,0.0000,0.0000,7,0,no_order_required
2011-12-09,84899F,YELLOW PURPLE DAISY FELT PURSE KIT,1,SIM-SUP-12,1.0000,0.0000,0.0000,1.0000,0.0000,0.0000,3,95.00%,1.6449,0.0000,0.0000,0.0000,7,0,no_order_required
2011-12-09,84901,BLACK FACE LAMB WITH PANTS,1,SIM-SUP-08,3.0000,0.0000,0.0000,3.0000,0.0000,0.0000,14,95.00%,1.6449,0.0000,0.0000,0.0000,7,0,no_order_required
2011-12-09,84902,PINK KNITTED COW STUFFED TOY,1,SIM-SUP-08,1.0000,0.0000,0.0000,1.0000,0.0000,0.0000,3,95.00%,1.6449,0.0000,0.0000,0.0000,7,0,no_order_required
2011-12-09,84905,PINK BUTTERFLY CUSHION COVER,1,SIM-SUP-02,2.0000,0.0000,0.0000,2.0000,0.0000,0.0000,10,95.00%,1.6449,0.0000,0.0000,0.0000,7,0,no_order_required
2011-12-09,84907,PINK YELLOW PATCH CUSHION COVER,1,SIM-SUP-01,1.0000,0.0000,0.0000,1.0000,0.0000,0.0000,3,95.00%,1.6449,0.0000,0.0000,0.0000,7,0,no_order_required
2011-12-09,84908A,PINK 5 PATCH FLOWER CUSHION COVER,1,SIM-SUP-03,1.0000,0.0000,0.0000,1.0000,0.0000,0.0000,5,95.00%,1.6449,0.0000,0.0000,0.0000,7,0,no_order_required
2011-12-09,84908B,BLUE 5 PATCH FLOWER CUSHION COVER,1,SIM-SUP-02,1.0000,0.0000,0.0000,1.0000,0.0000,0.0000,10,95.00%,1.6449,0.0000,0.0000,0.0000,7,0,no_order_required
2011-12-09,84910A,PINK PAISLEY CUSHION COVER,1,SIM-SUP-02,1.0000,0.0000,0.0000,1.0000,0.0000,0.0000,3,95.00%,1.6449,0.0000,0.0000,0.0000,7,0,no_order_required
2011-12-09,84912A,UNKNOWN,1,SIM-SUP-06,2.0000,1.0000,0.0000,3.0000,0.0000,0.0000,10,95.00%,1.6449,0.0000,0.0000,0.0000,7,0,no_order_required
2011-12-09,84912B,GREEN ROSE WASHBAG,1,SIM-SUP-03,13.0000,0.0000,0.0000,13.0000,1.5357,2.2596,3,95.00%,1.6449,6.4376,11.0447,21.7947,7,0,no_order_required
2011-12-09,84913A,SOFT PINK ROSE TOWEL,1,SIM-SUP-11,2.0000,0.0000,0.0000,2.0000,0.0000,0.0000,10,95.00%,1.6449,0.0000,0.0000,0.0000,7,0,no_order_required
2011-12-09,84913B,MINT GREEN ROSE TOWEL,1,SIM-SUP-06,5.0000,0.0000,1.0000,4.0000,0.4286,1.6351,10,95.00%,1.6449,8.5048,12.7905,15.7905,7,12,reorder_now
2011-12-09,84915,HAND TOWEL PINK FLOWER AND DAISY,1,SIM-SUP-06,1.0000,0.0000,0.0000,1.0000,0.1786,0.5381,3,95.00%,1.6449,1.5330,2.0687,3.3187,7,3,reorder_now
2011-12-09,84916,HAND TOWEL PALE BLUE W FLOWERS,1,SIM-SUP-01,1.0000,0.0000,0.0000,1.0000,0.0000,0.0000,5,95.00%,1.6449,0.0000,0.0000,0.0000,7,0,no_order_required
2011-12-09,84917,UNKNOWN,1,SIM-SUP-02,2.0000,0.0000,0.0000,2.0000,0.0000,0.0000,7,95.00%,1.6449,0.0000,0.0000,0.0000,7,0,no_order_required
2011-12-09,84918,CREAM CUSHION COVER WITH FLOWERS,1,SIM-SUP-04,1.0000,0.0000,0.0000,1.0000,0.0000,0.0000,3,95.00%,1.6449,0.0000,0.0000,0.0000,7,0,no_order_required
2011-12-09,84919,BLUE CUSHION COVER WITH FLOWER,1,SIM-SUP-09,4.0000,1.0000,0.0000,5.0000,0.0000,0.0000,14,95.00%,1.6449,0.0000,0.0000,0.0000,7,0,no_order_required
2011-12-09,84920,PINK FLOWER FABRIC PONY,1,SIM-SUP-10,3.0000,0.0000,0.0000,3.0000,0.1429,0.5803,7,95.00%,1.6449,2.5253,3.5253,4.5253,7,2,reorder_now
2011-12-09,84923,PINK BUTTERFLY HANDBAG W BOBBLES,1,SIM-SUP-05,15.0000,0.0000,2.0000,13.0000,0.9643,1.5465,14,95.00%,1.6449,9.5177,23.0177,29.7677,7,17,reorder_now
2011-12-09,84924A,WAKE UP COCKEREL CALENDAR SIGN,1,SIM-SUP-06,1.0000,0.0000,0.0000,1.0000,0.6071,2.2415,10,95.00%,1.6449,11.6590,17.7305,21.9805,7,21,reorder_now
2011-12-09,84925F,PSYCHEDELIC WALL THERMOMETER,1,SIM-SUP-07,3.0000,0.0000,0.0000,3.0000,0.0000,0.0000,14,95.00%,1.6449,0.0000,0.0000,0.0000,7,0,no_order_required
2011-12-09,84926A,WAKE UP COCKEREL TILE COASTER,1,SIM-SUP-04,9.0000,0.0000,0.0000,9.0000,3.4286,8.3983,5,95.00%,1.6449,30.8888,48.0317,72.0317,7,64,reorder_now
2011-12-09,84926D,LA PALMIERA TILE COASTER,1,SIM-SUP-12,1.0000,0.0000,0.0000,1.0000,1.3929,4.6548,5,95.00%,1.6449,17.1203,24.0846,33.8346,7,33,reorder_now
2011-12-09,84926E,FLOWERS TILE COASTER,1,SIM-SUP-05,4.0000,1.0000,0.0000,5.0000,3.5714,10.5473,3,95.00%,1.6449,30.0489,40.7631,65.7631,7,61,reorder_now
2011-12-09,84926F,PSYCHEDELIC TILE COASTER,1,SIM-SUP-02,2.0000,1.0000,0.0000,3.0000,2.1071,6.1548,5,95.00%,1.6449,22.6373,33.1730,47.9230,7,45,reorder_now
2011-12-09,84927A,WAKE UP COCKEREL TILE HOOK,1,SIM-SUP-03,2.0000,0.0000,0.0000,2.0000,0.0000,0.0000,7,95.00%,1.6449,0.0000,0.0000,0.0000,7,0,no_order_required
2011-12-09,84927F,PSYCHEDELIC TILE HOOK,1,SIM-SUP-12,22.0000,0.0000,2.0000,20.0000,2.3571,6.9960,10,95.00%,1.6449,36.3895,59.9610,76.4610,7,57,reorder_now
2011-12-09,84929,ASSTD FRUIT+FLOWERS FRIDGE MAGNETS,1,SIM-SUP-05,18.0000,0.0000,3.0000,15.0000,0.7143,2.6303,14,95.00%,1.6449,16.1880,26.1880,31.1880,7,17,reorder_now
2011-12-09,84931A,PINK SCOTTIE DOG W FLOWER PATTERN,1,SIM-SUP-04,2.0000,0.0000,0.0000,2.0000,0.3571,1.1715,5,95.00%,1.6449,4.3088,6.0946,8.5946,7,7,reorder_now
2011-12-09,84931B,BLUE SCOTTIE DOG W FLOWER PATTERN,1,SIM-SUP-03,2.0000,0.0000,0.0000,2.0000,2.0714,6.3971,5,95.00%,1.6449,23.5287,33.8859,48.3859,7,47,reorder_now
2011-12-09,84932C,SMALL ORIENTAL BLUE FOLDING STOOL,1,SIM-SUP-11,1.0000,0.0000,0.0000,1.0000,0.0000,0.0000,7,95.00%,1.6449,0.0000,0.0000,0.0000,7,0,no_order_required
2011-12-09,84937,UNKNOWN,1,SIM-SUP-07,2.0000,0.0000,0.0000,2.0000,0.0000,0.0000,10,95.00%,1.6449,0.0000,0.0000,0.0000,7,0,no_order_required
2011-12-09,84944,SET OF 6 KASHMIR FOLKART BAUBLES,1,SIM-SUP-08,2.0000,0.0000,0.0000,2.0000,0.0000,0.0000,7,95.00%,1.6449,0.0000,0.0000,0.0000,7,0,no_order_required
2011-12-09,84945,MULTI COLOUR SILVER T-LIGHT HOLDER,1,SIM-SUP-12,123.0000,0.0000,14.0000,109.0000,59.8214,76.4068,5,95.00%,1.6449,281.0247,580.1318,998.8818,7,890,reorder_now
2011-12-09,84946,ANTIQUE SILVER T-LIGHT GLASS,1,SIM-SUP-12,251.0000,0.0000,17.0000,234.0000,91.2857,75.2846,7,95.00%,1.6449,327.6292,966.6292,1605.6292,7,1372,reorder_now
2011-12-09,84947,ANTIQUE SILVER TEA GLASS ENGRAVED,1,SIM-SUP-01,101.0000,0.0000,10.0000,91.0000,44.4286,77.3547,3,95.00%,1.6449,220.3811,353.6669,664.6669,7,574,reorder_now
2011-12-09,84949,SILVER HANGING T-LIGHT HOLDER,1,SIM-SUP-10,37.0000,0.0000,4.0000,33.0000,33.9643,51.4792,5,95.00%,1.6449,189.3407,359.1621,596.9121,7,564,reorder_now
2011-12-09,84950,ASSORTED COLOUR T-LIGHT HOLDER,1,SIM-SUP-10,19.0000,0.0000,1.0000,18.0000,8.1429,12.3396,5,95.00%,1.6449,45.3850,86.0993,143.0993,7,126,reorder_now
2011-12-09,84951A,SET OF 4 PISTACHIO LOVEBIRD COASTER,1,SIM-SUP-10,9.0000,0.0000,0.0000,9.0000,1.1786,5.1965,14,95.00%,1.6449,31.9819,48.4819,56.7319,7,48,reorder_now
2011-12-09,84951B,SET OF 4 BLACK LOVEBIRD COASTERS,1,SIM-SUP-04,4.0000,0.0000,0.0000,4.0000,3.1071,7.5278,3,95.00%,1.6449,21.4463,30.7678,52.5178,7,49,reorder_now
2011-12-09,84952A,CLEAR LOVE BIRD T-LIGHT HOLDER,1,SIM-SUP-04,2.0000,0.0000,0.0000,2.0000,0.0357,0.1856,5,95.00%,1.6449,0.6826,0.8611,1.1111,7,0,no_order_required
2011-12-09,84952B,BLACK LOVE BIRD T-LIGHT HOLDER,1,SIM-SUP-08,1.0000,0.0000,0.0000,1.0000,0.0714,0.2575,7,95.00%,1.6449,1.1208,1.6208,2.1208,7,2,reorder_now
2011-12-09,84952C,MIRROR LOVE BIRD T-LIGHT HOLDER,1,SIM-SUP-05,2.0000,0.0000,0.0000,2.0000,0.0000,0.0000,7,95.00%,1.6449,0.0000,0.0000,0.0000,7,0,no_order_required
2011-12-09,84968A,SET OF 16 VINTAGE ROSE CUTLERY,1,SIM-SUP-02,2.0000,0.0000,0.0000,2.0000,0.1786,0.4670,5,95.00%,1.6449,1.7177,2.6106,3.8606,7,2,reorder_now
2011-12-09,84968B,SET OF 16 VINTAGE IVORY CUTLERY,1,SIM-SUP-05,0.0000,0.0000,0.0000,0.0000,0.0000,0.0000,7,95.00%,1.6449,0.0000,0.0000,0.0000,7,0,no_order_required
2011-12-09,84968C,SET OF 16 VINTAGE PISTACHIO CUTLERY,1,SIM-SUP-12,2.0000,0.0000,0.0000,2.0000,0.1429,0.3499,7,95.00%,1.6449,1.5228,2.5228,3.5228,7,2,reorder_now
2011-12-09,84968D,SET OF 16 VINTAGE RED CUTLERY,1,SIM-SUP-12,2.0000,0.0000,0.0000,2.0000,0.1429,0.3499,10,95.00%,1.6449,1.8201,3.2487,4.2487,7,3,reorder_now
2011-12-09,84968E,SET OF 16 VINTAGE BLACK CUTLERY,1,SIM-SUP-12,3.0000,0.0000,0.0000,3.0000,0.1429,0.3499,7,95.00%,1.6449,1.5228,2.5228,3.5228,7,0,no_order_required
2011-12-09,84968F,SET OF 16 VINTAGE SKY BLUE CUTLERY,1,SIM-SUP-05,1.0000,0.0000,0.0000,1.0000,0.0357,0.1856,5,95.00%,1.6449,0.6826,0.8611,1.1111,7,0,no_order_required
2011-12-09,84969,BOX OF 6 ASSORTED COLOUR TEASPOONS,1,SIM-SUP-02,24.0000,0.0000,1.0000,23.0000,1.3929,3.1774,14,95.00%,1.6449,19.5550,39.0550,48.8050,7,26,reorder_now
2011-12-09,84970L,SINGLE HEART ZINC T-LIGHT HOLDER,1,SIM-SUP-09,67.0000,10.0000,6.0000,71.0000,14.1786,19.0208,5,95.00%,1.6449,69.9585,140.8513,240.1013,7,170,reorder_now
2011-12-09,84970S,HANGING HEART ZINC T-LIGHT HOLDER,1,SIM-SUP-06,48.0000,0.0000,6.0000,42.0000,25.6429,44.8977,7,95.00%,1.6449,195.3890,374.8890,554.3890,7,513,reorder_now
2011-12-09,84971L,LARGE HEART FLOWERS HOOK,1,SIM-SUP-09,1.0000,0.0000,0.0000,1.0000,0.1429,0.5151,3,95.00%,1.6449,1.4674,1.8960,2.8960,7,2,reorder_now
2011-12-09,84971S,SMALL HEART FLOWERS HOOK,1,SIM-SUP-11,16.0000,0.0000,1.0000,15.0000,4.3571,10.6978,7,95.00%,1.6449,46.5557,77.0557,107.5557,7,93,reorder_now
2011-12-09,84972L,GIANT PINK HEART MEMO HOLDER,1,SIM-SUP-12,1.0000,0.0000,0.0000,1.0000,0.0000,0.0000,7,95.00%,1.6449,0.0000,0.0000,0.0000,7,0,no_order_required
2011-12-09,84974,S/2 ZINC HEART DESIGN PLANTERS,1,SIM-SUP-10,1.0000,0.0000,0.0000,1.0000,0.0000,0.0000,3,95.00%,1.6449,0.0000,0.0000,0.0000,7,0,no_order_required
2011-12-09,84975,HEART SHAPED MIRROR,1,SIM-SUP-10,2.0000,0.0000,0.0000,2.0000,0.0000,0.0000,10,95.00%,1.6449,0.0000,0.0000,0.0000,7,0,no_order_required
2011-12-09,84976,RECTANGULAR SHAPED MIRROR,1,SIM-SUP-04,1.0000,0.0000,0.0000,1.0000,0.6071,2.2731,7,95.00%,1.6449,9.8923,14.1423,18.3923,7,18,reorder_now
2011-12-09,84977,UNKNOWN,1,SIM-SUP-01,0.0000,0.0000,0.0000,0.0000,0.0000,0.0000,10,95.00%,1.6449,0.0000,0.0000,0.0000,7,0,no_order_required
2011-12-09,84978,HANGING HEART JAR T-LIGHT HOLDER,1,SIM-SUP-09,177.0000,4.0000,11.0000,170.0000,34.8214,56.3275,7,95.00%,1.6449,245.1303,488.8803,732.6303,7,563,reorder_now
2011-12-09,84985A,SET OF 72 GREEN PAPER DOILIES,1,SIM-SUP-08,0.0000,0.0000,0.0000,0.0000,0.0000,0.0000,3,95.00%,1.6449,0.0000,0.0000,0.0000,7,0,no_order_required
2011-12-09,84986B,SET OF 36 SILVER PAPER DOILIES,1,SIM-SUP-07,2.0000,0.0000,0.0000,2.0000,0.0000,0.0000,10,95.00%,1.6449,0.0000,0.0000,0.0000,7,0,no_order_required
2011-12-09,84987,SET OF 36 TEATIME PAPER DOILIES,1,SIM-SUP-07,88.0000,8.0000,9.0000,87.0000,5.7500,8.4033,14,95.00%,1.6449,51.7182,132.2182,172.4682,7,86,reorder_now
2011-12-09,84988,SET OF 72 PINK HEART PAPER DOILIES,1,SIM-SUP-12,40.0000,0.0000,0.0000,40.0000,17.1071,57.9873,3,95.00%,1.6449,165.2040,216.5254,336.2754,7,297,reorder_now
2011-12-09,84989A,75 GREEN FAIRY CAKE CASES,1,SIM-SUP-09,5.0000,0.0000,1.0000,4.0000,0.2857,0.6999,10,95.00%,1.6449,3.6403,6.4974,8.4974,7,5,reorder_now
2011-12-09,84989B,75 BLACK FAIRY CAKE CASES,1,SIM-SUP-06,1.0000,0.0000,0.0000,1.0000,0.0000,0.0000,3,95.00%,1.6449,0.0000,0.0000,0.0000,7,0,no_order_required
2011-12-09,84990,UNKNOWN,1,SIM-SUP-05,1.0000,0.0000,0.0000,1.0000,0.0000,0.0000,10,95.00%,1.6449,0.0000,0.0000,0.0000,7,0,no_order_required
2011-12-09,84991,60 TEATIME FAIRY CAKE CASES,1,SIM-SUP-07,219.0000,0.0000,17.0000,202.0000,41.5714,65.5496,10,95.00%,1.6449,340.9550,756.6693,1047.6693,7,846,reorder_now
2011-12-09,84992,72 SWEETHEART FAIRY CAKE CASES,1,SIM-SUP-05,136.0000,0.0000,9.0000,127.0000,35.5714,54.6838,10,95.00%,1.6449,284.4368,640.1511,889.1511,7,763,reorder_now
2011-12-09,84993A,75 GREEN PETIT FOUR CASES,1,SIM-SUP-06,4.0000,0.0000,0.0000,4.0000,3.1786,7.4357,5,95.00%,1.6449,27.3485,43.2414,65.4914,7,62,reorder_now
2011-12-09,84993B,75 BLACK PETIT FOUR CASES,1,SIM-SUP-06,3.0000,0.0000,0.0000,3.0000,0.0000,0.0000,14,95.00%,1.6449,0.0000,0.0000,0.0000,7,0,no_order_required
2011-12-09,84997A,CHILDRENS CUTLERY POLKADOT GREEN,1,SIM-SUP-10,11.0000,0.0000,0.0000,11.0000,8.2500,18.3996,3,95.00%,1.6449,52.4199,77.1699,134.9199,7,124,reorder_now
2011-12-09,84997B,CHILDRENS CUTLERY RETROSPOT RED,1,SIM-SUP-03,128.0000,0.0000,4.0000,124.0000,13.5357,22.4936,10,95.00%,1.6449,117.0002,252.3574,347.1074,7,224,reorder_now
2011-12-09,84997C,CHILDRENS CUTLERY POLKADOT BLUE,1,SIM-SUP-09,78.0000,0.0000,0.0000,78.0000,20.8214,55.2268,14,95.00%,1.6449,339.8924,631.3924,777.1424,7,700,reorder_now
2011-12-09,84997D,CHILDRENS CUTLERY POLKADOT PINK,1,SIM-SUP-08,17.0000,0.0000,1.0000,16.0000,27.8214,81.7191,5,95.00%,1.6449,300.5631,439.6702,634.4202,7,619,reorder_now
2011-12-09,85006,SET 4 NURSERY DES ROUND BOXES,1,SIM-SUP-06,1.0000,0.0000,0.0000,1.0000,0.0000,0.0000,3,95.00%,1.6449,0.0000,0.0000,0.0000,7,0,no_order_required
2011-12-09,85008,UNKNOWN,1,SIM-SUP-05,2.0000,0.0000,0.0000,2.0000,0.0000,0.0000,10,95.00%,1.6449,0.0000,0.0000,0.0000,7,0,no_order_required
2011-12-09,85014A,BLACK/BLUE POLKADOT UMBRELLA,1,SIM-SUP-12,7.0000,0.0000,0.0000,7.0000,3.2143,9.3784,5,95.00%,1.6449,34.4937,50.5652,73.0652,7,67,reorder_now
2011-12-09,85014B,RED RETROSPOT UMBRELLA,1,SIM-SUP-06,81.0000,23.0000,0.0000,104.0000,4.7143,9.1918,14,95.00%,1.6449,56.5709,122.5709,155.5709,7,52,reorder_now
2011-12-09,85014C,BLUE/BROWN DOTS RUFFLED UMBRELLA,1,SIM-SUP-05,2.0000,0.0000,0.0000,2.0000,0.0000,0.0000,7,95.00%,1.6449,0.0000,0.0000,0.0000,7,0,no_order_required
2011-12-09,85014D,UNKNOWN,1,SIM-SUP-02,2.0000,0.0000,0.0000,2.0000,0.0000,0.0000,10,95.00%,1.6449,0.0000,0.0000,0.0000,7,0,no_order_required
2011-12-09,85015,SET OF 12 VINTAGE POSTCARD SET,1,SIM-SUP-11,51.0000,5.0000,6.0000,50.0000,10.2143,14.0671,3,95.00%,1.6449,40.0767,70.7195,142.2195,7,93,reorder_now
2011-12-09,85016,SET OF 6 VINTAGE NOTELETS KIT,1,SIM-SUP-03,2.0000,0.0000,0.0000,2.0000,0.0000,0.0000,10,95.00%,1.6449,0.0000,0.0000,0.0000,7,0,no_order_required
2011-12-09,85017A,ENVELOPE 50 ROMANTIC IMAGES,1,SIM-SUP-11,1.0000,0.0000,0.0000,1.0000,0.0000,0.0000,14,95.00%,1.6449,0.0000,0.0000,0.0000,7,0,no_order_required
2011-12-09,85017B,ENVELOPE 50 BLOSSOM IMAGES,1,SIM-SUP-03,2.0000,1.0000,0.0000,3.0000,0.0000,0.0000,7,95.00%,1.6449,0.0000,0.0000,0.0000,7,0,no_order_required
2011-12-09,85017C,adjustment,1,SIM-SUP-07,1.0000,0.0000,0.0000,1.0000,0.0000,0.0000,5,95.00%,1.6449,0.0000,0.0000,0.0000,7,0,no_order_required
2011-12-09,85018D,YULETIDE IMAGES S/6 PAPER BOXES,1,SIM-SUP-04,1.0000,0.0000,0.0000,1.0000,0.0000,0.0000,5,95.00%,1.6449,0.0000,0.0000,0.0000,7,0,no_order_required
2011-12-09,85019A,ROMANTIC IMAGES NOTEBOOK SET,1,SIM-SUP-02,13.0000,0.0000,0.0000,13.0000,2.7500,7.3806,14,95.00%,1.6449,45.4237,83.9237,103.1737,7,91,reorder_now
2011-12-09,85019B,BLOSSOM IMAGES NOTEBOOK SET,1,SIM-SUP-03,5.0000,0.0000,0.0000,5.0000,2.5357,6.6035,3,95.00%,1.6449,18.8131,26.4202,44.1702,7,40,reorder_now
2011-12-09,85020,ROUND PINK HEART MIRROR,1,SIM-SUP-12,3.0000,0.0000,0.0000,3.0000,0.6786,2.4503,7,95.00%,1.6449,10.6633,15.4133,20.1633,7,18,reorder_now
2011-12-09,85023B,EAU DE NILE JEWELLED PHOTOFRAME,1,SIM-SUP-03,2.0000,0.0000,0.0000,2.0000,0.0714,0.2575,5,95.00%,1.6449,0.9472,1.3044,1.8044,7,0,no_order_required
2011-12-09,85024C,PINK SMALL JEWELLED PHOTOFRAME,1,SIM-SUP-08,1.0000,0.0000,0.0000,1.0000,0.0714,0.2575,5,95.00%,1.6449,0.9472,1.3044,1.8044,7,1,reorder_now
2011-12-09,85025B,EAU DE NILE HEART SHAPE PHOTO FRAME,1,SIM-SUP-10,1.0000,1.0000,0.0000,2.0000,0.8214,2.3763,3,95.00%,1.6449,6.7699,9.2342,14.9842,7,13,reorder_now
2011-12-09,85025C,PINK HEART SHAPE PHOTO FRAME,1,SIM-SUP-06,0.0000,0.0000,0.0000,0.0000,0.0000,0.0000,3,95.00%,1.6449,0.0000,0.0000,0.0000,7,0,no_order_required
2011-12-09,85027L,UNKNOWN,1,SIM-SUP-10,1.0000,0.0000,0.0000,1.0000,0.0000,0.0000,5,95.00%,1.6449,0.0000,0.0000,0.0000,7,0,no_order_required
2011-12-09,85028S,FRENCH CHATEAU SMALL FRUITBOWL,1,SIM-SUP-02,2.0000,1.0000,0.0000,3.0000,0.0000,0.0000,14,95.00%,1.6449,0.0000,0.0000,0.0000,7,0,no_order_required
2011-12-09,85031A,ROMANTIC IMAGES SCRAP BOOK SET,1,SIM-SUP-04,1.0000,0.0000,0.0000,1.0000,0.0000,0.0000,10,95.00%,1.6449,0.0000,0.0000,0.0000,7,0,no_order_required
2011-12-09,85031B,BLOSSOM IMAGES SCRAP BOOK SET,1,SIM-SUP-03,2.0000,0.0000,0.0000,2.0000,0.0000,0.0000,10,95.00%,1.6449,0.0000,0.0000,0.0000,7,0,no_order_required
2011-12-09,85031C,CURIOUS IMAGES SCRAP BOOK SET,1,SIM-SUP-01,1.0000,0.0000,0.0000,1.0000,0.0000,0.0000,5,95.00%,1.6449,0.0000,0.0000,0.0000,7,0,no_order_required
2011-12-09,85032A,ROMANTIC IMAGES GIFT WRAP SET,1,SIM-SUP-10,19.0000,1.0000,1.0000,19.0000,3.0000,4.4561,3,95.00%,1.6449,12.6954,21.6954,42.6954,7,24,reorder_now
2011-12-09,85032B,BLOSSOM IMAGES GIFT WRAP SET,1,SIM-SUP-03,10.0000,0.0000,0.0000,10.0000,3.6429,5.4656,10,95.00%,1.6449,28.4291,64.8576,90.3576,7,81,reorder_now
2011-12-09,85032C,CURIOUS IMAGES GIFT WRAP SET,1,SIM-SUP-08,12.0000,0.0000,0.0000,12.0000,3.0714,4.6823,7,95.00%,1.6449,20.3766,41.8766,63.3766,7,52,reorder_now
2011-12-09,85032D,YULETIDE IMAGES GIFT WRAP SET,1,SIM-SUP-06,0.0000,0.0000,0.0000,0.0000,0.0000,0.0000,5,95.00%,1.6449,0.0000,0.0000,0.0000,7,0,no_order_required
2011-12-09,85033S,UNKNOWN,1,SIM-SUP-01,1.0000,0.0000,0.0000,1.0000,0.0000,0.0000,3,95.00%,1.6449,0.0000,0.0000,0.0000,7,0,no_order_required
2011-12-09,85034A,check,1,SIM-SUP-01,4.0000,0.0000,0.0000,4.0000,1.7143,6.1809,3,95.00%,1.6449,17.6093,22.7522,34.7522,7,31,reorder_now
2011-12-09,85034B,3 WHITE CHOC MORRIS BOXED CANDLES,1,SIM-SUP-05,166.0000,0.0000,3.0000,163.0000,14.6786,17.4848,10,95.00%,1.6449,90.9469,237.7326,340.4826,7,178,reorder_now
2011-12-09,85034C,3 ROSE MORRIS BOXED CANDLES,1,SIM-SUP-01,67.0000,58.0000,1.0000,124.0000,16.6071,21.9989,7,95.00%,1.6449,95.7366,211.9866,328.2366,7,205,reorder_now
2011-12-09,85035A,GARDENIA 3 WICK MORRIS BOXED CANDLE,1,SIM-SUP-06,2.0000,0.0000,0.0000,2.0000,0.0000,0.0000,10,95.00%,1.6449,0.0000,0.0000,0.0000,7,0,no_order_required
2011-12-09,85035B,CHOCOLATE 3 WICK MORRIS BOX CANDLE,1,SIM-SUP-06,1.0000,0.0000,0.0000,1.0000,0.0000,0.0000,3,95.00%,1.6449,0.0000,0.0000,0.0000,7,0,no_order_required
2011-12-09,85035C,ROSE 3 WICK MORRIS BOX CANDLE,1,SIM-SUP-03,9.0000,0.0000,0.0000,9.0000,3.5357,8.2136,3,95.00%,1.6449,23.4003,34.0074,58.7574,7,50,reorder_now
2011-12-09,85036A,GARDENIA 1 WICK MORRIS BOXED CANDLE,1,SIM-SUP-12,1.0000,0.0000,0.0000,1.0000,0.0000,0.0000,5,95.00%,1.6449,0.0000,0.0000,0.0000,7,0,no_order_required
2011-12-09,85036B,CHOCOLATE 1 WICK MORRIS BOX CANDLE,1,SIM-SUP-04,7.0000,0.0000,0.0000,7.0000,0.3571,1.3151,10,95.00%,1.6449,6.8407,10.4121,12.9121,7,6,reorder_now
2011-12-09,85036C,ROSE 1 WICK MORRIS BOXED CANDLE,1,SIM-SUP-09,8.0000,0.0000,0.0000,8.0000,0.6786,1.8137,3,95.00%,1.6449,5.1672,7.2029,11.9529,7,0,no_order_required
2011-12-09,85038,6 CHOCOLATE LOVE HEART T-LIGHTS,1,SIM-SUP-12,32.0000,0.0000,1.0000,31.0000,13.8929,39.5631,5,95.00%,1.6449,145.5132,214.9775,312.2275,7,282,reorder_now
2011-12-09,85039A,SET/4 RED MINI ROSE CANDLE IN BOWL,1,SIM-SUP-04,20.0000,0.0000,3.0000,17.0000,2.3929,2.8578,7,95.00%,1.6449,12.4368,29.1868,45.9368,7,29,reorder_now
2011-12-09,85039B,S/4 IVORY MINI ROSE CANDLE IN BOWL,1,SIM-SUP-03,35.0000,0.0000,4.0000,31.0000,1.7857,2.6098,14,95.00%,1.6449,16.0622,41.0622,53.5622,7,23,reorder_now
2011-12-09,85039C,S/4 BLACK MINI ROSE CANDLE IN BOWL,1,SIM-SUP-09,8.0000,0.0000,0.0000,8.0000,0.4643,1.1797,14,95.00%,1.6449,7.2602,13.7602,17.0102,7,10,reorder_now
2011-12-09,85040A,S/4 PINK FLOWER CANDLES IN BOWL,1,SIM-SUP-05,5.0000,0.0000,0.0000,5.0000,1.6786,3.2739,7,95.00%,1.6449,14.2474,25.9974,37.7474,7,33,reorder_now
2011-12-09,85040B,SET/4 BLUE FLOWER CANDLES IN BOWL,1,SIM-SUP-12,1.0000,0.0000,0.0000,1.0000,0.0000,0.0000,5,95.00%,1.6449,0.0000,0.0000,0.0000,7,0,no_order_required
2011-12-09,85041,UNKNOWN,1,SIM-SUP-02,1.0000,0.0000,0.0000,1.0000,0.0000,0.0000,7,95.00%,1.6449,0.0000,0.0000,0.0000,7,0,no_order_required
2011-12-09,85042,ANTIQUE LILY FAIRY LIGHTS,1,SIM-SUP-01,2.0000,0.0000,0.0000,2.0000,0.0000,0.0000,10,95.00%,1.6449,0.0000,0.0000,0.0000,7,0,no_order_required
2011-12-09,85044,UNKNOWN,1,SIM-SUP-06,2.0000,0.0000,0.0000,2.0000,0.0000,0.0000,10,95.00%,1.6449,0.0000,0.0000,0.0000,7,0,no_order_required
2011-12-09,85045,UNKNOWN,1,SIM-SUP-10,1.0000,0.0000,0.0000,1.0000,0.0714,0.3712,3,95.00%,1.6449,1.0574,1.2717,1.7717,7,1,reorder_now
2011-12-09,85047,WHITE BEADED GARLAND STRING 20LIGHT,1,SIM-SUP-06,2.0000,0.0000,0.0000,2.0000,0.0000,0.0000,14,95.00%,1.6449,0.0000,0.0000,0.0000,7,0,no_order_required
2011-12-09,85048,15CM CHRISTMAS GLASS BALL 20 LIGHTS,1,SIM-SUP-08,50.0000,0.0000,4.0000,46.0000,14.6071,18.7280,3,95.00%,1.6449,53.3556,97.1770,199.4270,7,154,reorder_now
2011-12-09,85049A,TRADITIONAL CHRISTMAS RIBBONS,1,SIM-SUP-03,228.0000,123.0000,17.0000,334.0000,22.9643,24.2862,14,95.00%,1.6449,149.4690,470.9690,631.7190,7,298,reorder_now
2011-12-09,85049B,LUSH GREENS RIBBONS,1,SIM-SUP-09,2.0000,0.0000,0.0000,2.0000,0.0000,0.0000,10,95.00%,1.6449,0.0000,0.0000,0.0000,7,0,no_order_required
2011-12-09,85049C,ROMANTIC PINKS RIBBONS,1,SIM-SUP-11,31.0000,0.0000,4.0000,27.0000,3.3929,4.8428,7,95.00%,1.6449,21.0753,44.8253,68.5753,7,42,reorder_now
2011-12-09,85049D,UNKNOWN,1,SIM-SUP-02,2.0000,1.0000,0.0000,3.0000,0.0000,0.0000,10,95.00%,1.6449,0.0000,0.0000,0.0000,7,0,no_order_required
2011-12-09,85049E,SCANDINAVIAN REDS RIBBONS,1,SIM-SUP-10,124.0000,0.0000,10.0000,114.0000,13.1429,11.1378,7,95.00%,1.6449,48.4704,140.4704,232.4704,7,119,reorder_now
2011-12-09,85049F,BABY BOOM RIBBONS,1,SIM-SUP-12,2.0000,0.0000,0.0000,2.0000,0.0000,0.0000,10,95.00%,1.6449,0.0000,0.0000,0.0000,7,0,no_order_required
2011-12-09,85049G,CHOCOLATE BOX RIBBONS,1,SIM-SUP-07,9.0000,4.0000,1.0000,12.0000,5.4643,10.1224,5,95.00%,1.6449,37.2302,64.5517,102.8017,7,91,reorder_now
2011-12-09,85049H,URBAN BLACK RIBBONS,1,SIM-SUP-06,37.0000,0.0000,2.0000,35.0000,4.2857,5.6937,7,95.00%,1.6449,24.7783,54.7783,84.7783,7,50,reorder_now
2011-12-09,85053,FRENCH ENAMEL CANDLEHOLDER,1,SIM-SUP-02,89.0000,0.0000,2.0000,87.0000,10.7857,14.4651,7,95.00%,1.6449,62.9504,138.4504,213.9504,7,127,reorder_now
2011-12-09,85054,FRENCH ENAMEL POT W LID,1,SIM-SUP-05,12.0000,1.0000,1.0000,12.0000,0.3214,0.9279,10,95.00%,1.6449,4.8264,8.0407,10.2907,7,0,no_order_required
2011-12-09,85055,FRENCH ENAMEL UTENSIL HOLDER,1,SIM-SUP-12,1.0000,0.0000,0.0000,1.0000,0.0000,0.0000,7,95.00%,1.6449,0.0000,0.0000,0.0000,7,0,no_order_required
2011-12-09,85059,FRENCH ENAMEL WATER BASIN,1,SIM-SUP-02,4.0000,0.0000,0.0000,4.0000,1.0714,1.9073,3,95.00%,1.6449,5.4338,8.6481,16.1481,7,13,reorder_now
2011-12-09,85060,WOOD FAN WITH FLOWER DESIGN,1,SIM-SUP-06,1.0000,0.0000,0.0000,1.0000,0.0000,0.0000,7,95.00%,1.6449,0.0000,0.0000,0.0000,7,0,no_order_required
2011-12-09,85061W,WHITE JEWELLED HEART DECORATION,1,SIM-SUP-12,71.0000,33.0000,4.0000,100.0000,7.8929,10.6145,14,95.00%,1.6449,65.3266,175.8266,231.0766,7,132,reorder_now
2011-12-09,85062,PEARL CRYSTAL PUMPKIN T-LIGHT HLDR,1,SIM-SUP-09,8.0000,2.0000,0.0000,10.0000,3.9643,7.8079,3,95.00%,1.6449,22.2444,34.1373,61.8873,7,52,reorder_now
2011-12-09,85063,CREAM SWEETHEART MAGAZINE RACK,1,SIM-SUP-01,2.0000,0.0000,0.0000,2.0000,0.0000,0.0000,14,95.00%,1.6449,0.0000,0.0000,0.0000,7,0,no_order_required
2011-12-09,85064,CREAM SWEETHEART LETTER RACK,1,SIM-SUP-02,3.0000,0.0000,0.0000,3.0000,0.0000,0.0000,10,95.00%,1.6449,0.0000,0.0000,0.0000,7,0,no_order_required
2011-12-09,85065,UNKNOWN,1,SIM-SUP-05,3.0000,0.0000,0.0000,3.0000,0.0000,0.0000,14,95.00%,1.6449,0.0000,0.0000,0.0000,7,0,no_order_required
2011-12-09,85066,CREAM SWEETHEART MINI CHEST,1,SIM-SUP-02,66.0000,0.0000,10.0000,56.0000,7.3929,11.6782,10,95.00%,1.6449,60.7442,134.6728,186.4228,7,131,reorder_now
2011-12-09,85067,CREAM SWEETHEART WALL CABINET,1,SIM-SUP-08,1.0000,0.0000,0.0000,1.0000,0.0000,0.0000,5,95.00%,1.6449,0.0000,0.0000,0.0000,7,0,no_order_required
2011-12-09,85068,CREAM SWEETHEART SHELF + HOOKS,1,SIM-SUP-09,1.0000,0.0000,0.0000,1.0000,0.0000,0.0000,10,95.00%,1.6449,0.0000,0.0000,0.0000,7,0,no_order_required
2011-12-09,85071A,BLUE CHARLIE+LOLA PERSONAL DOORSIGN,1,SIM-SUP-12,8.0000,0.0000,1.0000,7.0000,3.7857,10.1466,5,95.00%,1.6449,37.3193,56.2479,82.7479,7,76,reorder_now
2011-12-09,85071B,RED CHARLIE+LOLA PERSONAL DOORSIGN,1,SIM-SUP-08,16.0000,0.0000,0.0000,16.0000,4.7143,12.3747,5,95.00%,1.6449,45.5141,69.0855,102.0855,7,87,reorder_now
2011-12-09,85071C,"CHARLIE+LOLA""EXTREMELY BUSY"" SIGN",1,SIM-SUP-10,11.0000,0.0000,0.0000,11.0000,3.3929,6.5046,14,95.00%,1.6449,40.0325,87.5325,111.2825,7,101,reorder_now
2011-12-09,85071D,CHARLIE+LOLA MY ROOM DOOR SIGN,1,SIM-SUP-09,7.0000,0.0000,0.0000,7.0000,1.3214,2.5503,3,95.00%,1.6449,7.2656,11.2299,20.4799,7,14,reorder_now
2011-12-09,85078,SCANDINAVIAN 3 HEARTS NAPKIN RING,1,SIM-SUP-03,3.0000,0.0000,0.0000,3.0000,0.0000,0.0000,10,95.00%,1.6449,0.0000,0.0000,0.0000,7,0,no_order_required
2011-12-09,85084,HOLLY TOP CHRISTMAS STOCKING,1,SIM-SUP-07,1.0000,0.0000,0.0000,1.0000,0.0000,0.0000,7,95.00%,1.6449,0.0000,0.0000,0.0000,7,0,no_order_required
2011-12-09,85086A,CANDY SPOT HEART DECORATION,1,SIM-SUP-03,0.0000,0.0000,0.0000,0.0000,0.0000,0.0000,3,95.00%,1.6449,0.0000,0.0000,0.0000,7,0,no_order_required
2011-12-09,85087,CANDY SPOT CUSHION COVER,1,SIM-SUP-05,2.0000,0.0000,0.0000,2.0000,0.0000,0.0000,14,95.00%,1.6449,0.0000,0.0000,0.0000,7,0,no_order_required
2011-12-09,85088,CANDY SPOT HAND BAG,1,SIM-SUP-02,11.0000,0.0000,0.0000,11.0000,1.4643,6.6681,14,95.00%,1.6449,41.0384,61.5384,71.7884,7,61,reorder_now
2011-12-09,85090,CANDY SPOT APRON,1,SIM-SUP-01,3.0000,0.0000,0.0000,3.0000,0.0000,0.0000,14,95.00%,1.6449,0.0000,0.0000,0.0000,7,0,no_order_required
2011-12-09,85093,CANDY SPOT EGG WARMER HARE,1,SIM-SUP-03,2.0000,0.0000,0.0000,2.0000,0.0000,0.0000,10,95.00%,1.6449,0.0000,0.0000,0.0000,7,0,no_order_required
2011-12-09,85094,CANDY SPOT EGG WARMER RABBIT,1,SIM-SUP-03,7.0000,0.0000,1.0000,6.0000,1.6071,3.2109,3,95.00%,1.6449,9.1478,13.9692,25.2192,7,20,reorder_now
2011-12-09,85095,THREE CANVAS LUGGAGE TAGS,1,SIM-SUP-12,2.0000,0.0000,0.0000,2.0000,0.1071,0.3093,5,95.00%,1.6449,1.1376,1.6733,2.4233,7,0,no_order_required
2011-12-09,85096,HILDA CANDY SPOT RABBIT,1,SIM-SUP-09,2.0000,0.0000,0.0000,2.0000,0.1071,0.4088,5,95.00%,1.6449,1.5035,2.0392,2.7892,7,1,reorder_now
2011-12-09,85097B,BLUE ROCKING SINGING CANARY,1,SIM-SUP-12,1.0000,0.0000,0.0000,1.0000,0.0000,0.0000,5,95.00%,1.6449,0.0000,0.0000,0.0000,7,0,no_order_required
2011-12-09,85098B,BLUE FLYING SINGING CANARY,1,SIM-SUP-09,1.0000,0.0000,0.0000,1.0000,0.0000,0.0000,7,95.00%,1.6449,0.0000,0.0000,0.0000,7,0,no_order_required
2011-12-09,85099B,JUMBO BAG RED RETROSPOT,1,SIM-SUP-02,318.0000,59.0000,9.0000,368.0000,139.3929,154.3982,7,95.00%,1.6449,671.9215,1647.6715,2623.4215,7,2256,reorder_now
2011-12-09,85099C,JUMBO BAG BAROQUE BLACK WHITE,1,SIM-SUP-07,65.0000,0.0000,4.0000,61.0000,50.6786,63.5616,3,95.00%,1.6449,181.0851,333.1208,687.8708,7,627,reorder_now
2011-12-09,85099F,JUMBO BAG STRAWBERRY,1,SIM-SUP-02,79.0000,0.0000,7.0000,72.0000,25.5357,47.5428,10,95.00%,1.6449,247.2932,502.6504,681.4004,7,610,reorder_now
2011-12-09,85103,SILVER T-LIGHT SETTING,1,SIM-SUP-03,1.0000,0.0000,0.0000,1.0000,0.0000,0.0000,14,95.00%,1.6449,0.0000,0.0000,0.0000,7,0,no_order_required
2011-12-09,85104,SILVER GLASS T-LIGHT SET,1,SIM-SUP-05,5.0000,1.0000,0.0000,6.0000,0.6429,2.6351,10,95.00%,1.6449,13.7066,20.1351,24.6351,7,19,reorder_now
2011-12-09,85106,CUT GLASS HEXAGON T-LIGHT HOLDER,1,SIM-SUP-10,5.0000,2.0000,0.0000,7.0000,0.2143,0.8175,10,95.00%,1.6449,4.2524,6.3953,7.8953,7,0,no_order_required
2011-12-09,85107,CUT GLASS T-LIGHT HOLDER OCTAGON,1,SIM-SUP-02,44.0000,0.0000,2.0000,42.0000,18.1071,69.4351,10,95.00%,1.6449,361.1658,542.2372,668.9872,7,627,reorder_now
2011-12-09,85111,SILVER GLITTER FLOWER VOTIVE HOLDER,1,SIM-SUP-10,4.0000,10.0000,0.0000,14.0000,2.3214,6.8923,14,95.00%,1.6449,42.4185,74.9185,91.1685,7,78,reorder_now
2011-12-09,85113,UNKNOWN,1,SIM-SUP-08,1.0000,0.0000,0.0000,1.0000,0.0000,0.0000,3,95.00%,1.6449,0.0000,0.0000,0.0000,7,0,no_order_required
2011-12-09,85114A,BLACK ENCHANTED FOREST PLACEMAT,1,SIM-SUP-11,6.0000,0.0000,0.0000,6.0000,0.7143,1.9431,3,95.00%,1.6449,5.5357,7.6786,12.6786,7,7,reorder_now
2011-12-09,85114B,IVORY ENCHANTED FOREST PLACEMAT,1,SIM-SUP-07,11.0000,0.0000,1.0000,10.0000,1.6071,2.7946,5,95.00%,1.6449,10.2787,18.3144,29.5644,7,20,reorder_now
2011-12-09,85114C,RED ENCHANTED FOREST PLACEMAT,1,SIM-SUP-08,26.0000,3.0000,0.0000,29.0000,4.8571,8.3739,3,95.00%,1.6449,23.8570,38.4285,72.4285,7,44,reorder_now
2011-12-09,85116,BLACK CANDELABRA T-LIGHT HOLDER,1,SIM-SUP-10,1.0000,0.0000,0.0000,1.0000,0.0000,0.0000,5,95.00%,1.6449,0.0000,0.0000,0.0000,7,0,no_order_required
2011-12-09,85117,NIGHTINGALE COATHOOK WHITE,1,SIM-SUP-10,1.0000,0.0000,0.0000,1.0000,0.0000,0.0000,10,95.00%,1.6449,0.0000,0.0000,0.0000,7,0,no_order_required
2011-12-09,85118,HEART T-LIGHT HOLDER,1,SIM-SUP-01,1.0000,0.0000,0.0000,1.0000,0.0000,0.0000,5,95.00%,1.6449,0.0000,0.0000,0.0000,7,0,no_order_required
2011-12-09,85119,WATERING CAN SINGLE HOOK PISTACHIO,1,SIM-SUP-08,2.0000,1.0000,0.0000,3.0000,0.0000,0.0000,14,95.00%,1.6449,0.0000,0.0000,0.0000,7,0,no_order_required
2011-12-09,85121B,UNKNOWN,1,SIM-SUP-09,1.0000,0.0000,0.0000,1.0000,0.0000,0.0000,7,95.00%,1.6449,0.0000,0.0000,0.0000,7,0,no_order_required
2011-12-09,85121C,RETRO LAUNDRY TUB PISTACHIO,1,SIM-SUP-01,2.0000,0.0000,0.0000,2.0000,0.0000,0.0000,5,95.00%,1.6449,0.0000,0.0000,0.0000,7,0,no_order_required
2011-12-09,85123A,CREAM HANGING HEART T-LIGHT HOLDER,1,SIM-SUP-08,191.0000,26.0000,26.0000,191.0000,132.1071,123.3608,3,95.00%,1.6449,351.4512,747.7726,1672.5226,7,1482,reorder_now
2011-12-09,85124A,UNKNOWN,1,SIM-SUP-10,3.0000,0.0000,0.0000,3.0000,0.0000,0.0000,10,95.00%,1.6449,0.0000,0.0000,0.0000,7,0,no_order_required
2011-12-09,85124B,BLUE JUICY FRUIT PHOTO FRAME,1,SIM-SUP-04,2.0000,0.0000,0.0000,2.0000,0.0357,0.1856,3,95.00%,1.6449,0.5287,0.6358,0.8858,7,0,no_order_required
2011-12-09,85124C,GREEN JUICY FRUIT PHOTO FRAME,1,SIM-SUP-03,3.0000,0.0000,0.0000,3.0000,0.0000,0.0000,14,95.00%,1.6449,0.0000,0.0000,0.0000,7,0,no_order_required
2011-12-09,85125,SMALL ROUND CUT GLASS CANDLESTICK,1,SIM-SUP-12,3.0000,0.0000,0.0000,3.0000,1.4643,6.8634,7,95.00%,1.6449,29.8685,40.1185,50.3685,7,48,reorder_now
2011-12-09,85126,LARGE ROUND CUTGLASS CANDLESTICK,1,SIM-SUP-11,1.0000,0.0000,0.0000,1.0000,0.0000,0.0000,10,95.00%,1.6449,0.0000,0.0000,0.0000,7,0,no_order_required
2011-12-09,85127,SMALL SQUARE CUT GLASS CANDLESTICK,1,SIM-SUP-10,3.0000,0.0000,0.0000,3.0000,0.8214,2.0883,10,95.00%,1.6449,10.8622,19.0765,24.8265,7,22,reorder_now
2011-12-09,85129A,UNKNOWN,1,SIM-SUP-12,2.0000,0.0000,0.0000,2.0000,0.0000,0.0000,5,95.00%,1.6449,0.0000,0.0000,0.0000,7,0,no_order_required
2011-12-09,85129B,BEADED CRYSTAL HEART GREEN SMALL,1,SIM-SUP-12,2.0000,0.0000,0.0000,2.0000,0.0714,0.2575,5,95.00%,1.6449,0.9472,1.3044,1.8044,7,0,no_order_required
2011-12-09,85129C,BEADED CRYSTAL HEART BLUE SMALL,1,SIM-SUP-09,3.0000,0.0000,0.0000,3.0000,0.0357,0.1856,10,95.00%,1.6449,0.9653,1.3224,1.5724,7,0,no_order_required
2011-12-09,85129D,BEADED CRYSTAL HEART PINK SMALL,1,SIM-SUP-11,4.0000,0.0000,1.0000,3.0000,0.9643,3.8774,7,95.00%,1.6449,16.8741,23.6241,30.3741,7,28,reorder_now
2011-12-09,85130A,BEADED PEARL HEART WHITE LARGE,1,SIM-SUP-03,1.0000,0.0000,0.0000,1.0000,0.0000,0.0000,3,95.00%,1.6449,0.0000,0.0000,0.0000,7,0,no_order_required
2011-12-09,85130B,BEADED CRYSTAL HEART GREEN LARGE,1,SIM-SUP-10,2.0000,0.0000,0.0000,2.0000,1.0714,4.5113,3,95.00%,1.6449,12.8526,16.0669,23.5669,7,22,reorder_now
2011-12-09,85130C,BEADED CRYSTAL HEART BLUE LARGE,1,SIM-SUP-09,2.0000,0.0000,0.0000,2.0000,0.5000,1.2677,5,95.00%,1.6449,4.6627,7.1627,10.6627,7,9,reorder_now
2011-12-09,85130D,BEADED CRYSTAL HEART PINK LARGE,1,SIM-SUP-09,1.0000,0.0000,0.0000,1.0000,0.3214,0.9279,3,95.00%,1.6449,2.6435,3.6078,5.8578,7,5,reorder_now
2011-12-09,85131A,BEADED PEARL HEART WHITE ON STICK,1,SIM-SUP-11,3.0000,0.0000,0.0000,3.0000,0.0000,0.0000,10,95.00%,1.6449,0.0000,0.0000,0.0000,7,0,no_order_required
2011-12-09,85131B,BEADED CRYSTAL HEART GREEN ON STICK,1,SIM-SUP-05,8.0000,0.0000,1.0000,7.0000,3.6429,8.7799,3,95.00%,1.6449,25.0137,35.9423,61.4423,7,55,reorder_now
2011-12-09,85131C,BEADED CRYSTAL HEART BLUE ON STICK,1,SIM-SUP-10,0.0000,0.0000,0.0000,0.0000,0.1429,0.7423,5,95.00%,1.6449,2.7302,3.4445,4.4445,7,5,reorder_now
2011-12-09,85131D,BEADED CRYSTAL HEART PINK ON STICK,1,SIM-SUP-08,10.0000,1.0000,1.0000,10.0000,1.2143,2.7692,14,95.00%,1.6449,17.0429,34.0429,42.5429,7,33,reorder_now
2011-12-09,85132A,CHARLIE + LOLA BISCUITS TINS,1,SIM-SUP-07,2.0000,0.0000,0.0000,2.0000,0.0000,0.0000,7,95.00%,1.6449,0.0000,0.0000,0.0000,7,0,no_order_required
2011-12-09,85132B,CHARLIE AND LOLA TABLE TINS,1,SIM-SUP-10,1.0000,0.0000,0.0000,1.0000,0.0000,0.0000,7,95.00%,1.6449,0.0000,0.0000,0.0000,7,0,no_order_required
2011-12-09,85132C,CHARLIE AND LOLA FIGURES TINS,1,SIM-SUP-01,1.0000,0.0000,0.0000,1.0000,0.0000,0.0000,7,95.00%,1.6449,0.0000,0.0000,0.0000,7,0,no_order_required
2011-12-09,85135A,YELLOW DRAGONFLY HELICOPTER,1,SIM-SUP-08,4.0000,0.0000,0.0000,4.0000,0.6429,2.1417,3,95.00%,1.6449,6.1015,8.0301,12.5301,7,9,reorder_now
2011-12-09,85135B,UNKNOWN,1,SIM-SUP-05,3.0000,0.0000,0.0000,3.0000,0.1071,0.4088,7,95.00%,1.6449,1.7789,2.5289,3.2789,7,0,no_order_required
2011-12-09,85135C,RED DRAGONFLY HELICOPTER,1,SIM-SUP-02,8.0000,0.0000,0.0000,8.0000,1.7500,6.7062,5,95.00%,1.6449,24.6655,33.4155,45.6655,7,38,reorder_now
2011-12-09,85136A,YELLOW SHARK HELICOPTER,1,SIM-SUP-04,1.0000,0.0000,0.0000,1.0000,0.4643,0.6804,3,95.00%,1.6449,1.9386,3.3314,6.5814,7,6,reorder_now
2011-12-09,85136B,BLUE SHARK HELICOPTER,1,SIM-SUP-01,4.0000,1.0000,1.0000,4.0000,0.0000,0.0000,14,95.00%,1.6449,0.0000,0.0000,0.0000,7,0,no_order_required
2011-12-09,85136C,RED SHARK HELICOPTER,1,SIM-SUP-02,12.0000,0.0000,1.0000,11.0000,0.6786,1.1666,10,95.00%,1.6449,6.0681,12.8538,17.6038,7,7,reorder_now
2011-12-09,85141,UNKNOWN,1,SIM-SUP-02,1.0000,0.0000,0.0000,1.0000,0.0000,0.0000,5,95.00%,1.6449,0.0000,0.0000,0.0000,7,0,no_order_required
2011-12-09,85142,JARDIN ETCHED GLASS GINGER JAR,1,SIM-SUP-07,0.0000,0.0000,0.0000,0.0000,0.0000,0.0000,10,95.00%,1.6449,0.0000,0.0000,0.0000,7,0,no_order_required
2011-12-09,85144,JARDIN ETCHED GLASS CHEESE DISH,1,SIM-SUP-10,2.0000,0.0000,0.0000,2.0000,0.0000,0.0000,14,95.00%,1.6449,0.0000,0.0000,0.0000,7,0,no_order_required
2011-12-09,85150,LADIES & GENTLEMEN METAL SIGN,1,SIM-SUP-11,76.0000,0.0000,6.0000,70.0000,10.1429,14.3121,3,95.00%,1.6449,40.7748,71.2034,142.2034,7,73,reorder_now
2011-12-09,85152,HAND OVER THE CHOCOLATE SIGN,1,SIM-SUP-02,12.0000,0.0000,1.0000,11.0000,44.4643,119.5798,3,95.00%,1.6449,340.6792,474.0720,785.3220,7,775,reorder_now
2011-12-09,85159A,"BLACK TEA,COFFEE,SUGAR JARS",1,SIM-SUP-06,1.0000,0.0000,0.0000,1.0000,0.6786,2.4936,3,95.00%,1.6449,7.1042,9.1399,13.8899,7,13,reorder_now
2011-12-09,85159B,"WHITE TEA,COFFEE,SUGAR JARS",1,SIM-SUP-08,6.0000,5.0000,0.0000,11.0000,1.3214,4.8994,14,95.00%,1.6449,30.1531,48.6531,57.9031,7,47,reorder_now
2011-12-09,85160A,WHITE BIRD GARDEN DESIGN MUG,1,SIM-SUP-07,2.0000,0.0000,0.0000,2.0000,0.0000,0.0000,7,95.00%,1.6449,0.0000,0.0000,0.0000,7,0,no_order_required
2011-12-09,85160B,BLACK BIRD GARDEN DESIGN MUG,1,SIM-SUP-10,2.0000,1.0000,0.0000,3.0000,0.2143,1.1135,5,95.00%,1.6449,4.0953,5.1667,6.6667,7,4,reorder_now
2011-12-09,85163A,WHITE BAROQUE WALL CLOCK,1,SIM-SUP-11,2.0000,0.0000,0.0000,2.0000,0.1071,0.4088,3,95.00%,1.6449,1.1646,1.4860,2.2360,7,0,no_order_required
2011-12-09,85163B,BLACK BAROQUE WALL CLOCK,1,SIM-SUP-09,6.0000,2.0000,0.0000,8.0000,0.1429,0.5803,14,95.00%,1.6449,3.5714,5.5714,6.5714,7,0,no_order_required
2011-12-09,85164B,BLACK BAROQUE CUCKOO CLOCK,1,SIM-SUP-12,1.0000,0.0000,0.0000,1.0000,0.0000,0.0000,3,95.00%,1.6449,0.0000,0.0000,0.0000,7,0,no_order_required
2011-12-09,85165,CANDY PINK FRENCH BOUDOIR CLOCK,1,SIM-SUP-06,1.0000,0.0000,0.0000,1.0000,0.0000,0.0000,14,95.00%,1.6449,0.0000,0.0000,0.0000,7,0,no_order_required
2011-12-09,85166B,BLACK METAL BAROQUE PHOTO FRAME,1,SIM-SUP-02,1.0000,0.0000,0.0000,1.0000,0.0000,0.0000,3,95.00%,1.6449,0.0000,0.0000,0.0000,7,0,no_order_required
2011-12-09,85167B,BLACK GRAND BAROQUE PHOTO FRAME,1,SIM-SUP-06,1.0000,0.0000,0.0000,1.0000,0.0000,0.0000,5,95.00%,1.6449,0.0000,0.0000,0.0000,7,0,no_order_required
2011-12-09,85168B,BLACK BAROQUE CARRIAGE CLOCK,1,SIM-SUP-09,1.0000,0.0000,0.0000,1.0000,0.4286,0.7759,5,95.00%,1.6449,2.8538,4.9967,7.9967,7,7,reorder_now
2011-12-09,85169A,IVORY LOVE BIRD CANDLE,1,SIM-SUP-11,8.0000,0.0000,1.0000,7.0000,0.9643,2.6523,14,95.00%,1.6449,16.3232,29.8232,36.5732,7,30,reorder_now
2011-12-09,85169B,BLACK LOVE BIRD CANDLE,1,SIM-SUP-04,4.0000,0.0000,1.0000,3.0000,0.4286,0.8631,14,95.00%,1.6449,5.3118,11.3118,14.3118,7,12,reorder_now
2011-12-09,85169C,EAU DE NIL LOVE BIRD CANDLE,1,SIM-SUP-06,2.0000,0.0000,0.0000,2.0000,0.2143,0.6186,7,95.00%,1.6449,2.6920,4.1920,5.6920,7,4,reorder_now
2011-12-09,85169D,PINK LOVE BIRD CANDLE,1,SIM-SUP-04,4.0000,0.0000,0.0000,4.0000,0.5000,2.2281,5,95.00%,1.6449,8.1948,10.6948,14.1948,7,11,reorder_now
2011-12-09,85170A,UNKNOWN,1,SIM-SUP-04,1.0000,1.0000,0.0000,2.0000,0.0000,0.0000,14,95.00%,1.6449,0.0000,0.0000,0.0000,7,0,no_order_required
2011-12-09,85170B,SET/6 BLACK BIRD T-LIGHT CANDLES,1,SIM-SUP-01,2.0000,0.0000,0.0000,2.0000,0.1071,0.3093,3,95.00%,1.6449,0.8812,1.2026,1.9526,7,0,no_order_required
2011-12-09,85170C,SET/6 EAU DE NIL BIRD T-LIGHTS,1,SIM-SUP-11,7.0000,0.0000,1.0000,6.0000,0.3571,1.3151,14,95.00%,1.6449,8.0940,13.0940,15.5940,7,10,reorder_now
2011-12-09,85170D,SET/6 PINK BIRD T-LIGHT CANDLES,1,SIM-SUP-07,8.0000,0.0000,1.0000,7.0000,0.6786,1.2263,10,95.00%,1.6449,6.3786,13.1643,17.9143,7,11,reorder_now
2011-12-09,85172,HYACINTH BULB T-LIGHT CANDLES,1,SIM-SUP-09,21.0000,0.0000,3.0000,18.0000,12.0000,47.7374,10,95.00%,1.6449,248.3052,368.3052,452.3052,7,435,reorder_now
2011-12-09,85173,SET/6 FROG PRINCE T-LIGHT CANDLES,1,SIM-SUP-10,9.0000,0.0000,0.0000,9.0000,1.8929,4.2623,10,95.00%,1.6449,22.1702,41.0988,54.3488,7,46,reorder_now
2011-12-09,85174,S/4 CACTI CANDLES,1,SIM-SUP-06,37.0000,0.0000,5.0000,32.0000,3.0357,7.4329,14,95.00%,1.6449,45.7459,88.2459,109.4959,7,78,reorder_now
2011-12-09,85175,UNKNOWN,1,SIM-SUP-02,31.0000,6.0000,2.0000,35.0000,16.7143,40.0008,10,95.00%,1.6449,208.0633,375.2062,492.2062,7,458,reorder_now
2011-12-09,85176,SEWING SUSAN 21 NEEDLE SET,1,SIM-SUP-02,15.0000,0.0000,2.0000,13.0000,2.9643,4.1789,3,95.00%,1.6449,11.9055,20.7984,41.5484,7,29,reorder_now
2011-12-09,85177,BASKET OF FLOWERS SEWING KIT,1,SIM-SUP-03,5.0000,0.0000,0.0000,5.0000,0.9286,1.5567,14,95.00%,1.6449,9.5810,22.5810,29.0810,7,25,reorder_now
2011-12-09,85178,VICTORIAN SEWING KIT,1,SIM-SUP-06,39.0000,8.0000,5.0000,42.0000,14.7857,55.6766,14,95.00%,1.6449,342.6604,549.6604,653.1604,7,612,reorder_now
2011-12-09,85179A,GREEN BITTY LIGHT CHAIN,1,SIM-SUP-11,23.0000,0.0000,0.0000,23.0000,3.8571,6.8957,10,95.00%,1.6449,35.8680,74.4394,101.4394,7,79,reorder_now
2011-12-09,85179B,WHITE BITTY LIGHT CHAIN,1,SIM-SUP-07,1.0000,1.0000,0.0000,2.0000,0.0000,0.0000,7,95.00%,1.6449,0.0000,0.0000,0.0000,7,0,no_order_required
2011-12-09,85180A,RED HEARTS LIGHT CHAIN,1,SIM-SUP-12,2.0000,0.0000,0.0000,2.0000,0.1429,0.5803,7,95.00%,1.6449,2.5253,3.5253,4.5253,7,3,reorder_now
2011-12-09,85180B,PINK HEARTS LIGHT CHAIN,1,SIM-SUP-08,2.0000,0.0000,0.0000,2.0000,0.4286,1.3209,7,95.00%,1.6449,5.7486,8.7486,11.7486,7,10,reorder_now
2011-12-09,85183A,CHARLIE & LOLA WASTEPAPER BIN BLUE,1,SIM-SUP-12,6.0000,0.0000,1.0000,5.0000,2.3214,5.1828,5,95.00%,1.6449,19.0622,30.6693,46.9193,7,42,reorder_now
2011-12-09,85183B,CHARLIE & LOLA WASTEPAPER BIN FLORA,1,SIM-SUP-12,13.0000,2.0000,1.0000,14.0000,3.8214,6.0300,10,95.00%,1.6449,31.3650,69.5793,96.3293,7,83,reorder_now
2011-12-09,85184C,SET 4 VALENTINE DECOUPAGE HEART BOX,1,SIM-SUP-02,13.0000,4.0000,1.0000,16.0000,1.3214,2.1556,10,95.00%,1.6449,11.2124,24.4267,33.6767,7,18,reorder_now
2011-12-09,85184D,S/4 BLUE ROUND DECOUPAGE BOXES,1,SIM-SUP-12,1.0000,0.0000,0.0000,1.0000,0.0000,0.0000,7,95.00%,1.6449,0.0000,0.0000,0.0000,7,0,no_order_required
2011-12-09,85185B,PINK HORSE SOCK PUPPET KIT,1,SIM-SUP-02,11.0000,0.0000,0.0000,11.0000,0.6429,1.5403,14,95.00%,1.6449,9.4796,18.4796,22.9796,7,12,reorder_now
2011-12-09,85185D,UNKNOWN,1,SIM-SUP-08,1.0000,0.0000,0.0000,1.0000,0.0000,0.0000,7,95.00%,1.6449,0.0000,0.0000,0.0000,7,0,no_order_required
2011-12-09,85186A,EASTER BUNNY GARLAND OF FLOWERS,1,SIM-SUP-01,1.0000,0.0000,0.0000,1.0000,0.0000,0.0000,14,95.00%,1.6449,0.0000,0.0000,0.0000,7,0,no_order_required
2011-12-09,85186C,BUNNY EGG GARLAND,1,SIM-SUP-02,1.0000,0.0000,0.0000,1.0000,0.0000,0.0000,7,95.00%,1.6449,0.0000,0.0000,0.0000,7,0,no_order_required
2011-12-09,85187,S/12 MINI RABBIT EASTER,1,SIM-SUP-04,1.0000,1.0000,0.0000,2.0000,0.1429,0.7423,5,95.00%,1.6449,2.7302,3.4445,4.4445,7,3,reorder_now
2011-12-09,85188A,GREEN METAL SWINGING BUNNY,1,SIM-SUP-06,2.0000,0.0000,0.0000,2.0000,0.0000,0.0000,14,95.00%,1.6449,0.0000,0.0000,0.0000,7,0,no_order_required
2011-12-09,85188B,PINK METAL SWINGING BUNNY,1,SIM-SUP-08,1.0000,0.0000,0.0000,1.0000,0.0000,0.0000,14,95.00%,1.6449,0.0000,0.0000,0.0000,7,0,no_order_required
2011-12-09,85189,HANGING BUTTERFLY EGG,1,SIM-SUP-11,1.0000,0.0000,0.0000,1.0000,0.0000,0.0000,3,95.00%,1.6449,0.0000,0.0000,0.0000,7,0,no_order_required
2011-12-09,85194L,HANGING SPRING FLOWER EGG LARGE,1,SIM-SUP-05,3.0000,0.0000,0.0000,3.0000,0.3929,2.0413,10,95.00%,1.6449,10.6180,14.5466,17.2966,7,15,reorder_now
2011-12-09,85194S,HANGING SPRING FLOWER EGG SMALL,1,SIM-SUP-03,24.0000,4.0000,3.0000,25.0000,5.6071,15.1288,14,95.00%,1.6449,93.1100,171.6100,210.8600,7,186,reorder_now
2011-12-09,85196,UNKNOWN,1,SIM-SUP-03,1.0000,0.0000,0.0000,1.0000,0.0000,0.0000,3,95.00%,1.6449,0.0000,0.0000,0.0000,7,0,no_order_required
2011-12-09,85197,SET OF 12 MINI BUNNIES IN A BUCKET,1,SIM-SUP-12,2.0000,0.0000,0.0000,2.0000,0.0000,0.0000,7,95.00%,1.6449,0.0000,0.0000,0.0000,7,0,no_order_required
2011-12-09,85198,ASSORTED FARMYARD ANIMALS IN BUCKET,1,SIM-SUP-06,2.0000,0.0000,0.0000,2.0000,0.0000,0.0000,14,95.00%,1.6449,0.0000,0.0000,0.0000,7,0,no_order_required
2011-12-09,85199L,LARGE HANGING IVORY & RED WOOD BIRD,1,SIM-SUP-04,4.0000,0.0000,0.0000,4.0000,5.1786,14.3727,5,95.00%,1.6449,52.8630,78.7558,115.0058,7,112,reorder_now
2011-12-09,85199S,SMALL HANGING IVORY/RED WOOD BIRD,1,SIM-SUP-08,141.0000,0.0000,8.0000,133.0000,25.7857,29.0386,10,95.00%,1.6449,151.0438,408.9009,589.4009,7,457,reorder_now
2011-12-09,85200,UNKNOWN,1,SIM-SUP-01,1.0000,0.0000,0.0000,1.0000,0.0000,0.0000,5,95.00%,1.6449,0.0000,0.0000,0.0000,7,0,no_order_required
2011-12-09,85202,HANGING WOOD AND FELT HEART,1,SIM-SUP-01,11.0000,0.0000,1.0000,10.0000,0.9286,2.4630,7,95.00%,1.6449,10.7186,17.2186,23.7186,7,14,reorder_now
2011-12-09,85203,HANGING WOOD AND FELT BUTTERFLY,1,SIM-SUP-07,22.0000,0.0000,2.0000,20.0000,2.5357,5.6725,10,95.00%,1.6449,29.5054,54.8626,72.6126,7,53,reorder_now
2011-12-09,85204,HANGING WOOD AND FELT FLOWER,1,SIM-SUP-07,12.0000,3.0000,1.0000,14.0000,8.8929,24.7435,5,95.00%,1.6449,91.0065,135.4708,197.7208,7,184,reorder_now
2011-12-09,85205B,PINK FELT EASTER RABBIT GARLAND,1,SIM-SUP-07,1.0000,0.0000,0.0000,1.0000,0.0000,0.0000,7,95.00%,1.6449,0.0000,0.0000,0.0000,7,0,no_order_required
2011-12-09,85206A,UNKNOWN,1,SIM-SUP-10,1.0000,0.0000,0.0000,1.0000,0.0000,0.0000,3,95.00%,1.6449,0.0000,0.0000,0.0000,7,0,no_order_required
2011-12-09,85206B,PINK FELT EASTER EGG BASKET,1,SIM-SUP-10,2.0000,0.0000,0.0000,2.0000,0.0000,0.0000,14,95.00%,1.6449,0.0000,0.0000,0.0000,7,0,no_order_required
2011-12-09,85208,SET/12 FUNKY FELT FLOWER PEG IN BAG,1,SIM-SUP-06,4.0000,2.0000,0.0000,6.0000,0.0357,0.1856,14,95.00%,1.6449,1.1421,1.6421,1.8921,7,0,no_order_required
2011-12-09,85211,UNKNOWN,1,SIM-SUP-10,4.0000,0.0000,0.0000,4.0000,0.0000,0.0000,14,95.00%,1.6449,0.0000,0.0000,0.0000,7,0,no_order_required
2011-12-09,85212,MINI PAINTED GARDEN DECORATION,1,SIM-SUP-09,2.0000,1.0000,0.0000,3.0000,2.5714,5.8763,3,95.00%,1.6449,16.7413,24.4556,42.4556,7,40,reorder_now
2011-12-09,85213,MINI ZINC GARDEN DECORATIONS,1,SIM-SUP-12,3.0000,0.0000,0.0000,3.0000,0.0000,0.0000,14,95.00%,1.6449,0.0000,0.0000,0.0000,7,0,no_order_required
2011-12-09,85214,UNKNOWN,1,SIM-SUP-06,1.0000,0.0000,0.0000,1.0000,0.0000,0.0000,5,95.00%,1.6449,0.0000,0.0000,0.0000,7,0,no_order_required
2011-12-09,85215,ASSORTED CHEESE FRIDGE MAGNETS,1,SIM-SUP-09,1.0000,1.0000,0.0000,2.0000,0.0000,0.0000,10,95.00%,1.6449,0.0000,0.0000,0.0000,7,0,no_order_required
2011-12-09,85216,ASSORTED CAKES FRIDGE MAGNETS,1,SIM-SUP-08,4.0000,0.0000,0.0000,4.0000,0.0357,0.1856,14,95.00%,1.6449,1.1421,1.6421,1.8921,7,0,no_order_required
2011-12-09,85217,UNKNOWN,1,SIM-SUP-10,1.0000,0.0000,0.0000,1.0000,0.0000,0.0000,7,95.00%,1.6449,0.0000,0.0000,0.0000,7,0,no_order_required
2011-12-09,85221,ASSORTED COLOUR SILK COIN PURSE,1,SIM-SUP-10,3.0000,0.0000,0.0000,3.0000,0.0000,0.0000,14,95.00%,1.6449,0.0000,0.0000,0.0000,7,0,no_order_required
2011-12-09,85222,UNKNOWN,1,SIM-SUP-04,2.0000,0.0000,0.0000,2.0000,0.0000,0.0000,10,95.00%,1.6449,0.0000,0.0000,0.0000,7,0,no_order_required
2011-12-09,85224,ASSORTED COLOUR SILK GLASSES CASE,1,SIM-SUP-10,2.0000,0.0000,0.0000,2.0000,0.0000,0.0000,14,95.00%,1.6449,0.0000,0.0000,0.0000,7,0,no_order_required
2011-12-09,85226A,UNKNOWN,1,SIM-SUP-04,1.0000,0.0000,0.0000,1.0000,0.0000,0.0000,5,95.00%,1.6449,0.0000,0.0000,0.0000,7,0,no_order_required
2011-12-09,85226C,BLUE PULL BACK RACING CAR,1,SIM-SUP-08,2.0000,0.0000,0.0000,2.0000,0.0000,0.0000,5,95.00%,1.6449,0.0000,0.0000,0.0000,7,0,no_order_required
2011-12-09,85227,SET OF 6 3D KIT CARDS FOR KIDS,1,SIM-SUP-08,26.0000,0.0000,0.0000,26.0000,8.7143,9.9350,7,95.00%,1.6449,43.2358,104.2358,165.2358,7,140,reorder_now
2011-12-09,85230A,OPIUM SCENTED VOTIVE CANDLE,1,SIM-SUP-11,4.0000,0.0000,0.0000,4.0000,1.7143,6.1809,5,95.00%,1.6449,22.7335,31.3050,43.3050,7,40,reorder_now
2011-12-09,85230B,CINNAMON SCENTED VOTIVE CANDLE,1,SIM-SUP-03,9.0000,3.0000,0.0000,12.0000,8.5714,27.3749,3,95.00%,1.6449,77.9904,103.7047,163.7047,7,152,reorder_now
2011-12-09,85230E,STRAWBRY SCENTED VOTIVE CANDLE,1,SIM-SUP-11,2.0000,0.0000,0.0000,2.0000,0.0000,0.0000,7,95.00%,1.6449,0.0000,0.0000,0.0000,7,0,no_order_required
2011-12-09,85230F,JASMINE VOTIVE CANDLE,1,SIM-SUP-05,1.0000,0.0000,0.0000,1.0000,0.0000,0.0000,5,95.00%,1.6449,0.0000,0.0000,0.0000,7,0,no_order_required
2011-12-09,85230G,ORANGE VOTIVE CANDLE,1,SIM-SUP-02,3.0000,0.0000,0.0000,3.0000,1.7143,6.1809,3,95.00%,1.6449,17.6093,22.7522,34.7522,7,32,reorder_now
2011-12-09,85231B,CINAMMON SET OF 9 T-LIGHTS,1,SIM-SUP-04,27.0000,0.0000,1.0000,26.0000,4.0000,6.6975,14,95.00%,1.6449,41.2199,97.2199,125.2199,7,100,reorder_now
2011-12-09,85231E,STRAWBERRY SCENTED SET/9 T-LIGHTS,1,SIM-SUP-08,4.0000,0.0000,0.0000,4.0000,0.0000,0.0000,14,95.00%,1.6449,0.0000,0.0000,0.0000,7,0,no_order_required
2011-12-09,85231G,amazon,1,SIM-SUP-09,1.0000,0.0000,0.0000,1.0000,0.0357,0.1856,10,95.00%,1.6449,0.9653,1.3224,1.5724,7,1,reorder_now
2011-12-09,85231L,UNKNOWN,1,SIM-SUP-09,3.0000,1.0000,0.0000,4.0000,0.0000,0.0000,10,95.00%,1.6449,0.0000,0.0000,0.0000,7,0,no_order_required
2011-12-09,85232A,SET/3 POLKADOT STACKING TINS,1,SIM-SUP-08,2.0000,0.0000,0.0000,2.0000,0.0000,0.0000,14,95.00%,1.6449,0.0000,0.0000,0.0000,7,0,no_order_required
2011-12-09,85232B,UNKNOWN,1,SIM-SUP-02,1.0000,0.0000,0.0000,1.0000,0.0000,0.0000,7,95.00%,1.6449,0.0000,0.0000,0.0000,7,0,no_order_required
2011-12-09,85232D,SET/3 DECOUPAGE STACKING TINS,1,SIM-SUP-02,4.0000,0.0000,0.0000,4.0000,0.9286,1.9987,3,95.00%,1.6449,5.6943,8.4800,14.9800,7,11,reorder_now
2011-12-09,90000D,COPPER/OLIVE GREEN FLOWER NECKLACE,1,SIM-SUP-09,2.0000,0.0000,0.0000,2.0000,0.0357,0.1856,7,95.00%,1.6449,0.8076,1.0576,1.3076,7,0,no_order_required
2011-12-09,90002D,FLOWER BURST SILVER RING CRYSTAL,1,SIM-SUP-11,3.0000,0.0000,0.0000,3.0000,0.0000,0.0000,14,95.00%,1.6449,0.0000,0.0000,0.0000,7,0,no_order_required
2011-12-09,90005A,JADE GREEN ENAMEL HAIR COMB,1,SIM-SUP-12,3.0000,0.0000,0.0000,3.0000,0.0000,0.0000,14,95.00%,1.6449,0.0000,0.0000,0.0000,7,0,no_order_required
2011-12-09,90010B,BLACK/WHITE GLASS/SILVER BRACELET,1,SIM-SUP-05,1.0000,0.0000,0.0000,1.0000,0.0000,0.0000,7,95.00%,1.6449,0.0000,0.0000,0.0000,7,0,no_order_required
2011-12-09,90010E,AMBER GLASS/SILVER BRACELET,1,SIM-SUP-08,1.0000,1.0000,0.0000,2.0000,0.1071,0.4088,10,95.00%,1.6449,2.1262,3.1976,3.9476,7,2,reorder_now
2011-12-09,90013A,MIDNIGHT BLUE VINTAGE EARRINGS,1,SIM-SUP-02,1.0000,0.0000,0.0000,1.0000,0.1786,0.6008,3,95.00%,1.6449,1.7117,2.2474,3.4974,7,3,reorder_now
2011-12-09,90013B,BLACK VINTAGE EARRINGS,1,SIM-SUP-08,10.0000,0.0000,1.0000,9.0000,0.3214,0.7098,14,95.00%,1.6449,4.3685,8.8685,11.1185,7,0,no_order_required
2011-12-09,90013C,GREEN VINTAGE EARRINGS,1,SIM-SUP-09,1.0000,0.0000,0.0000,1.0000,0.3214,0.6576,3,95.00%,1.6449,1.8734,2.8377,5.0877,7,5,reorder_now
2011-12-09,90014A,SILVER M.O.P. ORBIT NECKLACE,1,SIM-SUP-10,3.0000,0.0000,0.0000,3.0000,0.0714,0.2575,10,95.00%,1.6449,1.3396,2.0539,2.5539,7,0,no_order_required
2011-12-09,90018A,SILVER M.O.P ORBIT DROP EARRINGS,1,SIM-SUP-02,5.0000,1.0000,1.0000,5.0000,0.3214,0.6008,5,95.00%,1.6449,2.2098,3.8169,6.0669,7,0,no_order_required
2011-12-09,90019A,SILVER M.O.P ORBIT BRACELET,1,SIM-SUP-01,6.0000,0.0000,0.0000,6.0000,0.1429,0.4403,14,95.00%,1.6449,2.7099,4.7099,5.7099,7,0,no_order_required
2011-12-09,90019C,SILVER BLACK ORBIT BRACELET,1,SIM-SUP-05,2.0000,0.0000,0.0000,2.0000,0.1429,0.5803,14,95.00%,1.6449,3.5714,5.5714,6.5714,7,5,reorder_now
2011-12-09,90040A,MURANO STYLE GLASS BRACELET RED,1,SIM-SUP-01,1.0000,1.0000,0.0000,2.0000,0.0000,0.0000,10,95.00%,1.6449,0.0000,0.0000,0.0000,7,0,no_order_required
2011-12-09,90040B,MURANO STYLE GLASS BRACELET BLACK,1,SIM-SUP-12,3.0000,0.0000,0.0000,3.0000,0.0000,0.0000,10,95.00%,1.6449,0.0000,0.0000,0.0000,7,0,no_order_required
2011-12-09,90042A,FRESHWATER PEARL BRACELET GOLD,1,SIM-SUP-02,0.0000,0.0000,0.0000,0.0000,0.0000,0.0000,3,95.00%,1.6449,0.0000,0.0000,0.0000,7,0,no_order_required
2011-12-09,90059A,DIAMANTE HAIR GRIP PACK/2 CRYSTAL,1,SIM-SUP-12,2.0000,0.0000,0.0000,2.0000,0.2857,0.5249,3,95.00%,1.6449,1.4954,2.3525,4.3525,7,3,reorder_now
2011-12-09,90059D,DIAMANTE HAIR GRIP PACK/2 PERIDOT,1,SIM-SUP-04,1.0000,0.0000,0.0000,1.0000,0.1071,0.4088,5,95.00%,1.6449,1.5035,2.0392,2.7892,7,2,reorder_now
2011-12-09,90062,CARNIVAL BRACELET,1,SIM-SUP-02,2.0000,0.0000,0.0000,2.0000,0.0000,0.0000,7,95.00%,1.6449,0.0000,0.0000,0.0000,7,0,no_order_required
2011-12-09,90070,RUBY GLASS CLUSTER BRACELET,1,SIM-SUP-06,0.0000,0.0000,0.0000,0.0000,0.0357,0.1856,5,95.00%,1.6449,0.6826,0.8611,1.1111,7,2,reorder_now
2011-12-09,90071,RUBY GLASS CLUSTER EARRINGS,1,SIM-SUP-04,2.0000,0.0000,0.0000,2.0000,0.2143,0.4897,10,95.00%,1.6449,2.5471,4.6900,6.1900,7,5,reorder_now
2011-12-09,90073,VINTAGE ENAMEL & CRYSTAL EARRINGS,1,SIM-SUP-02,4.0000,0.0000,0.0000,4.0000,0.1429,0.4403,14,95.00%,1.6449,2.7099,4.7099,5.7099,7,2,reorder_now
2011-12-09,90081C,LILY BROOCH OLIVE COLOUR,1,SIM-SUP-03,1.0000,1.0000,0.0000,2.0000,0.1429,0.3499,5,95.00%,1.6449,1.2870,2.0013,3.0013,7,2,reorder_now
2011-12-09,90082D,DIAMANTE BOW BROOCH BLACK COLOUR,1,SIM-SUP-09,1.0000,0.0000,0.0000,1.0000,0.0357,0.1856,3,95.00%,1.6449,0.5287,0.6358,0.8858,7,0,no_order_required
2011-12-09,90086,CRYSTAL FROG PHONE CHARM,1,SIM-SUP-03,11.0000,0.0000,1.0000,10.0000,2.3929,9.0607,10,95.00%,1.6449,47.1289,71.0575,87.8075,7,78,reorder_now
2011-12-09,90087,CRYSTAL SEA HORSE PHONE CHARM,1,SIM-SUP-08,7.0000,1.0000,1.0000,7.0000,2.7143,9.7828,7,95.00%,1.6449,42.5737,61.5737,80.5737,7,74,reorder_now
2011-12-09,90094,NECKLACE+BRACELET SET FRUIT SALAD,1,SIM-SUP-06,3.0000,0.0000,0.0000,3.0000,0.1429,0.3499,10,95.00%,1.6449,1.8201,3.2487,4.2487,7,2,reorder_now
2011-12-09,90096,NECKLACE+BRACELET SET BLUE BLOSSOM,1,SIM-SUP-07,1.0000,0.0000,0.0000,1.0000,0.1786,0.9279,7,95.00%,1.6449,4.0380,5.2880,6.5380,7,6,reorder_now
2011-12-09,90098,NECKLACE+BRACELET PINK BUTTERFLY,1,SIM-SUP-12,4.0000,0.0000,0.0000,4.0000,0.0714,0.2575,7,95.00%,1.6449,1.1208,1.6208,2.1208,7,0,no_order_required
2011-12-09,90104,UNKNOWN,1,SIM-SUP-11,1.0000,0.0000,0.0000,1.0000,0.0000,0.0000,7,95.00%,1.6449,0.0000,0.0000,0.0000,7,0,no_order_required
2011-12-09,90114,SUMMER DAISIES BAG CHARM,1,SIM-SUP-06,9.0000,0.0000,1.0000,8.0000,1.8571,8.1404,10,95.00%,1.6449,42.3419,60.9133,73.9133,7,66,reorder_now
2011-12-09,90115,SUMMER BUTTERFLIES BAG CHARM,1,SIM-SUP-11,1.0000,0.0000,0.0000,1.0000,0.0000,0.0000,7,95.00%,1.6449,0.0000,0.0000,0.0000,7,0,no_order_required
2011-12-09,90116,FRUIT SALAD BAG CHARM,1,SIM-SUP-09,2.0000,0.0000,0.0000,2.0000,0.6429,2.2712,7,95.00%,1.6449,9.8838,14.3838,18.8838,7,17,reorder_now
2011-12-09,90119,METALIC LEAVES BAG CHARMS,1,SIM-SUP-09,13.0000,0.0000,1.0000,12.0000,1.2500,2.8110,14,95.00%,1.6449,17.3003,34.8003,43.5503,7,32,reorder_now
2011-12-09,90120A,PINK MURANO TWIST BRACELET,1,SIM-SUP-11,1.0000,0.0000,0.0000,1.0000,0.0000,0.0000,14,95.00%,1.6449,0.0000,0.0000,0.0000,7,0,no_order_required
2011-12-09,90120B,BLUE MURANO TWIST BRACELET,1,SIM-SUP-03,2.0000,0.0000,0.0000,2.0000,0.5000,1.8992,5,95.00%,1.6449,6.9854,9.4854,12.9854,7,11,reorder_now
2011-12-09,90120C,GREEN MURANO TWIST BRACELET,1,SIM-SUP-12,3.0000,0.0000,0.0000,3.0000,0.4643,1.8800,7,95.00%,1.6449,8.1816,11.4316,14.6816,7,12,reorder_now
2011-12-09,90120D,WHITE MURANO TWIST BRACELET,1,SIM-SUP-12,2.0000,0.0000,0.0000,2.0000,0.0000,0.0000,7,95.00%,1.6449,0.0000,0.0000,0.0000,7,0,no_order_required
2011-12-09,90125D,PURPLE BERTIE GLASS BEAD BAG CHARM,1,SIM-SUP-06,4.0000,0.0000,0.0000,4.0000,0.0000,0.0000,14,95.00%,1.6449,0.0000,0.0000,0.0000,7,0,no_order_required
2011-12-09,90129A,PINK GLASS TASSLE BAG CHARM,1,SIM-SUP-12,1.0000,0.0000,0.0000,1.0000,0.0000,0.0000,7,95.00%,1.6449,0.0000,0.0000,0.0000,7,0,no_order_required
2011-12-09,90129B,TURQUOISE GLASS TASSLE BAG CHARM,1,SIM-SUP-07,6.0000,0.0000,0.0000,6.0000,0.3571,1.4932,14,95.00%,1.6449,9.1898,14.1898,16.6898,7,11,reorder_now
2011-12-09,90129C,GREEN GLASS TASSLE BAG CHARM,1,SIM-SUP-12,2.0000,0.0000,0.0000,2.0000,0.0714,0.2575,10,95.00%,1.6449,1.3396,2.0539,2.5539,7,1,reorder_now
2011-12-09,90129D,AMBER GLASS TASSLE BAG CHARM,1,SIM-SUP-02,3.0000,1.0000,0.0000,4.0000,0.0000,0.0000,14,95.00%,1.6449,0.0000,0.0000,0.0000,7,0,no_order_required
2011-12-09,90129E,PURPLE GLASS TASSLE BAG CHARM,1,SIM-SUP-11,2.0000,0.0000,0.0000,2.0000,0.0714,0.2575,7,95.00%,1.6449,1.1208,1.6208,2.1208,7,0,no_order_required
2011-12-09,90129F,RED GLASS TASSLE BAG CHARM,1,SIM-SUP-09,1.0000,0.0000,0.0000,1.0000,0.3571,1.6736,5,95.00%,1.6449,6.1556,7.9413,10.4413,7,10,reorder_now
2011-12-09,90130B,TURQ STONE/CRYSTAL EARRINGS,1,SIM-SUP-07,2.0000,0.0000,0.0000,2.0000,0.3214,0.5381,5,95.00%,1.6449,1.9791,3.5862,5.8362,7,4,reorder_now
2011-12-09,90134,OLD ROSE COMBO BEAD NECKLACE,1,SIM-SUP-08,4.0000,0.0000,0.0000,4.0000,0.2857,0.5890,5,95.00%,1.6449,2.1664,3.5950,5.5950,7,0,no_order_required
2011-12-09,90143,SILVER BRACELET W PASTEL FLOWER,1,SIM-SUP-11,1.0000,0.0000,0.0000,1.0000,0.0357,0.1856,3,95.00%,1.6449,0.5287,0.6358,0.8858,7,0,no_order_required
2011-12-09,90144,SILVER DROP EARRINGS WITH FLOWER,1,SIM-SUP-12,3.0000,0.0000,0.0000,3.0000,0.1071,0.3093,14,95.00%,1.6449,1.9035,3.4035,4.1535,7,2,reorder_now
2011-12-09,90145,SILVER HOOP EARRINGS WITH FLOWER,1,SIM-SUP-08,6.0000,1.0000,0.0000,7.0000,0.1429,0.3499,14,95.00%,1.6449,2.1536,4.1536,5.1536,7,0,no_order_required
2011-12-09,90147,CHUNKY SILVER NECKLACE PASTEL FLOWE,1,SIM-SUP-02,3.0000,0.0000,0.0000,3.0000,0.1429,0.4403,3,95.00%,1.6449,1.2544,1.6830,2.6830,7,0,no_order_required
2011-12-09,90158,ST TROPEZ NECKLACE,1,SIM-SUP-09,4.0000,0.0000,0.0000,4.0000,0.3214,0.9656,7,95.00%,1.6449,4.2022,6.4522,8.7022,7,5,reorder_now
2011-12-09,90160C,TURQ+RED BOUDICCA LARGE BRACELET,1,SIM-SUP-10,3.0000,0.0000,0.0000,3.0000,0.4643,1.8609,5,95.00%,1.6449,6.8445,9.1659,12.4159,7,10,reorder_now
2011-12-09,90161A,ANT COPPER RED BOUDICCA BRACELET,1,SIM-SUP-06,1.0000,0.0000,0.0000,1.0000,0.1429,0.4403,5,95.00%,1.6449,1.6195,2.3338,3.3338,7,3,reorder_now
2011-12-09,90161B,ANT COPPER TURQ BOUDICCA BRACELET,1,SIM-SUP-04,1.0000,0.0000,0.0000,1.0000,0.7143,1.8098,3,95.00%,1.6449,5.1562,7.2990,12.2990,7,12,reorder_now
2011-12-09,90161C,ANT COPPER LIME BOUDICCA BRACELET,1,SIM-SUP-04,3.0000,4.0000,0.0000,7.0000,0.7857,1.9153,14,95.00%,1.6449,11.7877,22.7877,28.2877,7,22,reorder_now
2011-12-09,90161D,ANT COPPER PINK BOUDICCA BRACELET,1,SIM-SUP-07,3.0000,1.0000,0.0000,4.0000,0.5357,1.1175,7,95.00%,1.6449,4.8631,8.6131,12.3631,7,9,reorder_now
2011-12-09,90164B,WHITE ROSEBUD PEARL BRACELET,1,SIM-SUP-01,3.0000,0.0000,0.0000,3.0000,0.5000,1.5469,3,95.00%,1.6449,4.4070,5.9070,9.4070,7,7,reorder_now
2011-12-09,90167,UNKNOWN,1,SIM-SUP-06,1.0000,0.0000,0.0000,1.0000,0.0000,0.0000,5,95.00%,1.6449,0.0000,0.0000,0.0000,7,0,no_order_required
2011-12-09,90170,DAISY HAIR BAND,1,SIM-SUP-10,5.0000,0.0000,0.0000,5.0000,0.6429,1.0076,7,95.00%,1.6449,4.3851,8.8851,13.3851,7,9,reorder_now
2011-12-09,90173,PAIR BUTTERFLY HAIR CLIPS,1,SIM-SUP-07,1.0000,0.0000,0.0000,1.0000,0.0000,0.0000,10,95.00%,1.6449,0.0000,0.0000,0.0000,7,0,no_order_required
2011-12-09,90175A,WHITE GLASS CHUNKY CHARM BRACELET,1,SIM-SUP-12,1.0000,0.0000,0.0000,1.0000,0.2143,0.5579,5,95.00%,1.6449,2.0519,3.1233,4.6233,7,4,reorder_now
2011-12-09,90175D,TIGRIS EYE CHUNKY CHARM BRACELET,1,SIM-SUP-12,3.0000,0.0000,0.0000,3.0000,0.2500,0.6339,5,95.00%,1.6449,2.3314,3.5814,5.3314,7,3,reorder_now
2011-12-09,90184B,AMETHYST CHUNKY BEAD BRACELET W STR,1,SIM-SUP-12,5.0000,0.0000,0.0000,5.0000,0.2857,0.6468,7,95.00%,1.6449,2.8148,4.8148,6.8148,7,0,no_order_required
2011-12-09,90184C,BLACK CHUNKY BEAD BRACELET W STRAP,1,SIM-SUP-10,1.0000,0.0000,0.0000,1.0000,0.1071,0.3093,3,95.00%,1.6449,0.8812,1.2026,1.9526,7,1,reorder_now
2011-12-09,90185D,CRYSTAL DIAMANTE EXPANDABLE RING,1,SIM-SUP-04,1.0000,0.0000,0.0000,1.0000,0.0000,0.0000,7,95.00%,1.6449,0.0000,0.0000,0.0000,7,0,no_order_required
2011-12-09,90186A,AMETHYST HOOP EARRING FLORAL LEAF,1,SIM-SUP-11,1.0000,0.0000,0.0000,1.0000,0.0357,0.1856,7,95.00%,1.6449,0.8076,1.0576,1.3076,7,1,reorder_now
2011-12-09,90192,JADE DROP EARRINGS W FILIGREE,1,SIM-SUP-02,2.0000,0.0000,0.0000,2.0000,0.3214,0.6576,5,95.00%,1.6449,2.4185,4.0257,6.2757,7,5,reorder_now
2011-12-09,90195A,PURPLE GEMSTONE BRACELET,1,SIM-SUP-04,1.0000,0.0000,0.0000,1.0000,0.2143,1.1135,5,95.00%,1.6449,4.0953,5.1667,6.6667,7,6,reorder_now
2011-12-09,90197B,BLACK GLASS BRACELET W HEART CHARMS,1,SIM-SUP-06,8.0000,2.0000,1.0000,9.0000,0.2857,0.6468,14,95.00%,1.6449,3.9808,7.9808,9.9808,7,0,no_order_required
2011-12-09,90198A,VINTAGE ROSE BEAD BRACELET RASPBERR,1,SIM-SUP-06,3.0000,0.0000,0.0000,3.0000,1.0000,2.0178,3,95.00%,1.6449,5.7486,8.7486,15.7486,7,13,reorder_now
2011-12-09,90198B,VINTAGE ROSE BEAD BRACELET BLACK,1,SIM-SUP-07,2.0000,0.0000,0.0000,2.0000,0.4286,1.8790,3,95.00%,1.6449,5.3532,6.6389,9.6389,7,8,reorder_now
2011-12-09,90200A,PURPLE SWEETHEART BRACELET,1,SIM-SUP-12,6.0000,3.0000,1.0000,8.0000,0.9286,2.4484,14,95.00%,1.6449,15.0689,28.0689,34.5689,7,27,reorder_now
2011-12-09,90200B,BLACK SWEETHEART BRACELET,1,SIM-SUP-11,2.0000,0.0000,0.0000,2.0000,0.4286,1.2372,3,95.00%,1.6449,3.5247,4.8104,7.8104,7,6,reorder_now
2011-12-09,90200C,BLUE SWEETHEART BRACELET,1,SIM-SUP-05,1.0000,0.0000,0.0000,1.0000,0.0000,0.0000,10,95.00%,1.6449,0.0000,0.0000,0.0000,7,0,no_order_required
2011-12-09,90200D,PINK SWEETHEART BRACELET,1,SIM-SUP-04,7.0000,3.0000,0.0000,10.0000,1.1786,2.6999,14,95.00%,1.6449,16.6166,33.1166,41.3666,7,32,reorder_now
2011-12-09,90200E,GREEN SWEETHEART BRACELET,1,SIM-SUP-04,3.0000,0.0000,0.0000,3.0000,0.6071,1.2632,5,95.00%,1.6449,4.6460,7.6818,11.9318,7,9,reorder_now
2011-12-09,90201A,PURPLE ENAMEL FLOWER RING,1,SIM-SUP-06,1.0000,0.0000,0.0000,1.0000,0.2143,0.6739,14,95.00%,1.6449,4.1472,7.1472,8.6472,7,8,reorder_now
2011-12-09,90201B,BLACK ENAMEL FLOWER RING,1,SIM-SUP-01,5.0000,0.0000,0.0000,5.0000,0.2857,1.1294,14,95.00%,1.6449,6.9508,10.9508,12.9508,7,8,reorder_now
2011-12-09,90201C,RED ENAMEL FLOWER RING,1,SIM-SUP-10,2.0000,1.0000,0.0000,3.0000,0.1071,0.3093,14,95.00%,1.6449,1.9035,3.4035,4.1535,7,2,reorder_now
2011-12-09,90201D,GREEN ENAMEL FLOWER RING,1,SIM-SUP-06,4.0000,0.0000,0.0000,4.0000,0.1786,0.3830,14,95.00%,1.6449,2.3571,4.8571,6.1071,7,3,reorder_now
2011-12-09,90203,UNKNOWN,1,SIM-SUP-12,1.0000,0.0000,0.0000,1.0000,0.0000,0.0000,3,95.00%,1.6449,0.0000,0.0000,0.0000,7,0,no_order_required
2011-12-09,90204,PAIR OF ENAMEL BUTTERFLY HAIRCLIP,1,SIM-SUP-03,3.0000,0.0000,0.0000,3.0000,0.2500,0.6339,10,95.00%,1.6449,3.2970,5.7970,7.5470,7,5,reorder_now
2011-12-09,90206C,CRYSTAL DIAMANTE STAR BROOCH,1,SIM-SUP-01,3.0000,1.0000,0.0000,4.0000,0.3929,0.7718,5,95.00%,1.6449,2.8387,4.8029,7.5529,7,4,reorder_now
2011-12-09,90208,PAIR OF PINK FLOWER CLUSTER SLIDE,1,SIM-SUP-08,4.0000,0.0000,0.0000,4.0000,0.5714,1.1780,7,95.00%,1.6449,5.1266,9.1266,13.1266,7,10,reorder_now
2011-12-09,90209B,UNKNOWN,1,SIM-SUP-05,3.0000,0.0000,0.0000,3.0000,0.0000,0.0000,10,95.00%,1.6449,0.0000,0.0000,0.0000,7,0,no_order_required
2011-12-09,90209C,PINK ENAMEL+GLASS HAIR COMB,1,SIM-SUP-11,3.0000,0.0000,0.0000,3.0000,0.0000,0.0000,10,95.00%,1.6449,0.0000,0.0000,0.0000,7,0,no_order_required
2011-12-09,90214A,"LETTER ""A"" BLING KEY RING",1,SIM-SUP-06,4.0000,0.0000,0.0000,4.0000,1.4286,3.7931,5,95.00%,1.6449,13.9511,21.0940,31.0940,7,28,reorder_now
2011-12-09,90214B,"LETTER ""B"" BLING KEY RING",1,SIM-SUP-10,2.0000,0.0000,0.0000,2.0000,0.4286,2.2269,10,95.00%,1.6449,11.5833,15.8690,18.8690,7,17,reorder_now
2011-12-09,90214C,"LETTER ""C"" BLING KEY RING",1,SIM-SUP-07,2.0000,1.0000,0.0000,3.0000,1.1786,3.3387,5,95.00%,1.6449,12.2796,18.1725,26.4225,7,24,reorder_now
2011-12-09,90214D,"LETTER ""D"" BLING KEY RING",1,SIM-SUP-02,7.0000,1.0000,0.0000,8.0000,1.0714,3.2285,10,95.00%,1.6449,16.7932,27.5075,35.0075,7,28,reorder_now
2011-12-09,90214E,"LETTER ""E"" BLING KEY RING",1,SIM-SUP-11,6.0000,2.0000,1.0000,7.0000,1.1071,3.3524,14,95.00%,1.6449,20.6322,36.1322,43.8822,7,37,reorder_now
2011-12-09,90214G,"LETTER ""G"" BLING KEY RING",1,SIM-SUP-12,2.0000,0.0000,0.0000,2.0000,1.1071,4.5461,3,95.00%,1.6449,12.9517,16.2732,24.0232,7,23,reorder_now
2011-12-09,90214H,"LETTER ""H"" BLING KEY RING",1,SIM-SUP-12,2.0000,0.0000,0.0000,2.0000,0.7500,2.4586,10,95.00%,1.6449,12.7883,20.2883,25.5383,7,24,reorder_now
2011-12-09,90214J,"LETTER ""J"" BLING KEY RING",1,SIM-SUP-03,6.0000,0.0000,0.0000,6.0000,0.6786,2.4503,10,95.00%,1.6449,12.7450,19.5308,24.2808,7,19,reorder_now
2011-12-09,90214K,"LETTER ""K"" BLING KEY RING",1,SIM-SUP-07,1.0000,0.0000,0.0000,1.0000,1.1429,3.3457,5,95.00%,1.6449,12.3056,18.0199,26.0199,7,26,reorder_now
2011-12-09,90214L,"LETTER ""L"" BLING KEY RING",1,SIM-SUP-01,2.0000,0.0000,0.0000,2.0000,1.2857,4.9052,7,95.00%,1.6449,21.3469,30.3469,39.3469,7,38,reorder_now
2011-12-09,90214M,"LETTER ""M"" BLING KEY RING",1,SIM-SUP-09,2.0000,0.0000,0.0000,2.0000,0.6429,2.4526,10,95.00%,1.6449,12.7572,19.1858,23.6858,7,22,reorder_now
2011-12-09,90214N,"LETTER ""N"" BLING KEY RING",1,SIM-SUP-10,2.0000,0.0000,0.0000,2.0000,0.6071,2.4252,5,95.00%,1.6449,8.9197,11.9554,16.2054,7,15,reorder_now
2011-12-09,90214P,"LETTER ""P"" BLING KEY RING",1,SIM-SUP-12,0.0000,0.0000,0.0000,0.0000,0.8929,3.2220,7,95.00%,1.6449,14.0218,20.2718,26.5218,7,27,reorder_now
2011-12-09,90214R,"LETTER ""R"" BLING KEY RING",1,SIM-SUP-11,1.0000,1.0000,0.0000,2.0000,0.4643,2.2278,5,95.00%,1.6449,8.1938,10.5152,13.7652,7,12,reorder_now
2011-12-09,90214S,"LETTER ""S"" BLING KEY RING",1,SIM-SUP-11,3.0000,0.0000,0.0000,3.0000,1.3214,3.8178,3,95.00%,1.6449,10.8767,14.8410,24.0910,7,22,reorder_now
2011-12-09,C2,CARRIAGE,1,SIM-SUP-07,8.0000,0.0000,1.0000,7.0000,0.7857,1.0473,10,95.00%,1.6449,5.4478,13.3049,18.8049,7,12,reorder_now
2011-12-09,DOT,DOTCOM POSTAGE,1,SIM-SUP-02,15.0000,1.0000,0.0000,16.0000,1.7500,1.4299,5,95.00%,1.6449,5.2592,14.0092,26.2592,7,0,no_order_required
2011-12-09,M,Manual,1,SIM-SUP-12,31.0000,0.0000,1.0000,30.0000,93.1429,340.5549,3,95.00%,1.6449,970.2306,1249.6592,1901.6592,7,1872,reorder_now
2011-12-09,POST,POSTAGE,1,SIM-SUP-08,172.0000,0.0000,20.0000,152.0000,15.7143,11.9906,5,95.00%,1.6449,44.1016,122.6731,232.6731,7,0,no_order_required
