sku_id,description,selected_model,model_family,selection_observations
10002,INFLATABLE POLITICAL GLOBE,moving_average_7,statistical,14
10120,DOGGY RUBBER,seasonal_naive_lag_7,statistical,14
10123C,HEARTS WRAPPING TAPE,moving_average_7,statistical,14
10125,MINI FUNKY DESIGN TAPES,lstm,deep_learning,14
10133,COLOURING PENCILS BROWN TUBE,moving_average_7,statistical,14
10134,COLOURING PENCILS BROWN TUBE,moving_average_7,statistical,14
10135,COLOURING PENCILS BROWN TUBE,lstm,deep_learning,14
11001,ASSTD DESIGN RACING CAR PEN,naive_lag_1,statistical,14
15034,PAPER POCKET TRAVELING FAN,seasonal_naive_lag_7,statistical,14
15036,ASSORTED COLOURS SILK FAN,seasonal_naive_lag_7,statistical,14
15039,SANDALWOOD FAN,gru,deep_learning,14
15044A,PINK PAPER PARASOL,lstm,deep_learning,14
15044B,BLUE PAPER PARASOL,moving_average_7,statistical,14
15044C,PURPLE PAPER PARASOL,lstm,deep_learning,14
15044D,RED PAPER PARASOL,lstm,deep_learning,14
15056BL,EDWARDIAN PARASOL BLACK,gru,deep_learning,14
15056N,EDWARDIAN PARASOL NATURAL,lstm,deep_learning,14
15056P,EDWARDIAN PARASOL PINK,lstm,deep_learning,14
15058A,BLUE POLKADOT GARDEN PARASOL,seasonal_naive_lag_7,statistical,14
15058B,PINK POLKADOT GARDEN PARASOL,naive_lag_1,statistical,14
15058C,ICE CREAM DESIGN GARDEN PARASOL,naive_lag_1,statistical,14
15060B,FAIRY CAKE DESIGN UMBRELLA,lstm,deep_learning,14
16008,SMALL FOLDING SCISSOR(POINTED EDGE),lstm,deep_learning,14
16011,ANIMAL STICKERS,weekday_seasonal_mean,statistical,14
16012,FOOD/DRINK SPONGE STICKERS,lstm,deep_learning,14
16014,SMALL CHINESE STYLE SCISSOR,lstm,deep_learning,14
16015,MEDIUM CHINESE STYLE SCISSOR,lstm,deep_learning,14
16016,LARGE CHINESE STYLE SCISSOR,lstm,deep_learning,14
16020C,CLEAR STATIONERY BOX SET,moving_average_7,statistical,14
16033,UNKNOWN,moving_average_7,statistical,14
16045,POPART WOODEN PENCILS ASST,lstm,deep_learning,14
16046,TEATIME PEN CASE & PENS,moving_average_7,statistical,14
16048,TEATIME ROUND PENCIL SHARPENER,gru,deep_learning,14
16052,TEATIME PUSH DOWN RUBBER,moving_average_7,statistical,14
16156L,WRAP CAROUSEL,seasonal_naive_lag_7,statistical,14
16156N,"WRAP, FRIENDSHIP ON GREEN",moving_average_7,statistical,14
16156S,WRAP PINK FAIRY CAKES,lightgbm,machine_learning,14
16161G,WRAP BAD HAIR DAY,lstm,deep_learning,14
16161M,WRAP PINK FLOCK,moving_average_7,statistical,14
16161P,WRAP ENGLISH ROSE,lstm,deep_learning,14
16161U,WRAP SUKI AND FRIENDS,lstm,deep_learning,14
16168M,FUNKY MONKEY GIFT BAG MEDIUM,lstm,deep_learning,14
16169C,WRAP BLUE REINDEER,moving_average_7,statistical,14
16169E,WRAP 50'S CHRISTMAS,lstm,deep_learning,14
16169K,WRAP FOLK ART,moving_average_7,statistical,14
16169M,WRAP DAISY CARPET,seasonal_naive_lag_7,statistical,14
16169N,WRAP BLUE RUSSIAN FOLKART,moving_average_7,statistical,14
16169P,WRAP GREEN RUSSIAN FOLKART,moving_average_7,statistical,14
16207A,UNKNOWN,naive_lag_1,statistical,14
16207B,PINK HEART RED HANDBAG,moving_average_7,statistical,14
16212,UNKNOWN,moving_average_7,statistical,14
16216,LETTER SHAPE PENCIL SHARPENER,lstm,deep_learning,14
16218,CARTOON PENCIL SHARPENERS,moving_average_7,statistical,14
16219,HOUSE SHAPE PENCIL SHARPENER,weekday_seasonal_mean,statistical,14
16225,RATTLE SNAKE EGGS,weekday_seasonal_mean,statistical,14
16235,RECYCLED PENCIL WITH RABBIT ERASER,seasonal_naive_lag_7,statistical,14
16236,KITTY PENCIL ERASERS,lstm,deep_learning,14
16237,SLEEPING CAT ERASERS,weekday_seasonal_mean,statistical,14
16238,PARTY TIME PENCIL ERASERS,lstm,deep_learning,14
16256B,UNKNOWN,moving_average_7,statistical,14
16258A,SWIRLY CIRCULAR RUBBERS IN BAG,gru,deep_learning,14
16259,PIECE OF CAMO STATIONERY SET,lstm,deep_learning,14
17003,BROCADE RING PURSE,gru,deep_learning,14
17012A,ORIGAMI VANILLA INCENSE/CANDLE SET,naive_lag_1,statistical,14
17012B,ORIGAMI JASMINE INCENSE/CANDLE SET,naive_lag_1,statistical,14
17012C,ORIGAMI LAVENDER INCENSE/CANDL SET,seasonal_naive_lag_7,statistical,14
17012D,ORIGAMI ROSE INCENSE/CANDLE SET,weekday_seasonal_mean,statistical,14
17012F,ORIGAMI SANDLEWOOD INCENSE/CAND SET,seasonal_naive_lag_7,statistical,14
17013D,ORIGAMI ROSE INCENSE IN TUBE,moving_average_7,statistical,14
17021,NAMASTE SWAGAT INCENSE,lstm,deep_learning,14
17033,UNKNOWN,moving_average_7,statistical,14
17038,PORCELAIN BUDAH INCENSE HOLDER,lstm,deep_learning,14
17039,INLAID WOOD INCENSE HOLDER,moving_average_7,statistical,14
17084N,FAIRY DREAMS INCENSE,lstm,deep_learning,14
17084P,DRAGONS BLOOD INCENSE,lstm,deep_learning,14
17084R,ASSORTED INCENSE PACK,naive_lag_1,statistical,14
17091A,LAVENDER INCENSE IN TIN,moving_average_7,statistical,14
17091B,JASMINE TEA INCENSE IN TIN,moving_average_7,statistical,14
17091J,VANILLA INCENSE IN TIN,lstm,deep_learning,14
17096,ASSORTED LAQUERED INCENSE HOLDERS,moving_average_7,statistical,14
17107D,FLOWER FAIRY 5 DRAWER LINERS,weekday_seasonal_mean,statistical,14
17109D,Adjustment,moving_average_7,statistical,14
17129D,CLEAR COLOUR GLASS GEMS IN BAG,moving_average_7,statistical,14
17129F,BLUE GLASS GEMS IN BAG,naive_lag_1,statistical,14
17136A,check,seasonal_naive_lag_7,statistical,14
17164B,ASS COL SMALL SAND GECKO P'WEIGHT,moving_average_7,statistical,14
17165B,UNKNOWN,moving_average_7,statistical,14
17165D,UNKNOWN,moving_average_7,statistical,14
17181,CIRCLE OF FRIENDS CANDLE HOLDER,moving_average_7,statistical,14
18007,ESSENTIAL BALM 3.5g TIN IN ENVELOPE,moving_average_7,statistical,14
18094C,WHITE AND BLUE CERAMIC OIL BURNER,moving_average_7,statistical,14
18097C,WHITE TALL PORCELAIN T-LIGHT HOLDER,lstm,deep_learning,14
18098C,PORCELAIN BUTTERFLY OIL BURNER,moving_average_7,statistical,14
20615,BLUE POLKADOT PASSPORT COVER,lstm,deep_learning,14
20616,CHERRY BLOSSOM PASSPORT COVER,seasonal_naive_lag_7,statistical,14
20617,FIRST CLASS PASSPORT COVER,naive_lag_1,statistical,14
20618,QUEEN OF THE SKIES PASSPORT COVER,naive_lag_1,statistical,14
20619,TROPICAL PASSPORT COVER,lstm,deep_learning,14
20621,UNKNOWN,moving_average_7,statistical,14
20622,VIP PASSPORT COVER,naive_lag_1,statistical,14
20652,BLUE POLKADOT LUGGAGE TAG,weekday_seasonal_mean,statistical,14
20653,CHERRY BLOSSOM LUGGAGE TAG,seasonal_naive_lag_7,statistical,14
20654,FIRST CLASS LUGGAGE TAG,lstm,deep_learning,14
20655,QUEEN OF SKIES LUGGAGE TAG,lstm,deep_learning,14
20657,TROPICAL LUGGAGE TAG,naive_lag_1,statistical,14
20658,RED RETROSPOT LUGGAGE TAG,moving_average_7,statistical,14
20659,ECONOMY LUGGAGE TAG,weekday_seasonal_mean,statistical,14
20661,BLUE POLKADOT PURSE,naive_lag_1,statistical,14
20662,FIRST CLASS HOLIDAY PURSE,moving_average_7,statistical,14
20663,QUEEN OF THE SKIES HOLIDAY PURSE,moving_average_7,statistical,14
20664,TROPICAL HOLIDAY PURSE,moving_average_7,statistical,14
20665,RED RETROSPOT PURSE,seasonal_naive_lag_7,statistical,14
20666,ECONOMY HOLIDAY PURSE,moving_average_7,statistical,14
20668,DISCO BALL CHRISTMAS DECORATION,moving_average_7,statistical,14
20669,RED HEART LUGGAGE TAG,lstm,deep_learning,14
20670,VIP HOLIDAY PURSE,lstm,deep_learning,14
20671,BLUE TEATIME PRINT BOWL,moving_average_7,statistical,14
20672,UNKNOWN,moving_average_7,statistical,14
20674,GREEN POLKADOT BOWL,lstm,deep_learning,14
20675,BLUE POLKADOT BOWL,lstm,deep_learning,14
20676,RED RETROSPOT BOWL,gru,deep_learning,14
20677,PINK POLKADOT BOWL,gru,deep_learning,14
20679,EDWARDIAN PARASOL RED,lstm,deep_learning,14
20681,PINK POLKADOT CHILDRENS UMBRELLA,moving_average_7,statistical,14
20682,RED RETROSPOT CHILDRENS UMBRELLA,weekday_seasonal_mean,statistical,14
20684,UNKNOWN,moving_average_7,statistical,14
20685,DOORMAT RED RETROSPOT,lstm,deep_learning,14
20686,DOLLY MIXTURE CHILDREN'S UMBRELLA,weekday_seasonal_mean,statistical,14
20689,RETRO SISTERS EXPRESSO CUPS,moving_average_7,statistical,14
20692,UNKNOWN,moving_average_7,statistical,14
20694,FLORAL PINK MONSTER,seasonal_naive_lag_7,statistical,14
20695,FLORAL BLUE MONSTER,naive_lag_1,statistical,14
20696,FLORAL SOFT CAR TOY,naive_lag_1,statistical,14
20699,MOUSEY LONG LEGS SOFT TOY,lstm,deep_learning,14
20700,GREEN CAT FLORAL CUSHION COVER,moving_average_7,statistical,14
20701,PINK CAT FLORAL CUSHION COVER,moving_average_7,statistical,14
20702,PINK PADDED MOBILE,moving_average_7,statistical,14
20703,BLUE PADDED SOFT MOBILE,moving_average_7,statistical,14
20704,MR ROBOT SOFT TOY,moving_average_7,statistical,14
20705,MRS ROBOT SOFT TOY,moving_average_7,statistical,14
20707,CRAZY DAISY HEART DECORATION,lstm,deep_learning,14
20711,JUMBO BAG TOYS,gru,deep_learning,14
20712,JUMBO BAG WOODLAND ANIMALS,weekday_seasonal_mean,statistical,14
20713,JUMBO BAG OWLS,lstm,deep_learning,14
20716,UNKNOWN,moving_average_7,statistical,14
20717,STRAWBERRY SHOPPER BAG,lstm,deep_learning,14
20718,RED RETROSPOT SHOPPER BAG,gru,deep_learning,14
20719,WOODLAND CHARLOTTE BAG,seasonal_naive_lag_7,statistical,14
20723,STRAWBERRY CHARLOTTE BAG,seasonal_naive_lag_7,statistical,14
20724,RED RETROSPOT CHARLOTTE BAG,weekday_seasonal_mean,statistical,14
20725,LUNCH BAG RED RETROSPOT,weekday_seasonal_mean,statistical,14
20726,LUNCH BAG WOODLAND,xgboost,machine_learning,14
20727,LUNCH BAG BLACK SKULL.,lightgbm,machine_learning,14
20728,LUNCH BAG CARS BLUE,xgboost,machine_learning,14
20729,UNKNOWN,moving_average_7,statistical,14
20730,STRAWBERRY CANDY BAG,moving_average_7,statistical,14
20731,UNKNOWN,moving_average_7,statistical,14
20733,GOLD MINI TAPE MEASURE,gru,deep_learning,14
20734,SILVER MINI TAPE MEASURE,moving_average_7,statistical,14
20735,BLACK MINI TAPE MEASURE,lstm,deep_learning,14
20738,GREEN MINI TAPE MEASURE,moving_average_7,statistical,14
20747,UNKNOWN,moving_average_7,statistical,14
20748,KENSINGTON COFFEE SET,lstm,deep_learning,14
20749,ASSORTED COLOUR MINI CASES,weekday_seasonal_mean,statistical,14
20750,RED RETROSPOT MINI CASES,weekday_seasonal_mean,statistical,14
20751,FUNKY WASHING UP GLOVES ASSORTED,lstm,deep_learning,14
20752,BLUE POLKADOT WASHING UP GLOVES,lstm,deep_learning,14
20754,RETROSPOT RED WASHING UP GLOVES,gru,deep_learning,14
20755,BLUE PAISLEY POCKET BOOK,gru,deep_learning,14
20756,GREEN FERN POCKET BOOK,lstm,deep_learning,14
20757,RED DAISY POCKET BOOK,lstm,deep_learning,14
20758,ABSTRACT CIRCLES POCKET BOOK,lstm,deep_learning,14
20759,CHRYSANTHEMUM POCKET BOOK,lstm,deep_learning,14
20760,GARDEN PATH POCKET BOOK,lstm,deep_learning,14
20761,BLUE PAISLEY SKETCHBOOK,seasonal_naive_lag_7,statistical,14
20762,GREEN FERN SKETCHBOOK,lstm,deep_learning,14
20763,DAISY SKETCHBOOK,lstm,deep_learning,14
20764,ABSTRACT CIRCLES SKETCHBOOK,moving_average_7,statistical,14
20765,CHRYSANTHEMUM SKETCHBOOK,lstm,deep_learning,14
20766,GARDEN PATH SKETCHBOOK,moving_average_7,statistical,14
20767,BLUE PAISLEY JOURNAL,naive_lag_1,statistical,14
20768,GREEN FERN JOURNAL,seasonal_naive_lag_7,statistical,14
20769,DAISY JOURNAL,seasonal_naive_lag_7,statistical,14
20770,ABSTRACT CIRCLE JOURNAL,moving_average_7,statistical,14
20771,CHRYSANTHEMUM JOURNAL,lstm,deep_learning,14
20772,GARDEN PATH JOURNAL,lstm,deep_learning,14
20773,BLUE PAISLEY NOTEBOOK,moving_average_7,statistical,14
20774,GREEN FERN NOTEBOOK,moving_average_7,statistical,14
20775,DAISY NOTEBOOK,gru,deep_learning,14
20776,ABSTRACT CIRCLES NOTEBOOK,moving_average_7,statistical,14
20777,CHRYSANTHEMUM NOTEBOOK,gru,deep_learning,14
20778,UNKNOWN,moving_average_7,statistical,14
20780,BLACK EAR MUFF HEADPHONES,seasonal_naive_lag_7,statistical,14
20781,GOLD EAR MUFF HEADPHONES,weekday_seasonal_mean,statistical,14
20782,CAMOUFLAGE EAR MUFF HEADPHONES,weekday_seasonal_mean,statistical,14
20783,HEART EAR MUFF HEADPHONES,moving_average_7,statistical,14
20784,RED RETRO BAR STOOL,moving_average_7,statistical,14
20785,FUSCHIA RETRO BAR STOOL,moving_average_7,statistical,14
20786,BLACK RETRO BAR STOOL,moving_average_7,statistical,14
20794,BLUE TILE HOOK,lstm,deep_learning,14
20798,UNKNOWN,moving_average_7,statistical,14
20801,UNKNOWN,moving_average_7,statistical,14
20802,SMALL GLASS SUNDAE DISH CLEAR,lstm,deep_learning,14
20803,SMALL PINK GLASS SUNDAE DISH,moving_average_7,statistical,14
20804,GLASS CHICKEN BUTTER DISH,moving_average_7,statistical,14
20819,SILVER TEDDY BEAR,naive_lag_1,statistical,14
20828,GLITTER BUTTERFLY CLIPS,weekday_seasonal_mean,statistical,14
20829,GLITTER HANGING BUTTERFLY STRING,moving_average_7,statistical,14
20830,SILVER PHOTO FRAME,moving_average_7,statistical,14
20831,GOLD PHOTO FRAME,lstm,deep_learning,14
20832,RED FLOCK LOVE HEART PHOTO FRAME,lstm,deep_learning,14
20838,FRENCH LATTICE CUSHION COVER,lstm,deep_learning,14
20839,FRENCH PAISLEY CUSHION COVER,weekday_seasonal_mean,statistical,14
20840,FRENCH FLORAL CUSHION COVER,lstm,deep_learning,14
20846,ZINC HEART LATTICE T-LIGHT HOLDER,lstm,deep_learning,14
20854,BLUE PATCH PURSE PINK HEART,moving_average_7,statistical,14
20855,PINK PATCH PURSE BLUE HEART,moving_average_7,statistical,14
20856,DENIM PATCH PURSE PINK BUTTERFLY,moving_average_7,statistical,14
20857,BLUE ROSE PATCH PURSE PINK BUTTERFL,moving_average_7,statistical,14
20862,PINK PATCH PENCIL CASE BLUE HEART,moving_average_7,statistical,14
20863,BLUE PATCH PENCIL CASE PINK HEART,moving_average_7,statistical,14
20865,PATCHWORK PENCIL CASE BUTTERFLY,moving_average_7,statistical,14
20866,BLUE ROSE FABRIC MIRROR,lstm,deep_learning,14
20867,PINK ROSE FABRIC MIRROR,lstm,deep_learning,14
20868,SILVER FABRIC MIRROR,lstm,deep_learning,14
20869,GOLD FABRIC MIRROR,lstm,deep_learning,14
20871,OPULENT VELVET SET/3 CANDLES,moving_average_7,statistical,14
20878,UNKNOWN,moving_average_7,statistical,14
20886,BOX OF 9 PEBBLE CANDLES,naive_lag_1,statistical,14
20892,SET/3 TALL GLASS CANDLE HOLDER PINK,moving_average_7,statistical,14
20893,HANGING BAUBLE T-LIGHT HOLDER SMALL,naive_lag_1,statistical,14
20894,HANGING BAUBLE T-LIGHT HOLDER LARGE,lstm,deep_learning,14
20897,VINTAGE NOTEBOOK PARIS DAYS,moving_average_7,statistical,14
20898,VINTAGE NOTEBOOK TRAVELOGUE,moving_average_7,statistical,14
20901,VINTAGE KEEPSAKE BOX PINK FLOWER,naive_lag_1,statistical,14
20902,VINTAGE KEEPSAKE BOX PARIS DAYS,moving_average_7,statistical,14
20903,VINTAGE KEEPSAKE BOX TRAVELOGUE,moving_average_7,statistical,14
20906,VINTAGE NOTEBOOK BEAUTY GIRL,moving_average_7,statistical,14
20910,VINTAGE PHOTO ALBUM PARIS DAYS,moving_average_7,statistical,14
20914,SET/5 RED RETROSPOT LID GLASS BOWLS,weekday_seasonal_mean,statistical,14
20931,BLUE POT PLANT CANDLE,weekday_seasonal_mean,statistical,14
20932,PINK POT PLANT CANDLE,lstm,deep_learning,14
20933,YELLOW POT PLANT CANDLE,moving_average_7,statistical,14
20934,SET/3 POT PLANT CANDLES,moving_average_7,statistical,14
20935,ROUND CACTUS CANDLE,naive_lag_1,statistical,14
20936,FORKED CACTUS CANDLE,lstm,deep_learning,14
20941,FROG CANDLE,moving_average_7,statistical,14
20943,SET/6 GINGERBREAD STAR T-LIGHTS,moving_average_7,statistical,14
20950,UNKNOWN,moving_average_7,statistical,14
20956,PORCELAIN T-LIGHT HOLDERS ASSORTED,weekday_seasonal_mean,statistical,14
20960,WATERMELON BATH SPONGE,moving_average_7,statistical,14
20961,STRAWBERRY BATH SPONGE,seasonal_naive_lag_7,statistical,14
20963,APPLE BATH SPONGE,weekday_seasonal_mean,statistical,14
20966,SANDWICH BATH SPONGE,moving_average_7,statistical,14
20967,GREY FLORAL FELTCRAFT SHOULDER BAG,moving_average_7,statistical,14
20969,RED FLORAL FELTCRAFT SHOULDER BAG,weekday_seasonal_mean,statistical,14
20970,PINK FLORAL FELTCRAFT SHOULDER BAG,weekday_seasonal_mean,statistical,14
20971,PINK BLUE FELT CRAFT TRINKET BOX,weekday_seasonal_mean,statistical,14
20972,PINK CREAM FELT CRAFT TRINKET BOX,lightgbm,machine_learning,14
20973,12 PENCIL SMALL TUBE WOODLAND,seasonal_naive_lag_7,statistical,14
20974,12 PENCILS SMALL TUBE SKULL,lstm,deep_learning,14
20975,12 PENCILS SMALL TUBE RED RETROSPOT,xgboost,machine_learning,14
20976,UNKNOWN,moving_average_7,statistical,14
20977,36 PENCILS TUBE WOODLAND,naive_lag_1,statistical,14
20978,36 PENCILS TUBE SKULLS,lightgbm,machine_learning,14
20979,36 PENCILS TUBE RED RETROSPOT,lightgbm,machine_learning,14
20980,36 PENCILS TUBE POSY,moving_average_7,statistical,14
20981,12 PENCILS TALL TUBE WOODLAND,xgboost,machine_learning,14
20982,12 PENCILS TALL TUBE SKULLS,xgboost,machine_learning,14
20983,12 PENCILS TALL TUBE RED RETROSPOT,xgboost,machine_learning,14
20984,12 PENCILS TALL TUBE POSY,moving_average_7,statistical,14
20985,HEART CALCULATOR,gru,deep_learning,14
20986,BLUE CALCULATOR RULER,weekday_seasonal_mean,statistical,14
20989,UNKNOWN,moving_average_7,statistical,14
20990,SPRING FLOWER CHOPSTICKS SET/5,moving_average_7,statistical,14
20992,JAZZ HEARTS PURSE NOTEBOOK,xgboost,machine_learning,14
20996,JAZZ HEARTS ADDRESS BOOK,seasonal_naive_lag_7,statistical,14
20997,ROSE DU SUD CUSHION COVER,weekday_seasonal_mean,statistical,14
20998,ROSE DU SUD OVEN GLOVE,moving_average_7,statistical,14
21000,ROSE DU SUD COSMETICS BAG,lstm,deep_learning,14
21001,ROSE DU SUD WASHBAG,naive_lag_1,statistical,14
21002,ROSE DU SUD DRAWSTRING BAG,moving_average_7,statistical,14
21003,ROSE DU SUD CUSHION COVER,seasonal_naive_lag_7,statistical,14
21004,ROSE DU SUD CHILDRENS APRON,moving_average_7,statistical,14
21007,UNKNOWN,moving_average_7,statistical,14
21009,UNKNOWN,moving_average_7,statistical,14
21010,UNKNOWN,moving_average_7,statistical,14
21011,GLITTER SNOW PEAR TREE DECORATION,moving_average_7,statistical,14
21012,ANTIQUE ALL GLASS CANDLESTICK,lstm,deep_learning,14
21014,SWISS CHALET TREE DECORATION,weekday_seasonal_mean,statistical,14
21015,DARK BIRD HOUSE TREE DECORATION,xgboost,machine_learning,14
21016,LIGHT BIRD HOUSE TREE DECORATION,moving_average_7,statistical,14
21017,RED BIRD HOUSE TREE DECORATION,moving_average_7,statistical,14
21018,BIRD BOX CHRISTMAS TREE DECORATION,moving_average_7,statistical,14
21025,SPACE FROG,weekday_seasonal_mean,statistical,14
21026,SPACE OWL,weekday_seasonal_mean,statistical,14
21027,NINJA RABBIT PINK,seasonal_naive_lag_7,statistical,14
21028,NINJA RABBIT BLACK,seasonal_naive_lag_7,statistical,14
21030,SPACE CADET RED,weekday_seasonal_mean,statistical,14
21031,SPACE CADET BLACK,lstm,deep_learning,14
21032,SPACE CADET WHITE,naive_lag_1,statistical,14
21033,JUMBO BAG CHARLIE AND LOLA TOYS,moving_average_7,statistical,14
21034,REX CASH+CARRY JUMBO SHOPPER,lightgbm,machine_learning,14
21035,SET/2 RED RETROSPOT TEA TOWELS,lstm,deep_learning,14
21038,SET/4 MODERN VINTAGE COTTON NAPKINS,moving_average_7,statistical,14
21039,RED RETROSPOT SHOPPING BAG,lstm,deep_learning,14
21040,MODERN VINTAGE COTTON SHOPPING BAG,moving_average_7,statistical,14
21041,RED RETROSPOT OVEN GLOVE DOUBLE,seasonal_naive_lag_7,statistical,14
21042,RED RETROSPOT APRON,seasonal_naive_lag_7,statistical,14
21043,APRON MODERN VINTAGE COTTON,moving_average_7,statistical,14
21051,RIBBONS PURSE,lstm,deep_learning,14
21054,UNKNOWN,lstm,deep_learning,14
21055,TOOL BOX SOFT TOY,weekday_seasonal_mean,statistical,14
21056,DOCTOR'S BAG SOFT TOY,gru,deep_learning,14
21058,PARTY INVITES WOODLAND,lstm,deep_learning,14
21059,PARTY INVITES DINOSAURS,lstm,deep_learning,14
21060,PARTY INVITES BALLOON GIRL,lstm,deep_learning,14
21061,PARTY INVITES FOOTBALL,lstm,deep_learning,14
21062,PARTY INVITES SPACEMAN,lstm,deep_learning,14
21063,PARTY INVITES JAZZ HEARTS,lstm,deep_learning,14
21064,BOOM BOX SPEAKER BOYS,lightgbm,machine_learning,14
21065,BOOM BOX SPEAKER GIRLS,weekday_seasonal_mean,statistical,14
21066,VINTAGE RED MUG,naive_lag_1,statistical,14
21067,UNKNOWN,moving_average_7,statistical,14
21068,VINTAGE BILLBOARD LOVE/HATE MUG,lstm,deep_learning,14
21069,VINTAGE BILLBOARD TEA MUG,moving_average_7,statistical,14
21070,VINTAGE BILLBOARD MUG,lstm,deep_learning,14
21071,UNKNOWN,moving_average_7,statistical,14
21076,SET/20 COLLAGE PAPER NAPKIN,moving_average_7,statistical,14
21077,SET/20 WOODLAND PAPER NAPKINS,moving_average_7,statistical,14
21078,SET/20 STRAWBERRY PAPER NAPKINS,moving_average_7,statistical,14
21080,SET/20 RED RETROSPOT PAPER NAPKINS,lightgbm,machine_learning,14
21082,SET/20 FRUIT SALAD PAPER NAPKINS,moving_average_7,statistical,14
21084,SET/6 COLLAGE PAPER CUPS,moving_average_7,statistical,14
21085,SET/6 WOODLAND PAPER CUPS,moving_average_7,statistical,14
21086,SET/6 RED SPOTTY PAPER CUPS,lstm,deep_learning,14
21087,SET/6 POSIES PAPER CUPS,moving_average_7,statistical,14
21088,SET/6 FRUIT SALAD PAPER CUPS,lstm,deep_learning,14
21089,SET/6 GREEN SPRING PAPER CUPS,moving_average_7,statistical,14
21090,SET/6 COLLAGE PAPER PLATES,lstm,deep_learning,14
21091,SET/6 WOODLAND PAPER PLATES,moving_average_7,statistical,14
21094,SET/6 RED SPOTTY PAPER PLATES,lstm,deep_learning,14
21095,UNKNOWN,moving_average_7,statistical,14
21096,SET/6 FRUIT SALAD PAPER PLATES,lstm,deep_learning,14
21098,CHRISTMAS TOILET ROLL,lightgbm,machine_learning,14
21099,SET/6 STRAWBERRY PAPER CUPS,moving_average_7,statistical,14
21100,CHARLIE AND LOLA CHARLOTTE BAG,moving_average_7,statistical,14
21106,CREAM SLICE FLANNEL CHOCOLATE SPOT,lstm,deep_learning,14
21107,CREAM SLICE FLANNEL PINK SPOT,lstm,deep_learning,14
21108,FAIRY CAKE FLANNEL ASSORTED COLOUR,weekday_seasonal_mean,statistical,14
21109,LARGE CAKE TOWEL CHOCOLATE SPOTS,seasonal_naive_lag_7,statistical,14
21110,LARGE CAKE TOWEL PINK SPOTS,moving_average_7,statistical,14
21111,"SWISS ROLL TOWEL, CHOCOLATE SPOTS",seasonal_naive_lag_7,statistical,14
21112,SWISS ROLL TOWEL PINK SPOTS,gru,deep_learning,14
21114,LAVENDER SCENTED FABRIC HEART,lstm,deep_learning,14
21115,ROSE CARAVAN DOORSTOP,weekday_seasonal_mean,statistical,14
21116,OWL DOORSTOP,weekday_seasonal_mean,statistical,14
21121,SET/10 RED POLKADOT PARTY CANDLES,xgboost,machine_learning,14
21122,SET/10 PINK POLKADOT PARTY CANDLES,lstm,deep_learning,14
21123,SET/10 IVORY POLKADOT PARTY CANDLES,lstm,deep_learning,14
21124,SET/10 BLUE POLKADOT PARTY CANDLES,lstm,deep_learning,14
21125,SET 6 FOOTBALL CELEBRATION CANDLES,gru,deep_learning,14
21126,SET OF 6 GIRLS CELEBRATION CANDLES,moving_average_7,statistical,14
21127,COLOURFUL FISHING GNOME,moving_average_7,statistical,14
21128,GOLD FISHING GNOME,weekday_seasonal_mean,statistical,14
21129,SILVER FISHING GNOME,naive_lag_1,statistical,14
21130,COLOURFUL STANDING GNOME,moving_average_7,statistical,14
21131,GOLD STANDING GNOME,lstm,deep_learning,14
21132,SILVER STANDING GNOME,weekday_seasonal_mean,statistical,14
21134,UNKNOWN,moving_average_7,statistical,14
21135,VICTORIAN METAL POSTCARD SPRING,lstm,deep_learning,14
21136,PAINTED METAL PEARS ASSORTED,weekday_seasonal_mean,statistical,14
21137,BLACK RECORD COVER FRAME,lstm,deep_learning,14
21143,ANTIQUE GLASS HEART DECORATION,moving_average_7,statistical,14
21144,PINK POODLE HANGING DECORATION,moving_average_7,statistical,14
21145,UNKNOWN,lstm,deep_learning,14
21146,ANTIQUE GLASS RIDGED HANGING BALL,moving_average_7,statistical,14
21147,JINGLE BELLS TREE DECORATION,weekday_seasonal_mean,statistical,14
21153,RED SPOTTY TABLECLOTH,moving_average_7,statistical,14
21154,RED RETROSPOT OVEN GLOVE,weekday_seasonal_mean,statistical,14
21155,RED RETROSPOT PEG BAG,weekday_seasonal_mean,statistical,14
21156,RETROSPOT CHILDRENS APRON,lightgbm,machine_learning,14
21157,RED RETROSPOT WASHBAG,moving_average_7,statistical,14
21158,MOODY GIRL DOOR HANGER,weekday_seasonal_mean,statistical,14
21159,MOODY BOY DOOR HANGER,weekday_seasonal_mean,statistical,14
21160,KEEP OUT GIRLS DOOR HANGER,moving_average_7,statistical,14
21161,KEEP OUT BOYS DOOR HANGER,moving_average_7,statistical,14
21162,TOXIC AREA DOOR HANGER,weekday_seasonal_mean,statistical,14
21163,DO NOT TOUCH MY STUFF DOOR HANGER,moving_average_7,statistical,14
21164,HOME SWEET HOME METAL SIGN,seasonal_naive_lag_7,statistical,14
21165,BEWARE OF THE CAT METAL SIGN,gru,deep_learning,14
21166,COOK WITH WINE METAL SIGN,lstm,deep_learning,14
21167,WHITE SAGE INCENSE,lstm,deep_learning,14
21169,YOU'RE CONFUSING ME METAL SIGN,weekday_seasonal_mean,statistical,14
21171,BATHROOM METAL SIGN,moving_average_7,statistical,14
21172,PARTY METAL SIGN,weekday_seasonal_mean,statistical,14
21173,UNKNOWN,moving_average_7,statistical,14
21174,POTTERING IN THE SHED METAL SIGN,lstm,deep_learning,14
21175,GIN AND TONIC DIET METAL SIGN,seasonal_naive_lag_7,statistical,14
21179,NO JUNK MAIL METAL SIGN,moving_average_7,statistical,14
21181,PLEASE ONE PERSON METAL SIGN,lstm,deep_learning,14
21185,UNKNOWN,moving_average_7,statistical,14
21186,WHITE DOVE HONEYCOMB PAPER GARLAND,moving_average_7,statistical,14
21187,WHITE BELL HONEYCOMB PAPER GARLAND,moving_average_7,statistical,14
21188,3D HEARTS HONEYCOMB PAPER GARLAND,moving_average_7,statistical,14
21189,WHITE HONEYCOMB PAPER GARLAND,weekday_seasonal_mean,statistical,14
21190,PINK HEARTS PAPER GARLAND,naive_lag_1,statistical,14
21191,LARGE WHITE HONEYCOMB PAPER BELL,weekday_seasonal_mean,statistical,14
21192,WHITE BELL HONEYCOMB PAPER,seasonal_naive_lag_7,statistical,14
21194,PINK HONEYCOMB PAPER FAN,lstm,deep_learning,14
21195,PINK HONEYCOMB PAPER BALL,moving_average_7,statistical,14
21197,MULTICOLOUR CONFETTI IN TUBE,lstm,deep_learning,14
21198,WHITE HEART CONFETTI IN TUBE,lstm,deep_learning,14
21199,PINK HEART CONFETTI IN TUBE,lstm,deep_learning,14
21200,MULTICOLOUR HONEYCOMB PAPER GARLAND,lstm,deep_learning,14
21201,TROPICAL HONEYCOMB PAPER GARLAND,lstm,deep_learning,14
21202,DOLLY HONEYCOMB GARLAND,lstm,deep_learning,14
21203,BUTTERFLIES HONEYCOMB GARLAND,moving_average_7,statistical,14
21204,DAISIES HONEYCOMB GARLAND,seasonal_naive_lag_7,statistical,14
21205,MULTICOLOUR 3D BALLS GARLAND,lstm,deep_learning,14
21206,STRAWBERRY HONEYCOMB GARLAND,seasonal_naive_lag_7,statistical,14
21207,SKULL AND CROSSBONES GARLAND,lstm,deep_learning,14
21208,PASTEL COLOUR HONEYCOMB FAN,lstm,deep_learning,14
21209,MULTICOLOUR HONEYCOMB FAN,lstm,deep_learning,14
21210,SET OF 72 RETROSPOT PAPER DOILIES,weekday_seasonal_mean,statistical,14
21211,SET OF 72 SKULL PAPER DOILIES,lstm,deep_learning,14
21212,PACK OF 72 RETROSPOT CAKE CASES,moving_average_7,statistical,14
21213,PACK OF 72 SKULL CAKE CASES,gru,deep_learning,14
21214,UNKNOWN,moving_average_7,statistical,14
21215,IVORY PAPER CUP CAKE CASES,lstm,deep_learning,14
21216,"SET 3 RETROSPOT TEA,COFFEE,SUGAR",weekday_seasonal_mean,statistical,14
21217,RED RETROSPOT ROUND CAKE TINS,lstm,deep_learning,14
21218,RED SPOTTY BISCUIT TIN,weekday_seasonal_mean,statistical,14
21219,SET/4 BADGES BALLOON GIRL,gru,deep_learning,14
21220,SET/4 BADGES DOGS,weekday_seasonal_mean,statistical,14
21221,SET/4 BADGES CUTE CREATURES,moving_average_7,statistical,14
21222,SET/4 BADGES BEETLES,weekday_seasonal_mean,statistical,14
21223,SET/4 BADGES WOODLAND ANIMAL,moving_average_7,statistical,14
21224,SET/4 SKULL BADGES,lstm,deep_learning,14
21226,POCKET MIRROR WOODLAND,seasonal_naive_lag_7,statistical,14
21231,SWEETHEART CERAMIC TRINKET BOX,lightgbm,machine_learning,14
21232,STRAWBERRY CERAMIC TRINKET POT,weekday_seasonal_mean,statistical,14
21238,RED RETROSPOT CUP,lightgbm,machine_learning,14
21239,PINK POLKADOT CUP,lstm,deep_learning,14
21240,BLUE POLKADOT CUP,lstm,deep_learning,14
21241,GREEN POLKADOT CUP,moving_average_7,statistical,14
21242,RED RETROSPOT PLATE,lstm,deep_learning,14
21243,PINK POLKADOT PLATE,seasonal_naive_lag_7,statistical,14
21244,BLUE POLKADOT PLATE,lstm,deep_learning,14
21245,GREEN POLKADOT PLATE,lstm,deep_learning,14
21246,RED RETROSPOT BIG BOWL,moving_average_7,statistical,14
21247,SET OF RED SALAD SERVERS,moving_average_7,statistical,14
21248,DOOR HANGER MUM + DADS ROOM,lstm,deep_learning,14
21249,WOODLAND HEIGHT CHART STICKERS,gru,deep_learning,14
21250,SET OF SKULL WALL STICKERS,lstm,deep_learning,14
21251,DINOSAUR HEIGHT CHART STICKER SET,naive_lag_1,statistical,14
21253,SET OF PICTURE FRAME STICKERS,naive_lag_1,statistical,14
21255,UNKNOWN,moving_average_7,statistical,14
21256,UNKNOWN,moving_average_7,statistical,14
21257,VICTORIAN SEWING BOX MEDIUM,weekday_seasonal_mean,statistical,14
21258,VICTORIAN SEWING BOX LARGE,weekday_seasonal_mean,statistical,14
21259,VICTORIAN SEWING BOX SMALL,xgboost,machine_learning,14
21260,FIRST AID TIN,gru,deep_learning,14
21261,GREEN GOOSE FEATHER CHRISTMAS TREE,weekday_seasonal_mean,statistical,14
21262,WHITE GOOSE FEATHER CHRISTMAS TREE,lightgbm,machine_learning,14
21263,GREEN GOOSE FEATHER TREE 60CM,weekday_seasonal_mean,statistical,14
21264,WHITE GOOSE FEATHER TREE 60CM,weekday_seasonal_mean,statistical,14
21268,VINTAGE BLUE TINSEL REEL,moving_average_7,statistical,14
21269,ANTIQUE CREAM CUTLERY SHELF,seasonal_naive_lag_7,statistical,14
21270,ANTIQUE CREAM CUTLERY CUPBOARD,moving_average_7,statistical,14
21272,UNKNOWN,moving_average_7,statistical,14
21274,EMBOSSED HEART 3 DRAWER SHELF,moving_average_7,statistical,14
21275,ZINC TOP 2 DOOR WOODEN SHELF,naive_lag_1,statistical,14
21277,FRENCH STYLE EMBOSSED HEART CABINET,weekday_seasonal_mean,statistical,14
21278,VINTAGE KITCHEN PRINT PUDDINGS,moving_average_7,statistical,14
21279,VINTAGE KITCHEN PRINT FRUITS,moving_average_7,statistical,14
21280,VINTAGE KITCHEN PRINT VEGETABLES,naive_lag_1,statistical,14
21281,VINTAGE KITCHEN PRINT SEAFOOD,naive_lag_1,statistical,14
21282,NATURAL BARK CANDLE LARGE,moving_average_7,statistical,14
21283,NATURAL BARK CANDLE SMALL,moving_average_7,statistical,14
21284,RETROSPOT CANDLE SMALL,seasonal_naive_lag_7,statistical,14
21285,RETROSPOT CANDLE MEDIUM,lstm,deep_learning,14
21286,RETROSPOT CANDLE LARGE,seasonal_naive_lag_7,statistical,14
21287,SCENTED VELVET LOUNGE CANDLE,weekday_seasonal_mean,statistical,14
21288,STRIPEY CHOCOLATE NESTING BOXES,moving_average_7,statistical,14
21289,LARGE STRIPES CHOCOLATE GIFT BAG,lstm,deep_learning,14
21291,SMALL POLKADOT CHOCOLATE GIFT BAG,lstm,deep_learning,14
21292,SMALL STRIPES CHOCOLATE GIFT BAG,seasonal_naive_lag_7,statistical,14
21293,MIRRORED DOVE WALL DECORATION,lstm,deep_learning,14
21294,ETCHED GLASS COASTER,moving_average_7,statistical,14
21306,SET/4 DAISY MIRROR MAGNETS,weekday_seasonal_mean,statistical,14
21307,SET/4 BUTTERFLY MIRROR MAGNETS,moving_average_7,statistical,14
21311,SET/4 BIRD MIRROR MAGNETS,lstm,deep_learning,14
21313,GLASS HEART T-LIGHT HOLDER,lstm,deep_learning,14
21314,SMALL GLASS HEART TRINKET POT,weekday_seasonal_mean,statistical,14
21316,SMALL CHUNKY GLASS ROMAN BOWL,moving_average_7,statistical,14
21317,GLASS SPHERE CANDLE STAND MEDIUM,moving_average_7,statistical,14
21318,GLASS CHALICE BLUE SMALL,moving_average_7,statistical,14
21319,adjustment,moving_average_7,statistical,14
21320,GLASS CHALICE GREEN LARGE,moving_average_7,statistical,14
21323,UNKNOWN,moving_average_7,statistical,14
21324,UNKNOWN,moving_average_7,statistical,14
21326,AGED GLASS SILVER T-LIGHT HOLDER,lightgbm,machine_learning,14
21327,SKULLS WRITING SET,weekday_seasonal_mean,statistical,14
21328,BALLOONS WRITING SET,seasonal_naive_lag_7,statistical,14
21329,DINOSAURS WRITING SET,seasonal_naive_lag_7,statistical,14
21330,WOODLAND ANIMAL WRITING SET,moving_average_7,statistical,14
21332,MOROCCAN BEATEN METAL MIRROR,moving_average_7,statistical,14
21333,CLASSIC WHITE FRAME,moving_average_7,statistical,14
21336,GOLD WASHBAG,moving_average_7,statistical,14
21340,CLASSIC METAL BIRDCAGE PLANT HOLDER,weekday_seasonal_mean,statistical,14
21348,UNKNOWN,moving_average_7,statistical,14
21349,check,moving_average_7,statistical,14
21350,UNKNOWN,moving_average_7,statistical,14
21351,CINAMMON & ORANGE WREATH,lstm,deep_learning,14
21352,EUCALYPTUS & PINECONE WREATH,naive_lag_1,statistical,14
21354,TOAST ITS - BEST MUM,lstm,deep_learning,14
21355,TOAST ITS - I LOVE YOU,naive_lag_1,statistical,14
21356,TOAST ITS - FAIRY FLOWER,weekday_seasonal_mean,statistical,14
21357,UNKNOWN,moving_average_7,statistical,14
21358,TOAST ITS - HAPPY BIRTHDAY,gru,deep_learning,14
21359,UNKNOWN,moving_average_7,statistical,14
21360,JOY LARGE WOOD LETTERS,moving_average_7,statistical,14
21361,LOVE LARGE WOOD LETTERS,moving_average_7,statistical,14
21363,HOME SMALL WOOD LETTERS,moving_average_7,statistical,14
21364,PEACE SMALL WOOD LETTERS,moving_average_7,statistical,14
21365,MIRRORED WALL ART STARS,weekday_seasonal_mean,statistical,14
21366,MIRRORED WALL ART PHOTO FRAMES,lstm,deep_learning,14
21367,MIRRORED WALL ART GENTS,weekday_seasonal_mean,statistical,14
21368,MIRRORED WALL ART LADIES,lstm,deep_learning,14
21371,MIRRORED WALL ART POPPIES,naive_lag_1,statistical,14
21372,MIRRORED WALL ART TABLE LAMP,lstm,deep_learning,14
21373,MIRRORED WALL ART SNOWFLAKES,weekday_seasonal_mean,statistical,14
21374,MIRRORED WALL ART SKULLS,naive_lag_1,statistical,14
21375,LARGE CAMPHOR WOOD FIELD MUSHROOM,moving_average_7,statistical,14
21376,LARGE TALL CAMPHOR WOOD TOADSTOOL,seasonal_naive_lag_7,statistical,14
21377,SMALL CAMPHOR WOOD FIELD MUSHROOM,naive_lag_1,statistical,14
21378,SMALL TALL CAMPHOR WOOD TOADSTOOL,naive_lag_1,statistical,14
21379,CAMPHOR WOOD PORTOBELLO MUSHROOM,naive_lag_1,statistical,14
21380,WOODEN HAPPY BIRTHDAY GARLAND,lstm,deep_learning,14
21381,MINI WOODEN HAPPY BIRTHDAY GARLAND,lstm,deep_learning,14
21382,SET/4 SPRING FLOWER DECORATION,seasonal_naive_lag_7,statistical,14
21383,PACK OF 12 STICKY BUNNIES,lstm,deep_learning,14
21384,UNKNOWN,moving_average_7,statistical,14
21385,IVORY HANGING DECORATION HEART,gru,deep_learning,14
21386,IVORY HANGING DECORATION EGG,naive_lag_1,statistical,14
21389,IVORY HANGING DECORATION BIRD,lstm,deep_learning,14
21390,FILIGRIS HEART WITH BUTTERFLY,lstm,deep_learning,14
21391,FRENCH LAVENDER SCENT HEART,seasonal_naive_lag_7,statistical,14
21392,RED POLKADOT PUDDING BOWL,moving_average_7,statistical,14
21393,UNKNOWN,moving_average_7,statistical,14
21394,UNKNOWN,lstm,deep_learning,14
21395,BLUE POLKADOT BEAKER,moving_average_7,statistical,14
21396,RED SPOTTY EGG CUP,moving_average_7,statistical,14
21397,BLUE POLKADOT EGG CUP,moving_average_7,statistical,14
21398,RED POLKADOT COFFEE MUG,moving_average_7,statistical,14
21399,BLUE POLKADOT COFFEE MUG,moving_average_7,statistical,14
21400,RED PUDDING SPOON,lstm,deep_learning,14
21401,BLUE PUDDING SPOON,lstm,deep_learning,14
21402,RED EGG SPOON,lstm,deep_learning,14
21403,BLUE EGG SPOON,lstm,deep_learning,14
21407,BROWN CHECK CAT DOORSTOP,seasonal_naive_lag_7,statistical,14
21408,SPOTTY PINK DUCK DOORSTOP,weekday_seasonal_mean,statistical,14
21410,COUNTRY COTTAGE DOORSTOP GREEN,moving_average_7,statistical,14
21411,GINGHAM HEART DOORSTOP RED,weekday_seasonal_mean,statistical,14
21412,VINTAGE GOLD TINSEL REEL,moving_average_7,statistical,14
21413,PERIWINKLE T-LIGHT HOLDER,lstm,deep_learning,14
21414,SCALLOP SHELL SOAP DISH,moving_average_7,statistical,14
21415,CLAM SHELL SMALL,lstm,deep_learning,14
21417,COCKLE SHELL DISH,lstm,deep_learning,14
21418,STARFISH SOAP DISH,moving_average_7,statistical,14
21421,PORCELAIN ROSE LARGE,moving_average_7,statistical,14
21422,PORCELAIN ROSE SMALL,lstm,deep_learning,14
21424,WOODLAND STORAGE BOX LARGE,moving_average_7,statistical,14
21425,SKULLS STORAGE BOX LARGE,naive_lag_1,statistical,14
21426,WOODLAND STORAGE BOX SMALL,lstm,deep_learning,14
21427,SKULLS STORAGE BOX SMALL,lstm,deep_learning,14
21428,SET3 BOOK BOX GREEN GINGHAM FLOWER,lstm,deep_learning,14
21429,RED GINGHAM ROSE JEWELLERY BOX,lightgbm,machine_learning,14
21430,SET/3 RED GINGHAM ROSE STORAGE BOX,moving_average_7,statistical,14
21431,GREEN GINGHAM FLOWER JEWELLERY BOX,moving_average_7,statistical,14
21432,SET OF 3 CASES WOODLAND DESIGN,moving_average_7,statistical,14
21437,24 HANGING EASTER EGGS FLORAL TUB,moving_average_7,statistical,14
21439,BASKET OF TOADSTOOLS,gru,deep_learning,14
21440,12 MINI TOADSTOOL PEGS,moving_average_7,statistical,14
21441,BLUE BIRDHOUSE DECORATION,lstm,deep_learning,14
21442,GREEN BIRDHOUSE DECORATION,lstm,deep_learning,14
21444,BLUE CHALET BIRDFEEDER,moving_average_7,statistical,14
21445,UNKNOWN,moving_average_7,statistical,14
21446,12 RED ROSE PEG PLACE SETTINGS,seasonal_naive_lag_7,statistical,14
21447,12 IVORY ROSE PEG PLACE SETTINGS,moving_average_7,statistical,14
21448,12 DAISY PEGS IN WOOD BOX,moving_average_7,statistical,14
21452,TOADSTOOL MONEY BOX,lstm,deep_learning,14
21454,PAINTED PINK RABBIT,moving_average_7,statistical,14
21455,PAINTED YELLOW WOODEN DAISY,moving_average_7,statistical,14
21456,2 PICTURE BOOK EGGS EASTER CHICKS,moving_average_7,statistical,14
21457,2 PICTURE BOOK EGGS EASTER DUCKS,naive_lag_1,statistical,14
21458,2 PICTURE BOOK EGGS EASTER BUNNY,naive_lag_1,statistical,14
21459,YELLOW EASTER EGG HUNT START POST,moving_average_7,statistical,14
21462,"NURSERY A,B,C PAINTED LETTERS",lstm,deep_learning,14
21463,MIRRORED DISCO BALL,weekday_seasonal_mean,statistical,14
21464,DISCO BALL ROTATOR BATTERY OPERATED,weekday_seasonal_mean,statistical,14
21465,PINK FLOWER CROCHET FOOD COVER,lstm,deep_learning,14
21466,RED FLOWER CROCHET FOOD COVER,lstm,deep_learning,14
21467,CHERRY CROCHET FOOD COVER,seasonal_naive_lag_7,statistical,14
21468,BUTTERFLY CROCHET FOOD COVER,seasonal_naive_lag_7,statistical,14
21469,POLKA DOT RAFFIA FOOD COVER,naive_lag_1,statistical,14
21470,FLOWER VINE RAFFIA FOOD COVER,lstm,deep_learning,14
21471,STRAWBERRY RAFFIA FOOD COVER,naive_lag_1,statistical,14
21472,UNKNOWN,moving_average_7,statistical,14
21473,SWEETHEART CREAM STEEL TABLE RECT,seasonal_naive_lag_7,statistical,14
21474,SWEETHEART CREAM STEEL FOLDIN BENCH,moving_average_7,statistical,14
21476,STEEL SWEETHEART ROUND TABLE CREAM,moving_average_7,statistical,14
21478,UNKNOWN,moving_average_7,statistical,14
21479,WHITE SKULL HOT WATER BOTTLE,weekday_seasonal_mean,statistical,14
21481,FAWN BLUE HOT WATER BOTTLE,weekday_seasonal_mean,statistical,14
21482,MUSHROOM BLUE HOT WATER BOTTLE,moving_average_7,statistical,14
21484,CHICK GREY HOT WATER BOTTLE,lightgbm,machine_learning,14
21485,RETROSPOT HEART HOT WATER BOTTLE,weekday_seasonal_mean,statistical,14
21486,PINK HEART DOTS HOT WATER BOTTLE,moving_average_7,statistical,14
21488,RED WHITE SCARF HOT WATER BOTTLE,moving_average_7,statistical,14
21491,UNKNOWN,moving_average_7,statistical,14
21494,ROTATING LEAVES T-LIGHT HOLDER,xgboost,machine_learning,14
21495,SKULLS AND CROSSBONES WRAP,weekday_seasonal_mean,statistical,14
21497,FANCY FONTS BIRTHDAY WRAP,gru,deep_learning,14
21498,RED RETROSPOT WRAP,xgboost,machine_learning,14
21499,BLUE POLKADOT WRAP,lstm,deep_learning,14
21500,PINK POLKADOT WRAP,lstm,deep_learning,14
21503,TOYBOX WRAP,naive_lag_1,statistical,14
21504,SKULLS GREETING CARD,seasonal_naive_lag_7,statistical,14
21506,"FANCY FONT BIRTHDAY CARD,",weekday_seasonal_mean,statistical,14
21507,ELEPHANT BIRTHDAY CARD,weekday_seasonal_mean,statistical,14
21508,VINTAGE KID DOLLY CARD,lstm,deep_learning,14
21509,COWBOYS AND INDIANS BIRTHDAY CARD,lstm,deep_learning,14
21518,BANK ACCOUNT GREETING CARD,moving_average_7,statistical,14
21519,GIN & TONIC DIET GREETING CARD,weekday_seasonal_mean,statistical,14
21520,BOOZE & WOMEN GREETING CARD,seasonal_naive_lag_7,statistical,14
21523,DOORMAT FANCY FONT HOME SWEET HOME,lightgbm,machine_learning,14
21524,DOORMAT SPOTTY HOME SWEET HOME,gru,deep_learning,14
21527,RED RETROSPOT TRADITIONAL TEAPOT,moving_average_7,statistical,14
21528,DAIRY MAID TRADITIONAL TEAPOT,lstm,deep_learning,14
21529,UNKNOWN,moving_average_7,statistical,14
21530,DAIRY MAID TOASTRACK,weekday_seasonal_mean,statistical,14
21531,RED RETROSPOT SUGAR JAM BOWL,xgboost,machine_learning,14
21532,UNKNOWN,moving_average_7,statistical,14
21533,RETROSPOT LARGE MILK JUG,lstm,deep_learning,14
21534,DAIRY MAID LARGE MILK JUG,seasonal_naive_lag_7,statistical,14
21535,RED RETROSPOT SMALL MILK JUG,gru,deep_learning,14
21536,DAIRY MAID SMALL MILK JUG,moving_average_7,statistical,14
21537,RED RETROSPOT PUDDING BOWL,lstm,deep_learning,14
21538,DAIRY MAID PUDDING BOWL,moving_average_7,statistical,14
21539,check,moving_average_7,statistical,14
21540,DAIRY MAID BUTTER DISH,moving_average_7,statistical,14
21541,DINOSAURS WATER TRANSFER TATTOOS,moving_average_7,statistical,14
21542,UNKNOWN,moving_average_7,statistical,14
21544,SKULLS WATER TRANSFER TATTOOS,weekday_seasonal_mean,statistical,14
21545,UNKNOWN,moving_average_7,statistical,14
21547,CERAMIC BIRDHOUSE CRESTED TIT SMALL,moving_average_7,statistical,14
21548,CERAMIC BIRDHOUSE FINCH BLUE ROOF,moving_average_7,statistical,14
21549,CERAMIC BIRDHOUSE RED ROOF SMALL,moving_average_7,statistical,14
21550,CERAMIC BIRDHOUSE CRESTED TIT LARGE,moving_average_7,statistical,14
21555,CERAMIC STRAWBERRY TRINKET TRAY,lstm,deep_learning,14
21556,CERAMIC STRAWBERRY MONEY BOX,seasonal_naive_lag_7,statistical,14
21557,SET OF 6 FUNKY BEAKERS,weekday_seasonal_mean,statistical,14
21558,SKULL LUNCH BOX WITH CUTLERY,weekday_seasonal_mean,statistical,14
21559,STRAWBERRY LUNCH BOX WITH CUTLERY,weekday_seasonal_mean,statistical,14
21561,DINOSAUR LUNCH BOX WITH CUTLERY,lstm,deep_learning,14
21562,HAWAIIAN GRASS SKIRT,lstm,deep_learning,14
21563,RED HEART SHAPE LOVE BUCKET,lstm,deep_learning,14
21564,PINK HEART SHAPE LOVE BUCKET,lstm,deep_learning,14
21576,LETS GO SHOPPING COTTON TOTE BAG,lstm,deep_learning,14
21577,SAVE THE PLANET COTTON TOTE BAG,seasonal_naive_lag_7,statistical,14
21578,WOODLAND DESIGN COTTON TOTE BAG,naive_lag_1,statistical,14
21579,LOLITA DESIGN COTTON TOTE BAG,lstm,deep_learning,14
21580,RABBIT DESIGN COTTON TOTE BAG,lstm,deep_learning,14
21581,SKULLS DESIGN COTTON TOTE BAG,lstm,deep_learning,14
21584,RETROSPOT SMALL TUBE MATCHES,weekday_seasonal_mean,statistical,14
21586,KINGS CHOICE GIANT TUBE MATCHES,naive_lag_1,statistical,14
21587,COSY HOUR GIANT TUBE MATCHES,moving_average_7,statistical,14
21588,RETROSPOT GIANT TUBE MATCHES,gru,deep_learning,14
21589,SWALLOW GIANT TUBE MATCHES,moving_average_7,statistical,14
21590,UNKNOWN,moving_average_7,statistical,14
21591,COSY HOUR CIGAR BOX MATCHES,weekday_seasonal_mean,statistical,14
21592,RETROSPOT CIGAR BOX MATCHES,moving_average_7,statistical,14
21593,SWALLOW CIGAR BOX MATCHES,moving_average_7,statistical,14
21609,SET 12 LAVENDER BOTANICAL T-LIGHTS,moving_average_7,statistical,14
21610,SET 12 PEAR BOTANICAL T-LIGHTS,moving_average_7,statistical,14
21611,SET OF 12 LILY BOTANICAL T-LIGHTS,moving_average_7,statistical,14
21612,SET 12 WILDFLOWER BOTANICAL T-LIGHT,moving_average_7,statistical,14
21613,S/12 VANILLA BOTANICAL T-LIGHTS,moving_average_7,statistical,14
21614,UNKNOWN,moving_average_7,statistical,14
21615,4 LAVENDER BOTANICAL DINNER CANDLES,lightgbm,machine_learning,14
21616,4 PEAR BOTANICAL DINNER CANDLES,xgboost,machine_learning,14
21617,4 LILY BOTANICAL DINNER CANDLES,weekday_seasonal_mean,statistical,14
21618,4 WILDFLOWER BOTANICAL CANDLES,naive_lag_1,statistical,14
21619,4 VANILLA BOTANICAL CANDLES,lstm,deep_learning,14
21620,SET OF 4 ROSE BOTANICAL CANDLES,weekday_seasonal_mean,statistical,14
21621,VINTAGE UNION JACK BUNTING,gru,deep_learning,14
21622,VINTAGE UNION JACK CUSHION COVER,naive_lag_1,statistical,14
21623,VINTAGE UNION JACK MEMOBOARD,lstm,deep_learning,14
21624,VINTAGE UNION JACK DOORSTOP,lstm,deep_learning,14
21625,VINTAGE UNION JACK APRON,lstm,deep_learning,14
21626,VINTAGE UNION JACK PENNANT,seasonal_naive_lag_7,statistical,14
21627,ELEPHANT CARNIVAL POUFFE,moving_average_7,statistical,14
21628,TRIANGULAR POUFFE VINTAGE,lstm,deep_learning,14
21629,SQUARE FLOOR CUSHION VINTAGE RED,seasonal_naive_lag_7,statistical,14
21630,FLOOR CUSHION ELEPHANT CARNIVAL,seasonal_naive_lag_7,statistical,14
21631,HIPPY CHIC DECORATIVE PARASOL,naive_lag_1,statistical,14
21632,UNKNOWN,moving_average_7,statistical,14
21633,SUNFLOWER DECORATIVE PARASOL,weekday_seasonal_mean,statistical,14
21634,ASSORTED MINI MADRAS NOTEBOOK,moving_average_7,statistical,14
21635,UNKNOWN,moving_average_7,statistical,14
21636,MADRAS NOTEBOOK MEDIUM,weekday_seasonal_mean,statistical,14
21637,ASSORTED SANSKRIT MINI NOTEBOOK,moving_average_7,statistical,14
21638,ASSORTED TUTTI FRUTTI NOTEBOOK,weekday_seasonal_mean,statistical,14
21640,ASSORTED TUTTI FRUTTI FOB NOTEBOOK,weekday_seasonal_mean,statistical,14
21641,ASSORTED TUTTI FRUTTI KEYRING BALL,moving_average_7,statistical,14
21642,ASSORTED TUTTI FRUTTI PEN,lightgbm,machine_learning,14
21643,ASSORTED TUTTI FRUTTI MIRROR,lstm,deep_learning,14
21644,ASSORTED TUTTI FRUTTI HEART BOX,lstm,deep_learning,14
21645,ASSORTED TUTTI FRUTTI ROUND BOX,moving_average_7,statistical,14
21647,ASSORTED TUTTI FRUTTI LARGE PURSE,lstm,deep_learning,14
21648,ASSORTED TUTTI FRUTTI SMALL PURSE,gru,deep_learning,14
21650,ASSORTED TUTTI FRUTTI BRACELET,lightgbm,machine_learning,14
21651,HANGING GLASS ETCHED TEALIGHT,moving_average_7,statistical,14
21652,GLASS ETCHED T-LIGHT HOLDER MEDIUM,moving_average_7,statistical,14
21653,GLASS ETCHED T-LIGHT HOLDER LARGE,moving_average_7,statistical,14
21654,RIDGED GLASS FINGER BOWL,moving_average_7,statistical,14
21655,UNKNOWN,moving_average_7,statistical,14
21656,RIDGED GLASS POSY VASE,moving_average_7,statistical,14
21657,MILK BOTTLE WITH GLASS STOPPER,moving_average_7,statistical,14
21658,UNKNOWN,moving_average_7,statistical,14
21659,UNKNOWN,moving_average_7,statistical,14
21661,VINTAGE GLASS TEA CADDY,moving_average_7,statistical,14
21662,UNKNOWN,moving_average_7,statistical,14
21664,RIDGED GLASS STORAGE JAR CREAM LID,moving_average_7,statistical,14
21665,TRIANGULAR RIDGED GLASS POSY HOLDER,moving_average_7,statistical,14
21666,RIDGED GLASS T-LIGHT HOLDER,lstm,deep_learning,14
21667,UNKNOWN,moving_average_7,statistical,14
21668,RED STRIPE CERAMIC DRAWER KNOB,lstm,deep_learning,14
21669,BLUE STRIPE CERAMIC DRAWER KNOB,gru,deep_learning,14
21670,BLUE SPOT CERAMIC DRAWER KNOB,lstm,deep_learning,14
21671,RED SPOT CERAMIC DRAWER KNOB,gru,deep_learning,14
21672,WHITE SPOT RED CERAMIC DRAWER KNOB,lstm,deep_learning,14
21673,WHITE SPOT BLUE CERAMIC DRAWER KNOB,lstm,deep_learning,14
21675,BUTTERFLIES STICKERS,lstm,deep_learning,14
21676,FLOWERS STICKERS,lstm,deep_learning,14
21677,HEARTS STICKERS,lstm,deep_learning,14
21678,PAISLEY PATTERN STICKERS,lstm,deep_learning,14
21679,SKULLS STICKERS,lstm,deep_learning,14
21680,WOODLAND STICKERS,seasonal_naive_lag_7,statistical,14
21681,GIANT MEDINA STAMPED METAL BOWL,moving_average_7,statistical,14
21682,LARGE MEDINA STAMPED METAL BOWL,naive_lag_1,statistical,14
21683,MEDIUM MEDINA STAMPED METAL BOWL,lstm,deep_learning,14
21684,SMALL MEDINA STAMPED METAL BOWL,seasonal_naive_lag_7,statistical,14
21686,MEDINA STAMPED METAL STOOL,moving_average_7,statistical,14
21687,UNKNOWN,moving_average_7,statistical,14
21688,SILVER PLATE CANDLE BOWL SMALL,lstm,deep_learning,14
21689,SILVER VANILLA FLOWER CANDLE POT,moving_average_7,statistical,14
21690,UNKNOWN,moving_average_7,statistical,14
21691,SILVER VANILLA FLOWER CANDLE POT,moving_average_7,statistical,14
21692,SILVER LATTICE VANILLA CANDLE POT,moving_average_7,statistical,14
21693,SMALL HAMMERED SILVER CANDLEPOT,lstm,deep_learning,14
21694,SMALL REGAL SILVER CANDLEPOT,lstm,deep_learning,14
21695,SMALL SILVER FLOWER CANDLE POT,lstm,deep_learning,14
21696,SMALL SILVER TRELLIS CANDLEPOT,seasonal_naive_lag_7,statistical,14
21698,MOCK LOBSTER FRIDGE MAGNET,naive_lag_1,statistical,14
21700,BIG DOUGHNUT FRIDGE MAGNETS,naive_lag_1,statistical,14
21703,BAG 125g SWIRLY MARBLES,weekday_seasonal_mean,statistical,14
21704,BAG 250g SWIRLY MARBLES,gru,deep_learning,14
21705,BAG 500g SWIRLY MARBLES,weekday_seasonal_mean,statistical,14
21706,FOLDING UMBRELLA RED/WHITE POLKADOT,seasonal_naive_lag_7,statistical,14
21707,FOLDING UMBRELLA BLACKBLUE POLKADOT,gru,deep_learning,14
21708,FOLDING UMBRELLA CREAM POLKADOT,seasonal_naive_lag_7,statistical,14
21709,FOLDING UMBRELLA CHOCOLATE POLKADOT,naive_lag_1,statistical,14
21710,FOLDING UMBRELLA PINKWHITE POLKADOT,lstm,deep_learning,14
21711,FOLDING UMBRELLA WHITE/RED POLKADOT,lstm,deep_learning,14
21713,CITRONELLA CANDLE FLOWERPOT,lstm,deep_learning,14
21714,CITRONELLA CANDLE GARDEN POT,seasonal_naive_lag_7,statistical,14
21715,GIRLS VINTAGE TIN SEASIDE BUCKET,naive_lag_1,statistical,14
21716,BOYS VINTAGE TIN SEASIDE BUCKET,lstm,deep_learning,14
21717,UNKNOWN,moving_average_7,statistical,14
21718,RED METAL BEACH SPADE,gru,deep_learning,14
21719,LOVELY BONBON STICKER SHEET,lstm,deep_learning,14
21720,CAKE SHOP STICKER SHEET,moving_average_7,statistical,14
21721,CANDY SHOP STICKER SHEET,moving_average_7,statistical,14
21722,SWEET PUDDING STICKER SHEET,naive_lag_1,statistical,14
21723,ALPHABET HEARTS STICKER SHEET,naive_lag_1,statistical,14
21724,PANDA AND BUNNIES STICKER SHEET,lstm,deep_learning,14
21725,SWEETIES STICKERS,naive_lag_1,statistical,14
21726,MULTI HEARTS STICKERS,naive_lag_1,statistical,14
21728,UNKNOWN,moving_average_7,statistical,14
21730,GLASS STAR FROSTED T-LIGHT HOLDER,weekday_seasonal_mean,statistical,14
21731,RED TOADSTOOL LED NIGHT LIGHT,weekday_seasonal_mean,statistical,14
21732,RED HANGING METAL STAR TLIGHT HLDR,moving_average_7,statistical,14
21733,RED HANGING HEART T-LIGHT HOLDER,xgboost,machine_learning,14
21735,TWO DOOR CURIO CABINET,moving_average_7,statistical,14
21737,SET 3 WICKER LOG BASKETS,moving_average_7,statistical,14
21738,COSY SLIPPER SHOES SMALL RED,moving_average_7,statistical,14
21739,COSY SLIPPER SHOES SMALL GREEN,lightgbm,machine_learning,14
21741,COSY SLIPPER SHOES LARGE GREEN,naive_lag_1,statistical,14
21742,LARGE ROUND WICKER PLATTER,weekday_seasonal_mean,statistical,14
21743,STAR PORTABLE TABLE LIGHT,moving_average_7,statistical,14
21744,SNOWFLAKE PORTABLE TABLE LIGHT,moving_average_7,statistical,14
21745,GAOLERS KEYS DECORATIVE GARDEN,weekday_seasonal_mean,statistical,14
21746,SMALL RED RETROSPOT WINDMILL,lstm,deep_learning,14
21747,SMALL SKULL WINDMILL,moving_average_7,statistical,14
21749,LARGE RED RETROSPOT WINDMILL,lstm,deep_learning,14
21750,LARGE SKULL WINDMILL,naive_lag_1,statistical,14
21752,GLASS CAKE STAND MIRRORED BASE,moving_average_7,statistical,14
21754,HOME BUILDING BLOCK WORD,weekday_seasonal_mean,statistical,14
21755,LOVE BUILDING BLOCK WORD,gru,deep_learning,14
21756,BATH BUILDING BLOCK WORD,lstm,deep_learning,14
21757,LIGHTHOUSE PRINTED METAL SIGN,moving_average_7,statistical,14
21758,VINTAGE SHELLS PRINT,weekday_seasonal_mean,statistical,14
21765,HANGING METAL BIRD BATH,moving_average_7,statistical,14
21768,UNKNOWN,moving_average_7,statistical,14
21769,VINTAGE POST OFFICE CABINET,moving_average_7,statistical,14
21770,OPEN CLOSED METAL SIGN,lstm,deep_learning,14
21773,DECORATIVE ROSE BATHROOM BOTTLE,lstm,deep_learning,14
21774,DECORATIVE CATS BATHROOM BOTTLE,gru,deep_learning,14
21775,DECORATIVE FLORE BATHROOM BOTTLE,weekday_seasonal_mean,statistical,14
21777,UNKNOWN,moving_average_7,statistical,14
21781,MA CAMPAGNE CUTLERY BOX,moving_average_7,statistical,14
21784,UNKNOWN,moving_average_7,statistical,14
21785,RAIN PONCHO,moving_average_7,statistical,14
21786,POLKADOT RAIN HAT,lstm,deep_learning,14
21787,RAIN PONCHO RETROSPOT,weekday_seasonal_mean,statistical,14
21788,KIDS RAIN MAC BLUE,gru,deep_learning,14
21789,KIDS RAIN MAC PINK,lstm,deep_learning,14
21790,VINTAGE SNAP CARDS,seasonal_naive_lag_7,statistical,14
21791,VINTAGE HEADS AND TAILS CARD GAME,weekday_seasonal_mean,statistical,14
21792,CLASSIC FRENCH STYLE BASKET GREEN,moving_average_7,statistical,14
21793,CLASSIC FRENCH STYLE BASKET BROWN,weekday_seasonal_mean,statistical,14
21794,adjustment,moving_average_7,statistical,14
21795,UNKNOWN,moving_average_7,statistical,14
21796,UNKNOWN,moving_average_7,statistical,14
21801,CHRISTMAS TREE DECORATION WITH BELL,moving_average_7,statistical,14
21802,CHRISTMAS TREE HEART DECORATION,naive_lag_1,statistical,14
21803,CHRISTMAS TREE STAR DECORATION,weekday_seasonal_mean,statistical,14
21804,dotcom,lstm,deep_learning,14
21805,WHITE CHRISTMAS TREE DECORATION,moving_average_7,statistical,14
21806,WHITE CHRISTMAS HEART DECORATION,moving_average_7,statistical,14
21807,WHITE CHRISTMAS STAR DECORATION,seasonal_naive_lag_7,statistical,14
21808,"CHRISTMAS GARLAND STARS,TREES",weekday_seasonal_mean,statistical,14
21809,CHRISTMAS HANGING TREE WITH BELL,lstm,deep_learning,14
21810,CHRISTMAS HANGING STAR WITH BELL,gru,deep_learning,14
21811,UNKNOWN,weekday_seasonal_mean,statistical,14
21812,GARLAND WITH HEARTS AND BELLS,weekday_seasonal_mean,statistical,14
21813,GARLAND WITH STARS AND BELLS,seasonal_naive_lag_7,statistical,14
21814,HEART T-LIGHT HOLDER,lstm,deep_learning,14
21815,STAR T-LIGHT HOLDER,lstm,deep_learning,14
21816,CHRISTMAS TREE T-LIGHT HOLDER,lstm,deep_learning,14
21817,GLITTER CHRISTMAS TREE,naive_lag_1,statistical,14
21818,GLITTER HEART DECORATION,xgboost,machine_learning,14
21819,GLITTER CHRISTMAS STAR,lightgbm,machine_learning,14
21820,GLITTER HEART GARLAND WITH BELLS,weekday_seasonal_mean,statistical,14
21821,GLITTER STAR GARLAND WITH BELLS,lightgbm,machine_learning,14
21822,GLITTER CHRISTMAS TREE WITH BELLS,xgboost,machine_learning,14
21823,amazon adjust,lstm,deep_learning,14
21824,PAINTED METAL STAR WITH HOLLY BELLS,naive_lag_1,statistical,14
21825,PAINTED METAL TREE WITH HOLLY BELLS,moving_average_7,statistical,14
21826,UNKNOWN,moving_average_7,statistical,14
21827,EIGHT PIECE CREEPY CRAWLIE SET,moving_average_7,statistical,14
21828,EIGHT PIECE SNAKE SET,seasonal_naive_lag_7,statistical,14
21829,adjustment,moving_average_7,statistical,14
21830,ASSORTED CREEPY CRAWLIES,seasonal_naive_lag_7,statistical,14
21832,CHOCOLATE CALCULATOR,weekday_seasonal_mean,statistical,14
21833,CAMOUFLAGE LED TORCH,lightgbm,machine_learning,14
21836,GINGHAM OVEN GLOVE RED HEART,moving_average_7,statistical,14
21837,UNKNOWN,moving_average_7,statistical,14
21839,MUMMY MOUSE RED GINGHAM RIBBON,moving_average_7,statistical,14
21841,BABY MOUSE RED GINGHAM DRESS,lstm,deep_learning,14
21843,RED RETROSPOT CAKE STAND,gru,deep_learning,14
21844,RED RETROSPOT MUG,naive_lag_1,statistical,14
21845,DAIRY MAID STRIPE MUG,lstm,deep_learning,14
21846,PINK DIAMANTE PEN IN GIFT BOX,lstm,deep_learning,14
21847,GREEN DIAMANTE PEN IN GIFT BOX,naive_lag_1,statistical,14
21849,SILVER DIAMANTE PEN IN GIFT BOX,lstm,deep_learning,14
21850,BLUE DIAMANTE PEN IN GIFT BOX,seasonal_naive_lag_7,statistical,14
21851,LILAC DIAMANTE PEN IN GIFT BOX,naive_lag_1,statistical,14
21864,UNION JACK FLAG PASSPORT COVER,gru,deep_learning,14
21865,PINK UNION JACK PASSPORT COVER,gru,deep_learning,14
21866,UNION JACK FLAG LUGGAGE TAG,lstm,deep_learning,14
21867,PINK UNION JACK LUGGAGE TAG,gru,deep_learning,14
21868,POTTING SHED TEA MUG,gru,deep_learning,14
21869,UNKNOWN,moving_average_7,statistical,14
21870,I CAN ONLY PLEASE ONE PERSON MUG,moving_average_7,statistical,14
21871,SAVE THE PLANET MUG,lstm,deep_learning,14
21872,GLAMOROUS MUG,gru,deep_learning,14
21873,IF YOU CAN'T STAND THE HEAT MUG,gru,deep_learning,14
21874,GIN AND TONIC MUG,lstm,deep_learning,14
21875,KINGS CHOICE MUG,lstm,deep_learning,14
21876,POTTERING MUG,lstm,deep_learning,14
21877,HOME SWEET HOME MUG,lstm,deep_learning,14
21878,PACK OF 6 SANDCASTLE FLAGS ASSORTED,lstm,deep_learning,14
21879,HEARTS GIFT TAPE,moving_average_7,statistical,14
21880,RED RETROSPOT TAPE,lstm,deep_learning,14
21881,CUTE CATS TAPE,lstm,deep_learning,14
21882,SKULLS TAPE,lstm,deep_learning,14
21883,STARS GIFT TAPE,lstm,deep_learning,14
21884,CAKES AND BOWS GIFT TAPE,lstm,deep_learning,14
21888,BINGO SET,weekday_seasonal_mean,statistical,14
21889,WOODEN BOX OF DOMINOES,seasonal_naive_lag_7,statistical,14
21890,S/6 WOODEN SKITTLES IN COTTON BAG,weekday_seasonal_mean,statistical,14
21891,TRADITIONAL WOODEN SKIPPING ROPE,weekday_seasonal_mean,statistical,14
21892,TRADITIONAL WOODEN CATCH CUP GAME,xgboost,machine_learning,14
21894,POTTING SHED SEED ENVELOPES,gru,deep_learning,14
21895,POTTING SHED SOW 'N' GROW SET,moving_average_7,statistical,14
21896,POTTING SHED TWINE,lstm,deep_learning,14
21897,UNKNOWN,moving_average_7,statistical,14
21898,UNKNOWN,moving_average_7,statistical,14
21899,GARAGE KEY FOB,lstm,deep_learning,14
21900,"KEY FOB , SHED",gru,deep_learning,14
21901,"KEY FOB , BACK DOOR",gru,deep_learning,14
21902,"KEY FOB , FRONT DOOR",gru,deep_learning,14
21903,MAN FLU METAL SIGN,lstm,deep_learning,14
21904,UNKNOWN,moving_average_7,statistical,14
21905,MORE BUTTER METAL SIGN,gru,deep_learning,14
21906,PHARMACIE FIRST AID TIN,seasonal_naive_lag_7,statistical,14
21907,I'M ON HOLIDAY METAL SIGN,gru,deep_learning,14
21908,CHOCOLATE THIS WAY METAL SIGN,seasonal_naive_lag_7,statistical,14
21910,WAY OUT METAL SIGN,moving_average_7,statistical,14
21911,UNKNOWN,moving_average_7,statistical,14
21912,VINTAGE SNAKES & LADDERS,weekday_seasonal_mean,statistical,14
21913,VINTAGE SEASIDE JIGSAW PUZZLES,lstm,deep_learning,14
21914,BLUE HARMONICA IN BOX,lightgbm,machine_learning,14
21915,RED HARMONICA IN BOX,lstm,deep_learning,14
21916,SET 12 RETRO WHITE CHALK STICKS,lightgbm,machine_learning,14
21917,SET 12 KIDS WHITE CHALK STICKS,weekday_seasonal_mean,statistical,14
21918,SET 12 KIDS COLOUR CHALK STICKS,lightgbm,machine_learning,14
21922,UNION STRIPE WITH FRINGE HAMMOCK,naive_lag_1,statistical,14
21923,UNKNOWN,moving_average_7,statistical,14
21924,UNKNOWN,moving_average_7,statistical,14
21925,UNION STRIPE CUSHION COVER,naive_lag_1,statistical,14
21926,RED/CREAM STRIPE CUSHION COVER,lstm,deep_learning,14
21927,BLUE/CREAM STRIPE CUSHION COVER,weekday_seasonal_mean,statistical,14
21928,JUMBO BAG SCANDINAVIAN BLUE PAISLEY,gru,deep_learning,14
21929,JUMBO BAG PINK VINTAGE PAISLEY,lstm,deep_learning,14
21930,JUMBO STORAGE BAG SKULLS,weekday_seasonal_mean,statistical,14
21931,JUMBO STORAGE BAG SUKI,gru,deep_learning,14
21932,SCANDINAVIAN PAISLEY PICNIC BAG,lstm,deep_learning,14
21933,PINK VINTAGE PAISLEY PICNIC BAG,seasonal_naive_lag_7,statistical,14
21934,SKULL SHOULDER BAG,lightgbm,machine_learning,14
21935,SUKI SHOULDER BAG,lightgbm,machine_learning,14
21936,RED RETROSPOT PICNIC BAG,gru,deep_learning,14
21937,STRAWBERRY PICNIC BAG,seasonal_naive_lag_7,statistical,14
21942,SKULLS DESIGN FLANNEL,lstm,deep_learning,14
21943,CAKES AND RABBITS DESIGN FLANNEL,seasonal_naive_lag_7,statistical,14
21944,KITTENS DESIGN FLANNEL,lstm,deep_learning,14
21945,STRAWBERRIES DESIGN FLANNEL,gru,deep_learning,14
21946,PARTY TIME DESIGN FLANNEL,seasonal_naive_lag_7,statistical,14
21947,SET OF 6 HEART CHOPSTICKS,weekday_seasonal_mean,statistical,14
21948,SET OF 6 CAKE CHOPSTICKS,gru,deep_learning,14
21949,SET OF 6 STRAWBERRY CHOPSTICKS,gru,deep_learning,14
21955,DOORMAT UNION JACK GUNS AND ROSES,seasonal_naive_lag_7,statistical,14
21967,PACK OF 12 SKULL TISSUES,lstm,deep_learning,14
21972,SET OF 36 DINOSAUR PAPER DOILIES,lstm,deep_learning,14
21973,SET OF 36 MUSHROOM PAPER DOILIES,naive_lag_1,statistical,14
21974,SET OF 36 PAISLEY FLOWER DOILIES,weekday_seasonal_mean,statistical,14
21975,PACK OF 60 DINOSAUR CAKE CASES,seasonal_naive_lag_7,statistical,14
21976,PACK OF 60 MUSHROOM CAKE CASES,lstm,deep_learning,14
21977,PACK OF 60 PINK PAISLEY CAKE CASES,xgboost,machine_learning,14
21980,PACK OF 12 RED RETROSPOT TISSUES,lightgbm,machine_learning,14
21981,PACK OF 12 WOODLAND TISSUES,gru,deep_learning,14
21982,PACK OF 12 SUKI TISSUES,seasonal_naive_lag_7,statistical,14
21983,PACK OF 12 BLUE PAISLEY TISSUES,gru,deep_learning,14
21984,PACK OF 12 PINK PAISLEY TISSUES,lstm,deep_learning,14
21985,PACK OF 12 HEARTS DESIGN TISSUES,lightgbm,machine_learning,14
21986,PACK OF 12 PINK POLKADOT TISSUES,lstm,deep_learning,14
21987,PACK OF 6 SKULL PAPER CUPS,weekday_seasonal_mean,statistical,14
21988,PACK OF 6 SKULL PAPER PLATES,lstm,deep_learning,14
21989,PACK OF 20 SKULL PAPER NAPKINS,lightgbm,machine_learning,14
21990,MODERN FLORAL STATIONERY SET,lightgbm,machine_learning,14
21991,BOHEMIAN COLLAGE STATIONERY SET,weekday_seasonal_mean,statistical,14
21992,check,lstm,deep_learning,14
21993,FLORAL FOLK STATIONERY SET,xgboost,machine_learning,14
22021,BLUE FELT EASTER EGG BASKET,moving_average_7,statistical,14
22023,EMPIRE BIRTHDAY CARD,lstm,deep_learning,14
22024,RAINY LADIES BIRTHDAY CARD,gru,deep_learning,14
22025,RING OF ROSES BIRTHDAY CARD,lstm,deep_learning,14
22026,BANQUET BIRTHDAY CARD,naive_lag_1,statistical,14
22027,TEA PARTY BIRTHDAY CARD,weekday_seasonal_mean,statistical,14
22028,PENNY FARTHING BIRTHDAY CARD,weekday_seasonal_mean,statistical,14
22029,SPACEBOY BIRTHDAY CARD,seasonal_naive_lag_7,statistical,14
22030,SWALLOWS GREETING CARD,weekday_seasonal_mean,statistical,14
22031,BOTANICAL LAVENDER BIRTHDAY CARD,lstm,deep_learning,14
22032,BOTANICAL LILY GREETING CARD,lstm,deep_learning,14
22033,BOTANICAL ROSE GREETING CARD,seasonal_naive_lag_7,statistical,14
22034,ROBIN CHRISTMAS CARD,seasonal_naive_lag_7,statistical,14
22035,VINTAGE CARAVAN GREETING CARD,moving_average_7,statistical,14
22036,DINOSAUR BIRTHDAY CARD,moving_average_7,statistical,14
22037,ROBOT BIRTHDAY CARD,lightgbm,machine_learning,14
22038,BOTANICAL LAVENDER GIFT WRAP,lstm,deep_learning,14
22040,BOTANICAL ROSE GIFT WRAP,lstm,deep_learning,14
22041,"RECORD FRAME 7"" SINGLE SIZE",lstm,deep_learning,14
22042,CHRISTMAS CARD SINGING ANGEL,lstm,deep_learning,14
22043,CHRISTMAS CARD SCREEN PRINT,weekday_seasonal_mean,statistical,14
22044,CHRISTMAS CARD STACK OF PRESENTS,naive_lag_1,statistical,14
22045,SPACEBOY GIFT WRAP,weekday_seasonal_mean,statistical,14
22046,TEA PARTY WRAPPING PAPER,lstm,deep_learning,14
22047,EMPIRE GIFT WRAP,lstm,deep_learning,14
22048,BIRTHDAY BANQUET GIFT WRAP,naive_lag_1,statistical,14
22049,WRAP CHRISTMAS SCREEN PRINT,moving_average_7,statistical,14
22050,PINK PAISLEY ROSE GIFT WRAP,naive_lag_1,statistical,14
22051,BLUE SCANDINAVIAN PAISLEY WRAP,lstm,deep_learning,14
22052,VINTAGE CARAVAN GIFT WRAP,moving_average_7,statistical,14
22053,EMPIRE DESIGN ROSETTE,naive_lag_1,statistical,14
22054,MINI CAKE STAND HANGING HEARTS,moving_average_7,statistical,14
22055,MINI CAKE STAND HANGING STRAWBERY,gru,deep_learning,14
22056,CERAMIC PLATE LOVE HEART DESIGN,moving_average_7,statistical,14
22057,CERAMIC PLATE STRAWBERRY DESIGN,lstm,deep_learning,14
22058,CERAMIC LOVE HEARTS DESIGN MUG,moving_average_7,statistical,14
22059,CERAMIC STRAWBERRY DESIGN MUG,lstm,deep_learning,14
22060,LARGE CAKE STAND HANGING HEARTS,moving_average_7,statistical,14
22061,LARGE CAKE STAND HANGING STRAWBERY,lstm,deep_learning,14
22062,UNKNOWN,moving_average_7,statistical,14
22063,CERAMIC BOWL WITH STRAWBERRY DESIGN,lstm,deep_learning,14
22064,PINK DOUGHNUT TRINKET POT,weekday_seasonal_mean,statistical,14
22065,CHRISTMAS PUDDING TRINKET POT,seasonal_naive_lag_7,statistical,14
22066,LOVE HEART TRINKET POT,weekday_seasonal_mean,statistical,14
22067,CHOC TRUFFLE GOLD TRINKET POT,lstm,deep_learning,14
22068,BLACK PIRATE TREASURE CHEST,weekday_seasonal_mean,statistical,14
22069,BROWN PIRATE TREASURE CHEST,weekday_seasonal_mean,statistical,14
22070,SMALL RED RETROSPOT MUG IN BOX,weekday_seasonal_mean,statistical,14
22071,SMALL WHITE RETROSPOT MUG IN BOX,weekday_seasonal_mean,statistical,14
22072,RED RETROSPOT TEA CUP AND SAUCER,lstm,deep_learning,14
22073,RED RETROSPOT STORAGE JAR,moving_average_7,statistical,14
22074,6 RIBBONS SHIMMERING PINKS,lstm,deep_learning,14
22075,6 RIBBONS ELEGANT CHRISTMAS,lightgbm,machine_learning,14
22076,6 RIBBONS EMPIRE,weekday_seasonal_mean,statistical,14
22077,6 RIBBONS RUSTIC CHARM,weekday_seasonal_mean,statistical,14
22078,RIBBON REEL LACE DESIGN,lstm,deep_learning,14
22079,RIBBON REEL HEARTS DESIGN,weekday_seasonal_mean,statistical,14
22080,RIBBON REEL POLKADOTS,weekday_seasonal_mean,statistical,14
22081,RIBBON REEL FLORA + FAUNA,lstm,deep_learning,14
22082,RIBBON REEL STRIPES DESIGN,weekday_seasonal_mean,statistical,14
22083,PAPER CHAIN KIT RETROSPOT,weekday_seasonal_mean,statistical,14
22084,PAPER CHAIN KIT EMPIRE,moving_average_7,statistical,14
22085,PAPER CHAIN KIT SKULLS,seasonal_naive_lag_7,statistical,14
22086,PAPER CHAIN KIT 50'S CHRISTMAS,lightgbm,machine_learning,14
22087,PAPER BUNTING WHITE LACE,weekday_seasonal_mean,statistical,14
22088,UNKNOWN,moving_average_7,statistical,14
22089,PAPER BUNTING VINTAGE PAISLEY,naive_lag_1,statistical,14
22090,PAPER BUNTING RETROSPOT,gru,deep_learning,14
22091,EMPIRE TISSUE BOX,lstm,deep_learning,14
22092,BLUE PAISLEY TISSUE BOX,weekday_seasonal_mean,statistical,14
22093,MOTORING TISSUE BOX,weekday_seasonal_mean,statistical,14
22094,RED RETROSPOT TISSUE BOX,lstm,deep_learning,14
22095,LADS ONLY TISSUE BOX,weekday_seasonal_mean,statistical,14
22096,PINK PAISLEY SQUARE TISSUE BOX,lstm,deep_learning,14
22097,SWALLOW SQUARE TISSUE BOX,weekday_seasonal_mean,statistical,14
22098,BOUDOIR SQUARE TISSUE BOX,lstm,deep_learning,14
22099,CARAVAN SQUARE TISSUE BOX,lstm,deep_learning,14
22100,SKULLS SQUARE TISSUE BOX,lstm,deep_learning,14
22101,MIRROR MOSAIC VOTIVE HOLDER,lstm,deep_learning,14
22102,MIRROR MOSAIC T-LIGHT HOLDER,lstm,deep_learning,14
22103,MIRROR MOSAIC T-LIGHT HOLDER ROUND,moving_average_7,statistical,14
22104,MIRROR MOSAIC CANDLE PLATE,lstm,deep_learning,14
22105,MIRROR MOSAIC GOBLET CANDLE HOLDER,moving_average_7,statistical,14
22106,MIRROR MOSAIC HURRICANE LAMP,seasonal_naive_lag_7,statistical,14
22107,PIZZA PLATE IN BOX,lightgbm,machine_learning,14
22108,PING! MICROWAVE PLATE,weekday_seasonal_mean,statistical,14
22109,FULL ENGLISH BREAKFAST PLATE,naive_lag_1,statistical,14
22110,BIRD HOUSE HOT WATER BOTTLE,weekday_seasonal_mean,statistical,14
22111,SCOTTIE DOG HOT WATER BOTTLE,weekday_seasonal_mean,statistical,14
22112,CHOCOLATE HOT WATER BOTTLE,seasonal_naive_lag_7,statistical,14
22113,GREY HEART HOT WATER BOTTLE,lightgbm,machine_learning,14
22114,HOT WATER BOTTLE TEA AND SYMPATHY,seasonal_naive_lag_7,statistical,14
22115,METAL SIGN EMPIRE TEA,weekday_seasonal_mean,statistical,14
22116,METAL SIGN HIS DINNER IS SERVED,weekday_seasonal_mean,statistical,14
22117,METAL SIGN HER DINNER IS SERVED,naive_lag_1,statistical,14
22118,JOY WOODEN BLOCK LETTERS,lstm,deep_learning,14
22119,PEACE WOODEN BLOCK LETTERS,gru,deep_learning,14
22120,WELCOME WOODEN BLOCK LETTERS,weekday_seasonal_mean,statistical,14
22121,NOEL WOODEN BLOCK LETTERS,weekday_seasonal_mean,statistical,14
22122,SET OF 2 FANCY FONT TEA TOWELS,moving_average_7,statistical,14
22123,PING MICROWAVE APRON,weekday_seasonal_mean,statistical,14
22124,SET OF 2 TEA TOWELS PING MICROWAVE,lstm,deep_learning,14
22125,UNKNOWN,lstm,deep_learning,14
22127,PARTY CONES CARNIVAL ASSORTED,moving_average_7,statistical,14
22128,PARTY CONES CANDY ASSORTED,lstm,deep_learning,14
22129,PARTY CONES CANDY DECORATION,lstm,deep_learning,14
22130,PARTY CONE CHRISTMAS DECORATION,weekday_seasonal_mean,statistical,14
22131,FOOD CONTAINER SET 3 LOVE HEART,gru,deep_learning,14
22132,RED LOVE HEART SHAPE CUP,lstm,deep_learning,14
22133,PINK LOVE HEART SHAPE CUP,naive_lag_1,statistical,14
22134,MINI LADLE LOVE HEART RED,lstm,deep_learning,14
22135,MINI LADLE LOVE HEART PINK,weekday_seasonal_mean,statistical,14
22136,LOVE HEART SOCK HANGER,moving_average_7,statistical,14
22137,BATHROOM SET LOVE HEART DESIGN,moving_average_7,statistical,14
22138,BAKING SET 9 PIECE RETROSPOT,lightgbm,machine_learning,14
22139,RETROSPOT TEA SET CERAMIC 11 PC,xgboost,machine_learning,14
22141,CHRISTMAS CRAFT TREE TOP ANGEL,lightgbm,machine_learning,14
22142,CHRISTMAS CRAFT WHITE FAIRY,lightgbm,machine_learning,14
22143,CHRISTMAS CRAFT HEART DECORATIONS,moving_average_7,statistical,14
22144,CHRISTMAS CRAFT LITTLE FRIENDS,moving_average_7,statistical,14
22145,UNKNOWN,moving_average_7,statistical,14
22146,EASTER CRAFT IVY WREATH WITH CHICK,moving_average_7,statistical,14
22147,FELTCRAFT BUTTERFLY HEARTS,lstm,deep_learning,14
22148,EASTER CRAFT 4 CHICKS,lstm,deep_learning,14
22149,check,lstm,deep_learning,14
22150,3 STRIPEY MICE FELTCRAFT,lightgbm,machine_learning,14
22151,PLACE SETTING WHITE HEART,lightgbm,machine_learning,14
22152,PLACE SETTING WHITE STAR,seasonal_naive_lag_7,statistical,14
22153,ANGEL DECORATION STARS ON DRESS,lightgbm,machine_learning,14
22154,ANGEL DECORATION 3 BUTTONS,lightgbm,machine_learning,14
22155,STAR DECORATION RUSTIC,weekday_seasonal_mean,statistical,14
22156,HEART DECORATION WITH PEARLS,lstm,deep_learning,14
22157,ANGEL DECORATION WITH LACE PADDED,moving_average_7,statistical,14
22158,3 HEARTS HANGING DECORATION RUSTIC,weekday_seasonal_mean,statistical,14
22161,HEART DECORATION RUSTIC HANGING,weekday_seasonal_mean,statistical,14
22162,HEART GARLAND RUSTIC PADDED,lstm,deep_learning,14
22163,HEART STRING MEMO HOLDER HANGING,weekday_seasonal_mean,statistical,14
22164,STRING OF STARS CARD HOLDER,naive_lag_1,statistical,14
22165,"DIAMANTE HEART SHAPED WALL MIRROR,",seasonal_naive_lag_7,statistical,14
22166,WALL MIRROR RECTANGLE DIAMANTE PINK,lstm,deep_learning,14
22167,OVAL WALL MIRROR DIAMANTE,moving_average_7,statistical,14
22168,ORGANISER WOOD ANTIQUE WHITE,moving_average_7,statistical,14
22169,FAMILY ALBUM WHITE PICTURE FRAME,weekday_seasonal_mean,statistical,14
22170,PICTURE FRAME WOOD TRIPLE PORTRAIT,naive_lag_1,statistical,14
22171,3 HOOK PHOTO SHELF ANTIQUE WHITE,lstm,deep_learning,14
22172,METAL SHELF WITH RAIL,moving_average_7,statistical,14
22173,METAL 4 HOOK HANGER FRENCH CHATEAU,weekday_seasonal_mean,statistical,14
22174,PHOTO CUBE,weekday_seasonal_mean,statistical,14
22175,PINK OWL SOFT TOY,weekday_seasonal_mean,statistical,14
22176,amazon,moving_average_7,statistical,14
22177,5 HOOK BLACKBOARD ORGANISER,moving_average_7,statistical,14
22178,VICTORIAN GLASS HANGING T-LIGHT,weekday_seasonal_mean,statistical,14
22179,SET 10 NIGHT OWL LIGHTS,seasonal_naive_lag_7,statistical,14
22180,RETROSPOT LAMP,naive_lag_1,statistical,14
22181,SNOWSTORM PHOTO FRAME FRIDGE MAGNET,lstm,deep_learning,14
22182,CAKE STAND VICTORIAN FILIGREE SMALL,lstm,deep_learning,14
22183,CAKE STAND VICTORIAN FILIGREE MED,naive_lag_1,statistical,14
22184,CAKE STAND VICTORIAN FILIGREE LARGE,moving_average_7,statistical,14
22185,SLATE TILE NATURAL HANGING,lstm,deep_learning,14
22186,RED STAR CARD HOLDER,lightgbm,machine_learning,14
22187,GREEN CHRISTMAS TREE CARD HOLDER,moving_average_7,statistical,14
22188,BLACK HEART CARD HOLDER,lstm,deep_learning,14
22189,CREAM HEART CARD HOLDER,lstm,deep_learning,14
22190,LOCAL CAFE MUG,lstm,deep_learning,14
22191,IVORY DINER WALL CLOCK,weekday_seasonal_mean,statistical,14
22192,BLUE DINER WALL CLOCK,weekday_seasonal_mean,statistical,14
22193,RED DINER WALL CLOCK,weekday_seasonal_mean,statistical,14
22194,UNKNOWN,moving_average_7,statistical,14
22195,LARGE HEART MEASURING SPOONS,weekday_seasonal_mean,statistical,14
22196,SMALL HEART MEASURING SPOONS,weekday_seasonal_mean,statistical,14
22197,POPCORN HOLDER,lightgbm,machine_learning,14
22198,LARGE POPCORN HOLDER,moving_average_7,statistical,14
22199,FRYING PAN RED RETROSPOT,lstm,deep_learning,14
22200,FRYING PAN PINK POLKADOT,lstm,deep_learning,14
22201,FRYING PAN BLUE POLKADOT,lstm,deep_learning,14
22202,UNKNOWN,moving_average_7,statistical,14
22203,MILK PAN RED RETROSPOT,lstm,deep_learning,14
22204,MILK PAN BLUE POLKADOT,seasonal_naive_lag_7,statistical,14
22207,FRYING PAN UNION FLAG,gru,deep_learning,14
22208,WOOD STAMP SET THANK YOU,lightgbm,machine_learning,14
22209,WOOD STAMP SET HAPPY BIRTHDAY,weekday_seasonal_mean,statistical,14
22210,WOOD STAMP SET BEST WISHES,weekday_seasonal_mean,statistical,14
22211,WOOD STAMP SET FLOWERS,seasonal_naive_lag_7,statistical,14
22212,FOUR HOOK WHITE LOVEBIRDS,weekday_seasonal_mean,statistical,14
22214,CANDLE PLATE LACE WHITE,seasonal_naive_lag_7,statistical,14
22215,CAKE STAND WHITE TWO TIER LACE,lstm,deep_learning,14
22216,T-LIGHT HOLDER WHITE LACE,naive_lag_1,statistical,14
22217,T-LIGHT HOLDER HANGING LACE,lstm,deep_learning,14
22218,CAKE STAND LACE WHITE,moving_average_7,statistical,14
22219,LOVEBIRD HANGING DECORATION WHITE,weekday_seasonal_mean,statistical,14
22220,CAKE STAND LOVEBIRD 2 TIER WHITE,lstm,deep_learning,14
22221,CAKE STAND LOVEBIRD 2 TIER PINK,seasonal_naive_lag_7,statistical,14
22222,CAKE PLATE LOVEBIRD WHITE,lstm,deep_learning,14
22223,CAKE PLATE LOVEBIRD PINK,seasonal_naive_lag_7,statistical,14
22224,WHITE LOVEBIRD LANTERN,lstm,deep_learning,14
22227,HANGING HEART MIRROR DECORATION,lstm,deep_learning,14
22228,BUNNY WOODEN PAINTED WITH BIRD,lstm,deep_learning,14
22229,BUNNY WOODEN PAINTED WITH FLOWER,lstm,deep_learning,14
22230,JIGSAW TREE WITH WATERING CAN,lstm,deep_learning,14
22231,JIGSAW TREE WITH BIRDHOUSE,moving_average_7,statistical,14
22232,JIGSAW TOADSTOOLS 3 PIECE,lstm,deep_learning,14
22233,JIGSAW RABBIT AND BIRDHOUSE,moving_average_7,statistical,14
22236,CAKE STAND 3 TIER MAGIC GARDEN,lstm,deep_learning,14
22241,GARLAND WOODEN HAPPY EASTER,seasonal_naive_lag_7,statistical,14
22242,5 HOOK HANGER MAGIC TOADSTOOL,moving_average_7,statistical,14
22243,5 HOOK HANGER RED MAGIC TOADSTOOL,naive_lag_1,statistical,14
22244,3 HOOK HANGER MAGIC GARDEN,moving_average_7,statistical,14
22245,"HOOK, 1 HANGER ,MAGIC GARDEN",moving_average_7,statistical,14
22246,MAGIC GARDEN FELT GARLAND,lstm,deep_learning,14
22247,BUNNY DECORATION MAGIC GARDEN,moving_average_7,statistical,14
22248,DECORATION PINK CHICK MAGIC GARDEN,lstm,deep_learning,14
22249,DECORATION WHITE CHICK MAGIC GARDEN,naive_lag_1,statistical,14
22250,DECORATION BUTTERFLY MAGIC GARDEN,lstm,deep_learning,14
22251,BIRDHOUSE DECORATION MAGIC GARDEN,lstm,deep_learning,14
22252,BIRDCAGE DECORATION TEALIGHT HOLDER,weekday_seasonal_mean,statistical,14
22253,6 CROCHET STRAWBERRIES,moving_average_7,statistical,14
22254,FELT TOADSTOOL LARGE,lstm,deep_learning,14
22255,FELT TOADSTOOL SMALL,gru,deep_learning,14
22256,FELT FARM ANIMAL CHICKEN,moving_average_7,statistical,14
22257,FELT FARM ANIMAL SHEEP,moving_average_7,statistical,14
22258,FELT FARM ANIMAL RABBIT,lstm,deep_learning,14
22259,FELT FARM ANIMAL HEN,moving_average_7,statistical,14
22260,FELT EGG COSY BLUE RABBIT,seasonal_naive_lag_7,statistical,14
22261,FELT EGG COSY WHITE RABBIT,lstm,deep_learning,14
22262,FELT EGG COSY CHICKEN,lstm,deep_learning,14
22263,FELT EGG COSY LADYBIRD,seasonal_naive_lag_7,statistical,14
22264,FELT FARM ANIMAL WHITE BUNNY,moving_average_7,statistical,14
22265,EASTER DECORATION NATURAL CHICK,naive_lag_1,statistical,14
22266,EASTER DECORATION HANGING BUNNY,lstm,deep_learning,14
22267,EASTER DECORATION EGG BUNNY,lstm,deep_learning,14
22268,DECORATION SITTING BUNNY,naive_lag_1,statistical,14
22269,EGG CUP NATURAL CHICKEN,weekday_seasonal_mean,statistical,14
22270,HAPPY EASTER HANGING DECORATION,seasonal_naive_lag_7,statistical,14
22271,FELTCRAFT DOLL ROSIE,xgboost,machine_learning,14
22272,FELTCRAFT DOLL MARIA,moving_average_7,statistical,14
22273,FELTCRAFT DOLL MOLLY,weekday_seasonal_mean,statistical,14
22274,FELTCRAFT DOLL EMILY,weekday_seasonal_mean,statistical,14
22275,WEEKEND BAG VINTAGE ROSE PAISLEY,moving_average_7,statistical,14
22276,WASH BAG VINTAGE ROSE PAISLEY,moving_average_7,statistical,14
22277,COSMETIC BAG VINTAGE ROSE PAISLEY,lstm,deep_learning,14
22278,OVERNIGHT BAG VINTAGE ROSE PAISLEY,seasonal_naive_lag_7,statistical,14
22279,POCKET BAG BLUE PAISLEY RED SPOT,weekday_seasonal_mean,statistical,14
22280,POCKET BAG PINK PAISELY BROWN SPOT,lstm,deep_learning,14
22281,EASTER TREE YELLOW BIRDS,moving_average_7,statistical,14
22282,12 EGG HOUSE PAINTED WOOD,lstm,deep_learning,14
22283,6 EGG HOUSE PAINTED WOOD,lstm,deep_learning,14
22284,HEN HOUSE DECORATION,lstm,deep_learning,14
22285,HANGING HEN ON NEST DECORATION,lstm,deep_learning,14
22286,DECORATION WOBBLY RABBIT METAL,lstm,deep_learning,14
22287,DECORATION WOBBLY CHICKEN,lstm,deep_learning,14
22288,HANGING METAL RABBIT DECORATION,seasonal_naive_lag_7,statistical,14
22289,HANGING METAL CHICKEN DECORATION,seasonal_naive_lag_7,statistical,14
22290,UNKNOWN,moving_average_7,statistical,14
22291,HANGING CHICK CREAM DECORATION,seasonal_naive_lag_7,statistical,14
22292,HANGING CHICK YELLOW DECORATION,lstm,deep_learning,14
22293,HANGING CHICK GREEN DECORATION,lstm,deep_learning,14
22294,HEART FILIGREE DOVE SMALL,xgboost,machine_learning,14
22295,HEART FILIGREE DOVE LARGE,lstm,deep_learning,14
22296,HEART IVORY TRELLIS LARGE,xgboost,machine_learning,14
22297,HEART IVORY TRELLIS SMALL,lstm,deep_learning,14
22299,PIG KEYRING WITH LIGHT & SOUND,lstm,deep_learning,14
22300,COFFEE MUG DOG + BALL DESIGN,lstm,deep_learning,14
22301,COFFEE MUG CAT + BIRD DESIGN,lstm,deep_learning,14
22302,COFFEE MUG PEARS DESIGN,weekday_seasonal_mean,statistical,14
22303,COFFEE MUG APPLES DESIGN,gru,deep_learning,14
22304,COFFEE MUG BLUE PAISLEY DESIGN,seasonal_naive_lag_7,statistical,14
22305,COFFEE MUG PINK PAISLEY DESIGN,naive_lag_1,statistical,14
22306,SILVER MUG BONE CHINA TREE OF LIFE,lightgbm,machine_learning,14
22307,GOLD MUG BONE CHINA TREE OF LIFE,weekday_seasonal_mean,statistical,14
22308,TEA COSY BLUE STRIPE,weekday_seasonal_mean,statistical,14
22309,TEA COSY RED STRIPE,lstm,deep_learning,14
22310,IVORY KNITTED MUG COSY,lstm,deep_learning,14
22311,OFFICE MUG WARMER BLACK+SILVER,weekday_seasonal_mean,statistical,14
22312,OFFICE MUG WARMER POLKADOT,lightgbm,machine_learning,14
22313,OFFICE MUG WARMER PINK,lstm,deep_learning,14
22314,OFFICE MUG WARMER CHOC+BLUE,lstm,deep_learning,14
22315,200 RED + WHITE BENDY STRAWS,lstm,deep_learning,14
22316,200 BENDY SKULL STRAWS,lstm,deep_learning,14
22317,FIVE CATS HANGING DECORATION,seasonal_naive_lag_7,statistical,14
22318,FIVE HEART HANGING DECORATION,seasonal_naive_lag_7,statistical,14
22319,HAIRCLIPS FORTIES FABRIC ASSORTED,lstm,deep_learning,14
22320,BIRDS MOBILE VINTAGE DESIGN,naive_lag_1,statistical,14
22321,BIRD DECORATION RED RETROSPOT,lightgbm,machine_learning,14
22322,BIRD DECORATION GREEN POLKADOT,naive_lag_1,statistical,14
22323,UNKNOWN,moving_average_7,statistical,14
22324,BLUE POLKADOT KIDS BAG,lstm,deep_learning,14
22325,MOBILE VINTAGE HEARTS,lstm,deep_learning,14
22326,ROUND SNACK BOXES SET OF4 WOODLAND,lightgbm,machine_learning,14
22327,ROUND SNACK BOXES SET OF 4 SKULLS,weekday_seasonal_mean,statistical,14
22328,ROUND SNACK BOXES SET OF 4 FRUITS,seasonal_naive_lag_7,statistical,14
22329,ROUND CONTAINER SET OF 5 RETROSPOT,xgboost,machine_learning,14
22331,WOODLAND PARTY BAG + STICKER SET,weekday_seasonal_mean,statistical,14
22332,SKULLS PARTY BAG + STICKER SET,weekday_seasonal_mean,statistical,14
22333,RETROSPOT PARTY BAG + STICKER SET,weekday_seasonal_mean,statistical,14
22334,DINOSAUR PARTY BAG + STICKER SET,lstm,deep_learning,14
22335,HEART DECORATION PAINTED ZINC,lightgbm,machine_learning,14
22336,DOVE DECORATION PAINTED ZINC,moving_average_7,statistical,14
22337,ANGEL DECORATION PAINTED ZINC,lightgbm,machine_learning,14
22338,STAR DECORATION PAINTED ZINC,seasonal_naive_lag_7,statistical,14
22339,CHRISTMAS TREE PAINTED ZINC,weekday_seasonal_mean,statistical,14
22340,NOEL GARLAND PAINTED ZINC,xgboost,machine_learning,14
22341,LOVE GARLAND PAINTED ZINC,lstm,deep_learning,14
22342,HOME GARLAND PAINTED ZINC,naive_lag_1,statistical,14
22343,PARTY PIZZA DISH RED RETROSPOT,lstm,deep_learning,14
22344,PARTY PIZZA DISH PINK POLKADOT,naive_lag_1,statistical,14
22345,PARTY PIZZA DISH BLUE POLKADOT,lstm,deep_learning,14
22346,PARTY PIZZA DISH GREEN POLKADOT,naive_lag_1,statistical,14
22347,UNKNOWN,moving_average_7,statistical,14
22348,TEA BAG PLATE RED RETROSPOT,weekday_seasonal_mean,statistical,14
22349,DOG BOWL CHASING BALL DESIGN,lstm,deep_learning,14
22350,ILLUSTRATED CAT BOWL,lstm,deep_learning,14
22352,LUNCH BOX WITH CUTLERY RETROSPOT,seasonal_naive_lag_7,statistical,14
22353,LUNCH BOX WITH CUTLERY FAIRY CAKES,moving_average_7,statistical,14
22354,RETROSPOT PADDED SEAT CUSHION,lstm,deep_learning,14
22355,CHARLOTTE BAG SUKI DESIGN,seasonal_naive_lag_7,statistical,14
22356,CHARLOTTE BAG PINK POLKADOT,weekday_seasonal_mean,statistical,14
22357,KINGS CHOICE BISCUIT TIN,lstm,deep_learning,14
22358,KINGS CHOICE TEA CADDY,gru,deep_learning,14
22359,GLASS JAR KINGS CHOICE,lstm,deep_learning,14
22360,GLASS JAR ENGLISH CONFECTIONERY,lstm,deep_learning,14
22361,GLASS JAR DAISY FRESH COTTON WOOL,gru,deep_learning,14
22362,GLASS JAR PEACOCK BATH SALTS,weekday_seasonal_mean,statistical,14
22363,GLASS JAR MARMALADE,seasonal_naive_lag_7,statistical,14
22364,GLASS JAR DIGESTIVE BISCUITS,lstm,deep_learning,14
22365,DOORMAT RESPECTABLE HOUSE,weekday_seasonal_mean,statistical,14
22366,DOORMAT AIRMAIL,gru,deep_learning,14
22367,CHILDRENS APRON SPACEBOY DESIGN,weekday_seasonal_mean,statistical,14
22371,AIRLINE BAG VINTAGE TOKYO 78,seasonal_naive_lag_7,statistical,14
22372,AIRLINE BAG VINTAGE WORLD CHAMPION,weekday_seasonal_mean,statistical,14
22374,AIRLINE BAG VINTAGE JET SET RED,weekday_seasonal_mean,statistical,14
22375,AIRLINE BAG VINTAGE JET SET BROWN,weekday_seasonal_mean,statistical,14
22376,AIRLINE BAG VINTAGE JET SET WHITE,weekday_seasonal_mean,statistical,14
22377,BOTTLE BAG RETROSPOT,lstm,deep_learning,14
22378,WALL TIDY RETROSPOT,lstm,deep_learning,14
22379,RECYCLING BAG RETROSPOT,xgboost,machine_learning,14
22380,TOY TIDY SPACEBOY,gru,deep_learning,14
22381,TOY TIDY PINK POLKADOT,gru,deep_learning,14
22382,LUNCH BAG SPACEBOY DESIGN,xgboost,machine_learning,14
22383,LUNCH BAG SUKI DESIGN,weekday_seasonal_mean,statistical,14
22384,LUNCH BAG PINK POLKADOT,weekday_seasonal_mean,statistical,14
22385,JUMBO BAG SPACEBOY DESIGN,weekday_seasonal_mean,statistical,14
22386,JUMBO BAG PINK POLKADOT,lstm,deep_learning,14
22389,PAPERWEIGHT SAVE THE PLANET,lstm,deep_learning,14
22390,PAPERWEIGHT CHILDHOOD MEMORIES,lstm,deep_learning,14
22391,PAPERWEIGHT HOME SWEET HOME,lstm,deep_learning,14
22393,PAPERWEIGHT VINTAGE COLLAGE,lstm,deep_learning,14
22394,PAPERWEIGHT KINGS CHOICE,naive_lag_1,statistical,14
22395,PAPERWEIGHT VINTAGE PAISLEY,weekday_seasonal_mean,statistical,14
22396,MAGNETS PACK OF 4 RETRO PHOTO,lstm,deep_learning,14
22398,MAGNETS PACK OF 4 SWALLOWS,weekday_seasonal_mean,statistical,14
22399,MAGNETS PACK OF 4 CHILDHOOD MEMORY,lstm,deep_learning,14
22400,MAGNETS PACK OF 4 HOME SWEET HOME,naive_lag_1,statistical,14
22402,MAGNETS PACK OF 4 VINTAGE COLLAGE,lstm,deep_learning,14
22403,MAGNETS PACK OF 4 VINTAGE LABELS,lstm,deep_learning,14
22405,MONEY BOX POCKET MONEY DESIGN,lstm,deep_learning,14
22406,MONEY BOX KINGS CHOICE DESIGN,lstm,deep_learning,14
22407,MONEY BOX FIRST AID DESIGN,seasonal_naive_lag_7,statistical,14
22408,MONEY BOX CONFECTIONERY DESIGN,lstm,deep_learning,14
22409,MONEY BOX BISCUITS DESIGN,lstm,deep_learning,14
22410,MONEY BOX HOUSEKEEPING DESIGN,moving_average_7,statistical,14
22411,JUMBO SHOPPER VINTAGE RED PAISLEY,weekday_seasonal_mean,statistical,14
22412,METAL SIGN NEIGHBOURHOOD WITCH,naive_lag_1,statistical,14
22413,METAL SIGN TAKE IT OR LEAVE IT,naive_lag_1,statistical,14
22414,DOORMAT NEIGHBOURHOOD WITCH,lstm,deep_learning,14
22415,WHITE TISSUE REAM,moving_average_7,statistical,14
22416,SET OF 36 SPACEBOY PAPER DOILIES,lstm,deep_learning,14
22417,PACK OF 60 SPACEBOY CAKE CASES,lstm,deep_learning,14
22418,10 COLOUR SPACEBOY PEN,weekday_seasonal_mean,statistical,14
22419,LIPSTICK PEN RED,weekday_seasonal_mean,statistical,14
22420,LIPSTICK PEN BABY PINK,weekday_seasonal_mean,statistical,14
22421,LIPSTICK PEN FUSCHIA,weekday_seasonal_mean,statistical,14
22422,TOOTHPASTE TUBE PEN,lightgbm,machine_learning,14
22423,REGENCY CAKESTAND 3 TIER,weekday_seasonal_mean,statistical,14
22424,ENAMEL BREAD BIN CREAM,weekday_seasonal_mean,statistical,14
22425,ENAMEL COLANDER CREAM,lstm,deep_learning,14
22426,ENAMEL WASH BOWL CREAM,lstm,deep_learning,14
22427,ENAMEL FLOWER JUG CREAM,moving_average_7,statistical,14
22428,ENAMEL FIRE BUCKET CREAM,naive_lag_1,statistical,14
22429,ENAMEL MEASURING JUG CREAM,xgboost,machine_learning,14
22430,ENAMEL WATERING CAN CREAM,lstm,deep_learning,14
22431,WATERING CAN BLUE ELEPHANT,lstm,deep_learning,14
22432,WATERING CAN PINK BUNNY,lstm,deep_learning,14
22433,WATERING CAN GREEN DINOSAUR,lstm,deep_learning,14
22434,BALLOON PUMP WITH 10 BALLOONS,lstm,deep_learning,14
22435,SET OF 9 HEART SHAPED BALLOONS,weekday_seasonal_mean,statistical,14
22436,12 COLOURED PARTY BALLOONS,weekday_seasonal_mean,statistical,14
22437,SET OF 9 BLACK SKULL BALLOONS,lstm,deep_learning,14
22438,BALLOON ART MAKE YOUR OWN FLOWERS,weekday_seasonal_mean,statistical,14
22439,6 ROCKET BALLOONS,weekday_seasonal_mean,statistical,14
22440,BALLOON WATER BOMB PACK OF 35,lstm,deep_learning,14
22441,GROW YOUR OWN BASIL IN ENAMEL MUG,weekday_seasonal_mean,statistical,14
22442,GROW YOUR OWN FLOWERS SET OF 3,lstm,deep_learning,14
22443,GROW YOUR OWN HERBS SET OF 3,moving_average_7,statistical,14
22444,UNKNOWN,moving_average_7,statistical,14
22445,PENCIL CASE LIFE IS BEAUTIFUL,seasonal_naive_lag_7,statistical,14
22446,PIN CUSHION BABUSHKA PINK,seasonal_naive_lag_7,statistical,14
22447,PIN CUSHION BABUSHKA BLUE,lstm,deep_learning,14
22448,PIN CUSHION BABUSHKA RED,weekday_seasonal_mean,statistical,14
22449,SILK PURSE BABUSHKA PINK,lstm,deep_learning,14
22450,SILK PURSE BABUSHKA BLUE,lstm,deep_learning,14
22451,SILK PURSE BABUSHKA RED,moving_average_7,statistical,14
22452,MEASURING TAPE BABUSHKA PINK,lstm,deep_learning,14
22453,MEASURING TAPE BABUSHKA BLUE,lstm,deep_learning,14
22454,MEASURING TAPE BABUSHKA RED,lstm,deep_learning,14
22456,NATURAL SLATE CHALKBOARD LARGE,naive_lag_1,statistical,14
22457,NATURAL SLATE HEART CHALKBOARD,lightgbm,machine_learning,14
22458,CAST IRON HOOK GARDEN FORK,moving_average_7,statistical,14
22459,UNKNOWN,moving_average_7,statistical,14
22460,EMBOSSED GLASS TEALIGHT HOLDER,weekday_seasonal_mean,statistical,14
22461,SAVOY ART DECO CLOCK,moving_average_7,statistical,14
22464,HANGING METAL HEART LANTERN,weekday_seasonal_mean,statistical,14
22465,HANGING METAL STAR LANTERN,lightgbm,machine_learning,14
22466,FAIRY TALE COTTAGE NIGHT LIGHT,weekday_seasonal_mean,statistical,14
22467,GUMBALL COAT RACK,seasonal_naive_lag_7,statistical,14
22468,BABUSHKA LIGHTS STRING OF 10,lstm,deep_learning,14
22469,HEART OF WICKER SMALL,weekday_seasonal_mean,statistical,14
22470,HEART OF WICKER LARGE,weekday_seasonal_mean,statistical,14
22471,TV DINNER TRAY AIR HOSTESS,seasonal_naive_lag_7,statistical,14
22472,TV DINNER TRAY DOLLY GIRL,lstm,deep_learning,14
22473,TV DINNER TRAY VINTAGE PAISLEY,lstm,deep_learning,14
22474,SPACEBOY TV DINNER TRAY,gru,deep_learning,14
22475,SKULL DESIGN TV DINNER TRAY,weekday_seasonal_mean,statistical,14
22476,EMPIRE UNION JACK TV DINNER TRAY,seasonal_naive_lag_7,statistical,14
22477,WATERING CAN GARDEN MARKER,lstm,deep_learning,14
22478,BIRDHOUSE GARDEN MARKER,gru,deep_learning,14
22479,DAISY GARDEN MARKER,lstm,deep_learning,14
22480,RED TEA TOWEL CLASSIC DESIGN,moving_average_7,statistical,14
22481,BLACK TEA TOWEL CLASSIC DESIGN,lstm,deep_learning,14
22482,BLUE TEA TOWEL CLASSIC DESIGN,moving_average_7,statistical,14
22483,RED GINGHAM TEDDY BEAR,weekday_seasonal_mean,statistical,14
22485,SET OF 2 WOODEN MARKET CRATES,gru,deep_learning,14
22486,PLASMATRONIC LAMP,weekday_seasonal_mean,statistical,14
22487,WHITE WOOD GARDEN PLANT LADDER,weekday_seasonal_mean,statistical,14
22488,NATURAL SLATE RECTANGLE CHALKBOARD,seasonal_naive_lag_7,statistical,14
22489,PACK OF 12 TRADITIONAL CRAYONS,weekday_seasonal_mean,statistical,14
22491,PACK OF 12 COLOURED PENCILS,weekday_seasonal_mean,statistical,14
22492,MINI PAINT SET VINTAGE,weekday_seasonal_mean,statistical,14
22493,PAINT YOUR OWN CANVAS SET,seasonal_naive_lag_7,statistical,14
22494,EMERGENCY FIRST AID TIN,weekday_seasonal_mean,statistical,14
22495,SET OF 2 ROUND TINS CAMEMBERT,lstm,deep_learning,14
22496,SET OF 2 ROUND TINS DUTCH CHEESE,lstm,deep_learning,14
22497,SET OF 2 TINS VINTAGE BATHROOM,seasonal_naive_lag_7,statistical,14
22498,WOODEN REGATTA BUNTING,lstm,deep_learning,14
22499,WOODEN UNION JACK BUNTING,seasonal_naive_lag_7,statistical,14
22500,SET OF 2 TINS JARDIN DE PROVENCE,lstm,deep_learning,14
22501,PICNIC BASKET WICKER LARGE,naive_lag_1,statistical,14
22502,PICNIC BASKET WICKER SMALL,moving_average_7,statistical,14
22503,CABIN BAG VINTAGE PAISLEY,seasonal_naive_lag_7,statistical,14
22504,CABIN BAG VINTAGE RETROSPOT,lstm,deep_learning,14
22505,MEMO BOARD COTTAGE DESIGN,lstm,deep_learning,14
22507,MEMO BOARD RETROSPOT DESIGN,lightgbm,machine_learning,14
22508,DOORSTOP RETROSPOT HEART,weekday_seasonal_mean,statistical,14
22509,SEWING BOX RETROSPOT DESIGN,seasonal_naive_lag_7,statistical,14
22510,GINGHAM BABUSHKA DOORSTOP,lstm,deep_learning,14
22511,RETROSPOT BABUSHKA DOORSTOP,lstm,deep_learning,14
22512,DOORSTOP RACING CAR DESIGN,lstm,deep_learning,14
22513,DOORSTOP FOOTBALL DESIGN,lstm,deep_learning,14
22514,CHILDS GARDEN SPADE BLUE,naive_lag_1,statistical,14
22515,CHILDS GARDEN SPADE PINK,seasonal_naive_lag_7,statistical,14
22516,CHILDS GARDEN RAKE BLUE,moving_average_7,statistical,14
22517,CHILDS GARDEN RAKE PINK,seasonal_naive_lag_7,statistical,14
22518,CHILDS GARDEN BRUSH BLUE,moving_average_7,statistical,14
22519,CHILDS GARDEN BRUSH PINK,moving_average_7,statistical,14
22520,CHILDS GARDEN TROWEL BLUE,moving_average_7,statistical,14
22521,CHILDS GARDEN TROWEL PINK,moving_average_7,statistical,14
22522,CHILDS GARDEN FORK BLUE,lstm,deep_learning,14
22523,CHILDS GARDEN FORK PINK,lstm,deep_learning,14
22524,CHILDRENS GARDEN GLOVES BLUE,moving_average_7,statistical,14
22525,CHILDRENS GARDEN GLOVES PINK,moving_average_7,statistical,14
22526,WHEELBARROW FOR CHILDREN,lstm,deep_learning,14
22528,GARDENERS KNEELING PAD,moving_average_7,statistical,14
22529,MAGIC DRAWING SLATE GO TO THE FAIR,weekday_seasonal_mean,statistical,14
22530,MAGIC DRAWING SLATE DOLLY GIRL,weekday_seasonal_mean,statistical,14
22531,MAGIC DRAWING SLATE CIRCUS PARADE,gru,deep_learning,14
22532,MAGIC DRAWING SLATE LEAP FROG,seasonal_naive_lag_7,statistical,14
22533,MAGIC DRAWING SLATE BAKE A CAKE,seasonal_naive_lag_7,statistical,14
22534,MAGIC DRAWING SLATE SPACEBOY,weekday_seasonal_mean,statistical,14
22535,MAGIC DRAWING SLATE BUNNIES,weekday_seasonal_mean,statistical,14
22536,MAGIC DRAWING SLATE PURDEY,lstm,deep_learning,14
22537,MAGIC DRAWING SLATE DINOSAUR,seasonal_naive_lag_7,statistical,14
22538,MINI JIGSAW GO TO THE FAIR,lstm,deep_learning,14
22539,MINI JIGSAW DOLLY GIRL,lstm,deep_learning,14
22540,MINI JIGSAW CIRCUS PARADE,lstm,deep_learning,14
22541,MINI JIGSAW LEAP FROG,seasonal_naive_lag_7,statistical,14
22543,MINI JIGSAW BAKE A CAKE,lstm,deep_learning,14
22544,MINI JIGSAW SPACEBOY,lstm,deep_learning,14
22545,MINI JIGSAW BUNNIES,lstm,deep_learning,14
22546,MINI JIGSAW PURDEY,lstm,deep_learning,14
22547,MINI JIGSAW DINOSAUR,weekday_seasonal_mean,statistical,14
22548,adjustment,lstm,deep_learning,14
22549,PICTURE DOMINOES,weekday_seasonal_mean,statistical,14
22550,HOLIDAY FUN LUDO,weekday_seasonal_mean,statistical,14
22551,PLASTERS IN TIN SPACEBOY,weekday_seasonal_mean,statistical,14
22553,PLASTERS IN TIN SKULLS,weekday_seasonal_mean,statistical,14
22554,PLASTERS IN TIN WOODLAND ANIMALS,weekday_seasonal_mean,statistical,14
22555,PLASTERS IN TIN STRONGMAN,weekday_seasonal_mean,statistical,14
22556,PLASTERS IN TIN CIRCUS PARADE,weekday_seasonal_mean,statistical,14
22557,PLASTERS IN TIN VINTAGE PAISLEY,weekday_seasonal_mean,statistical,14
22558,CLOTHES PEGS RETROSPOT PACK 24,gru,deep_learning,14
22559,SEASIDE FLYING DISC,lstm,deep_learning,14
22560,TRADITIONAL MODELLING CLAY,weekday_seasonal_mean,statistical,14
22561,WOODEN SCHOOL COLOURING SET,xgboost,machine_learning,14
22562,MONSTERS STENCIL CRAFT,gru,deep_learning,14
22563,HAPPY STENCIL CRAFT,gru,deep_learning,14
22564,ALPHABET STENCIL CRAFT,lstm,deep_learning,14
22565,FELTCRAFT HAIRBANDS PINK AND WHITE,weekday_seasonal_mean,statistical,14
22566,FELTCRAFT HAIRBAND PINK AND PURPLE,weekday_seasonal_mean,statistical,14
22567,20 DOLLY PEGS RETROSPOT,moving_average_7,statistical,14
22568,FELTCRAFT CUSHION OWL,xgboost,machine_learning,14
22569,FELTCRAFT CUSHION BUTTERFLY,moving_average_7,statistical,14
22570,UNKNOWN,lstm,deep_learning,14
22571,ROCKING HORSE RED CHRISTMAS,weekday_seasonal_mean,statistical,14
22572,ROCKING HORSE GREEN CHRISTMAS,weekday_seasonal_mean,statistical,14
22573,STAR WOODEN CHRISTMAS DECORATION,lightgbm,machine_learning,14
22574,HEART WOODEN CHRISTMAS DECORATION,seasonal_naive_lag_7,statistical,14
22575,METAL MERRY CHRISTMAS WREATH,lstm,deep_learning,14
22576,SWALLOW WOODEN CHRISTMAS DECORATION,lightgbm,machine_learning,14
22577,WOODEN HEART CHRISTMAS SCANDINAVIAN,xgboost,machine_learning,14
22578,WOODEN STAR CHRISTMAS SCANDINAVIAN,seasonal_naive_lag_7,statistical,14
22579,WOODEN TREE CHRISTMAS SCANDINAVIAN,seasonal_naive_lag_7,statistical,14
22580,ADVENT CALENDAR GINGHAM SACK,lightgbm,machine_learning,14
22581,WOOD STOCKING CHRISTMAS SCANDISPOT,lightgbm,machine_learning,14
22582,PACK OF 6 SWEETIE GIFT BOXES,seasonal_naive_lag_7,statistical,14
22583,PACK OF 6 HANDBAG GIFT BOXES,lstm,deep_learning,14
22584,PACK OF 6 PANETTONE GIFT BOXES,lstm,deep_learning,14
22585,PACK OF 6 BIRDY GIFT TAGS,weekday_seasonal_mean,statistical,14
22586,FELTCRAFT HAIRBAND PINK AND BLUE,seasonal_naive_lag_7,statistical,14
22587,FELTCRAFT HAIRBAND RED AND BLUE,weekday_seasonal_mean,statistical,14
22588,CARD HOLDER GINGHAM HEART,weekday_seasonal_mean,statistical,14
22589,CARDHOLDER GINGHAM STAR,weekday_seasonal_mean,statistical,14
22591,CARDHOLDER GINGHAM CHRISTMAS TREE,weekday_seasonal_mean,statistical,14
22592,CARDHOLDER HOLLY WREATH METAL,lightgbm,machine_learning,14
22593,CHRISTMAS GINGHAM STAR,xgboost,machine_learning,14
22594,CHRISTMAS GINGHAM TREE,lightgbm,machine_learning,14
22595,GINGHAM HEART DECORATION,weekday_seasonal_mean,statistical,14
22596,CHRISTMAS STAR WISH LIST CHALKBOARD,gru,deep_learning,14
22597,MUSICAL ZINC HEART DECORATION,lightgbm,machine_learning,14
22598,CHRISTMAS MUSICAL ZINC TREE,weekday_seasonal_mean,statistical,14
22599,CHRISTMAS MUSICAL ZINC STAR,weekday_seasonal_mean,statistical,14
22600,CHRISTMAS RETROSPOT STAR WOOD,seasonal_naive_lag_7,statistical,14
22601,CHRISTMAS RETROSPOT ANGEL WOOD,lightgbm,machine_learning,14
22602,RETROSPOT WOODEN HEART DECORATION,lightgbm,machine_learning,14
22603,CHRISTMAS RETROSPOT TREE WOOD,lightgbm,machine_learning,14
22604,SET OF 4 NAPKIN CHARMS CUTLERY,weekday_seasonal_mean,statistical,14
22605,WOODEN CROQUET GARDEN SET,gru,deep_learning,14
22606,WOODEN SKITTLES GARDEN SET,naive_lag_1,statistical,14
22607,WOODEN ROUNDERS GARDEN SET,lstm,deep_learning,14
22608,PENS ASSORTED FUNKY JEWELED,weekday_seasonal_mean,statistical,14
22609,PENS ASSORTED SPACEBALL,xgboost,machine_learning,14
22610,PENS ASSORTED FUNNY FACE,weekday_seasonal_mean,statistical,14
22611,VINTAGE UNION JACK SHOPPING BAG,naive_lag_1,statistical,14
22612,TEA COSY VINTAGE UNION JACK,moving_average_7,statistical,14
22613,PACK OF 20 SPACEBOY NAPKINS,gru,deep_learning,14
22614,PACK OF 12 SPACEBOY TISSUES,weekday_seasonal_mean,statistical,14
22615,PACK OF 12 CIRCUS PARADE TISSUES,naive_lag_1,statistical,14
22616,PACK OF 12 LONDON TISSUES,weekday_seasonal_mean,statistical,14
22617,BAKING SET SPACEBOY DESIGN,weekday_seasonal_mean,statistical,14
22618,COOKING SET RETROSPOT,moving_average_7,statistical,14
22619,SET OF 6 SOLDIER SKITTLES,xgboost,machine_learning,14
22620,4 TRADITIONAL SPINNING TOPS,lightgbm,machine_learning,14
22621,TRADITIONAL KNITTING NANCY,lightgbm,machine_learning,14
22622,BOX OF VINTAGE ALPHABET BLOCKS,lstm,deep_learning,14
22623,BOX OF VINTAGE JIGSAW BLOCKS,weekday_seasonal_mean,statistical,14
22624,IVORY KITCHEN SCALES,weekday_seasonal_mean,statistical,14
22625,RED KITCHEN SCALES,weekday_seasonal_mean,statistical,14
22626,BLACK KITCHEN SCALES,weekday_seasonal_mean,statistical,14
22627,MINT KITCHEN SCALES,weekday_seasonal_mean,statistical,14
22628,PICNIC BOXES SET OF 3 RETROSPOT,gru,deep_learning,14
22629,SPACEBOY LUNCH BOX,weekday_seasonal_mean,statistical,14
22630,DOLLY GIRL LUNCH BOX,weekday_seasonal_mean,statistical,14
22631,CIRCUS PARADE LUNCH BOX,weekday_seasonal_mean,statistical,14
22632,HAND WARMER RED RETROSPOT,weekday_seasonal_mean,statistical,14
22633,HAND WARMER UNION JACK,moving_average_7,statistical,14
22634,CHILDS BREAKFAST SET SPACEBOY,weekday_seasonal_mean,statistical,14
22635,CHILDS BREAKFAST SET DOLLY GIRL,weekday_seasonal_mean,statistical,14
22636,CHILDS BREAKFAST SET CIRCUS PARADE,weekday_seasonal_mean,statistical,14
22637,PIGGY BANK RETROSPOT,lstm,deep_learning,14
22638,SET OF 4 NAPKIN CHARMS CROWNS,lstm,deep_learning,14
22639,SET OF 4 NAPKIN CHARMS HEARTS,lstm,deep_learning,14
22640,SET OF 4 NAPKIN CHARMS 3 KEYS,lstm,deep_learning,14
22641,SET OF 4 NAPKIN CHARMS INSTRUMENT,lstm,deep_learning,14
22642,SET OF 4 NAPKIN CHARMS STARS,lstm,deep_learning,14
22643,SET OF 4 NAPKIN CHARMS LEAVES,lstm,deep_learning,14
22644,CERAMIC CHERRY CAKE MONEY BANK,weekday_seasonal_mean,statistical,14
22645,CERAMIC HEART FAIRY CAKE MONEY BANK,weekday_seasonal_mean,statistical,14
22646,CERAMIC STRAWBERRY CAKE MONEY BANK,lstm,deep_learning,14
22647,CERAMIC LOVE HEART MONEY BANK,lstm,deep_learning,14
22649,STRAWBERRY FAIRY CAKE TEAPOT,lstm,deep_learning,14
22650,CERAMIC PIRATE CHEST MONEY BANK,weekday_seasonal_mean,statistical,14
22651,GENTLEMAN SHIRT REPAIR KIT,gru,deep_learning,14
22652,TRAVEL SEWING KIT,naive_lag_1,statistical,14
22653,BUTTON BOX,lightgbm,machine_learning,14
22654,DELUXE SEWING KIT,weekday_seasonal_mean,statistical,14
22655,VINTAGE RED KITCHEN CABINET,moving_average_7,statistical,14
22656,VINTAGE BLUE KITCHEN CABINET,moving_average_7,statistical,14
22659,LUNCH BOX I LOVE LONDON,seasonal_naive_lag_7,statistical,14
22660,DOORMAT I LOVE LONDON,lstm,deep_learning,14
22661,CHARLOTTE BAG DOLLY GIRL DESIGN,weekday_seasonal_mean,statistical,14
22662,LUNCH BAG DOLLY GIRL DESIGN,weekday_seasonal_mean,statistical,14
22663,JUMBO BAG DOLLY GIRL DESIGN,weekday_seasonal_mean,statistical,14
22664,TOY TIDY DOLLY GIRL DESIGN,weekday_seasonal_mean,statistical,14
22665,RECIPE BOX BLUE SKETCHBOOK DESIGN,seasonal_naive_lag_7,statistical,14
22666,RECIPE BOX PANTRY YELLOW DESIGN,weekday_seasonal_mean,statistical,14
22667,RECIPE BOX RETROSPOT,weekday_seasonal_mean,statistical,14
22668,PINK BABY BUNTING,xgboost,machine_learning,14
22669,RED BABY BUNTING,lstm,deep_learning,14
22670,FRENCH WC SIGN BLUE METAL,lstm,deep_learning,14
22671,FRENCH LAUNDRY SIGN BLUE METAL,seasonal_naive_lag_7,statistical,14
22672,FRENCH BATHROOM SIGN BLUE METAL,lstm,deep_learning,14
22673,FRENCH GARDEN SIGN BLUE METAL,lstm,deep_learning,14
22674,FRENCH TOILET SIGN BLUE METAL,moving_average_7,statistical,14
22675,FRENCH KITCHEN SIGN BLUE METAL,lstm,deep_learning,14
22676,FRENCH BLUE METAL DOOR SIGN 1,lstm,deep_learning,14
22677,FRENCH BLUE METAL DOOR SIGN 2,lstm,deep_learning,14
22678,FRENCH BLUE METAL DOOR SIGN 3,gru,deep_learning,14
22679,FRENCH BLUE METAL DOOR SIGN 4,lstm,deep_learning,14
22680,FRENCH BLUE METAL DOOR SIGN 5,lstm,deep_learning,14
22681,FRENCH BLUE METAL DOOR SIGN 6,lstm,deep_learning,14
22682,FRENCH BLUE METAL DOOR SIGN 7,lstm,deep_learning,14
22683,FRENCH BLUE METAL DOOR SIGN 8,lstm,deep_learning,14
22684,FRENCH BLUE METAL DOOR SIGN 9,seasonal_naive_lag_7,statistical,14
22685,FRENCH BLUE METAL DOOR SIGN 0,lstm,deep_learning,14
22686,FRENCH BLUE METAL DOOR SIGN No,lstm,deep_learning,14
22687,DOORMAT CHRISTMAS VILLAGE,lstm,deep_learning,14
22688,DOORMAT PEACE ON EARTH BLUE,lstm,deep_learning,14
22689,UNKNOWN,seasonal_naive_lag_7,statistical,14
22690,DOORMAT HOME SWEET HOME BLUE,lstm,deep_learning,14
22691,DOORMAT WELCOME SUNRISE,lstm,deep_learning,14
22692,DOORMAT WELCOME TO OUR HOME,gru,deep_learning,14
22693,GROW A FLYTRAP OR SUNFLOWER IN TIN,weekday_seasonal_mean,statistical,14
22694,WICKER STAR,weekday_seasonal_mean,statistical,14
22695,WICKER WREATH SMALL,weekday_seasonal_mean,statistical,14
22696,WICKER WREATH LARGE,weekday_seasonal_mean,statistical,14
22697,GREEN REGENCY TEACUP AND SAUCER,weekday_seasonal_mean,statistical,14
22698,PINK REGENCY TEACUP AND SAUCER,weekday_seasonal_mean,statistical,14
22699,ROSES REGENCY TEACUP AND SAUCER,weekday_seasonal_mean,statistical,14
22700,BLACK AND WHITE DOG BOWL,moving_average_7,statistical,14
22701,PINK DOG BOWL,xgboost,machine_learning,14
22702,BLACK AND WHITE CAT BOWL,naive_lag_1,statistical,14
22703,PINK CAT BOWL,xgboost,machine_learning,14
22704,WRAP RED APPLES,lstm,deep_learning,14
22705,WRAP GREEN PEARS,lstm,deep_learning,14
22706,WRAP COWBOYS,seasonal_naive_lag_7,statistical,14
22707,WRAP MONSTER FUN,lstm,deep_learning,14
22708,WRAP DOLLY GIRL,seasonal_naive_lag_7,statistical,14
22709,WRAP WEDDING DAY,moving_average_7,statistical,14
22710,WRAP I LOVE LONDON,seasonal_naive_lag_7,statistical,14
22711,WRAP CIRCUS PARADE,lstm,deep_learning,14
22712,CARD DOLLY GIRL,weekday_seasonal_mean,statistical,14
22713,CARD I LOVE LONDON,seasonal_naive_lag_7,statistical,14
22714,CARD BIRTHDAY COWBOY,lstm,deep_learning,14
22715,CARD WEDDING DAY,moving_average_7,statistical,14
22716,CARD CIRCUS PARADE,lstm,deep_learning,14
22717,CARD DOG AND BALL,lstm,deep_learning,14
22718,CARD CAT AND TREE,lstm,deep_learning,14
22719,UNKNOWN,moving_average_7,statistical,14
22720,SET OF 3 CAKE TINS PANTRY DESIGN,weekday_seasonal_mean,statistical,14
22721,SET OF 3 CAKE TINS SKETCHBOOK,weekday_seasonal_mean,statistical,14
22722,SET OF 6 SPICE TINS PANTRY DESIGN,weekday_seasonal_mean,statistical,14
22723,SET OF 6 HERB TINS SKETCHBOOK,weekday_seasonal_mean,statistical,14
22725,ALARM CLOCK BAKELIKE CHOCOLATE,weekday_seasonal_mean,statistical,14
22726,ALARM CLOCK BAKELIKE GREEN,lightgbm,machine_learning,14
22727,ALARM CLOCK BAKELIKE RED,weekday_seasonal_mean,statistical,14
22728,ALARM CLOCK BAKELIKE PINK,weekday_seasonal_mean,statistical,14
22729,ALARM CLOCK BAKELIKE ORANGE,seasonal_naive_lag_7,statistical,14
22730,ALARM CLOCK BAKELIKE IVORY,weekday_seasonal_mean,statistical,14
22731,3D CHRISTMAS STAMPS STICKERS,seasonal_naive_lag_7,statistical,14
22732,3D VINTAGE CHRISTMAS STICKERS,lightgbm,machine_learning,14
22733,3D TRADITIONAL CHRISTMAS STICKERS,weekday_seasonal_mean,statistical,14
22734,SET OF 6 RIBBONS VINTAGE CHRISTMAS,lightgbm,machine_learning,14
22735,RIBBON REEL SOCKS AND MITTENS,weekday_seasonal_mean,statistical,14
22736,RIBBON REEL MAKING SNOWMEN,lightgbm,machine_learning,14
22737,RIBBON REEL CHRISTMAS PRESENT,lightgbm,machine_learning,14
22738,RIBBON REEL SNOWY VILLAGE,weekday_seasonal_mean,statistical,14
22739,RIBBON REEL CHRISTMAS SOCK BAUBLE,seasonal_naive_lag_7,statistical,14
22740,adjustment,moving_average_7,statistical,14
22741,FUNKY DIVA PEN,seasonal_naive_lag_7,statistical,14
22742,MAKE YOUR OWN PLAYTIME CARD KIT,moving_average_7,statistical,14
22743,MAKE YOUR OWN FLOWERPOWER CARD KIT,weekday_seasonal_mean,statistical,14
22744,MAKE YOUR OWN MONSOON CARD KIT,gru,deep_learning,14
22745,POPPY'S PLAYHOUSE BEDROOM,weekday_seasonal_mean,statistical,14
22746,POPPY'S PLAYHOUSE LIVINGROOM,lstm,deep_learning,14
22747,POPPY'S PLAYHOUSE BATHROOM,lightgbm,machine_learning,14
22748,POPPY'S PLAYHOUSE KITCHEN,weekday_seasonal_mean,statistical,14
22749,FELTCRAFT PRINCESS CHARLOTTE DOLL,weekday_seasonal_mean,statistical,14
22750,FELTCRAFT PRINCESS LOLA DOLL,lightgbm,machine_learning,14
22751,FELTCRAFT PRINCESS OLIVIA DOLL,weekday_seasonal_mean,statistical,14
22752,SET 7 BABUSHKA NESTING BOXES,lightgbm,machine_learning,14
22753,SMALL YELLOW BABUSHKA NOTEBOOK,gru,deep_learning,14
22754,SMALL RED BABUSHKA NOTEBOOK,seasonal_naive_lag_7,statistical,14
22755,SMALL PURPLE BABUSHKA NOTEBOOK,gru,deep_learning,14
22756,LARGE YELLOW BABUSHKA NOTEBOOK,lstm,deep_learning,14
22757,LARGE RED BABUSHKA NOTEBOOK,xgboost,machine_learning,14
22758,LARGE PURPLE BABUSHKA NOTEBOOK,gru,deep_learning,14
22759,check,gru,deep_learning,14
22760,"TRAY, BREAKFAST IN BED",moving_average_7,statistical,14
22761,CHEST 7 DRAWER MA CAMPAGNE,weekday_seasonal_mean,statistical,14
22762,CUPBOARD 3 DRAWER MA CAMPAGNE,naive_lag_1,statistical,14
22763,KEY CABINET MA CAMPAGNE,seasonal_naive_lag_7,statistical,14
22765,NEWSPAPER STAND,moving_average_7,statistical,14
22766,PHOTO FRAME CORNICE,gru,deep_learning,14
22767,TRIPLE PHOTO FRAME CORNICE,weekday_seasonal_mean,statistical,14
22768,FAMILY PHOTO FRAME CORNICE,weekday_seasonal_mean,statistical,14
22769,CHALKBOARD KITCHEN ORGANISER,moving_average_7,statistical,14
22770,MIRROR CORNICE,weekday_seasonal_mean,statistical,14
22771,CLEAR DRAWER KNOB ACRYLIC EDWARDIAN,lstm,deep_learning,14
22772,PINK DRAWER KNOB ACRYLIC EDWARDIAN,weekday_seasonal_mean,statistical,14
22773,GREEN DRAWER KNOB ACRYLIC EDWARDIAN,lstm,deep_learning,14
22774,RED DRAWER KNOB ACRYLIC EDWARDIAN,lstm,deep_learning,14
22775,PURPLE DRAWERKNOB ACRYLIC EDWARDIAN,seasonal_naive_lag_7,statistical,14
22776,SWEETHEART 3 TIER CAKE STAND,weekday_seasonal_mean,statistical,14
22777,GLASS CLOCHE LARGE,moving_average_7,statistical,14
22778,GLASS CLOCHE SMALL,weekday_seasonal_mean,statistical,14
22779,WOODEN OWLS LIGHT GARLAND,seasonal_naive_lag_7,statistical,14
22780,LIGHT GARLAND BUTTERFILES PINK,moving_average_7,statistical,14
22781,GUMBALL MAGAZINE RACK,lightgbm,machine_learning,14
22782,SET 3 WICKER STORAGE BASKETS,lstm,deep_learning,14
22783,UNKNOWN,moving_average_7,statistical,14
22784,LANTERN CREAM GAZEBO,lightgbm,machine_learning,14
22785,SQUARECUSHION COVER PINK UNION JACK,weekday_seasonal_mean,statistical,14
22786,CUSHION COVER PINK UNION JACK,seasonal_naive_lag_7,statistical,14
22788,BROCANTE COAT RACK,moving_average_7,statistical,14
22789,T-LIGHT HOLDER SWEETHEART HANGING,lstm,deep_learning,14
22791,T-LIGHT GLASS FLUTED ANTIQUE,lightgbm,machine_learning,14
22792,FLUTED ANTIQUE CANDLE HOLDER,lightgbm,machine_learning,14
22794,SWEETHEART WIRE MAGAZINE RACK,lstm,deep_learning,14
22795,SWEETHEART RECIPE BOOK STAND,lightgbm,machine_learning,14
22796,PHOTO FRAME 3 CLASSIC HANGING,weekday_seasonal_mean,statistical,14
22797,CHEST OF DRAWERS GINGHAM HEART,lstm,deep_learning,14
22798,ANTIQUE GLASS DRESSING TABLE POT,lightgbm,machine_learning,14
22799,SWEETHEART WIRE FRUIT BOWL,lstm,deep_learning,14
22800,ANTIQUE TALL SWIRLGLASS TRINKET POT,weekday_seasonal_mean,statistical,14
22801,ANTIQUE GLASS PEDESTAL BOWL,seasonal_naive_lag_7,statistical,14
22802,FAUX FUR CHOCOLATE THROW,weekday_seasonal_mean,statistical,14
22804,PINK HANGING HEART T-LIGHT HOLDER,weekday_seasonal_mean,statistical,14
22805,BLUE DRAWER KNOB ACRYLIC EDWARDIAN,lstm,deep_learning,14
22806,SET OF 6 T-LIGHTS WEDDING CAKE,seasonal_naive_lag_7,statistical,14
22807,SET OF 6 T-LIGHTS TOADSTOOLS,lstm,deep_learning,14
22808,SET OF 6 T-LIGHTS EASTER CHICKS,naive_lag_1,statistical,14
22809,SET OF 6 T-LIGHTS SANTA,weekday_seasonal_mean,statistical,14
22810,SET OF 6 T-LIGHTS SNOWMEN,lightgbm,machine_learning,14
22811,SET OF 6 T-LIGHTS CACTI,gru,deep_learning,14
22812,PACK 3 BOXES CHRISTMAS PANETTONE,lstm,deep_learning,14
22813,PACK 3 BOXES BIRD PANETTONE,lstm,deep_learning,14
22814,CARD PARTY GAMES,lightgbm,machine_learning,14
22815,CARD PSYCHEDELIC APPLES,weekday_seasonal_mean,statistical,14
22816,CARD MOTORBIKE SANTA,xgboost,machine_learning,14
22817,CARD SUKI BIRTHDAY,weekday_seasonal_mean,statistical,14
22818,CARD CHRISTMAS VILLAGE,xgboost,machine_learning,14
22819,"BIRTHDAY CARD, RETRO SPOT",weekday_seasonal_mean,statistical,14
22820,GIFT BAG BIRTHDAY,naive_lag_1,statistical,14
22821,GIFT BAG PSYCHEDELIC APPLES,lstm,deep_learning,14
22822,CREAM WALL PLANTER HEART SHAPED,lstm,deep_learning,14
22824,3 TIER SWEETHEART GARDEN SHELF,seasonal_naive_lag_7,statistical,14
22825,DECORATIVE PLANT POT WITH FRIEZE,naive_lag_1,statistical,14
22826,LOVE SEAT ANTIQUE WHITE METAL,weekday_seasonal_mean,statistical,14
22827,RUSTIC SEVENTEEN DRAWER SIDEBOARD,weekday_seasonal_mean,statistical,14
22829,SWEETHEART WIRE WALL TIDY,naive_lag_1,statistical,14
22831,WHITE BROCANTE SOAP DISH,seasonal_naive_lag_7,statistical,14
22832,BROCANTE SHELF WITH HOOKS,seasonal_naive_lag_7,statistical,14
22834,HAND WARMER BABUSHKA DESIGN,lstm,deep_learning,14
22835,HOT WATER BOTTLE I AM SO POORLY,xgboost,machine_learning,14
22837,UNKNOWN,moving_average_7,statistical,14
22838,3 TIER CAKE TIN RED AND CREAM,weekday_seasonal_mean,statistical,14
22839,3 TIER CAKE TIN GREEN AND CREAM,weekday_seasonal_mean,statistical,14
22840,ROUND CAKE TIN VINTAGE RED,weekday_seasonal_mean,statistical,14
22841,ROUND CAKE TIN VINTAGE GREEN,weekday_seasonal_mean,statistical,14
22842,BISCUIT TIN VINTAGE RED,weekday_seasonal_mean,statistical,14
22843,BISCUIT TIN VINTAGE GREEN,seasonal_naive_lag_7,statistical,14
22844,VINTAGE CREAM DOG FOOD CONTAINER,weekday_seasonal_mean,statistical,14
22845,VINTAGE CREAM CAT FOOD CONTAINER,xgboost,machine_learning,14
22846,BREAD BIN DINER STYLE RED,weekday_seasonal_mean,statistical,14
22847,BREAD BIN DINER STYLE IVORY,xgboost,machine_learning,14
22848,AMAZON,moving_average_7,statistical,14
22849,BREAD BIN DINER STYLE MINT,moving_average_7,statistical,14
22851,SET 20 NAPKINS FAIRY CAKES DESIGN,weekday_seasonal_mean,statistical,14
22852,DOG BOWL VINTAGE CREAM,seasonal_naive_lag_7,statistical,14
22853,CAT BOWL VINTAGE CREAM,seasonal_naive_lag_7,statistical,14
22854,CREAM SWEETHEART EGG HOLDER,moving_average_7,statistical,14
22855,FINE WICKER HEART,moving_average_7,statistical,14
22857,ASSORTED EASTER GIFT TAGS,moving_average_7,statistical,14
22858,EASTER TIN KEEPSAKE,moving_average_7,statistical,14
22859,EASTER TIN BUNNY BOUQUET,lstm,deep_learning,14
22860,EASTER TIN CHICKS PINK DAISY,lstm,deep_learning,14
22861,EASTER TIN CHICKS IN GARDEN,moving_average_7,statistical,14
22862,LOVE HEART NAPKIN BOX,moving_average_7,statistical,14
22863,SOAP DISH BROCANTE,lstm,deep_learning,14
22865,HAND WARMER OWL DESIGN,naive_lag_1,statistical,14
22866,HAND WARMER SCOTTY DOG DESIGN,weekday_seasonal_mean,statistical,14
22867,HAND WARMER BIRD DESIGN,weekday_seasonal_mean,statistical,14
22869,NUMBER TILE COTTAGE GARDEN 1,seasonal_naive_lag_7,statistical,14
22870,NUMBER TILE COTTAGE GARDEN 2,naive_lag_1,statistical,14
22872,NUMBER TILE COTTAGE GARDEN 4,moving_average_7,statistical,14
22873,NUMBER TILE COTTAGE GARDEN 5,moving_average_7,statistical,14
22878,NUMBER TILE COTTAGE GARDEN No,weekday_seasonal_mean,statistical,14
22880,NUMBER TILE VINTAGE FONT 1,weekday_seasonal_mean,statistical,14
22881,NUMBER TILE VINTAGE FONT 2,weekday_seasonal_mean,statistical,14
22882,NUMBER TILE VINTAGE FONT 3,weekday_seasonal_mean,statistical,14
22884,NUMBER TILE VINTAGE FONT 5,moving_average_7,statistical,14
22890,NOVELTY BISCUITS CAKE STAND 3 TIER,weekday_seasonal_mean,statistical,14
22891,TEA FOR ONE POLKADOT,weekday_seasonal_mean,statistical,14
22892,SET OF SALT AND PEPPER TOADSTOOLS,naive_lag_1,statistical,14
22893,MINI CAKE STAND T-LIGHT HOLDER,lstm,deep_learning,14
22894,TABLECLOTH RED APPLES DESIGN,naive_lag_1,statistical,14
22895,SET OF 2 TEA TOWELS APPLE AND PEARS,weekday_seasonal_mean,statistical,14
22896,PEG BAG APPLES DESIGN,lstm,deep_learning,14
22897,OVEN MITT APPLES DESIGN,seasonal_naive_lag_7,statistical,14
22898,CHILDRENS APRON APPLES DESIGN,xgboost,machine_learning,14
22899,CHILDREN'S APRON DOLLY GIRL,weekday_seasonal_mean,statistical,14
22900,SET 2 TEA TOWELS I LOVE LONDON,weekday_seasonal_mean,statistical,14
22902,TOTE BAG I LOVE LONDON,weekday_seasonal_mean,statistical,14
22903,CALENDAR FAMILY FAVOURITES,weekday_seasonal_mean,statistical,14
22904,CALENDAR PAPER CUT DESIGN,lstm,deep_learning,14
22905,CALENDAR IN SEASON DESIGN,weekday_seasonal_mean,statistical,14
22906,12 MESSAGE CARDS WITH ENVELOPES,weekday_seasonal_mean,statistical,14
22907,PACK OF 20 NAPKINS PANTRY DESIGN,lstm,deep_learning,14
22908,PACK OF 20 NAPKINS RED APPLES,lstm,deep_learning,14
22909,SET OF 20 VINTAGE CHRISTMAS NAPKINS,weekday_seasonal_mean,statistical,14
22910,PAPER CHAIN KIT VINTAGE CHRISTMAS,lightgbm,machine_learning,14
22911,PAPER CHAIN KIT LONDON,weekday_seasonal_mean,statistical,14
22912,YELLOW COAT RACK PARIS FASHION,seasonal_naive_lag_7,statistical,14
22913,RED COAT RACK PARIS FASHION,moving_average_7,statistical,14
22914,BLUE COAT RACK PARIS FASHION,moving_average_7,statistical,14
22915,ASSORTED BOTTLE TOP MAGNETS,weekday_seasonal_mean,statistical,14
22916,HERB MARKER THYME,lstm,deep_learning,14
22917,HERB MARKER ROSEMARY,lstm,deep_learning,14
22918,HERB MARKER PARSLEY,lstm,deep_learning,14
22919,HERB MARKER MINT,moving_average_7,statistical,14
22920,HERB MARKER BASIL,gru,deep_learning,14
22921,HERB MARKER CHIVES,moving_average_7,statistical,14
22922,FRIDGE MAGNETS US DINER ASSORTED,seasonal_naive_lag_7,statistical,14
22923,FRIDGE MAGNETS LES ENFANTS ASSORTED,lstm,deep_learning,14
22924,FRIDGE MAGNETS LA VIE EN ROSE,weekday_seasonal_mean,statistical,14
22925,AMAZON,moving_average_7,statistical,14
22926,IVORY GIANT GARDEN THERMOMETER,moving_average_7,statistical,14
22927,GREEN GIANT GARDEN THERMOMETER,moving_average_7,statistical,14
22928,YELLOW GIANT GARDEN THERMOMETER,gru,deep_learning,14
22930,BAKING MOULD HEART MILK CHOCOLATE,lstm,deep_learning,14
22931,BAKING MOULD HEART WHITE CHOCOLATE,lstm,deep_learning,14
22932,BAKING MOULD TOFFEE CUP CHOCOLATE,naive_lag_1,statistical,14
22933,BAKING MOULD EASTER EGG MILK CHOC,seasonal_naive_lag_7,statistical,14
22934,BAKING MOULD EASTER EGG WHITE CHOC,naive_lag_1,statistical,14
22935,BAKING MOULD ROSE MILK CHOCOLATE,lstm,deep_learning,14
22936,BAKING MOULD ROSE WHITE CHOCOLATE,naive_lag_1,statistical,14
22937,BAKING MOULD CHOCOLATE CUPCAKES,seasonal_naive_lag_7,statistical,14
22938,CUPCAKE LACE PAPER SET 6,lstm,deep_learning,14
22939,ADULT APRON APPLE DELIGHT,lstm,deep_learning,14
22940,FELTCRAFT CHRISTMAS FAIRY,gru,deep_learning,14
22941,CHRISTMAS LIGHTS 10 REINDEER,xgboost,machine_learning,14
22942,CHRISTMAS LIGHTS 10 SANTAS,gru,deep_learning,14
22943,CHRISTMAS LIGHTS 10 VINTAGE BAUBLES,lstm,deep_learning,14
22944,CHRISTMAS METAL POSTCARD WITH BELLS,gru,deep_learning,14
22945,CHRISTMAS METAL TAGS ASSORTED,weekday_seasonal_mean,statistical,14
22946,WOODEN ADVENT CALENDAR CREAM,weekday_seasonal_mean,statistical,14
22947,UNKNOWN,xgboost,machine_learning,14
22948,METAL DECORATION NAUGHTY CHILDREN,lightgbm,machine_learning,14
22949,SET OF 36 DOLLY GIRL PAPER DOILIES,lstm,deep_learning,14
22950,36 DOILIES VINTAGE CHRISTMAS,naive_lag_1,statistical,14
22951,60 CAKE CASES DOLLY GIRL DESIGN,lstm,deep_learning,14
22952,60 CAKE CASES VINTAGE CHRISTMAS,weekday_seasonal_mean,statistical,14
22953,BIRTHDAY PARTY CORDON BARRIER TAPE,lstm,deep_learning,14
22954,HEN PARTY CORDON BARRIER TAPE,lstm,deep_learning,14
22955,36 FOIL STAR CAKE CASES,weekday_seasonal_mean,statistical,14
22956,36 FOIL HEART CAKE CASES,gru,deep_learning,14
22957,SET 3 PAPER VINTAGE CHICK PAPER EGG,moving_average_7,statistical,14
22959,WRAP CHRISTMAS VILLAGE,lightgbm,machine_learning,14
22960,JAM MAKING SET WITH JARS,weekday_seasonal_mean,statistical,14
22961,JAM MAKING SET PRINTED,seasonal_naive_lag_7,statistical,14
22962,JAM JAR WITH PINK LID,lstm,deep_learning,14
22963,JAM JAR WITH GREEN LID,lstm,deep_learning,14
22964,3 PIECE SPACEBOY COOKIE CUTTER SET,weekday_seasonal_mean,statistical,14
22965,3 TRADITIONAl BISCUIT CUTTERS SET,weekday_seasonal_mean,statistical,14
22966,GINGERBREAD MAN COOKIE CUTTER,xgboost,machine_learning,14
22967,SET 3 SONG BIRD PAPER EGGS ASSORTED,moving_average_7,statistical,14
22968,ROSE COTTAGE KEEPSAKE BOX,lstm,deep_learning,14
22969,HOMEMADE JAM SCENTED CANDLES,lightgbm,machine_learning,14
22970,LONDON BUS COFFEE MUG,weekday_seasonal_mean,statistical,14
22971,QUEENS GUARD COFFEE MUG,weekday_seasonal_mean,statistical,14
22972,CHILDREN'S SPACEBOY MUG,weekday_seasonal_mean,statistical,14
22973,CHILDREN'S CIRCUS PARADE MUG,lstm,deep_learning,14
22974,CHILDRENS DOLLY GIRL MUG,gru,deep_learning,14
22975,SPACEBOY CHILDRENS EGG CUP,weekday_seasonal_mean,statistical,14
22976,CIRCUS PARADE CHILDRENS EGG CUP,gru,deep_learning,14
22977,DOLLY GIRL CHILDRENS EGG CUP,lstm,deep_learning,14
22978,PANTRY ROLLING PIN,lightgbm,machine_learning,14
22979,PANTRY WASHING UP BRUSH,lightgbm,machine_learning,14
22980,PANTRY SCRUBBING BRUSH,weekday_seasonal_mean,statistical,14
22981,PANTRY APPLE CORER,weekday_seasonal_mean,statistical,14
22982,PANTRY PASTRY BRUSH,weekday_seasonal_mean,statistical,14
22983,CARD BILLBOARD FONT,lightgbm,machine_learning,14
22984,CARD GINGHAM ROSE,lstm,deep_learning,14
22985,WRAP BILLBOARD FONTS DESIGN,lstm,deep_learning,14
22986,WRAP GINGHAM ROSE,lstm,deep_learning,14
22988,SOLDIERS EGG CUP,weekday_seasonal_mean,statistical,14
22989,SET 2 PANTRY DESIGN TEA TOWELS,weekday_seasonal_mean,statistical,14
22990,COTTON APRON PANTRY DESIGN,weekday_seasonal_mean,statistical,14
22991,GIRAFFE WOODEN RULER,weekday_seasonal_mean,statistical,14
22992,REVOLVER WOODEN RULER,lightgbm,machine_learning,14
22993,SET OF 4 PANTRY JELLY MOULDS,seasonal_naive_lag_7,statistical,14
22994,TRAVEL CARD WALLET RETROSPOT,weekday_seasonal_mean,statistical,14
22995,TRAVEL CARD WALLET SUKI,weekday_seasonal_mean,statistical,14
22996,TRAVEL CARD WALLET VINTAGE TICKET,weekday_seasonal_mean,statistical,14
22997,TRAVEL CARD WALLET UNION JACK,weekday_seasonal_mean,statistical,14
22998,TRAVEL CARD WALLET KEEP CALM,weekday_seasonal_mean,statistical,14
22999,TRAVEL CARD WALLET VINTAGE LEAF,lstm,deep_learning,14
23000,TRAVEL CARD WALLET TRANSPORT,lstm,deep_learning,14
23002,TRAVEL CARD WALLET SKULLS,lstm,deep_learning,14
23003,TRAVEL CARD WALLET VINTAGE ROSE,moving_average_7,statistical,14
23004,TRAVEL CARD WALLET PANTRY,seasonal_naive_lag_7,statistical,14
23005,TRAVEL CARD WALLET I LOVE LONDON,weekday_seasonal_mean,statistical,14
23006,TRAVEL CARD WALLET FLOWER MEADOW,naive_lag_1,statistical,14
23007,SPACEBOY BABY GIFT SET,weekday_seasonal_mean,statistical,14
23008,DOLLY GIRL BABY GIFT SET,weekday_seasonal_mean,statistical,14
23009,I LOVE LONDON BABY GIFT SET,weekday_seasonal_mean,statistical,14
23010,CIRCUS PARADE BABY GIFT SET,seasonal_naive_lag_7,statistical,14
23012,GLASS APOTHECARY BOTTLE PERFUME,gru,deep_learning,14
23013,GLASS APOTHECARY BOTTLE TONIC,gru,deep_learning,14
23014,GLASS APOTHECARY BOTTLE ELIXIR,weekday_seasonal_mean,statistical,14
23020,GLASS SONGBIRD STORAGE JAR,weekday_seasonal_mean,statistical,14
23025,DRAWER KNOB VINTAGE GLASS BALL,weekday_seasonal_mean,statistical,14
23026,DRAWER KNOB VINTAGE GLASS STAR,weekday_seasonal_mean,statistical,14
23028,DRAWER KNOB CRACKLE GLAZE BLUE,moving_average_7,statistical,14
23029,DRAWER KNOB CRACKLE GLAZE GREEN,weekday_seasonal_mean,statistical,14
23031,DRAWER KNOB CRACKLE GLAZE PINK,naive_lag_1,statistical,14
23032,DRAWER KNOB CRACKLE GLAZE IVORY,naive_lag_1,statistical,14
23033,DRAWER KNOB CERAMIC RED,weekday_seasonal_mean,statistical,14
23034,DRAWER KNOB CERAMIC BLACK,lstm,deep_learning,14
23035,DRAWER KNOB CERAMIC IVORY,xgboost,machine_learning,14
23041,PAPER LANTERN 9 POINT SNOW STAR,seasonal_naive_lag_7,statistical,14
23048,SET OF 10 LANTERNS FAIRY LIGHT STAR,weekday_seasonal_mean,statistical,14
23049,RECYCLED ACAPULCO MAT RED,seasonal_naive_lag_7,statistical,14
23050,RECYCLED ACAPULCO MAT GREEN,naive_lag_1,statistical,14
23051,RECYCLED ACAPULCO MAT BLUE,seasonal_naive_lag_7,statistical,14
23052,RECYCLED ACAPULCO MAT TURQUOISE,lstm,deep_learning,14
23053,RECYCLED ACAPULCO MAT PINK,lstm,deep_learning,14
23054,RECYCLED ACAPULCO MAT LAVENDER,naive_lag_1,statistical,14
23055,IVORY CHANDELIER T-LIGHT HOLDER,weekday_seasonal_mean,statistical,14
23056,FLOWERS CHANDELIER T-LIGHT HOLDER,lstm,deep_learning,14
23057,BEADED CHANDELIER T-LIGHT HOLDER,lstm,deep_learning,14
23060,HEART BEADED TRELLIS DECORATION,weekday_seasonal_mean,statistical,14
23061,VINTAGE EMBOSSED HEART,seasonal_naive_lag_7,statistical,14
23065,LARGE DECO JEWELLERY STAND,moving_average_7,statistical,14
23066,SMALL DECO JEWELLERY STAND,moving_average_7,statistical,14
23067,HANGING ENGRAVED METAL HEART,weekday_seasonal_mean,statistical,14
23068,ALUMINIUM STAMPED HEART,weekday_seasonal_mean,statistical,14
23070,EDWARDIAN HEART PHOTO FRAME,weekday_seasonal_mean,statistical,14
23073,GEORGIAN TRINKET BOX,weekday_seasonal_mean,statistical,14
23075,PARLOUR CERAMIC WALL HOOK,weekday_seasonal_mean,statistical,14
23076,ICE CREAM SUNDAE LIP GLOSS,lstm,deep_learning,14
23077,DOUGHNUT LIP GLOSS,seasonal_naive_lag_7,statistical,14
23078,ICE CREAM PEN LIP GLOSS,lightgbm,machine_learning,14
23079,TOADSTOOL BEDSIDE LIGHT,lightgbm,machine_learning,14
23080,RED METAL BOX TOP SECRET,weekday_seasonal_mean,statistical,14
23081,GREEN METAL BOX ARMY SUPPLIES,lstm,deep_learning,14
23082,SET 6 PAPER TABLE LANTERN HEARTS,xgboost,machine_learning,14
23083,SET 6 PAPER TABLE LANTERN STARS,gru,deep_learning,14
23084,RABBIT NIGHT LIGHT,xgboost,machine_learning,14
23085,ANTIQUE SILVER BAUBLE LAMP,lightgbm,machine_learning,14
23086,ZINC STAR T-LIGHT HOLDER,weekday_seasonal_mean,statistical,14
23087,ZINC HEART T-LIGHT HOLDER,lstm,deep_learning,14
23088,ZINC HEART FLOWER T-LIGHT HOLDER,seasonal_naive_lag_7,statistical,14
23089,GLASS BON BON JAR,lstm,deep_learning,14
23090,VINTAGE GLASS T-LIGHT HOLDER,weekday_seasonal_mean,statistical,14
23091,ZINC HERB GARDEN CONTAINER,naive_lag_1,statistical,14
23092,LARGE ANTIQUE WHITE PHOTO FRAME,gru,deep_learning,14
23093,SMALL PARISIENNE HEART PHOTO FRAME,weekday_seasonal_mean,statistical,14
23094,LE GRAND TRAY CHIC SET,weekday_seasonal_mean,statistical,14
23096,PETIT TRAY CHIC,weekday_seasonal_mean,statistical,14
23099,FRENCH CARRIAGE LANTERN,weekday_seasonal_mean,statistical,14
23100,SILVER BELLS TABLE DECORATION,xgboost,machine_learning,14
23101,SILVER STARS TABLE DECORATION,lightgbm,machine_learning,14
23102,SILVER HEARTS TABLE DECORATION,seasonal_naive_lag_7,statistical,14
23103,JINGLE BELL HEART DECORATION,lightgbm,machine_learning,14
23106,ZINC HEARTS PLANT POT HOLDER,weekday_seasonal_mean,statistical,14
23107,WHITE HEARTS WIRE PLANT POT HOLDER,seasonal_naive_lag_7,statistical,14
23108,SET OF 10 LED DOLLY LIGHTS,weekday_seasonal_mean,statistical,14
23109,PACK OF SIX LED TEA LIGHTS,lightgbm,machine_learning,14
23110,PARISIENNE KEY CABINET,weekday_seasonal_mean,statistical,14
23111,PARISIENNE SEWING BOX,seasonal_naive_lag_7,statistical,14
23112,PARISIENNE CURIO CABINET,moving_average_7,statistical,14
23118,PARISIENNE JEWELLERY DRAWER,naive_lag_1,statistical,14
23119,PACK OF 6 LARGE FRUIT STRAWS,lstm,deep_learning,14
23120,PACK OF 6 SMALL FRUIT STRAWS,weekday_seasonal_mean,statistical,14
23121,PACK OF 6 COCKTAIL PARASOL STRAWS,weekday_seasonal_mean,statistical,14
23122,PARTY CHARMS 50 PIECES,lstm,deep_learning,14
23123,COCKTAIL SWORDS 50 PIECES,weekday_seasonal_mean,statistical,14
23124,18PC WOODEN CUTLERY SET DISPOSABLE,moving_average_7,statistical,14
23126,FELTCRAFT GIRL AMELIE KIT,lightgbm,machine_learning,14
23127,FELTCRAFT GIRL NICOLE KIT,lightgbm,machine_learning,14
23128,FELTCRAFT BOY JEAN-PAUL KIT,seasonal_naive_lag_7,statistical,14
23129,HEART SHAPED HOLLY WREATH,weekday_seasonal_mean,statistical,14
23130,MISTLETOE HEART WREATH GREEN,gru,deep_learning,14
23131,MISTLETOE HEART WREATH CREAM,weekday_seasonal_mean,statistical,14
23132,SMALL IVORY HEART WALL ORGANISER,lstm,deep_learning,14
23133,LARGE IVORY HEART WALL ORGANISER,weekday_seasonal_mean,statistical,14
23134,UNKNOWN,moving_average_7,statistical,14
23135,SMALL ZINC HEART WALL ORGANISER,seasonal_naive_lag_7,statistical,14
23136,IVORY WIRE SWEETHEART LETTER TRAY,naive_lag_1,statistical,14
23138,SINGLE WIRE HOOK IVORY HEART,lstm,deep_learning,14
23140,TRIPLE WIRE HOOK IVORY HEART,naive_lag_1,statistical,14
23144,ZINC T-LIGHT HOLDER STARS SMALL,weekday_seasonal_mean,statistical,14
23145,ZINC T-LIGHT HOLDER STAR LARGE,lstm,deep_learning,14
23146,TRIPLE HOOK ANTIQUE IVORY ROSE,weekday_seasonal_mean,statistical,14
23147,SINGLE ANTIQUE ROSE HOOK IVORY,xgboost,machine_learning,14
23148,MINIATURE ANTIQUE ROSE HOOK IVORY,weekday_seasonal_mean,statistical,14
23150,IVORY SWEETHEART SOAP DISH,naive_lag_1,statistical,14
23152,IVORY SWEETHEART WIRE LETTER RACK,lstm,deep_learning,14
23153,ZINC SWEETHEART WIRE LETTER RACK,weekday_seasonal_mean,statistical,14
23154,SET OF 4 JAM JAR MAGNETS,weekday_seasonal_mean,statistical,14
23155,KNICKERBOCKERGLORY MAGNET ASSORTED,weekday_seasonal_mean,statistical,14
23156,SET OF 5 MINI GROCERY MAGNETS,weekday_seasonal_mean,statistical,14
23157,SET OF 6 NATIVITY MAGNETS,lightgbm,machine_learning,14
23158,SET OF 5 LUCKY CAT MAGNETS,weekday_seasonal_mean,statistical,14
23159,SET OF 5 PANCAKE DAY MAGNETS,lightgbm,machine_learning,14
23160,REGENCY TEA SPOON,lstm,deep_learning,14
23161,REGENCY CAKE FORK,weekday_seasonal_mean,statistical,14
23162,REGENCY TEA STRAINER,weekday_seasonal_mean,statistical,14
23163,REGENCY SUGAR TONGS,weekday_seasonal_mean,statistical,14
23164,REGENCY CAKE SLICE,weekday_seasonal_mean,statistical,14
23165,LARGE CERAMIC TOP STORAGE JAR,lightgbm,machine_learning,14
23166,MEDIUM CERAMIC TOP STORAGE JAR,gru,deep_learning,14
23167,SMALL CERAMIC TOP STORAGE JAR,lstm,deep_learning,14
23168,CLASSIC CAFE SUGAR DISPENSER,xgboost,machine_learning,14
23169,CLASSIC GLASS COOKIE JAR,seasonal_naive_lag_7,statistical,14
23170,REGENCY TEA PLATE ROSES,lstm,deep_learning,14
23171,REGENCY TEA PLATE GREEN,gru,deep_learning,14
23172,REGENCY TEA PLATE PINK,weekday_seasonal_mean,statistical,14
23173,REGENCY TEAPOT ROSES,moving_average_7,statistical,14
23174,REGENCY SUGAR BOWL GREEN,weekday_seasonal_mean,statistical,14
23175,REGENCY MILK JUG PINK,lightgbm,machine_learning,14
23176,ABC TREASURE BOOK BOX,weekday_seasonal_mean,statistical,14
23177,TREASURE ISLAND BOOK BOX,weekday_seasonal_mean,statistical,14
23178,JAM CLOCK MAGNET,weekday_seasonal_mean,statistical,14
23179,CLOCK MAGNET MUM'S KITCHEN,lstm,deep_learning,14
23180,MUM'S KITCHEN CLOCK,weekday_seasonal_mean,statistical,14
23181,BULL DOG BOTTLE TOP WALL CLOCK,weekday_seasonal_mean,statistical,14
23182,TOILET SIGN OCCUPIED OR VACANT,weekday_seasonal_mean,statistical,14
23183,MOTHER'S KITCHEN SPOON REST,weekday_seasonal_mean,statistical,14
23184,BULL DOG BOTTLE OPENER,weekday_seasonal_mean,statistical,14
23186,FRENCH STYLE STORAGE JAR CAFE,weekday_seasonal_mean,statistical,14
23187,FRENCH STYLE STORAGE JAR BONBONS,moving_average_7,statistical,14
23188,VINTAGE 2 METRE FOLDING RULER,seasonal_naive_lag_7,statistical,14
23189,SET OF 12 FORK CANDLES,weekday_seasonal_mean,statistical,14
23190,BUNDLE OF 3 SCHOOL EXERCISE BOOKS,weekday_seasonal_mean,statistical,14
23191,BUNDLE OF 3 RETRO NOTE BOOKS,lightgbm,machine_learning,14
23192,BUNDLE OF 3 ALPHABET EXERCISE BOOKS,lightgbm,machine_learning,14
23193,BUFFALO BILL TREASURE BOOK BOX,weekday_seasonal_mean,statistical,14
23194,GYMKHANA TREASURE BOOK BOX,weekday_seasonal_mean,statistical,14
23196,VINTAGE LEAF MAGNETIC NOTEPAD,gru,deep_learning,14
23197,SKETCHBOOK MAGNETIC SHOPPING LIST,seasonal_naive_lag_7,statistical,14
23198,PANTRY MAGNETIC SHOPPING LIST,gru,deep_learning,14
23199,JUMBO BAG APPLES,weekday_seasonal_mean,statistical,14
23200,JUMBO BAG PEARS,lightgbm,machine_learning,14
23201,JUMBO BAG ALPHABET,weekday_seasonal_mean,statistical,14
23202,JUMBO BAG VINTAGE LEAF,weekday_seasonal_mean,statistical,14
23203,JUMBO BAG VINTAGE DOILY,weekday_seasonal_mean,statistical,14
23204,CHARLOTTE BAG APPLES DESIGN,xgboost,machine_learning,14
23205,CHARLOTTE BAG VINTAGE ALPHABET,xgboost,machine_learning,14
23206,LUNCH BAG APPLE DESIGN,weekday_seasonal_mean,statistical,14
23207,LUNCH BAG ALPHABET DESIGN,lightgbm,machine_learning,14
23208,LUNCH BAG VINTAGE LEAF DESIGN,weekday_seasonal_mean,statistical,14
23209,LUNCH BAG VINTAGE DOILY,weekday_seasonal_mean,statistical,14
23210,WHITE ROCKING HORSE HAND PAINTED,gru,deep_learning,14
23211,RED ROCKING HORSE HAND PAINTED,xgboost,machine_learning,14
23212,HEART WREATH DECORATION WITH BELL,lightgbm,machine_learning,14
23213,STAR WREATH DECORATION WITH BELL,lightgbm,machine_learning,14
23214,JINGLE BELL HEART ANTIQUE GOLD,gru,deep_learning,14
23215,JINGLE BELL HEART ANTIQUE SILVER,gru,deep_learning,14
23217,LAUREL HEART ANTIQUE SILVER,weekday_seasonal_mean,statistical,14
23220,REINDEER HEART DECORATION GOLD,gru,deep_learning,14
23221,REINDEER HEART DECORATION SILVER,lightgbm,machine_learning,14
23222,CHRISTMAS TREE HANGING GOLD,weekday_seasonal_mean,statistical,14
23223,CHRISTMAS TREE HANGING SILVER,gru,deep_learning,14
23224,CHERUB HEART DECORATION GOLD,seasonal_naive_lag_7,statistical,14
23225,CHERUB HEART DECORATION SILVER,weekday_seasonal_mean,statistical,14
23226,FILIGREE HEART DAISY WHITE,weekday_seasonal_mean,statistical,14
23227,FILIGREE HEART BUTTERFLY WHITE,weekday_seasonal_mean,statistical,14
23228,FILIGREE HEART BIRD WHITE,weekday_seasonal_mean,statistical,14
23229,VINTAGE DONKEY TAIL GAME,gru,deep_learning,14
23230,WRAP ALPHABET DESIGN,weekday_seasonal_mean,statistical,14
23231,WRAP VINTAGE DOILY,lightgbm,machine_learning,14
23232,WRAP VINTAGE LEAF DESIGN,weekday_seasonal_mean,statistical,14
23233,WRAP POPPIES DESIGN,lightgbm,machine_learning,14
23234,BISCUIT TIN VINTAGE CHRISTMAS,naive_lag_1,statistical,14
23235,STORAGE TIN VINTAGE LEAF,lstm,deep_learning,14
23236,STORAGE TIN VINTAGE DOILY,weekday_seasonal_mean,statistical,14
23237,SET OF 4 KNICK KNACK TINS LEAF,weekday_seasonal_mean,statistical,14
23238,SET OF 4 KNICK KNACK TINS LONDON,gru,deep_learning,14
23239,SET OF 4 KNICK KNACK TINS POPPIES,weekday_seasonal_mean,statistical,14
23240,SET OF 4 KNICK KNACK TINS DOILY,lightgbm,machine_learning,14
23241,TREASURE TIN GYMKHANA DESIGN,weekday_seasonal_mean,statistical,14
23242,TREASURE TIN BUFFALO BILL,weekday_seasonal_mean,statistical,14
23243,SET OF TEA COFFEE SUGAR TINS PANTRY,weekday_seasonal_mean,statistical,14
23244,ROUND STORAGE TIN VINTAGE LEAF,seasonal_naive_lag_7,statistical,14
23245,SET OF 3 REGENCY CAKE TINS,lightgbm,machine_learning,14
23247,BISCUIT TIN 50'S CHRISTMAS,lstm,deep_learning,14
23249,VINTAGE RED ENAMEL TRIM PLATE,lstm,deep_learning,14
23250,VINTAGE RED TRIM ENAMEL BOWL,weekday_seasonal_mean,statistical,14
23251,VINTAGE RED ENAMEL TRIM MUG,weekday_seasonal_mean,statistical,14
23252,VINTAGE RED ENAMEL TRIM JUG,weekday_seasonal_mean,statistical,14
23253,16 PIECE CUTLERY SET PANTRY DESIGN,seasonal_naive_lag_7,statistical,14
23254,CHILDRENS CUTLERY DOLLY GIRL,weekday_seasonal_mean,statistical,14
23255,CHILDRENS CUTLERY CIRCUS PARADE,naive_lag_1,statistical,14
23256,CHILDRENS CUTLERY SPACEBOY,gru,deep_learning,14
23263,SET OF 3 WOODEN HEART DECORATIONS,lightgbm,machine_learning,14
23264,SET OF 3 WOODEN SLEIGH DECORATIONS,xgboost,machine_learning,14
23265,SET OF 3 WOODEN TREE DECORATIONS,xgboost,machine_learning,14
23266,SET OF 3 WOODEN STOCKING DECORATION,xgboost,machine_learning,14
23267,SET OF 4 SANTA PLACE SETTINGS,gru,deep_learning,14
23268,UNKNOWN,lstm,deep_learning,14
23269,SET OF 2 CERAMIC CHRISTMAS TREES,weekday_seasonal_mean,statistical,14
23270,SET OF 2 CERAMIC PAINTED HEARTS,weekday_seasonal_mean,statistical,14
23271,CHRISTMAS TABLE SILVER CANDLE SPIKE,lightgbm,machine_learning,14
23273,HEART T-LIGHT HOLDER WILLIE WINKIE,weekday_seasonal_mean,statistical,14
23274,STAR T-LIGHT HOLDER WILLIE WINKIE,weekday_seasonal_mean,statistical,14
23275,SET OF 3 HANGING OWLS OLLIE BEAK,lightgbm,machine_learning,14
23280,FOLDING BUTTERFLY MIRROR HOT PINK,weekday_seasonal_mean,statistical,14
23281,FOLDING BUTTERFLY MIRROR RED,lstm,deep_learning,14
23282,FOLDING BUTTERFLY MIRROR IVORY,weekday_seasonal_mean,statistical,14
23283,DOORMAT VINTAGE LEAF,weekday_seasonal_mean,statistical,14
23284,DOORMAT KEEP CALM AND COME IN,weekday_seasonal_mean,statistical,14
23285,PINK VINTAGE SPOT BEAKER,lstm,deep_learning,14
23286,BLUE VINTAGE SPOT BEAKER,lstm,deep_learning,14
23287,RED VINTAGE SPOT BEAKER,lstm,deep_learning,14
23288,GREEN VINTAGE SPOT BEAKER,lstm,deep_learning,14
23289,DOLLY GIRL CHILDRENS BOWL,xgboost,machine_learning,14
23290,SPACEBOY CHILDRENS BOWL,weekday_seasonal_mean,statistical,14
23291,DOLLY GIRL CHILDRENS CUP,xgboost,machine_learning,14
23292,SPACEBOY CHILDRENS CUP,lightgbm,machine_learning,14
23293,SET OF 12 FAIRY CAKE BAKING CASES,xgboost,machine_learning,14
23294,SET OF 6 SNACK LOAF BAKING CASES,weekday_seasonal_mean,statistical,14
23295,SET OF 12 MINI LOAF BAKING CASES,xgboost,machine_learning,14
23296,SET OF 6 TEA TIME BAKING CASES,seasonal_naive_lag_7,statistical,14
23297,SET 40 HEART SHAPE PETIT FOUR CASES,lstm,deep_learning,14
23298,SPOTTY BUNTING,weekday_seasonal_mean,statistical,14
23299,FOOD COVER WITH BEADS SET 2,lstm,deep_learning,14
23300,GARDENERS KNEELING PAD CUP OF TEA,gru,deep_learning,14
23301,GARDENERS KNEELING PAD KEEP CALM,moving_average_7,statistical,14
23302,KNEELING MAT HOUSEWORK DESIGN,weekday_seasonal_mean,statistical,14
23306,SET OF 36 PANTRY PAPER DOILIES,lstm,deep_learning,14
23307,SET OF 60 PANTRY DESIGN CAKE CASES,weekday_seasonal_mean,statistical,14
23308,SET OF 60 VINTAGE LEAF CAKE CASES,weekday_seasonal_mean,statistical,14
23309,SET OF 60 I LOVE LONDON CAKE CASES,weekday_seasonal_mean,statistical,14
23310,BUBBLEGUM RING ASSORTED,seasonal_naive_lag_7,statistical,14
23311,VINTAGE CHRISTMAS STOCKING,moving_average_7,statistical,14
23312,VINTAGE CHRISTMAS GIFT SACK,lstm,deep_learning,14
23313,VINTAGE CHRISTMAS BUNTING,xgboost,machine_learning,14
23314,VINTAGE CHRISTMAS TABLECLOTH,seasonal_naive_lag_7,statistical,14
23315,IVORY REFECTORY CLOCK,naive_lag_1,statistical,14
23316,RED REFECTORY CLOCK,weekday_seasonal_mean,statistical,14
23317,BLUE REFECTORY CLOCK,naive_lag_1,statistical,14
23318,BOX OF 6 MINI VINTAGE CRACKERS,gru,deep_learning,14
23319,BOX OF 6 MINI 50'S CRACKERS,gru,deep_learning,14
23320,GIANT 50'S CHRISTMAS CRACKER,lstm,deep_learning,14
23321,SMALL WHITE HEART OF WICKER,lightgbm,machine_learning,14
23322,LARGE WHITE HEART OF WICKER,lightgbm,machine_learning,14
23323,WHITE WICKER STAR,xgboost,machine_learning,14
23324,RUSTIC STRAWBERRY JAM POT LARGE,weekday_seasonal_mean,statistical,14
23326,HANGING MINI COLOURED BOTTLES,lstm,deep_learning,14
23328,SET 6 SCHOOL MILK BOTTLES IN CRATE,lightgbm,machine_learning,14
23329,DECORATIVE WICKER HEART LARGE,lightgbm,machine_learning,14
23330,DECORATIVE WICKER HEART MEDIUM,xgboost,machine_learning,14
23331,DECORATIVE WICKER HEART SMALL,lightgbm,machine_learning,14
23332,IVORY WICKER HEART LARGE,lightgbm,machine_learning,14
23333,IVORY WICKER HEART MEDIUM,lightgbm,machine_learning,14
23334,IVORY WICKER HEART SMALL,gru,deep_learning,14
23335,EGG FRYING PAN IVORY,weekday_seasonal_mean,statistical,14
23336,EGG FRYING PAN PINK,gru,deep_learning,14
23337,EGG FRYING PAN MINT,seasonal_naive_lag_7,statistical,14
23338,EGG FRYING PAN RED,gru,deep_learning,14
23339,EGG FRYING PAN BLUE,gru,deep_learning,14
23340,VINTAGE CHRISTMAS CAKE FRILL,weekday_seasonal_mean,statistical,14
23341,PINK DINER WALL CLOCK,weekday_seasonal_mean,statistical,14
23342,MINT DINER WALL CLOCK,lightgbm,machine_learning,14
23343,JUMBO BAG VINTAGE CHRISTMAS,weekday_seasonal_mean,statistical,14
23344,JUMBO BAG 50'S CHRISTMAS,lightgbm,machine_learning,14
23345,DOLLY GIRL BEAKER,weekday_seasonal_mean,statistical,14
23346,SPACEBOY BEAKER,weekday_seasonal_mean,statistical,14
23347,I LOVE LONDON BEAKER,weekday_seasonal_mean,statistical,14
23348,UNKNOWN,weekday_seasonal_mean,statistical,14
23349,ROLL WRAP VINTAGE CHRISTMAS,gru,deep_learning,14
23350,ROLL WRAP VINTAGE SPOT,gru,deep_learning,14
23351,ROLL WRAP 50'S CHRISTMAS,xgboost,machine_learning,14
23352,ROLL WRAP 50'S RED CHRISTMAS,gru,deep_learning,14
23353,6 GIFT TAGS VINTAGE CHRISTMAS,gru,deep_learning,14
23354,6 GIFT TAGS 50'S CHRISTMAS,gru,deep_learning,14
23355,HOT WATER BOTTLE KEEP CALM,seasonal_naive_lag_7,statistical,14
23356,LOVE HOT WATER BOTTLE,xgboost,machine_learning,14
23357,HOT WATER BOTTLE SEX BOMB,moving_average_7,statistical,14
23358,HOT STUFF HOT WATER BOTTLE,lstm,deep_learning,14
23359,SET OF 12 T-LIGHTS VINTAGE DOILY,lightgbm,machine_learning,14
23360,SET 8 CANDLES VINTAGE DOILY,weekday_seasonal_mean,statistical,14
23365,SET 12 COLOUR PENCILS LOVE LONDON,lightgbm,machine_learning,9
23366,SET 12 COLOURING PENCILS DOILY,gru,deep_learning,9
23367,SET 12 COLOUR PENCILS SPACEBOY,lightgbm,machine_learning,9
23368,SET 12 COLOUR PENCILS DOLLY GIRL,xgboost,machine_learning,9
23369,SET 36 COLOUR PENCILS LOVE LONDON,lightgbm,machine_learning,9
23370,SET 36 COLOURING PENCILS DOILY,weekday_seasonal_mean,statistical,9
23371,SET 36 COLOUR PENCILS SPACEBOY,xgboost,machine_learning,9
23372,SET 36 COLOUR PENCILS DOLLY GIRL,xgboost,machine_learning,9
23373,VINTAGE CHRISTMAS PAPER GIFT BAG,weekday_seasonal_mean,statistical,14
23374,RED SPOT PAPER GIFT BAG,lightgbm,machine_learning,14
23375,50'S CHRISTMAS PAPER GIFT BAG,weekday_seasonal_mean,statistical,14
23376,PACK OF 12 VINTAGE CHRISTMAS TISSUE,lightgbm,machine_learning,14
23377,PACK OF 12 DOLLY GIRL TISSUES,gru,deep_learning,14
23378,PACK OF 12 50'S CHRISTMAS TISSUES,seasonal_naive_lag_7,statistical,14
23379,PACK OF 12 RED APPLE TISSUES,weekday_seasonal_mean,statistical,14
23380,PACK OF 12 VINTAGE DOILY TISSUES,weekday_seasonal_mean,statistical,14
23381,PACK OF 12 VINTAGE LEAF TISSUES,lstm,deep_learning,14
23388,WOODLAND MINI BACKPACK,lightgbm,machine_learning,14
23389,SPACEBOY MINI BACKPACK,lightgbm,machine_learning,14
23390,DOLLY GIRL MINI BACKPACK,gru,deep_learning,14
23391,I LOVE LONDON MINI BACKPACK,weekday_seasonal_mean,statistical,14
23392,SPACEBOY ROCKET LOLLY MAKERS,lightgbm,machine_learning,14
23393,HOME SWEET HOME CUSHION COVER,gru,deep_learning,14
23394,POSTE FRANCE CUSHION COVER,lstm,deep_learning,14
23395,BELLE JARDINIERE CUSHION COVER,lightgbm,machine_learning,14
23396,LE JARDIN BOTANIQUE CUSHION COVER,gru,deep_learning,14
23397,FOOT STOOL HOME SWEET HOME,lstm,deep_learning,14
23398,HANGING HEART BONHEUR,weekday_seasonal_mean,statistical,14
23399,HOME SWEET HOME HANGING HEART,lightgbm,machine_learning,14
23400,SHELF WITH 4 HOOKS HOME SWEET HOME,seasonal_naive_lag_7,statistical,14
23401,RUSTIC MIRROR WITH LACE HEART,seasonal_naive_lag_7,statistical,14
23402,HOME SWEET HOME 3 PEG HANGER,weekday_seasonal_mean,statistical,14
23403,LETTER HOLDER HOME SWEET HOME,moving_average_7,statistical,14
23404,HOME SWEET HOME BLACKBOARD,moving_average_7,statistical,14
23405,HOME SWEET HOME 2 DRAWER CABINET,seasonal_naive_lag_7,statistical,14
23406,UNKNOWN,gru,deep_learning,14
23407,SET OF 2 TRAYS HOME SWEET HOME,lstm,deep_learning,14
23408,PHOTO FRAME LINEN AND LACE SMALL,seasonal_naive_lag_7,statistical,14
23411,TRELLIS COAT RACK,weekday_seasonal_mean,statistical,14
23414,ZINC BOX SIGN HOME,weekday_seasonal_mean,statistical,14
23418,LAVENDER TOILETTE BOTTLE,weekday_seasonal_mean,statistical,14
23419,HOME SWEET HOME BOTTLE,weekday_seasonal_mean,statistical,14
23423,PANTRY 3 HOOK ROLLING PIN HANGER,weekday_seasonal_mean,statistical,14
23424,GINGHAM RECIPE BOOK BOX,naive_lag_1,statistical,14
23426,METAL SIGN DROP YOUR PANTS,lstm,deep_learning,14
23427,STOOL HOME SWEET HOME,naive_lag_1,statistical,14
23431,NATURAL HANGING QUILTED HEARTS,lstm,deep_learning,14
23432,PRETTY HANGING QUILTED HEARTS,weekday_seasonal_mean,statistical,14
23433,HANGING QUILTED PATCHWORK APPLES,lightgbm,machine_learning,14
23434,3 RAFFIA RIBBONS 50'S CHRISTMAS,xgboost,machine_learning,14
23435,3 RAFFIA RIBBONS VINTAGE CHRISTMAS,seasonal_naive_lag_7,statistical,14
23436,VINTAGE CHRISTMAS GIFT BAG LARGE,lightgbm,machine_learning,14
23437,50'S CHRISTMAS GIFT BAG LARGE,gru,deep_learning,14
23438,RED SPOT GIFT BAG LARGE,weekday_seasonal_mean,statistical,14
23439,HAND WARMER RED LOVE HEART,xgboost,machine_learning,14
23444,Next Day Carriage,lightgbm,machine_learning,14
23445,ICE CREAM BUBBLES,seasonal_naive_lag_7,statistical,14
23461,SWEETHEART BIRD HOUSE,gru,deep_learning,2
23493,VINTAGE DOILY TRAVEL SEWING KIT,xgboost,machine_learning,9
23494,VINTAGE DOILY DELUXE SEWING KIT,gru,deep_learning,6
23502,PLAYING CARDS VINTAGE DOILY,weekday_seasonal_mean,statistical,9
23503,PLAYING CARDS KEEP CALM & CARRY ON,xgboost,machine_learning,9
23504,PLAYING CARDS JUBILEE UNION JACK,seasonal_naive_lag_7,statistical,9
23505,PLAYING CARDS I LOVE LONDON,weekday_seasonal_mean,statistical,9
23506,MINI PLAYING CARDS SPACEBOY,seasonal_naive_lag_7,statistical,9
23507,MINI PLAYING CARDS BUFFALO BILL,gru,deep_learning,9
23508,MINI PLAYING CARDS DOLLY GIRL,lstm,deep_learning,9
23510,MINI PLAYING CARDS GYMKHANA,weekday_seasonal_mean,statistical,9
23511,EMBROIDERED RIBBON REEL EMILY,naive_lag_1,statistical,9
23513,EMBROIDERED RIBBON REEL SUSIE,naive_lag_1,statistical,9
23514,EMBROIDERED RIBBON REEL SALLY,lightgbm,machine_learning,9
23515,EMBROIDERED RIBBON REEL DAISY,naive_lag_1,statistical,9
23517,EMBROIDERED RIBBON REEL REBECCA,weekday_seasonal_mean,statistical,9
23545,WRAP RED VINTAGE DOILY,lightgbm,machine_learning,14
23546,WRAP PAISLEY PARK,lightgbm,machine_learning,14
23547,WRAP FLOWER SHOP,weekday_seasonal_mean,statistical,14
23549,WRAP BIRD GARDEN,lstm,deep_learning,14
23550,WRAP ALPHABET POSTER,naive_lag_1,statistical,14
23551,PACK OF 12 PAISLEY PARK TISSUES,weekday_seasonal_mean,statistical,14
23559,WOODLAND BUNNIES LOLLY MAKERS,weekday_seasonal_mean,statistical,14
35001G,HAND OPEN SHAPE GOLD,lstm,deep_learning,14
35001W,HAND OPEN SHAPE DECO.WHITE,moving_average_7,statistical,14
35004B,SET OF 3 BLACK FLYING DUCKS,lstm,deep_learning,14
35004C,SET OF 3 COLOURED FLYING DUCKS,moving_average_7,statistical,14
35004G,SET OF 3 GOLD FLYING DUCKS,seasonal_naive_lag_7,statistical,14
35004P,UNKNOWN,moving_average_7,statistical,14
35015,JACOBS LADDER SMALL,moving_average_7,statistical,14
35095A,BLUE VICTORIAN FABRIC OVAL BOX,weekday_seasonal_mean,statistical,14
35095B,RED VICTORIAN FABRIC OVAL BOX,lstm,deep_learning,14
35096A,UNKNOWN,moving_average_7,statistical,14
35160,UNKNOWN,moving_average_7,statistical,14
35240,UNKNOWN,moving_average_7,statistical,14
35241,ENAMEL BLUE RIM BISCUIT BIN,moving_average_7,statistical,14
35400,WOODEN BOX ADVENT CALENDAR,seasonal_naive_lag_7,statistical,14
35471A,SET OF 3 BIRD L.BLUE FEATHER,moving_average_7,statistical,14
35471D,SET OF 3 BIRD LIGHT PINK FEATHER,lightgbm,machine_learning,14
35594,WOODEN CHRISTMAS TREE 3 HANGING,moving_average_7,statistical,14
35598B,BLACK CHRISTMAS TREE 60CM,lstm,deep_learning,14
35598D,PINK/WHITE CHRISTMAS TREE 60CM,lstm,deep_learning,14
35599B,BLACK CHRISTMAS TREE 120CM,weekday_seasonal_mean,statistical,14
35599D,PINK AND WHITE CHRISTMAS TREE 120CM,weekday_seasonal_mean,statistical,14
35607A,UNKNOWN,moving_average_7,statistical,14
35637A,IVORY STRING CURTAIN WITH POLE,seasonal_naive_lag_7,statistical,14
35645,VINTAGE BEAD PINK JEWEL BOX,moving_average_7,statistical,14
35646,VINTAGE BEAD PINK EVENING BAG,seasonal_naive_lag_7,statistical,14
35647,VINTAGE BEAD PINK SHADE,moving_average_7,statistical,14
35648,VINTAGE BEAD PINK PURSE,weekday_seasonal_mean,statistical,14
35649,VINTAGE BEAD COSMETIC BAG,lstm,deep_learning,14
35651,VINTAGE BEAD PINK SCARF,naive_lag_1,statistical,14
35653,VINTAGE BEAD NOTEBOOK,moving_average_7,statistical,14
35809A,ENAMEL PINK TEA CONTAINER,moving_average_7,statistical,14
35810A,ENAMEL PINK COFFEE CONTAINER,moving_average_7,statistical,14
35810B,ENAMEL BLUE RIM COFFEE CONTAINER,seasonal_naive_lag_7,statistical,14
35811A,UNKNOWN,moving_average_7,statistical,14
35832,UNKNOWN,moving_average_7,statistical,14
35833P,4 PINK FLOCK CHRISTMAS BALLS,weekday_seasonal_mean,statistical,14
35911A,MULTICOLOUR RABBIT EGG WARMER,moving_average_7,statistical,14
35914,UNKNOWN,moving_average_7,statistical,14
35915B,BLUE KNITTED HEN,moving_average_7,statistical,14
35915C,UNKNOWN,moving_average_7,statistical,14
35916A,YELLOW FELT HANGING HEART W FLOWER,moving_average_7,statistical,14
35916B,BLUE FELT HANGING HEART WITH FLOWER,moving_average_7,statistical,14
35916C,PINK FELT HANGING HEART W FLOWER,moving_average_7,statistical,14
35921,EASTER BUNNY HANGING GARLAND,moving_average_7,statistical,14
35922,EASTER BUNNY WREATH,moving_average_7,statistical,14
35923,CANDY HEART HANGING DECORATION,lstm,deep_learning,14
35924,HANGING FAIRY CAKE DECORATION,lstm,deep_learning,14
35951,UNKNOWN,moving_average_7,statistical,14
35953,FOLKART STAR CHRISTMAS DECORATIONS,moving_average_7,statistical,14
35954,check,naive_lag_1,statistical,14
35957,SMALLFOLKART BAUBLE CHRISTMAS DEC,moving_average_7,statistical,14
35958,UNKNOWN,moving_average_7,statistical,14
35961,FOLKART ZINC HEART CHRISTMAS DEC,lightgbm,machine_learning,14
35962,UNKNOWN,moving_average_7,statistical,14
35964,FOLKART CLIP ON STARS,lightgbm,machine_learning,14
35965,FOLKART HEART NAPKIN RINGS,lstm,deep_learning,14
35967,FOLK ART METAL STAR T-LIGHT HOLDER,weekday_seasonal_mean,statistical,14
35968,check,moving_average_7,statistical,14
35969,FOLKART CROWN TABLE DECORATIONS,moving_average_7,statistical,14
35970,ZINC FOLKART SLEIGH BELLS,xgboost,machine_learning,14
35971,ROSE FOLKART HEART DECORATIONS,gru,deep_learning,14
35972,DAISY FOLKART HEART DECORATION,naive_lag_1,statistical,14
35981C,WHITE SNOW SCANDINAVIAN STOCKING,moving_average_7,statistical,14
35991,SET/6 BLACK SNOWFLAKE T-LIGHTS,moving_average_7,statistical,14
37327,adjustment,lstm,deep_learning,14
37333,"RETRO ""TEA FOR ONE""",moving_average_7,statistical,14
37340,MULTICOLOUR SPRING FLOWER MUG,gru,deep_learning,14
37342,UNKNOWN,moving_average_7,statistical,14
37343,POLKADOT MUG PINK,moving_average_7,statistical,14
37370,RETRO COFFEE MUGS ASSORTED,lstm,deep_learning,14
37413,ICON MUG REVOLUTIONARY,lstm,deep_learning,14
37422,WHITE WITH BLACK CATS BOWL,moving_average_7,statistical,14
37423,WHITE WITH BLACK CATS PLATE,moving_average_7,statistical,14
37424,WHITE WITH BLACK CATS MUG,moving_average_7,statistical,14
37441,UNKNOWN,moving_average_7,statistical,14
37444A,UNKNOWN,moving_average_7,statistical,14
37444C,UNKNOWN,moving_average_7,statistical,14
37446,MINI CAKE STAND WITH HANGING CAKES,lstm,deep_learning,14
37447,CERAMIC CAKE DESIGN SPOTTED PLATE,lstm,deep_learning,14
37448,CERAMIC CAKE DESIGN SPOTTED MUG,lstm,deep_learning,14
37449,CERAMIC CAKE STAND + HANGING CAKES,lstm,deep_learning,14
37450,CERAMIC CAKE BOWL + HANGING CAKES,lstm,deep_learning,14
37461,UNKNOWN,moving_average_7,statistical,14
37462B,"PET MUG, BUDGIE",moving_average_7,statistical,14
37464,ROBOT MUG IN DISPLAY BOX,moving_average_7,statistical,14
37467,UNKNOWN,moving_average_7,statistical,14
37474,UNKNOWN,moving_average_7,statistical,14
37475,SET/4 COLOURFUL MIXING BOWLS,weekday_seasonal_mean,statistical,14
37476,CONDIMENT TRAY 4 BOWLS AND 4 SPOONS,moving_average_7,statistical,14
37479B,UNKNOWN,moving_average_7,statistical,14
37479P,CUBIC MUG FLOCK PINK ON BROWN,naive_lag_1,statistical,14
37482P,CUBIC MUG PINK POLKADOT,moving_average_7,statistical,14
37492B,BLUE YELLOW FLOWER PIGGY BANK,moving_average_7,statistical,14
37494A,FAIRY CAKE CERAMIC BUTTER DISH,moving_average_7,statistical,14
37495,FAIRY CAKE BIRTHDAY CANDLE SET,naive_lag_1,statistical,14
37500,TEA TIME TEAPOT IN GIFT BOX,seasonal_naive_lag_7,statistical,14
37501,UNKNOWN,moving_average_7,statistical,14
37502,TEA TIME MUG IN GIFT BOX,moving_average_7,statistical,14
37503,TEA TIME CAKE STAND IN GIFT BOX,moving_average_7,statistical,14
37508,NEW ENGLAND CERAMIC CAKE SERVER,moving_average_7,statistical,14
40001,WHITE BAMBOO RIBS LAMPSHADE,lstm,deep_learning,14
40003,WHITE BAMBOO RIBS LAMPSHADE,moving_average_7,statistical,14
40016,CHINESE DRAGON PAPER LANTERNS,moving_average_7,statistical,14
40018E,UNKNOWN,moving_average_7,statistical,14
40018F,CHERRY DESIGN PAPERLANTERNS,moving_average_7,statistical,14
40046A,RED DAISY PAPER LAMPSHADE,moving_average_7,statistical,14
44230,SQUARE MIRROR CURTAIN,moving_average_7,statistical,14
44234,ASSORTED CIRCULAR MOBILE,seasonal_naive_lag_7,statistical,14
45008C,DECORATIVE NET CANOPY CREAM,moving_average_7,statistical,14
46000M,POLYESTER FILLER PAD 45x45cm,lstm,deep_learning,14
46000P,POLYESTER FILLER PAD 65CMx65CM,moving_average_7,statistical,14
46000R,POLYESTER FILLER PAD 45x30cm,naive_lag_1,statistical,14
46000S,POLYESTER FILLER PAD 40x40cm,lstm,deep_learning,14
46000U,POLYESTER FILLER PAD 30CMx30CM,moving_average_7,statistical,14
46118,FUNKY MONKEY CUSHION COVER,weekday_seasonal_mean,statistical,14
46126A,ELVIS WALLHANGING / CURTAIN,moving_average_7,statistical,14
46775D,SUNSET COLOUR CHUNKY KNITTED THROW,lstm,deep_learning,14
46775E,CANDY POP CHUNKY KNITTED THROW,moving_average_7,statistical,14
46776A,WOVEN BUBBLE GUM CUSHION COVER,seasonal_naive_lag_7,statistical,14
46776B,WOVEN BERRIES CUSHION COVER,weekday_seasonal_mean,statistical,14
46776C,WOVEN FROST CUSHION COVER,weekday_seasonal_mean,statistical,14
46776D,WOVEN SUNSET CUSHION COVER,weekday_seasonal_mean,statistical,14
46776E,WOVEN CANDY CUSHION COVER,seasonal_naive_lag_7,statistical,14
46776F,WOVEN ROSE GARDEN CUSHION COVER,weekday_seasonal_mean,statistical,14
47021G,SET/6 BEAD COASTERS GAUZE BAG GOLD,moving_average_7,statistical,14
47310M,SMALL POP BOX FUNKY MONKEY,weekday_seasonal_mean,statistical,14
47367B,PAIR PADDED HANGERS PINK CHECK,moving_average_7,statistical,14
47421,ASSORTED COLOUR LIZARD SUCTION HOOK,lstm,deep_learning,14
47422,ASSORTED MONKEY SUCTION CUP HOOK,lstm,deep_learning,14
47471,RAINBOW PEGS PHOTO CLIP STRING,seasonal_naive_lag_7,statistical,14
47480,HANGING PHOTO CLIP ROPE LADDER,weekday_seasonal_mean,statistical,14
47481,50CM METAL STRING WITH 7 CLIPS,moving_average_7,statistical,14
47502,POLKADOT CUTLERY 24 PCS IN TRAY,moving_average_7,statistical,14
47503A,ASS FLORAL PRINT MULTI SCREWDRIVER,weekday_seasonal_mean,statistical,14
47503H,ASS FLORAL PRINT SPIRIT LEVEL,weekday_seasonal_mean,statistical,14
47503J,SET/3 FLORAL GARDEN TOOLS IN BAG,moving_average_7,statistical,14
47503K,ASSORTED FLORAL SECATEURS,moving_average_7,statistical,14
47504E,ENGLISH ROSE SCISSORS,moving_average_7,statistical,14
47504G,ENGLISH ROSE TAPE MEASURE,moving_average_7,statistical,14
47504H,ENGLISH ROSE SPIRIT LEVEL,weekday_seasonal_mean,statistical,14
47504K,ENGLISH ROSE GARDEN SECATEURS,naive_lag_1,statistical,14
47505,UNKNOWN,moving_average_7,statistical,14
47518F,ICON PLACEMAT POP ART ELVIS,naive_lag_1,statistical,14
47556B,TEA TIME TEA TOWELS,moving_average_7,statistical,14
47559B,TEA TIME OVEN GLOVE,lstm,deep_learning,14
47562,ENGLISH ROSE IRONING BOARD COVER,moving_average_7,statistical,14
47563A,RETRO LONGBOARD IRONING BOARD COVER,moving_average_7,statistical,14
47566,PARTY BUNTING,lightgbm,machine_learning,14
47566B,TEA TIME PARTY BUNTING,naive_lag_1,statistical,14
47567B,TEA TIME KITCHEN APRON,lstm,deep_learning,14
47568,ENGLISH ROSE DESIGN PEG BAG,moving_average_7,statistical,14
47570,ENGLISH ROSE TABLE CLOTH,moving_average_7,statistical,14
47570B,UNKNOWN,moving_average_7,statistical,14
47574A,ENGLISH ROSE SCENTED HANGING FLOWER,moving_average_7,statistical,14
47578A,ENGLISH ROSE SMALL SCENTED FLOWER,weekday_seasonal_mean,statistical,14
47579,TEA TIME BREAKFAST BASKET,moving_average_7,statistical,14
47580,TEA TIME DES TEA COSY,seasonal_naive_lag_7,statistical,14
47581B,FAIRY CAKE WICKER PICNIC BASKET,moving_average_7,statistical,14
47585A,PINK FAIRY CAKE CUSHION COVER,lstm,deep_learning,14
47589,CONGRATULATIONS BUNTING,moving_average_7,statistical,14
47590A,BLUE HAPPY BIRTHDAY BUNTING,gru,deep_learning,14
47590B,PINK HAPPY BIRTHDAY BUNTING,lstm,deep_learning,14
47591A,CAROUSEL CHILDRENS APRON,moving_average_7,statistical,14
47591B,SCOTTIES CHILDRENS APRON,moving_average_7,statistical,14
47591C,UNKNOWN,moving_average_7,statistical,14
47591D,PINK FAIRY CAKE CHILDRENS APRON,weekday_seasonal_mean,statistical,14
47592A,CAROUSEL CHILDRENS OVERALL,moving_average_7,statistical,14
47593A,UNKNOWN,moving_average_7,statistical,14
47593B,SCOTTIE DOGS BABY BIB,weekday_seasonal_mean,statistical,14
47594A,CAROUSEL DESIGN WASHBAG,moving_average_7,statistical,14
47594B,SCOTTIES DESIGN WASHBAG,naive_lag_1,statistical,14
47597,NEW ENGLAND TEATOWELS,moving_average_7,statistical,14
47599A,PINK PARTY BAGS,lstm,deep_learning,14
47599B,BLUE PARTY BAGS,lstm,deep_learning,14
48111,DOORMAT 3 SMILEY CATS,lstm,deep_learning,14
48116,DOORMAT MULTICOLOUR STRIPE,lstm,deep_learning,14
48129,DOORMAT TOPIARY,seasonal_naive_lag_7,statistical,14
48138,DOORMAT UNION FLAG,lstm,deep_learning,14
48173C,DOORMAT BLACK FLOCK,gru,deep_learning,14
48184,DOORMAT ENGLISH ROSE,lstm,deep_learning,14
48185,DOORMAT FAIRY CAKE,seasonal_naive_lag_7,statistical,14
48187,DOORMAT NEW ENGLAND,gru,deep_learning,14
48188,DOORMAT WELCOME PUPPIES,seasonal_naive_lag_7,statistical,14
48189,adjustment,moving_average_7,statistical,14
48194,DOORMAT HEARTS,lightgbm,machine_learning,14
48195,UNKNOWN,moving_average_7,statistical,14
48197,DOORMAT BIRD ON THE WIRE,moving_average_7,statistical,14
51008,AFGHAN SLIPPER SOCK PAIR,lstm,deep_learning,14
51014A,"FEATHER PEN,HOT PINK",lightgbm,machine_learning,14
51014C,"FEATHER PEN,COAL BLACK",xgboost,machine_learning,14
51014L,"FEATHER PEN,LIGHT PINK",xgboost,machine_learning,14
51020A,adjustment,moving_average_7,statistical,14
51020B,STRIPY DESIGN SHOWER CAP,moving_average_7,statistical,14
62018,SOMBRERO,lstm,deep_learning,14
62094B,TURQ ICE CREAM BUM BAG,moving_average_7,statistical,14
62096A,PINK/YELLOW FLOWERS HANDBAG,moving_average_7,statistical,14
62096B,PURPLE/TURQ FLOWERS HANDBAG,moving_average_7,statistical,14
70006,LOVE HEART POCKET WARMER,lstm,deep_learning,14
70007,HI TEC ALPINE HAND WARMER,weekday_seasonal_mean,statistical,14
71038,WHITE HANGING BEADS CANDLE HOLDER,lstm,deep_learning,14
71053,WHITE MOROCCAN METAL LANTERN,gru,deep_learning,14
71101E,STANDING FAIRY POLE SUPPORT,lstm,deep_learning,14
71143,ANTIQUE SILVER BOOK MARK WITH BEADS,moving_average_7,statistical,14
71270,PHOTO CLIP LINE,weekday_seasonal_mean,statistical,14
71279,PINK GLASS CANDLEHOLDER,naive_lag_1,statistical,14
71403,"PINK/WHITE ""KEEP CLEAN"" BULLET BIN",lstm,deep_learning,14
71406C,BLACK ORANGE SQUEEZER,weekday_seasonal_mean,statistical,14
71459,HANGING JAM JAR T-LIGHT HOLDERS,gru,deep_learning,14
71477,COLOURED GLASS STAR T-LIGHT HOLDER,seasonal_naive_lag_7,statistical,14
72008,UNKNOWN,moving_average_7,statistical,14
72023F,RED ORGANIC CANDLE IN GLASS,moving_average_7,statistical,14
72051S,BAG OF SILVER STONES,moving_average_7,statistical,14
72122,COFFEE SCENT PILLAR CANDLE,weekday_seasonal_mean,statistical,14
72127,COLUMBIAN CANDLE ROUND,lstm,deep_learning,14
72128,COLUMBIAN CANDLE ROUND,lstm,deep_learning,14
72130,COLUMBIAN CANDLE ROUND,lstm,deep_learning,14
72131,COLUMBIAN CANDLE RECTANGLE,moving_average_7,statistical,14
72225C,LAVENDER SCENT CAKE CANDLE,lstm,deep_learning,14
72232,FENG SHUI PILLAR CANDLE,lstm,deep_learning,14
72349B,SET/6 PURPLE BUTTERFLY T-LIGHTS,weekday_seasonal_mean,statistical,14
72351A,SET/6 TURQUOISE BUTTERFLY T-LIGHTS,lstm,deep_learning,14
72351B,SET/6 PINK BUTTERFLY T-LIGHTS,gru,deep_learning,14
72484,UNKNOWN,moving_average_7,statistical,14
72586,SET OF 6 HALLOWEEN GHOST T-LIGHTS,seasonal_naive_lag_7,statistical,14
72598,SET/12 TAPER CANDLES,seasonal_naive_lag_7,statistical,14
72728,ROSE SCENT CANDLES IN GLASS,moving_average_7,statistical,14
72741,GRAND CHOCOLATECANDLE,weekday_seasonal_mean,statistical,14
72750B,FLOWER FAIRY SET 3 CANDLES LAVENDER,moving_average_7,statistical,14
72760B,VINTAGE CREAM 3 BASKET CAKE STAND,lstm,deep_learning,14
72780,BLACK SILOUETTE CANDLE PLATE,naive_lag_1,statistical,14
72789,BASKET/8 SCENTED LOVE TOKEN CANDLES,moving_average_7,statistical,14
72799C,PINK PILLAR CANDLE SILVER FLOCK,naive_lag_1,statistical,14
72799E,IVORY PILLAR CANDLE SILVER FLOCK,lstm,deep_learning,14
72799F,IVORY PILLAR CANDLE GOLD FLOCK,lstm,deep_learning,14
72800A,UNKNOWN,moving_average_7,statistical,14
72800B,4 PURPLE FLOCK DINNER CANDLES,seasonal_naive_lag_7,statistical,14
72800C,4 PINK DINNER CANDLE SILVER FLOCK,weekday_seasonal_mean,statistical,14
72800D,4 BLUE DINNER CANDLES SILVER FLOCK,lstm,deep_learning,14
72800E,4 IVORY DINNER CANDLES SILVER FLOCK,weekday_seasonal_mean,statistical,14
72800F,4 IVORY DINNER CANDLES GOLD FLOCK,moving_average_7,statistical,14
72801C,4 ROSE PINK DINNER CANDLES,moving_average_7,statistical,14
72801D,4 SKY BLUE DINNER CANDLES,seasonal_naive_lag_7,statistical,14
72801G,4 BURGUNDY WINE DINNER CANDLES,lstm,deep_learning,14
72802A,ROSE SCENT CANDLE IN JEWELLED BOX,lstm,deep_learning,14
72802B,OCEAN SCENT CANDLE IN JEWELLED BOX,moving_average_7,statistical,14
72802C,VANILLA SCENT CANDLE JEWELLED BOX,seasonal_naive_lag_7,statistical,14
72803A,ROSE SCENT CANDLE JEWELLED DRAWER,naive_lag_1,statistical,14
72803B,UNKNOWN,moving_average_7,statistical,14
72807A,SET/3 ROSE CANDLE IN JEWELLED BOX,weekday_seasonal_mean,statistical,14
72807B,SET/3 OCEAN SCENT CANDLE JEWEL BOX,weekday_seasonal_mean,statistical,14
72807C,SET/3 VANILLA SCENTED CANDLE IN BOX,weekday_seasonal_mean,statistical,14
72814,UNKNOWN,moving_average_7,statistical,14
72815,3 WICK CHRISTMAS BRIAR CANDLE,moving_average_7,statistical,14
72816,SET/3 CHRISTMAS DECOUPAGE CANDLES,moving_average_7,statistical,14
72817,UNKNOWN,weekday_seasonal_mean,statistical,14
72818,CHRISTMAS DECOUPAGE CANDLE,moving_average_7,statistical,14
72819,CUPID DESIGN SCENTED CANDLES,lstm,deep_learning,14
75013B,UNKNOWN,moving_average_7,statistical,14
75049L,LARGE CIRCULAR MIRROR MOBILE,lstm,deep_learning,14
75131,METAL TUBE CHIME ON BAMBOO,moving_average_7,statistical,14
77101A,UNKNOWN,moving_average_7,statistical,14
79000,MOROCCAN TEA GLASS,moving_average_7,statistical,14
79026B,"S/4 ICON COASTER,ELVIS LIVES",moving_average_7,statistical,14
79029,UNKNOWN,moving_average_7,statistical,14
79030D,TUMBLER BAROQUE,naive_lag_1,statistical,14
79030G,TUMBLER NEW ENGLAND,moving_average_7,statistical,14
79051A,SMOKEY GREY COLOUR GLASS,weekday_seasonal_mean,statistical,14
79066K,RETRO MOD TRAY,weekday_seasonal_mean,statistical,14
79067,CORONA MEXICAN TRAY,moving_average_7,statistical,14
79071B,ENGLISH ROSE METAL WASTE BIN,moving_average_7,statistical,14
79072,TEATIME CAKE TIN WITH HANDLE,moving_average_7,statistical,14
79144B,PAINTED LIGHTBULB STAR+ MOON,lstm,deep_learning,14
79144C,PAINTED LIGHTBULB RAINBOW DESIGN,seasonal_naive_lag_7,statistical,14
79160,HEART SHAPE WIRELESS DOORBELL,moving_average_7,statistical,14
79163,BLACK CHAMPAGNE GLASS,moving_average_7,statistical,14
79164,BLACK WINE GLASS,naive_lag_1,statistical,14
79190A,RETRO PLASTIC 70'S TRAY,lstm,deep_learning,14
79190B,RETRO PLASTIC POLKA TRAY,lstm,deep_learning,14
79190D,RETRO PLASTIC DAISY TRAY,lstm,deep_learning,14
79191B,RETRO PLASTIC POLKA TRAY,weekday_seasonal_mean,statistical,14
79191C,RETRO PLASTIC ELEPHANT TRAY,lstm,deep_learning,14
79191D,RETRO PLASTIC DAISY TRAY,weekday_seasonal_mean,statistical,14
79192A,RETRO PLASTIC 70'S TRAY,moving_average_7,statistical,14
79302M,"ART LIGHTS,FUNK MONKEY",lstm,deep_learning,14
79320,FLAMINGO LIGHTS,moving_average_7,statistical,14
79321,CHILLI LIGHTS,seasonal_naive_lag_7,statistical,14
79323B,BLACK CHERRY LIGHTS,moving_average_7,statistical,14
79323G,GOLD CHERRY LIGHTS,moving_average_7,statistical,14
79323GR,GREEN CHERRY LIGHTS,moving_average_7,statistical,14
79323LP,LIGHT PINK CHERRY LIGHTS,moving_average_7,statistical,14
79323P,PINK CHERRY LIGHTS,moving_average_7,statistical,14
79323S,SILVER CHERRY LIGHTS,moving_average_7,statistical,14
79323W,WHITE CHERRY LIGHTS,moving_average_7,statistical,14
79341,WILLOW BRANCH LIGHTS.,moving_average_7,statistical,14
79342B,BROWN FLOWER LIGHTS,moving_average_7,statistical,14
79403,FROSTED WHITE BASE,moving_average_7,statistical,14
81950B,FLOWER BLUE CLOCK WITH SUCKER,moving_average_7,statistical,14
81952V,ROUND PURPLE CLOCK WITH SUCKER,seasonal_naive_lag_7,statistical,14
82001S,SILVER RECORD COVER FRAME,lstm,deep_learning,14
82011A,"BATHROOM SCALES, TROPICAL BEACH",weekday_seasonal_mean,statistical,14
82011B,BATHROOM SCALES RUBBER DUCKS,lstm,deep_learning,14
82011C,BATHROOM SCALES FOOTPRINTS IN SAND,weekday_seasonal_mean,statistical,14
82095,HEART BUTTONS JEWELLERY BOX,moving_average_7,statistical,14
82482,WOODEN PICTURE FRAME WHITE FINISH,weekday_seasonal_mean,statistical,14
82483,WOOD 2 DRAWER CABINET WHITE FINISH,weekday_seasonal_mean,statistical,14
82484,WOOD BLACK BOARD ANT WHITE FINISH,gru,deep_learning,14
82486,3 DRAWER ANTIQUE WHITE WOOD CABINET,weekday_seasonal_mean,statistical,14
82494L,WOODEN FRAME ANTIQUE WHITE,weekday_seasonal_mean,statistical,14
82551,LAUNDRY 15C METAL SIGN,seasonal_naive_lag_7,statistical,14
82552,WASHROOM METAL SIGN,weekday_seasonal_mean,statistical,14
82567,"AIRLINE LOUNGE,METAL SIGN",weekday_seasonal_mean,statistical,14
82578,KITCHEN METAL SIGN,seasonal_naive_lag_7,statistical,14
82580,BATHROOM METAL SIGN,gru,deep_learning,14
82581,TOILET METAL SIGN,gru,deep_learning,14
82582,AREA PATROLLED METAL SIGN,lstm,deep_learning,14
82583,HOT BATHS METAL SIGN,weekday_seasonal_mean,statistical,14
82585,UNKNOWN,moving_average_7,statistical,14
82587,TEXRIO TOMATOES CANDLE+CUP,moving_average_7,statistical,14
82597,UNKNOWN,moving_average_7,statistical,14
82599,UNKNOWN,moving_average_7,statistical,14
82600,N0 SINGING METAL SIGN,moving_average_7,statistical,14
82605,UNKNOWN,moving_average_7,statistical,14
82607A,UNKNOWN,moving_average_7,statistical,14
82613A,Amazon,moving_average_7,statistical,14
82613B,"METAL SIGN,CUPCAKE SINGLE HOOK",lstm,deep_learning,14
82613C,"METAL SIGN,CUPCAKE SINGLE HOOK",lstm,deep_learning,14
82613D,METAL SIGN CUPCAKE SINGLE HOOK,lstm,deep_learning,14
82615,PINK MARSHMALLOW SCARF KNITTING KIT,moving_average_7,statistical,14
82616A,BUBBLE GUM SCARF KNITTING KIT,moving_average_7,statistical,14
82616B,FRAPPUCINO SCARF KNITTING KIT,weekday_seasonal_mean,statistical,14
82616C,MIDNIGHT GLAMOUR SCARF KNITTING KIT,weekday_seasonal_mean,statistical,14
84006,MAGIC TREE -PAPER FLOWERS,weekday_seasonal_mean,statistical,14
84007,MAGIC GARDEN MOUNT FUJI,moving_average_7,statistical,14
84012,MAGIC SHEEP WOOL GROWING FROM PAPER,seasonal_naive_lag_7,statistical,14
84016,FLAG OF ST GEORGE CAR FLAG,moving_average_7,statistical,14
84029E,RED WOOLLY HOTTIE WHITE HEART.,weekday_seasonal_mean,statistical,14
84029G,KNITTED UNION FLAG HOT WATER BOTTLE,weekday_seasonal_mean,statistical,14
84030E,ENGLISH ROSE HOT WATER BOTTLE,weekday_seasonal_mean,statistical,14
84031A,CHARLIE+LOLA RED HOT WATER BOTTLE,weekday_seasonal_mean,statistical,14
84031B,CHARLIE LOLA BLUE HOT WATER BOTTLE,lstm,deep_learning,14
84032A,CHARLIE+LOLA PINK HOT WATER BOTTLE,weekday_seasonal_mean,statistical,14
84032B,CHARLIE + LOLA RED HOT WATER BOTTLE,lightgbm,machine_learning,14
84033,FLAG OF ST GEORGE,moving_average_7,statistical,14
84050,check,moving_average_7,statistical,14
84051,ASS COLOUR GLOWING TIARAS,lstm,deep_learning,14
84077,WORLD WAR 2 GLIDERS ASSTD DESIGNS,seasonal_naive_lag_7,statistical,14
84078A,SET/4 WHITE RETRO STORAGE CUBES,lstm,deep_learning,14
84086C,PINK/PURPLE RETRO RADIO,weekday_seasonal_mean,statistical,14
84192,ASSORTED COLOUR METAL CAT,lstm,deep_learning,14
84199,GLOW IN DARK DOLPHINS,lstm,deep_learning,14
84212,"ASSORTED FLOWER COLOUR ""LEIS""",lstm,deep_learning,14
84218,BOX/12 CHICK & EGG IN BASKET,moving_average_7,statistical,14
84228,HEN HOUSE WITH CHICK STANDING,moving_average_7,statistical,14
84231,EASTER BUNNY WITH BASKET ON BACK,moving_average_7,statistical,14
84247E,PACK OF 12 CHRISTMAS FUN CARDS,lstm,deep_learning,14
84247G,"DECOUPAGE,GREETING CARD,",moving_average_7,statistical,14
84247L,FAWN AND MUSHROOM GREETING CARD,moving_average_7,statistical,14
84247N,PACK/12 BLUE FOLKART CARDS,lstm,deep_learning,14
84249A,"GREETING CARD,SQUARE, DOUGHNUTS",seasonal_naive_lag_7,statistical,14
84249D,FAIRY CAKE GREETINGS CARD,moving_average_7,statistical,14
84251B,"GREETING CARD, STICKY GORDON",moving_average_7,statistical,14
84251C,"GREETING CARD, TWO SISTERS.",moving_average_7,statistical,14
84251F,UNKNOWN,moving_average_7,statistical,14
84251G,"GREETING CARD, OVERCROWDED POOL.",naive_lag_1,statistical,14
84270,UNKNOWN,moving_average_7,statistical,14
84279B,CHERRY BLOSSOM DECORATIVE FLASK,moving_average_7,statistical,14
84279P,CHERRY BLOSSOM DECORATIVE FLASK,weekday_seasonal_mean,statistical,14
84313B,BLUE TV TRAY TABLE,moving_average_7,statistical,14
84313C,ORANGE TV TRAY TABLE,moving_average_7,statistical,14
84327A,PINK JUMPER LARRY THE LAMB,moving_average_7,statistical,14
84341B,SMALL PINK MAGIC CHRISTMAS TREE,lstm,deep_learning,14
84347,ROTATING SILVER ANGELS T-LIGHT HLDR,seasonal_naive_lag_7,statistical,14
84352,SILVER CHRISTMAS TREE BAUBLE STAND,moving_average_7,statistical,14
84356,POMPOM CURTAIN,lstm,deep_learning,14
84360,TABLE LAMP WHITE SHADE WOOD BASE,seasonal_naive_lag_7,statistical,14
84375,SET OF 20 KIDS COOKIE CUTTERS,weekday_seasonal_mean,statistical,14
84378,SET OF 3 HEART COOKIE CUTTERS,weekday_seasonal_mean,statistical,14
84380,SET OF 3 BUTTERFLY COOKIE CUTTERS,weekday_seasonal_mean,statistical,14
84396,6 HOOK JEWELLERY STAND BLACK DRESS,moving_average_7,statistical,14
84405A,S/3 PINK COL METAL BASKET W HANDLE,moving_average_7,statistical,14
84406B,CREAM CUPID HEARTS COAT HANGER,lstm,deep_learning,14
84422,PINK/BLUE DISC/MIRROR STRING,moving_average_7,statistical,14
84429A,MEDIUM PINK BUDDHA HEAD,naive_lag_1,statistical,14
84450B,PINK/YELLOW RABBIT SAT EASTER,moving_average_7,statistical,14
84452,METAL RABBIT LADDER EASTER,moving_average_7,statistical,14
84457,SET/3 RABBITS FLOWER SKIPPPING ROPE,naive_lag_1,statistical,14
84459A,PINK METAL CHICKEN HEART,moving_average_7,statistical,14
84459B,UNKNOWN,moving_average_7,statistical,14
84461,12 PINK HEN+CHICKS IN BASKET,moving_average_7,statistical,14
84466,TOP SECRET PEN SET,moving_average_7,statistical,14
84467,ENGLISH ROSE DESIGN QUILTED THROW,moving_average_7,statistical,14
84497,BUTTONS AND STRIPES NOTEBOOK,naive_lag_1,statistical,14
84499,BLACK FLOWER CANDLE PLATE,moving_average_7,statistical,14
84507B,STRIPES DESIGN MONKEY DOLL,moving_average_7,statistical,14
84507C,adjustment,moving_average_7,statistical,14
84508A,CAMOUFLAGE DESIGN TEDDY,moving_average_7,statistical,14
84508B,STRIPES DESIGN TEDDY,weekday_seasonal_mean,statistical,14
84508C,BLUE CIRCLES DESIGN TEDDY,weekday_seasonal_mean,statistical,14
84509A,SET OF 4 ENGLISH ROSE PLACEMATS,lightgbm,machine_learning,14
84509B,SET OF 4 FAIRY CAKE PLACEMATS,lstm,deep_learning,14
84509C,SET OF 4 POLKADOT PLACEMATS,lstm,deep_learning,14
84509E,SET OF 4 CAROUSEL PLACEMATS,moving_average_7,statistical,14
84509F,SET OF 4 NEW ENGLAND PLACEMATS,moving_average_7,statistical,14
84509G,SET OF 4 FAIRY CAKE PLACEMATS,lstm,deep_learning,14
84510A,SET OF 4 ENGLISH ROSE COASTERS,lstm,deep_learning,14
84510B,UNKNOWN,moving_average_7,statistical,14
84510C,SET OF 4 POLKADOT COASTERS,lstm,deep_learning,14
84510E,SET OF 4 GREEN CAROUSEL COASTERS,lstm,deep_learning,14
84510F,SET OF 4 NEW ENGLAND COASTERS,moving_average_7,statistical,14
84519A,TOMATO CHARLIE+LOLA COASTER SET,gru,deep_learning,14
84519B,CARROT CHARLIE+LOLA COASTER SET,weekday_seasonal_mean,statistical,14
84520B,PACK 20 ENGLISH ROSE PAPER NAPKINS,moving_average_7,statistical,14
84520D,UNKNOWN,moving_average_7,statistical,14
84526,GIANT BLACK SUNGLASSES,moving_average_7,statistical,14
84531A,returned,moving_average_7,statistical,14
84531B,returned,moving_average_7,statistical,14
84534B,FAIRY CAKE NOTEBOOK A5 SIZE,moving_average_7,statistical,14
84535A,ENGLISH ROSE NOTEBOOK A6 SIZE,moving_average_7,statistical,14
84535B,FAIRY CAKES NOTEBOOK A6 SIZE,lstm,deep_learning,14
84536A,ENGLISH ROSE NOTEBOOK A7 SIZE,weekday_seasonal_mean,statistical,14
84536B,FAIRY CAKES NOTEBOOK A7 SIZE,gru,deep_learning,14
84558A,3D DOG PICTURE PLAYING CARDS,seasonal_naive_lag_7,statistical,14
84559A,3D SHEET OF DOG STICKERS,lstm,deep_learning,14
84559B,3D SHEET OF CAT STICKERS,moving_average_7,statistical,14
84559D,3D SHEET OF SEA WORLD STICKERS,moving_average_7,statistical,14
84562A,PINK/WHITE RIBBED MELAMINE JUG,moving_average_7,statistical,14
84563A,PINK & WHITE BREAKFAST TRAY,moving_average_7,statistical,14
84563B,BLUE & WHITE BREAKFAST TRAY,moving_average_7,statistical,14
84568,GIRLS ALPHABET IRON ON PATCHES,lightgbm,machine_learning,14
84569A,PACK 3 IRON ON DOG PATCHES,lstm,deep_learning,14
84569B,PACK 3 FIRE ENGINE/CAR PATCHES,moving_average_7,statistical,14
84569C,PACK 4 FLOWER/BUTTERFLY PATCHES,moving_average_7,statistical,14
84569D,PACK 6 HEART/ICE-CREAM PATCHES,lstm,deep_learning,14
84578,ELEPHANT TOY WITH BLUE T-SHIRT,moving_average_7,statistical,14
84580,MOUSE TOY WITH PINK T-SHIRT,weekday_seasonal_mean,statistical,14
84581,DOG TOY WITH PINK CROCHET SKIRT,weekday_seasonal_mean,statistical,14
84584,PINK GINGHAM CAT WITH SCARF,moving_average_7,statistical,14
84592,CROCHET ROSE PURSE WITH SUEDE BACK,weekday_seasonal_mean,statistical,14
84595E,LARGE TORTILLA DESIGN RED BOWL,moving_average_7,statistical,14
84596B,SMALL DOLLY MIX DESIGN ORANGE BOWL,lightgbm,machine_learning,14
84596E,UNKNOWN,moving_average_7,statistical,14
84596F,SMALL MARSHMALLOWS PINK BOWL,xgboost,machine_learning,14
84596G,SMALL CHOCOLATES PINK BOWL,weekday_seasonal_mean,statistical,14
84596J,MIXED NUTS LIGHT GREEN BOWL,moving_average_7,statistical,14
84596K,JELLY BABIES YELLOW SMALL BOWL,moving_average_7,statistical,14
84596L,BISCUITS SMALL BOWL LIGHT BLUE,moving_average_7,statistical,14
84597C,RETRO PINK BALL ASHTRAY,moving_average_7,statistical,14
84598,BOYS ALPHABET IRON ON PATCHES,lstm,deep_learning,14
84600,NEW BAROQUE JEWELLERY BOX,weekday_seasonal_mean,statistical,14
84609,TALL ROCOCO CANDLE HOLDER,weekday_seasonal_mean,statistical,14
84620,BLUE GINGHAM ROSE CUSHION COVER,moving_average_7,statistical,14
84625A,PINK NEW BAROQUECANDLESTICK CANDLE,moving_average_7,statistical,14
84625C,BLUE NEW BAROQUE CANDLESTICK CANDLE,moving_average_7,statistical,14
84625D,WHITE NEWBAROQUE CANDLESTICK CANDLE,moving_average_7,statistical,14
84631,FRUIT TREE AND BIRDS WALL PLAQUE,moving_average_7,statistical,14
84637,KITCHEN FLOWER POTS WALL PLAQUE,moving_average_7,statistical,14
84638,SMALL KITCHEN FLOWER POTS PLAQUE,moving_average_7,statistical,14
84658,WHITE STITCHED CUSHION COVER,moving_average_7,statistical,14
84659A,WHITE TRAVEL ALARM CLOCK,lstm,deep_learning,14
84660A,WHITE STITCHED WALL CLOCK,moving_average_7,statistical,14
84660B,BLACK STITCHED WALL CLOCK,moving_average_7,statistical,14
84660C,UNKNOWN,moving_average_7,statistical,14
84661A,WHITE SQUARE TABLE CLOCK,seasonal_naive_lag_7,statistical,14
84661B,BLACK SQUARE TABLE CLOCK,lstm,deep_learning,14
84663A,UNKNOWN,lstm,deep_learning,14
84665,SQUARE CHERRY BLOSSOM CABINET,naive_lag_1,statistical,14
84670,UNKNOWN,moving_average_7,statistical,14
84673A,PINK FLY SWAT,lstm,deep_learning,14
84673B,BLUE FLY SWAT,lstm,deep_learning,14
84674,FLYING PIG WATERING CAN,lstm,deep_learning,14
84675,FROG KING WATERING CAN,moving_average_7,statistical,14
84676,BATH DUCK WATERING CAN,moving_average_7,statistical,14
84678,CLASSICAL ROSE SMALL VASE,moving_average_7,statistical,14
84682,CLASSICAL ROSE DISH,moving_average_7,statistical,14
84683,CLASSICAL ROSE CANDLESTAND,moving_average_7,statistical,14
84684,UNKNOWN,moving_average_7,statistical,14
84685,BEACH HUT KEY CABINET,moving_average_7,statistical,14
84686,UNKNOWN,moving_average_7,statistical,14
84687,BEACH HUT SHELF W 3 DRAWERS,naive_lag_1,statistical,14
84688,BEACH HUT DESIGN BLACKBOARD,moving_average_7,statistical,14
84689,S/2 BEACH HUT TREASURE CHESTS,moving_average_7,statistical,14
84691,PACK 20 DOLLY PEGS,moving_average_7,statistical,14
84692,BOX OF 24 COCKTAIL PARASOLS,weekday_seasonal_mean,statistical,14
84707A,SILVER JEWELLED MIRROR TRINKET TRAY,weekday_seasonal_mean,statistical,14
84707B,PINK JEWELLED MIRROR TRINKET TRAY,moving_average_7,statistical,14
84708B,PINK JEWELLED PHOTO FRAME,weekday_seasonal_mean,statistical,14
84709B,UNKNOWN,moving_average_7,statistical,14
84712B,PINK JEWELLED PHOTO FRAME,lstm,deep_learning,14
84715,SET OF 6 ICE CREAM SKITTLES,moving_average_7,statistical,14
84741C,CITRUS GARLAND FELT FLOWERS,moving_average_7,statistical,14
84748,FOLK FELT HANGING MULTICOL GARLAND,seasonal_naive_lag_7,statistical,14
84750A,PINK SMALL GLASS CAKE STAND,moving_average_7,statistical,14
84750B,BLACK SMALL GLASS CAKE STAND,moving_average_7,statistical,14
84754,S/15 SILVER GLASS BAUBLES IN BAG,moving_average_7,statistical,14
84755,COLOUR GLASS T-LIGHT HOLDER HANGING,xgboost,machine_learning,14
84760S,UNKNOWN,moving_average_7,statistical,14
84761,IVORY HANGING BIRD PLANTER,moving_average_7,statistical,14
84762B,PINK PICNIC BARBECUE BUCKET,moving_average_7,statistical,14
84762C,GREEN PICNIC BARBECUE BUCKET,moving_average_7,statistical,14
84763,ZINC FINISH 15CM PLANTER POTS,moving_average_7,statistical,14
84773,UNKNOWN,moving_average_7,statistical,14
84789,UNKNOWN,moving_average_7,statistical,14
84791,GINGHAM HEART DECORATION,moving_average_7,statistical,14
84792,ENCHANTED BIRD COATHANGER 5 HOOK,weekday_seasonal_mean,statistical,14
84795A,UNKNOWN,moving_average_7,statistical,14
84795B,SUNSET CHECK HAMMOCK,naive_lag_1,statistical,14
84795C,UNKNOWN,moving_average_7,statistical,14
84795D,UNKNOWN,moving_average_7,statistical,14
84796A,PINK HAWAIIAN PICNIC HAMPER FOR 2,moving_average_7,statistical,14
84796B,BLUE SAVANNAH PICNIC HAMPER FOR 2,naive_lag_1,statistical,14
84800L,LARGE WHITE/PINK ROSE ART FLOWER,moving_average_7,statistical,14
84806B,WHITE CANDYSTUFT ARTIFICIAL FLOWER,seasonal_naive_lag_7,statistical,14
84813,SET OF 4 DIAMOND NAPKIN RINGS,naive_lag_1,statistical,14
84815,SET OF 3 DANISH ROSE PLANTERS,moving_average_7,statistical,14
84817,DANISH ROSE DECORATIVE PLATE,lstm,deep_learning,14
84818,DANISH ROSE PHOTO FRAME,moving_average_7,statistical,14
84819,DANISH ROSE ROUND SEWING BOX,naive_lag_1,statistical,14
84820,DANISH ROSE TRINKET TRAYS,seasonal_naive_lag_7,statistical,14
84821,DANISH ROSE DELUXE COASTER,lstm,deep_learning,14
84826,ASSTD DESIGN 3D PAPER STICKERS,naive_lag_1,statistical,14
84828,JUNGLE POPSICLES ICE LOLLY MOULDS,lstm,deep_learning,14
84832,ZINC WILLIE WINKIE CANDLE STICK,weekday_seasonal_mean,statistical,14
84836,ZINC METAL HEART DECORATION,lstm,deep_learning,14
84837,UNKNOWN,moving_average_7,statistical,14
84839,SWEETHEART KEY CABINET,moving_average_7,statistical,14
84840,UNKNOWN,moving_average_7,statistical,14
84842,HELLO SAILOR BATHROOM SET,naive_lag_1,statistical,14
84843,WHITE SOAP RACK WITH 2 BOTTLES,weekday_seasonal_mean,statistical,14
84846A,SCENTED CANDLE IN DIGITALIS TIN,moving_average_7,statistical,14
84847,UNKNOWN,moving_average_7,statistical,14
84849A,HELLO SAILOR BLUE SOAP HOLDER,lstm,deep_learning,14
84849B,FAIRY SOAP SOAP HOLDER,moving_average_7,statistical,14
84849D,HOT BATHS SOAP HOLDER,lstm,deep_learning,14
84854,GIRLY PINK TOOL SET,moving_average_7,statistical,14
84856L,LARGE TAHITI BEACH BAG,moving_average_7,statistical,14
84856S,SMALL TAHITI BEACH BAG,moving_average_7,statistical,14
84859A,SILVER DISCO HANDBAG,weekday_seasonal_mean,statistical,14
84865,NEW BAROQUE BLACK PHOTO ALBUM,moving_average_7,statistical,14
84870B,BLUE GEISHA GIRL,seasonal_naive_lag_7,statistical,14
84870C,GREEN GEISHA GIRL,moving_average_7,statistical,14
84872A,TEATIME FUNKY FLOWER BACKPACK FOR 2,moving_average_7,statistical,14
84874B,BLUE TRAVEL FIRST AID KIT,moving_average_7,statistical,14
84876D,BLUE HEART COMPACT MIRROR,moving_average_7,statistical,14
84877B,GREEN ROUND COMPACT MIRROR,naive_lag_1,statistical,14
84877D,BLUE ROUND COMPACT MIRROR,moving_average_7,statistical,14
84879,ASSORTED COLOUR BIRD ORNAMENT,weekday_seasonal_mean,statistical,14
84880,WHITE WIRE EGG HOLDER,lstm,deep_learning,14
84882,GREEN WIRE STANDING CANDLE HOLDER,weekday_seasonal_mean,statistical,14
84884A,ANT WHITE WIRE HEART SPIRAL,seasonal_naive_lag_7,statistical,14
84898F,YELLOW FLOWERS FELT HANDBAG KIT,moving_average_7,statistical,14
84899F,YELLOW PURPLE DAISY FELT PURSE KIT,moving_average_7,statistical,14
84901,BLACK FACE LAMB WITH PANTS,moving_average_7,statistical,14
84902,PINK KNITTED COW STUFFED TOY,moving_average_7,statistical,14
84905,PINK BUTTERFLY CUSHION COVER,moving_average_7,statistical,14
84907,PINK YELLOW PATCH CUSHION COVER,moving_average_7,statistical,14
84908A,PINK 5 PATCH FLOWER CUSHION COVER,moving_average_7,statistical,14
84908B,BLUE 5 PATCH FLOWER CUSHION COVER,moving_average_7,statistical,14
84910A,PINK PAISLEY CUSHION COVER,moving_average_7,statistical,14
84912A,UNKNOWN,moving_average_7,statistical,14
84912B,GREEN ROSE WASHBAG,gru,deep_learning,14
84913A,SOFT PINK ROSE TOWEL,naive_lag_1,statistical,14
84913B,MINT GREEN ROSE TOWEL,lstm,deep_learning,14
84915,HAND TOWEL PINK FLOWER AND DAISY,naive_lag_1,statistical,14
84916,HAND TOWEL PALE BLUE W FLOWERS,moving_average_7,statistical,14
84917,UNKNOWN,moving_average_7,statistical,14
84918,CREAM CUSHION COVER WITH FLOWERS,moving_average_7,statistical,14
84919,BLUE CUSHION COVER WITH FLOWER,moving_average_7,statistical,14
84920,PINK FLOWER FABRIC PONY,naive_lag_1,statistical,14
84923,PINK BUTTERFLY HANDBAG W BOBBLES,weekday_seasonal_mean,statistical,14
84924A,WAKE UP COCKEREL CALENDAR SIGN,seasonal_naive_lag_7,statistical,14
84925F,PSYCHEDELIC WALL THERMOMETER,moving_average_7,statistical,14
84926A,WAKE UP COCKEREL TILE COASTER,lstm,deep_learning,14
84926D,LA PALMIERA TILE COASTER,lstm,deep_learning,14
84926E,FLOWERS TILE COASTER,lstm,deep_learning,14
84926F,PSYCHEDELIC TILE COASTER,lstm,deep_learning,14
84927A,WAKE UP COCKEREL TILE HOOK,moving_average_7,statistical,14
84927F,PSYCHEDELIC TILE HOOK,weekday_seasonal_mean,statistical,14
84929,ASSTD FRUIT+FLOWERS FRIDGE MAGNETS,lstm,deep_learning,14
84931A,PINK SCOTTIE DOG W FLOWER PATTERN,naive_lag_1,statistical,14
84931B,BLUE SCOTTIE DOG W FLOWER PATTERN,weekday_seasonal_mean,statistical,14
84932C,SMALL ORIENTAL BLUE FOLDING STOOL,moving_average_7,statistical,14
84937,UNKNOWN,moving_average_7,statistical,14
84944,SET OF 6 KASHMIR FOLKART BAUBLES,moving_average_7,statistical,14
84945,MULTI COLOUR SILVER T-LIGHT HOLDER,weekday_seasonal_mean,statistical,14
84946,ANTIQUE SILVER T-LIGHT GLASS,seasonal_naive_lag_7,statistical,14
84947,ANTIQUE SILVER TEA GLASS ENGRAVED,gru,deep_learning,14
84949,SILVER HANGING T-LIGHT HOLDER,weekday_seasonal_mean,statistical,14
84950,ASSORTED COLOUR T-LIGHT HOLDER,weekday_seasonal_mean,statistical,14
84951A,SET OF 4 PISTACHIO LOVEBIRD COASTER,naive_lag_1,statistical,14
84951B,SET OF 4 BLACK LOVEBIRD COASTERS,lstm,deep_learning,14
84952A,CLEAR LOVE BIRD T-LIGHT HOLDER,naive_lag_1,statistical,14
84952B,BLACK LOVE BIRD T-LIGHT HOLDER,naive_lag_1,statistical,14
84952C,MIRROR LOVE BIRD T-LIGHT HOLDER,moving_average_7,statistical,14
84968A,SET OF 16 VINTAGE ROSE CUTLERY,lstm,deep_learning,14
84968B,SET OF 16 VINTAGE IVORY CUTLERY,moving_average_7,statistical,14
84968C,SET OF 16 VINTAGE PISTACHIO CUTLERY,lstm,deep_learning,14
84968D,SET OF 16 VINTAGE RED CUTLERY,naive_lag_1,statistical,14
84968E,SET OF 16 VINTAGE BLACK CUTLERY,moving_average_7,statistical,14
84968F,SET OF 16 VINTAGE SKY BLUE CUTLERY,naive_lag_1,statistical,14
84969,BOX OF 6 ASSORTED COLOUR TEASPOONS,lstm,deep_learning,14
84970L,SINGLE HEART ZINC T-LIGHT HOLDER,lstm,deep_learning,14
84970S,HANGING HEART ZINC T-LIGHT HOLDER,lightgbm,machine_learning,14
84971L,LARGE HEART FLOWERS HOOK,naive_lag_1,statistical,14
84971S,SMALL HEART FLOWERS HOOK,naive_lag_1,statistical,14
84972L,GIANT PINK HEART MEMO HOLDER,moving_average_7,statistical,14
84974,S/2 ZINC HEART DESIGN PLANTERS,moving_average_7,statistical,14
84975,HEART SHAPED MIRROR,moving_average_7,statistical,14
84976,RECTANGULAR SHAPED MIRROR,naive_lag_1,statistical,14
84977,UNKNOWN,moving_average_7,statistical,14
84978,HANGING HEART JAR T-LIGHT HOLDER,weekday_seasonal_mean,statistical,14
84985A,SET OF 72 GREEN PAPER DOILIES,moving_average_7,statistical,14
84986B,SET OF 36 SILVER PAPER DOILIES,moving_average_7,statistical,14
84987,SET OF 36 TEATIME PAPER DOILIES,weekday_seasonal_mean,statistical,14
84988,SET OF 72 PINK HEART PAPER DOILIES,seasonal_naive_lag_7,statistical,14
84989A,75 GREEN FAIRY CAKE CASES,lstm,deep_learning,14
84989B,75 BLACK FAIRY CAKE CASES,moving_average_7,statistical,14
84990,UNKNOWN,moving_average_7,statistical,14
84991,60 TEATIME FAIRY CAKE CASES,weekday_seasonal_mean,statistical,14
84992,72 SWEETHEART FAIRY CAKE CASES,gru,deep_learning,14
84993A,75 GREEN PETIT FOUR CASES,seasonal_naive_lag_7,statistical,14
84993B,75 BLACK PETIT FOUR CASES,moving_average_7,statistical,14
84997A,CHILDRENS CUTLERY POLKADOT GREEN,lstm,deep_learning,14
84997B,CHILDRENS CUTLERY RETROSPOT RED,weekday_seasonal_mean,statistical,14
84997C,CHILDRENS CUTLERY POLKADOT BLUE,gru,deep_learning,14
84997D,CHILDRENS CUTLERY POLKADOT PINK,weekday_seasonal_mean,statistical,14
85006,SET 4 NURSERY DES ROUND BOXES,moving_average_7,statistical,14
85008,UNKNOWN,moving_average_7,statistical,14
85014A,BLACK/BLUE POLKADOT UMBRELLA,lstm,deep_learning,14
85014B,RED RETROSPOT UMBRELLA,lstm,deep_learning,14
85014C,BLUE/BROWN DOTS RUFFLED UMBRELLA,moving_average_7,statistical,14
85014D,UNKNOWN,moving_average_7,statistical,14
85015,SET OF 12 VINTAGE POSTCARD SET,lightgbm,machine_learning,14
85016,SET OF 6 VINTAGE NOTELETS KIT,moving_average_7,statistical,14
85017A,ENVELOPE 50 ROMANTIC IMAGES,moving_average_7,statistical,14
85017B,ENVELOPE 50 BLOSSOM IMAGES,naive_lag_1,statistical,14
85017C,adjustment,moving_average_7,statistical,14
85018D,YULETIDE IMAGES S/6 PAPER BOXES,moving_average_7,statistical,14
85019A,ROMANTIC IMAGES NOTEBOOK SET,naive_lag_1,statistical,14
85019B,BLOSSOM IMAGES NOTEBOOK SET,lstm,deep_learning,14
85020,ROUND PINK HEART MIRROR,naive_lag_1,statistical,14
85023B,EAU DE NILE JEWELLED PHOTOFRAME,lstm,deep_learning,14
85024C,PINK SMALL JEWELLED PHOTOFRAME,seasonal_naive_lag_7,statistical,14
85025B,EAU DE NILE HEART SHAPE PHOTO FRAME,lstm,deep_learning,14
85025C,PINK HEART SHAPE PHOTO FRAME,moving_average_7,statistical,14
85027L,UNKNOWN,moving_average_7,statistical,14
85028S,FRENCH CHATEAU SMALL FRUITBOWL,moving_average_7,statistical,14
85031A,ROMANTIC IMAGES SCRAP BOOK SET,moving_average_7,statistical,14
85031B,BLOSSOM IMAGES SCRAP BOOK SET,moving_average_7,statistical,14
85031C,CURIOUS IMAGES SCRAP BOOK SET,moving_average_7,statistical,14
85032A,ROMANTIC IMAGES GIFT WRAP SET,weekday_seasonal_mean,statistical,14
85032B,BLOSSOM IMAGES GIFT WRAP SET,weekday_seasonal_mean,statistical,14
85032C,CURIOUS IMAGES GIFT WRAP SET,weekday_seasonal_mean,statistical,14
85032D,YULETIDE IMAGES GIFT WRAP SET,moving_average_7,statistical,14
85033S,UNKNOWN,moving_average_7,statistical,14
85034A,check,moving_average_7,statistical,14
85034B,3 WHITE CHOC MORRIS BOXED CANDLES,xgboost,machine_learning,14
85034C,3 ROSE MORRIS BOXED CANDLES,lightgbm,machine_learning,14
85035A,GARDENIA 3 WICK MORRIS BOXED CANDLE,moving_average_7,statistical,14
85035B,CHOCOLATE 3 WICK MORRIS BOX CANDLE,moving_average_7,statistical,14
85035C,ROSE 3 WICK MORRIS BOX CANDLE,lstm,deep_learning,14
85036A,GARDENIA 1 WICK MORRIS BOXED CANDLE,moving_average_7,statistical,14
85036B,CHOCOLATE 1 WICK MORRIS BOX CANDLE,weekday_seasonal_mean,statistical,14
85036C,ROSE 1 WICK MORRIS BOXED CANDLE,weekday_seasonal_mean,statistical,14
85038,6 CHOCOLATE LOVE HEART T-LIGHTS,gru,deep_learning,14
85039A,SET/4 RED MINI ROSE CANDLE IN BOWL,weekday_seasonal_mean,statistical,14
85039B,S/4 IVORY MINI ROSE CANDLE IN BOWL,lstm,deep_learning,14
85039C,S/4 BLACK MINI ROSE CANDLE IN BOWL,lstm,deep_learning,14
85040A,S/4 PINK FLOWER CANDLES IN BOWL,lstm,deep_learning,14
85040B,SET/4 BLUE FLOWER CANDLES IN BOWL,moving_average_7,statistical,14
85041,UNKNOWN,moving_average_7,statistical,14
85042,ANTIQUE LILY FAIRY LIGHTS,moving_average_7,statistical,14
85044,UNKNOWN,moving_average_7,statistical,14
85045,UNKNOWN,seasonal_naive_lag_7,statistical,14
85047,WHITE BEADED GARLAND STRING 20LIGHT,moving_average_7,statistical,14
85048,15CM CHRISTMAS GLASS BALL 20 LIGHTS,xgboost,machine_learning,14
85049A,TRADITIONAL CHRISTMAS RIBBONS,weekday_seasonal_mean,statistical,14
85049B,LUSH GREENS RIBBONS,moving_average_7,statistical,14
85049C,ROMANTIC PINKS RIBBONS,lstm,deep_learning,14
85049D,UNKNOWN,moving_average_7,statistical,14
85049E,SCANDINAVIAN REDS RIBBONS,seasonal_naive_lag_7,statistical,14
85049F,BABY BOOM RIBBONS,moving_average_7,statistical,14
85049G,CHOCOLATE BOX RIBBONS,lstm,deep_learning,14
85049H,URBAN BLACK RIBBONS,weekday_seasonal_mean,statistical,14
85053,FRENCH ENAMEL CANDLEHOLDER,weekday_seasonal_mean,statistical,14
85054,FRENCH ENAMEL POT W LID,naive_lag_1,statistical,14
85055,FRENCH ENAMEL UTENSIL HOLDER,moving_average_7,statistical,14
85059,FRENCH ENAMEL WATER BASIN,weekday_seasonal_mean,statistical,14
85060,WOOD FAN WITH FLOWER DESIGN,moving_average_7,statistical,14
85061W,WHITE JEWELLED HEART DECORATION,gru,deep_learning,14
85062,PEARL CRYSTAL PUMPKIN T-LIGHT HLDR,lstm,deep_learning,14
85063,CREAM SWEETHEART MAGAZINE RACK,moving_average_7,statistical,14
85064,CREAM SWEETHEART LETTER RACK,moving_average_7,statistical,14
85065,UNKNOWN,moving_average_7,statistical,14
85066,CREAM SWEETHEART MINI CHEST,weekday_seasonal_mean,statistical,14
85067,CREAM SWEETHEART WALL CABINET,moving_average_7,statistical,14
85068,CREAM SWEETHEART SHELF + HOOKS,moving_average_7,statistical,14
85071A,BLUE CHARLIE+LOLA PERSONAL DOORSIGN,lstm,deep_learning,14
85071B,RED CHARLIE+LOLA PERSONAL DOORSIGN,lstm,deep_learning,14
85071C,"CHARLIE+LOLA""EXTREMELY BUSY"" SIGN",weekday_seasonal_mean,statistical,14
85071D,CHARLIE+LOLA MY ROOM DOOR SIGN,weekday_seasonal_mean,statistical,14
85078,SCANDINAVIAN 3 HEARTS NAPKIN RING,moving_average_7,statistical,14
85084,HOLLY TOP CHRISTMAS STOCKING,moving_average_7,statistical,14
85086A,CANDY SPOT HEART DECORATION,moving_average_7,statistical,14
85087,CANDY SPOT CUSHION COVER,moving_average_7,statistical,14
85088,CANDY SPOT HAND BAG,lstm,deep_learning,14
85090,CANDY SPOT APRON,moving_average_7,statistical,14
85093,CANDY SPOT EGG WARMER HARE,moving_average_7,statistical,14
85094,CANDY SPOT EGG WARMER RABBIT,weekday_seasonal_mean,statistical,14
85095,THREE CANVAS LUGGAGE TAGS,naive_lag_1,statistical,14
85096,HILDA CANDY SPOT RABBIT,seasonal_naive_lag_7,statistical,14
85097B,BLUE ROCKING SINGING CANARY,moving_average_7,statistical,14
85098B,BLUE FLYING SINGING CANARY,moving_average_7,statistical,14
85099B,JUMBO BAG RED RETROSPOT,weekday_seasonal_mean,statistical,14
85099C,JUMBO BAG BAROQUE BLACK WHITE,weekday_seasonal_mean,statistical,14
85099F,JUMBO BAG STRAWBERRY,gru,deep_learning,14
85103,SILVER T-LIGHT SETTING,moving_average_7,statistical,14
85104,SILVER GLASS T-LIGHT SET,seasonal_naive_lag_7,statistical,14
85106,CUT GLASS HEXAGON T-LIGHT HOLDER,seasonal_naive_lag_7,statistical,14
85107,CUT GLASS T-LIGHT HOLDER OCTAGON,weekday_seasonal_mean,statistical,14
85111,SILVER GLITTER FLOWER VOTIVE HOLDER,lstm,deep_learning,14
85113,UNKNOWN,moving_average_7,statistical,14
85114A,BLACK ENCHANTED FOREST PLACEMAT,naive_lag_1,statistical,14
85114B,IVORY ENCHANTED FOREST PLACEMAT,lstm,deep_learning,14
85114C,RED ENCHANTED FOREST PLACEMAT,seasonal_naive_lag_7,statistical,14
85116,BLACK CANDELABRA T-LIGHT HOLDER,moving_average_7,statistical,14
85117,NIGHTINGALE COATHOOK WHITE,moving_average_7,statistical,14
85118,HEART T-LIGHT HOLDER,moving_average_7,statistical,14
85119,WATERING CAN SINGLE HOOK PISTACHIO,moving_average_7,statistical,14
85121B,UNKNOWN,moving_average_7,statistical,14
85121C,RETRO LAUNDRY TUB PISTACHIO,moving_average_7,statistical,14
85123A,CREAM HANGING HEART T-LIGHT HOLDER,lightgbm,machine_learning,14
85124A,UNKNOWN,moving_average_7,statistical,14
85124B,BLUE JUICY FRUIT PHOTO FRAME,naive_lag_1,statistical,14
85124C,GREEN JUICY FRUIT PHOTO FRAME,moving_average_7,statistical,14
85125,SMALL ROUND CUT GLASS CANDLESTICK,lstm,deep_learning,14
85126,LARGE ROUND CUTGLASS CANDLESTICK,moving_average_7,statistical,14
85127,SMALL SQUARE CUT GLASS CANDLESTICK,weekday_seasonal_mean,statistical,14
85129A,UNKNOWN,moving_average_7,statistical,14
85129B,BEADED CRYSTAL HEART GREEN SMALL,naive_lag_1,statistical,14
85129C,BEADED CRYSTAL HEART BLUE SMALL,naive_lag_1,statistical,14
85129D,BEADED CRYSTAL HEART PINK SMALL,lstm,deep_learning,14
85130A,BEADED PEARL HEART WHITE LARGE,moving_average_7,statistical,14
85130B,BEADED CRYSTAL HEART GREEN LARGE,lstm,deep_learning,14
85130C,BEADED CRYSTAL HEART BLUE LARGE,lstm,deep_learning,14
85130D,BEADED CRYSTAL HEART PINK LARGE,naive_lag_1,statistical,14
85131A,BEADED PEARL HEART WHITE ON STICK,moving_average_7,statistical,14
85131B,BEADED CRYSTAL HEART GREEN ON STICK,weekday_seasonal_mean,statistical,14
85131C,BEADED CRYSTAL HEART BLUE ON STICK,lstm,deep_learning,14
85131D,BEADED CRYSTAL HEART PINK ON STICK,lstm,deep_learning,14
85132A,CHARLIE + LOLA BISCUITS TINS,moving_average_7,statistical,14
85132B,CHARLIE AND LOLA TABLE TINS,moving_average_7,statistical,14
85132C,CHARLIE AND LOLA FIGURES TINS,moving_average_7,statistical,14
85135A,YELLOW DRAGONFLY HELICOPTER,weekday_seasonal_mean,statistical,14
85135B,UNKNOWN,lstm,deep_learning,14
85135C,RED DRAGONFLY HELICOPTER,naive_lag_1,statistical,14
85136A,YELLOW SHARK HELICOPTER,naive_lag_1,statistical,14
85136B,BLUE SHARK HELICOPTER,moving_average_7,statistical,14
85136C,RED SHARK HELICOPTER,seasonal_naive_lag_7,statistical,14
85141,UNKNOWN,moving_average_7,statistical,14
85142,JARDIN ETCHED GLASS GINGER JAR,moving_average_7,statistical,14
85144,JARDIN ETCHED GLASS CHEESE DISH,moving_average_7,statistical,14
85150,LADIES & GENTLEMEN METAL SIGN,gru,deep_learning,14
85152,HAND OVER THE CHOCOLATE SIGN,naive_lag_1,statistical,14
85159A,"BLACK TEA,COFFEE,SUGAR JARS",lstm,deep_learning,14
85159B,"WHITE TEA,COFFEE,SUGAR JARS",lstm,deep_learning,14
85160A,WHITE BIRD GARDEN DESIGN MUG,moving_average_7,statistical,14
85160B,BLACK BIRD GARDEN DESIGN MUG,lstm,deep_learning,14
85163A,WHITE BAROQUE WALL CLOCK,seasonal_naive_lag_7,statistical,14
85163B,BLACK BAROQUE WALL CLOCK,seasonal_naive_lag_7,statistical,14
85164B,BLACK BAROQUE CUCKOO CLOCK,moving_average_7,statistical,14
85165,CANDY PINK FRENCH BOUDOIR CLOCK,moving_average_7,statistical,14
85166B,BLACK METAL BAROQUE PHOTO FRAME,moving_average_7,statistical,14
85167B,BLACK GRAND BAROQUE PHOTO FRAME,moving_average_7,statistical,14
85168B,BLACK BAROQUE CARRIAGE CLOCK,weekday_seasonal_mean,statistical,14
85169A,IVORY LOVE BIRD CANDLE,naive_lag_1,statistical,14
85169B,BLACK LOVE BIRD CANDLE,seasonal_naive_lag_7,statistical,14
85169C,EAU DE NIL LOVE BIRD CANDLE,naive_lag_1,statistical,14
85169D,PINK LOVE BIRD CANDLE,naive_lag_1,statistical,14
85170A,UNKNOWN,moving_average_7,statistical,14
85170B,SET/6 BLACK BIRD T-LIGHT CANDLES,seasonal_naive_lag_7,statistical,14
85170C,SET/6 EAU DE NIL BIRD T-LIGHTS,naive_lag_1,statistical,14
85170D,SET/6 PINK BIRD T-LIGHT CANDLES,lstm,deep_learning,14
85172,HYACINTH BULB T-LIGHT CANDLES,lstm,deep_learning,14
85173,SET/6 FROG PRINCE T-LIGHT CANDLES,lstm,deep_learning,14
85174,S/4 CACTI CANDLES,weekday_seasonal_mean,statistical,14
85175,UNKNOWN,lstm,deep_learning,14
85176,SEWING SUSAN 21 NEEDLE SET,lstm,deep_learning,14
85177,BASKET OF FLOWERS SEWING KIT,lstm,deep_learning,14
85178,VICTORIAN SEWING KIT,seasonal_naive_lag_7,statistical,14
85179A,GREEN BITTY LIGHT CHAIN,weekday_seasonal_mean,statistical,14
85179B,WHITE BITTY LIGHT CHAIN,moving_average_7,statistical,14
85180A,RED HEARTS LIGHT CHAIN,seasonal_naive_lag_7,statistical,14
85180B,PINK HEARTS LIGHT CHAIN,seasonal_naive_lag_7,statistical,14
85183A,CHARLIE & LOLA WASTEPAPER BIN BLUE,lstm,deep_learning,14
85183B,CHARLIE & LOLA WASTEPAPER BIN FLORA,weekday_seasonal_mean,statistical,14
85184C,SET 4 VALENTINE DECOUPAGE HEART BOX,lstm,deep_learning,14
85184D,S/4 BLUE ROUND DECOUPAGE BOXES,moving_average_7,statistical,14
85185B,PINK HORSE SOCK PUPPET KIT,lstm,deep_learning,14
85185D,UNKNOWN,moving_average_7,statistical,14
85186A,EASTER BUNNY GARLAND OF FLOWERS,moving_average_7,statistical,14
85186C,BUNNY EGG GARLAND,moving_average_7,statistical,14
85187,S/12 MINI RABBIT EASTER,moving_average_7,statistical,14
85188A,GREEN METAL SWINGING BUNNY,moving_average_7,statistical,14
85188B,PINK METAL SWINGING BUNNY,moving_average_7,statistical,14
85189,HANGING BUTTERFLY EGG,moving_average_7,statistical,14
85194L,HANGING SPRING FLOWER EGG LARGE,seasonal_naive_lag_7,statistical,14
85194S,HANGING SPRING FLOWER EGG SMALL,seasonal_naive_lag_7,statistical,14
85196,UNKNOWN,moving_average_7,statistical,14
85197,SET OF 12 MINI BUNNIES IN A BUCKET,moving_average_7,statistical,14
85198,ASSORTED FARMYARD ANIMALS IN BUCKET,moving_average_7,statistical,14
85199L,LARGE HANGING IVORY & RED WOOD BIRD,lstm,deep_learning,14
85199S,SMALL HANGING IVORY/RED WOOD BIRD,weekday_seasonal_mean,statistical,14
85200,UNKNOWN,moving_average_7,statistical,14
85202,HANGING WOOD AND FELT HEART,lstm,deep_learning,14
85203,HANGING WOOD AND FELT BUTTERFLY,seasonal_naive_lag_7,statistical,14
85204,HANGING WOOD AND FELT FLOWER,lstm,deep_learning,14
85205B,PINK FELT EASTER RABBIT GARLAND,moving_average_7,statistical,14
85206A,UNKNOWN,moving_average_7,statistical,14
85206B,PINK FELT EASTER EGG BASKET,moving_average_7,statistical,14
85208,SET/12 FUNKY FELT FLOWER PEG IN BAG,moving_average_7,statistical,14
85211,UNKNOWN,moving_average_7,statistical,14
85212,MINI PAINTED GARDEN DECORATION,lstm,deep_learning,14
85213,MINI ZINC GARDEN DECORATIONS,moving_average_7,statistical,14
85214,UNKNOWN,moving_average_7,statistical,14
85215,ASSORTED CHEESE FRIDGE MAGNETS,moving_average_7,statistical,14
85216,ASSORTED CAKES FRIDGE MAGNETS,naive_lag_1,statistical,14
85217,UNKNOWN,moving_average_7,statistical,14
85221,ASSORTED COLOUR SILK COIN PURSE,moving_average_7,statistical,14
85222,UNKNOWN,moving_average_7,statistical,14
85224,ASSORTED COLOUR SILK GLASSES CASE,moving_average_7,statistical,14
85226A,UNKNOWN,moving_average_7,statistical,14
85226C,BLUE PULL BACK RACING CAR,moving_average_7,statistical,14
85227,SET OF 6 3D KIT CARDS FOR KIDS,weekday_seasonal_mean,statistical,14
85230A,OPIUM SCENTED VOTIVE CANDLE,seasonal_naive_lag_7,statistical,14
85230B,CINNAMON SCENTED VOTIVE CANDLE,weekday_seasonal_mean,statistical,14
85230E,STRAWBRY SCENTED VOTIVE CANDLE,moving_average_7,statistical,14
85230F,JASMINE VOTIVE CANDLE,naive_lag_1,statistical,14
85230G,ORANGE VOTIVE CANDLE,lstm,deep_learning,14
85231B,CINAMMON SET OF 9 T-LIGHTS,lstm,deep_learning,14
85231E,STRAWBERRY SCENTED SET/9 T-LIGHTS,moving_average_7,statistical,14
85231G,amazon,seasonal_naive_lag_7,statistical,14
85231L,UNKNOWN,moving_average_7,statistical,14
85232A,SET/3 POLKADOT STACKING TINS,moving_average_7,statistical,14
85232B,UNKNOWN,moving_average_7,statistical,14
85232D,SET/3 DECOUPAGE STACKING TINS,weekday_seasonal_mean,statistical,14
90000D,COPPER/OLIVE GREEN FLOWER NECKLACE,moving_average_7,statistical,14
90002D,FLOWER BURST SILVER RING CRYSTAL,moving_average_7,statistical,14
90005A,JADE GREEN ENAMEL HAIR COMB,moving_average_7,statistical,14
90010B,BLACK/WHITE GLASS/SILVER BRACELET,moving_average_7,statistical,14
90010E,AMBER GLASS/SILVER BRACELET,weekday_seasonal_mean,statistical,14
90013A,MIDNIGHT BLUE VINTAGE EARRINGS,weekday_seasonal_mean,statistical,14
90013B,BLACK VINTAGE EARRINGS,weekday_seasonal_mean,statistical,14
90013C,GREEN VINTAGE EARRINGS,weekday_seasonal_mean,statistical,14
90014A,SILVER M.O.P. ORBIT NECKLACE,naive_lag_1,statistical,14
90018A,SILVER M.O.P ORBIT DROP EARRINGS,weekday_seasonal_mean,statistical,14
90019A,SILVER M.O.P ORBIT BRACELET,weekday_seasonal_mean,statistical,14
90019C,SILVER BLACK ORBIT BRACELET,moving_average_7,statistical,14
90040A,MURANO STYLE GLASS BRACELET RED,moving_average_7,statistical,14
90040B,MURANO STYLE GLASS BRACELET BLACK,moving_average_7,statistical,14
90042A,FRESHWATER PEARL BRACELET GOLD,moving_average_7,statistical,14
90059A,DIAMANTE HAIR GRIP PACK/2 CRYSTAL,seasonal_naive_lag_7,statistical,14
90059D,DIAMANTE HAIR GRIP PACK/2 PERIDOT,seasonal_naive_lag_7,statistical,14
90062,CARNIVAL BRACELET,moving_average_7,statistical,14
90070,RUBY GLASS CLUSTER BRACELET,naive_lag_1,statistical,14
90071,RUBY GLASS CLUSTER EARRINGS,weekday_seasonal_mean,statistical,14
90073,VINTAGE ENAMEL & CRYSTAL EARRINGS,weekday_seasonal_mean,statistical,14
90081C,LILY BROOCH OLIVE COLOUR,seasonal_naive_lag_7,statistical,14
90082D,DIAMANTE BOW BROOCH BLACK COLOUR,moving_average_7,statistical,14
90086,CRYSTAL FROG PHONE CHARM,weekday_seasonal_mean,statistical,14
90087,CRYSTAL SEA HORSE PHONE CHARM,moving_average_7,statistical,14
90094,NECKLACE+BRACELET SET FRUIT SALAD,weekday_seasonal_mean,statistical,14
90096,NECKLACE+BRACELET SET BLUE BLOSSOM,weekday_seasonal_mean,statistical,14
90098,NECKLACE+BRACELET PINK BUTTERFLY,seasonal_naive_lag_7,statistical,14
90104,UNKNOWN,moving_average_7,statistical,14
90114,SUMMER DAISIES BAG CHARM,weekday_seasonal_mean,statistical,14
90115,SUMMER BUTTERFLIES BAG CHARM,moving_average_7,statistical,14
90116,FRUIT SALAD BAG CHARM,seasonal_naive_lag_7,statistical,14
90119,METALIC LEAVES BAG CHARMS,weekday_seasonal_mean,statistical,14
90120A,PINK MURANO TWIST BRACELET,moving_average_7,statistical,14
90120B,BLUE MURANO TWIST BRACELET,weekday_seasonal_mean,statistical,14
90120C,GREEN MURANO TWIST BRACELET,weekday_seasonal_mean,statistical,14
90120D,WHITE MURANO TWIST BRACELET,moving_average_7,statistical,14
90125D,PURPLE BERTIE GLASS BEAD BAG CHARM,moving_average_7,statistical,14
90129A,PINK GLASS TASSLE BAG CHARM,moving_average_7,statistical,14
90129B,TURQUOISE GLASS TASSLE BAG CHARM,lstm,deep_learning,14
90129C,GREEN GLASS TASSLE BAG CHARM,naive_lag_1,statistical,14
90129D,AMBER GLASS TASSLE BAG CHARM,moving_average_7,statistical,14
90129E,PURPLE GLASS TASSLE BAG CHARM,seasonal_naive_lag_7,statistical,14
90129F,RED GLASS TASSLE BAG CHARM,weekday_seasonal_mean,statistical,14
90130B,TURQ STONE/CRYSTAL EARRINGS,naive_lag_1,statistical,14
90134,OLD ROSE COMBO BEAD NECKLACE,seasonal_naive_lag_7,statistical,14
90143,SILVER BRACELET W PASTEL FLOWER,moving_average_7,statistical,14
90144,SILVER DROP EARRINGS WITH FLOWER,seasonal_naive_lag_7,statistical,14
90145,SILVER HOOP EARRINGS WITH FLOWER,seasonal_naive_lag_7,statistical,14
90147,CHUNKY SILVER NECKLACE PASTEL FLOWE,seasonal_naive_lag_7,statistical,14
90158,ST TROPEZ NECKLACE,weekday_seasonal_mean,statistical,14
90160C,TURQ+RED BOUDICCA LARGE BRACELET,weekday_seasonal_mean,statistical,14
90161A,ANT COPPER RED BOUDICCA BRACELET,seasonal_naive_lag_7,statistical,14
90161B,ANT COPPER TURQ BOUDICCA BRACELET,lstm,deep_learning,14
90161C,ANT COPPER LIME BOUDICCA BRACELET,weekday_seasonal_mean,statistical,14
90161D,ANT COPPER PINK BOUDICCA BRACELET,weekday_seasonal_mean,statistical,14
90164B,WHITE ROSEBUD PEARL BRACELET,weekday_seasonal_mean,statistical,14
90167,UNKNOWN,moving_average_7,statistical,14
90170,DAISY HAIR BAND,lstm,deep_learning,14
90173,PAIR BUTTERFLY HAIR CLIPS,moving_average_7,statistical,14
90175A,WHITE GLASS CHUNKY CHARM BRACELET,lstm,deep_learning,14
90175D,TIGRIS EYE CHUNKY CHARM BRACELET,weekday_seasonal_mean,statistical,14
90184B,AMETHYST CHUNKY BEAD BRACELET W STR,weekday_seasonal_mean,statistical,14
90184C,BLACK CHUNKY BEAD BRACELET W STRAP,weekday_seasonal_mean,statistical,14
90185D,CRYSTAL DIAMANTE EXPANDABLE RING,moving_average_7,statistical,14
90186A,AMETHYST HOOP EARRING FLORAL LEAF,moving_average_7,statistical,14
90192,JADE DROP EARRINGS W FILIGREE,seasonal_naive_lag_7,statistical,14
90195A,PURPLE GEMSTONE BRACELET,naive_lag_1,statistical,14
90197B,BLACK GLASS BRACELET W HEART CHARMS,seasonal_naive_lag_7,statistical,14
90198A,VINTAGE ROSE BEAD BRACELET RASPBERR,weekday_seasonal_mean,statistical,14
90198B,VINTAGE ROSE BEAD BRACELET BLACK,weekday_seasonal_mean,statistical,14
90200A,PURPLE SWEETHEART BRACELET,moving_average_7,statistical,14
90200B,BLACK SWEETHEART BRACELET,moving_average_7,statistical,14
90200C,BLUE SWEETHEART BRACELET,moving_average_7,statistical,14
90200D,PINK SWEETHEART BRACELET,weekday_seasonal_mean,statistical,14
90200E,GREEN SWEETHEART BRACELET,lstm,deep_learning,14
90201A,PURPLE ENAMEL FLOWER RING,lstm,deep_learning,14
90201B,BLACK ENAMEL FLOWER RING,naive_lag_1,statistical,14
90201C,RED ENAMEL FLOWER RING,naive_lag_1,statistical,14
90201D,GREEN ENAMEL FLOWER RING,seasonal_naive_lag_7,statistical,14
90203,UNKNOWN,moving_average_7,statistical,14
90204,PAIR OF ENAMEL BUTTERFLY HAIRCLIP,weekday_seasonal_mean,statistical,14
90206C,CRYSTAL DIAMANTE STAR BROOCH,naive_lag_1,statistical,14
90208,PAIR OF PINK FLOWER CLUSTER SLIDE,weekday_seasonal_mean,statistical,14
90209B,UNKNOWN,moving_average_7,statistical,14
90209C,PINK ENAMEL+GLASS HAIR COMB,moving_average_7,statistical,14
90214A,"LETTER ""A"" BLING KEY RING",weekday_seasonal_mean,statistical,14
90214B,"LETTER ""B"" BLING KEY RING",moving_average_7,statistical,14
90214C,"LETTER ""C"" BLING KEY RING",lstm,deep_learning,14
90214D,"LETTER ""D"" BLING KEY RING",weekday_seasonal_mean,statistical,14
90214E,"LETTER ""E"" BLING KEY RING",weekday_seasonal_mean,statistical,14
90214G,"LETTER ""G"" BLING KEY RING",weekday_seasonal_mean,statistical,14
90214H,"LETTER ""H"" BLING KEY RING",weekday_seasonal_mean,statistical,14
90214J,"LETTER ""J"" BLING KEY RING",lstm,deep_learning,14
90214K,"LETTER ""K"" BLING KEY RING",lstm,deep_learning,14
90214L,"LETTER ""L"" BLING KEY RING",moving_average_7,statistical,14
90214M,"LETTER ""M"" BLING KEY RING",lstm,deep_learning,14
90214N,"LETTER ""N"" BLING KEY RING",moving_average_7,statistical,14
90214P,"LETTER ""P"" BLING KEY RING",moving_average_7,statistical,14
90214R,"LETTER ""R"" BLING KEY RING",moving_average_7,statistical,14
90214S,"LETTER ""S"" BLING KEY RING",weekday_seasonal_mean,statistical,14
C2,CARRIAGE,weekday_seasonal_mean,statistical,14
DOT,DOTCOM POSTAGE,gru,deep_learning,14
M,Manual,lstm,deep_learning,14
POST,POSTAGE,weekday_seasonal_mean,statistical,14
