sku_id,description,category,selected_model,observations,actual_units,forecast_units,bias_units,mae,rmse,wmape
84826,ASSTD DESIGN 3D PAPER STICKERS,UNMAPPED,naive_lag_1,14,92.0000,12632.0000,12540.0000,908.8571,3351.6364,138.3043
23084,RABBIT NIGHT LIGHT,UNMAPPED,xgboost,14,7970.0000,5148.0666,-2821.9334,368.4074,709.3929,0.6471
22197,POPCORN HOLDER,UNMAPPED,lightgbm,14,7774.0000,5155.4997,-2618.5003,362.5839,755.3432,0.6530
20668,DISCO BALL CHRISTMAS DECORATION,UNMAPPED,moving_average_7,14,2613.0000,2566.4286,-46.5714,207.7959,287.0784,1.1133
22413,METAL SIGN TAKE IT OR LEAVE IT,UNMAPPED,naive_lag_1,14,1463.0000,1463.0000,0.0000,206.0000,529.4207,1.9713
22086,PAPER CHAIN KIT 50'S CHRISTMAS,UNMAPPED,lightgbm,14,3154.0000,4473.9462,1319.9462,160.4961,193.1999,0.7124
22577,WOODEN HEART CHRISTMAS SCANDINAVIAN,UNMAPPED,xgboost,14,1430.0000,3044.4880,1614.4880,146.5534,172.0415,1.4348
85152,HAND OVER THE CHOCOLATE SIGN,UNMAPPED,naive_lag_1,14,1238.0000,1194.0000,-44.0000,139.5714,239.9235,1.5784
22578,WOODEN STAR CHRISTMAS SCANDINAVIAN,UNMAPPED,seasonal_naive_lag_7,14,1770.0000,2387.0000,617.0000,134.2143,218.0313,1.0616
22910,PAPER CHAIN KIT VINTAGE CHRISTMAS,UNMAPPED,lightgbm,14,1271.0000,2964.9059,1693.9059,125.9334,160.5730,1.3871
85123A,CREAM HANGING HEART T-LIGHT HOLDER,UNMAPPED,lightgbm,14,1411.0000,2319.0113,908.0113,120.3049,168.3808,1.1937
21137,BLACK RECORD COVER FRAME,UNMAPPED,lstm,14,1696.0000,167.3305,-1528.6695,116.7061,286.0871,0.9634
21166,COOK WITH WINE METAL SIGN,UNMAPPED,lstm,14,1568.0000,67.3502,-1500.6498,108.8556,177.8968,0.9719
21181,PLEASE ONE PERSON METAL SIGN,UNMAPPED,lstm,14,1471.0000,83.4214,-1387.5786,101.0634,139.5097,0.9619
21787,RAIN PONCHO RETROSPOT,UNMAPPED,weekday_seasonal_mean,14,1253.0000,249.3754,-1003.6246,97.6613,314.7050,1.0912
82600,N0 SINGING METAL SIGN,UNMAPPED,moving_average_7,14,1222.0000,1074.2856,-147.7144,95.0612,193.3203,1.0891
22865,HAND WARMER OWL DESIGN,UNMAPPED,naive_lag_1,14,1232.0000,1228.0000,-4.0000,94.5714,132.5260,1.0747
22616,PACK OF 12 LONDON TISSUES,UNMAPPED,weekday_seasonal_mean,14,1203.0000,720.2524,-482.7476,90.9965,163.3812,1.0590
22560,TRADITIONAL MODELLING CLAY,UNMAPPED,weekday_seasonal_mean,14,1373.0000,258.0594,-1114.9406,89.0652,232.3005,0.9082
79321,CHILLI LIGHTS,UNMAPPED,seasonal_naive_lag_7,14,607.0000,1274.0000,667.0000,88.0714,167.9670,2.0313
22959,WRAP CHRISTMAS VILLAGE,UNMAPPED,lightgbm,14,826.0000,1089.0861,263.0861,86.5624,139.5995,1.4672
84879,ASSORTED COLOUR BIRD ORNAMENT,UNMAPPED,weekday_seasonal_mean,14,1633.0000,1494.8952,-138.1048,85.2994,135.8992,0.7313
23344,JUMBO BAG 50'S CHRISTMAS,UNMAPPED,lightgbm,14,1663.0000,2766.8651,1103.8651,85.1302,106.9274,0.7167
23309,SET OF 60 I LOVE LONDON CAKE CASES,UNMAPPED,weekday_seasonal_mean,14,1246.0000,128.8120,-1117.1880,83.0564,168.3269,0.9332
21915,RED HARMONICA IN BOX,UNMAPPED,lstm,14,1122.0000,39.7502,-1082.2498,82.5326,298.8760,1.0298
22961,JAM MAKING SET PRINTED,UNMAPPED,seasonal_naive_lag_7,14,1209.0000,784.0000,-425.0000,81.9286,176.3420,0.9487
23343,JUMBO BAG VINTAGE CHRISTMAS,UNMAPPED,weekday_seasonal_mean,14,1241.0000,155.6824,-1085.3176,80.3574,118.8051,0.9065
84077,WORLD WAR 2 GLIDERS ASSTD DESIGNS,UNMAPPED,seasonal_naive_lag_7,14,1858.0000,1700.0000,-158.0000,76.0000,116.5241,0.5727
22727,ALARM CLOCK BAKELIKE RED,UNMAPPED,weekday_seasonal_mean,14,1213.0000,150.6436,-1062.3564,75.8826,181.7939,0.8758
85099B,JUMBO BAG RED RETROSPOT,UNMAPPED,weekday_seasonal_mean,14,1529.0000,1833.0746,304.0746,74.8078,114.2906,0.6850
22952,60 CAKE CASES VINTAGE CHRISTMAS,UNMAPPED,weekday_seasonal_mean,14,1618.0000,597.2536,-1020.7464,73.4651,119.0940,0.6357
21175,GIN AND TONIC DIET METAL SIGN,UNMAPPED,seasonal_naive_lag_7,14,569.0000,797.0000,228.0000,73.2857,110.9131,1.8032
21790,VINTAGE SNAP CARDS,UNMAPPED,seasonal_naive_lag_7,14,928.0000,1210.0000,282.0000,72.4286,114.7818,1.0927
22338,STAR DECORATION PAINTED ZINC,UNMAPPED,seasonal_naive_lag_7,14,812.0000,889.0000,77.0000,71.3571,86.0552,1.2303
23077,DOUGHNUT LIP GLOSS,UNMAPPED,seasonal_naive_lag_7,14,731.0000,889.0000,158.0000,71.2857,144.9985,1.3653
84347,ROTATING SILVER ANGELS T-LIGHT HLDR,UNMAPPED,seasonal_naive_lag_7,14,1269.0000,1772.0000,503.0000,68.9286,142.4858,0.7604
22457,NATURAL SLATE HEART CHALKBOARD,UNMAPPED,lightgbm,14,1030.0000,595.5451,-434.4549,68.2838,168.1169,0.9281
22355,CHARLOTTE BAG SUKI DESIGN,UNMAPPED,seasonal_naive_lag_7,14,1513.0000,1227.0000,-286.0000,67.5714,88.3839,0.6252
22470,HEART OF WICKER LARGE,UNMAPPED,weekday_seasonal_mean,14,926.0000,326.0662,-599.9338,63.1892,198.7971,0.9553
84378,SET OF 3 HEART COOKIE CUTTERS,UNMAPPED,weekday_seasonal_mean,14,1022.0000,201.1054,-820.8946,62.8081,205.0315,0.8604
22469,HEART OF WICKER SMALL,UNMAPPED,weekday_seasonal_mean,14,914.0000,520.6780,-393.3220,62.5289,166.6224,0.9578
M,Manual,UNMAPPED,lstm,14,841.0000,32.3160,-808.6840,60.6949,214.0129,1.0104
71477,COLOURED GLASS STAR T-LIGHT HOLDER,UNMAPPED,seasonal_naive_lag_7,14,636.0000,845.0000,209.0000,60.0714,102.0284,1.3223
21810,CHRISTMAS HANGING STAR WITH BELL,UNMAPPED,gru,14,988.0000,227.0189,-760.9811,59.7268,88.7426,0.8463
22596,CHRISTMAS STAR WISH LIST CHALKBOARD,UNMAPPED,gru,14,903.0000,160.9485,-742.0515,59.4430,86.6325,0.9216
21705,BAG 500g SWIRLY MARBLES,UNMAPPED,weekday_seasonal_mean,14,849.0000,31.6190,-817.3810,59.3374,95.6148,0.9785
22178,VICTORIAN GLASS HANGING T-LIGHT,UNMAPPED,weekday_seasonal_mean,14,1435.0000,744.2876,-690.7124,58.4611,102.5866,0.5704
84991,60 TEATIME FAIRY CAKE CASES,UNMAPPED,weekday_seasonal_mean,14,233.0000,1039.1108,806.1108,57.5793,65.1493,3.4597
23201,JUMBO BAG ALPHABET,UNMAPPED,weekday_seasonal_mean,14,932.0000,231.4404,-700.5596,54.8374,100.4961,0.8237
22030,SWALLOWS GREETING CARD,UNMAPPED,weekday_seasonal_mean,14,738.0000,230.0746,-507.9254,54.7493,170.3175,1.0386
22065,CHRISTMAS PUDDING TRINKET POT,UNMAPPED,seasonal_naive_lag_7,14,636.0000,732.0000,96.0000,54.5714,90.4686,1.2013
22646,CERAMIC STRAWBERRY CAKE MONEY BANK,UNMAPPED,lstm,14,789.0000,62.0747,-726.9253,54.0663,85.8904,0.9594
22866,HAND WARMER SCOTTY DOG DESIGN,UNMAPPED,weekday_seasonal_mean,14,932.0000,219.4098,-712.5902,53.2220,86.6161,0.7995
84946,ANTIQUE SILVER T-LIGHT GLASS,UNMAPPED,seasonal_naive_lag_7,14,983.0000,1122.0000,139.0000,52.2143,60.4867,0.7436
23301,GARDENERS KNEELING PAD KEEP CALM,UNMAPPED,moving_average_7,14,1241.0000,1127.0000,-114.0000,52.1633,66.9287,0.5885
22867,HAND WARMER BIRD DESIGN,UNMAPPED,weekday_seasonal_mean,14,896.0000,203.1338,-692.8662,51.3574,89.1438,0.8025
22152,PLACE SETTING WHITE STAR,UNMAPPED,seasonal_naive_lag_7,14,40.0000,697.0000,657.0000,51.2143,128.3035,17.9250
21592,RETROSPOT CIGAR BOX MATCHES,UNMAPPED,moving_average_7,14,625.0000,574.1426,-50.8574,50.0204,91.5030,1.1205
21914,BLUE HARMONICA IN BOX,UNMAPPED,lightgbm,14,741.0000,1396.8502,655.8502,49.7361,58.1386,0.9397
23310,BUBBLEGUM RING ASSORTED,UNMAPPED,seasonal_naive_lag_7,14,848.0000,1172.0000,324.0000,49.7143,73.5255,0.8208
20973,12 PENCIL SMALL TUBE WOODLAND,UNMAPPED,seasonal_naive_lag_7,14,455.0000,950.0000,495.0000,48.9286,102.3925,1.5055
22574,HEART WOODEN CHRISTMAS DECORATION,UNMAPPED,seasonal_naive_lag_7,14,513.0000,719.0000,206.0000,48.1429,62.0702,1.3138
20724,RED RETROSPOT CHARLOTTE BAG,UNMAPPED,weekday_seasonal_mean,14,1206.0000,585.9190,-620.0810,47.8680,66.5349,0.5557
22154,ANGEL DECORATION 3 BUTTONS,UNMAPPED,lightgbm,14,323.0000,668.0768,345.0768,47.5648,57.9320,2.0616
23461,SWEETHEART BIRD HOUSE,UNMAPPED,gru,14,659.0000,26.5299,-632.4701,47.1631,168.1451,1.0019
21819,GLITTER CHRISTMAS STAR,UNMAPPED,lightgbm,14,409.0000,855.0124,446.0124,46.7271,62.1023,1.5995
22476,EMPIRE UNION JACK TV DINNER TRAY,UNMAPPED,seasonal_naive_lag_7,14,636.0000,38.0000,-598.0000,46.4286,160.4841,1.0220
22544,MINI JIGSAW SPACEBOY,UNMAPPED,lstm,14,661.0000,41.4603,-619.5397,45.9541,80.8757,0.9733
22754,SMALL RED BABUSHKA NOTEBOOK,UNMAPPED,seasonal_naive_lag_7,14,674.0000,110.0000,-564.0000,45.2857,79.8615,0.9407
21174,POTTERING IN THE SHED METAL SIGN,UNMAPPED,lstm,14,664.0000,57.2834,-606.7166,44.9651,75.5178,0.9481
16008,SMALL FOLDING SCISSOR(POINTED EDGE),UNMAPPED,lstm,14,624.0000,26.9960,-597.0040,44.8949,91.9935,1.0073
21212,PACK OF 72 RETROSPOT CAKE CASES,UNMAPPED,moving_average_7,14,827.0000,864.5716,37.5716,44.4592,66.1588,0.7526
22319,HAIRCLIPS FORTIES FABRIC ASSORTED,UNMAPPED,lstm,14,624.0000,11.2155,-612.7845,44.3882,79.7573,0.9959
22818,CARD CHRISTMAS VILLAGE,UNMAPPED,xgboost,14,543.0000,715.2611,172.2611,44.3637,64.6602,1.1438
23202,JUMBO BAG VINTAGE LEAF,UNMAPPED,weekday_seasonal_mean,14,779.0000,187.1060,-591.8940,44.3090,77.2223,0.7963
20713,JUMBO BAG OWLS,UNMAPPED,lstm,14,661.0000,81.0091,-579.9909,44.0557,76.4231,0.9331
35970,ZINC FOLKART SLEIGH BELLS,UNMAPPED,xgboost,14,531.0000,1021.3438,490.3438,43.8879,49.3034,1.1571
35953,FOLKART STAR CHRISTMAS DECORATIONS,UNMAPPED,moving_average_7,14,605.0000,692.1430,87.1430,43.7551,49.2966,1.0125
22299,PIG KEYRING WITH LIGHT & SOUND,UNMAPPED,lstm,14,627.0000,31.6419,-595.3581,43.6854,67.4735,0.9754
21563,RED HEART SHAPE LOVE BUCKET,UNMAPPED,lstm,14,623.0000,19.4665,-603.5335,43.6035,101.6820,0.9799
22644,CERAMIC CHERRY CAKE MONEY BANK,UNMAPPED,weekday_seasonal_mean,14,650.0000,81.1536,-568.8464,43.5424,81.3944,0.9378
22693,GROW A FLYTRAP OR SUNFLOWER IN TIN,UNMAPPED,weekday_seasonal_mean,14,594.0000,333.5602,-260.4398,43.2216,74.3450,1.0187
21564,PINK HEART SHAPE LOVE BUCKET,UNMAPPED,lstm,14,605.0000,9.9007,-595.0993,43.1812,102.8911,0.9992
22988,SOLDIERS EGG CUP,UNMAPPED,weekday_seasonal_mean,14,672.0000,163.1218,-508.8782,43.0513,95.0735,0.8969
22438,BALLOON ART MAKE YOUR OWN FLOWERS,UNMAPPED,weekday_seasonal_mean,14,607.0000,16.2630,-590.7370,43.0007,82.9799,0.9918
23203,JUMBO BAG VINTAGE DOILY,UNMAPPED,weekday_seasonal_mean,14,909.0000,354.1106,-554.8894,42.8296,72.1853,0.6596
82578,KITCHEN METAL SIGN,UNMAPPED,seasonal_naive_lag_7,14,326.0000,327.0000,1.0000,42.7857,99.6232,1.8374
23307,SET OF 60 PANTRY DESIGN CAKE CASES,UNMAPPED,weekday_seasonal_mean,14,704.0000,213.6950,-490.3050,42.1193,104.0141,0.8376
22909,SET OF 20 VINTAGE CHRISTMAS NAPKINS,UNMAPPED,weekday_seasonal_mean,14,870.0000,314.3336,-555.6664,41.7822,65.8450,0.6724
84947,ANTIQUE SILVER TEA GLASS ENGRAVED,UNMAPPED,gru,14,672.0000,138.8285,-533.1715,41.7811,67.8301,0.8704
84568,GIRLS ALPHABET IRON ON PATCHES,UNMAPPED,lightgbm,14,479.0000,465.0492,-13.9508,41.2953,73.7002,1.2070
22114,HOT WATER BOTTLE TEA AND SYMPATHY,UNMAPPED,seasonal_naive_lag_7,14,981.0000,820.0000,-161.0000,41.2143,56.8789,0.5882
22492,MINI PAINT SET VINTAGE,UNMAPPED,weekday_seasonal_mean,14,521.0000,824.6984,303.6984,40.4196,48.5585,1.0861
84945,MULTI COLOUR SILVER T-LIGHT HOLDER,UNMAPPED,weekday_seasonal_mean,14,840.0000,391.6748,-448.3252,39.4492,79.2750,0.6575
23167,SMALL CERAMIC TOP STORAGE JAR,UNMAPPED,lstm,14,544.0000,53.1752,-490.8248,39.3060,80.3197,1.0116
84212,"ASSORTED FLOWER COLOUR ""LEIS""",UNMAPPED,lstm,14,534.0000,12.3667,-521.6333,38.7586,128.7635,1.0161
22758,LARGE PURPLE BABUSHKA NOTEBOOK,UNMAPPED,gru,14,555.0000,24.2356,-530.7644,38.5541,79.3749,0.9725
23177,TREASURE ISLAND BOOK BOX,UNMAPPED,weekday_seasonal_mean,14,533.0000,37.3426,-495.6574,38.3201,134.5938,1.0065
22659,LUNCH BOX I LOVE LONDON,UNMAPPED,seasonal_naive_lag_7,14,326.0000,364.0000,38.0000,38.1429,77.9460,1.6380
21326,AGED GLASS SILVER T-LIGHT HOLDER,UNMAPPED,lightgbm,14,740.0000,675.4868,-64.5132,37.7449,47.0228,0.7141
21977,PACK OF 60 PINK PAISLEY CAKE CASES,UNMAPPED,xgboost,14,456.0000,814.0206,358.0206,37.5011,45.3250,1.1514
22059,CERAMIC STRAWBERRY DESIGN MUG,UNMAPPED,lstm,14,534.0000,19.9562,-514.0438,37.4989,63.4341,0.9831
23439,HAND WARMER RED LOVE HEART,UNMAPPED,xgboost,14,534.0000,958.9287,424.9287,37.3202,45.8897,0.9784
17003,BROCADE RING PURSE,UNMAPPED,gru,14,551.0000,126.8441,-424.1559,37.2949,55.3765,0.9476
21232,STRAWBERRY CERAMIC TRINKET POT,UNMAPPED,weekday_seasonal_mean,14,728.0000,712.5522,-15.4478,37.1710,58.1234,0.7148
22915,ASSORTED BOTTLE TOP MAGNETS,UNMAPPED,weekday_seasonal_mean,14,558.0000,51.0550,-506.9450,37.0848,67.1432,0.9304
20719,WOODLAND CHARLOTTE BAG,UNMAPPED,seasonal_naive_lag_7,14,709.0000,552.0000,-157.0000,37.0714,44.6150,0.7320
21891,TRADITIONAL WOODEN SKIPPING ROPE,UNMAPPED,weekday_seasonal_mean,14,647.0000,217.6484,-429.3516,36.7241,80.6459,0.7946
22464,HANGING METAL HEART LANTERN,UNMAPPED,weekday_seasonal_mean,14,554.0000,139.6814,-414.3186,36.6403,66.7821,0.9259
23209,LUNCH BAG VINTAGE DOILY,UNMAPPED,weekday_seasonal_mean,14,693.0000,236.6856,-456.3144,36.4938,49.9886,0.7372
20992,JAZZ HEARTS PURSE NOTEBOOK,UNMAPPED,xgboost,14,443.0000,596.6096,153.6096,36.3636,53.7156,1.1492
22579,WOODEN TREE CHRISTMAS SCANDINAVIAN,UNMAPPED,seasonal_naive_lag_7,14,17.0000,526.0000,509.0000,36.3571,69.4504,29.9412
21733,RED HANGING HEART T-LIGHT HOLDER,UNMAPPED,xgboost,14,501.0000,759.4106,258.4106,36.3316,42.6667,1.0153
23275,SET OF 3 HANGING OWLS OLLIE BEAK,UNMAPPED,lightgbm,14,473.0000,755.6310,282.6310,36.1901,45.8113,1.0712
22422,TOOTHPASTE TUBE PEN,UNMAPPED,lightgbm,14,583.0000,207.8179,-375.1821,35.7660,55.8347,0.8589
20723,STRAWBERRY CHARLOTTE BAG,UNMAPPED,seasonal_naive_lag_7,14,538.0000,583.0000,45.0000,35.6429,45.2572,0.9275
23293,SET OF 12 FAIRY CAKE BAKING CASES,UNMAPPED,xgboost,14,734.0000,904.3457,170.3457,35.6386,55.2729,0.6798
23300,GARDENERS KNEELING PAD CUP OF TEA,UNMAPPED,gru,14,640.0000,203.4684,-436.5316,35.3087,39.0911,0.7724
21497,FANCY FONTS BIRTHDAY WRAP,UNMAPPED,gru,14,500.0000,102.4077,-397.5923,35.2683,59.1509,0.9875
23308,SET OF 60 VINTAGE LEAF CAKE CASES,UNMAPPED,weekday_seasonal_mean,14,526.0000,107.5714,-418.4286,35.1621,97.0040,0.9359
22573,STAR WOODEN CHRISTMAS DECORATION,UNMAPPED,lightgbm,14,438.0000,460.2038,22.2038,34.8702,41.8189,1.1146
22386,JUMBO BAG PINK POLKADOT,UNMAPPED,lstm,14,560.0000,189.3241,-370.6759,33.8481,88.3799,0.8462
23326,HANGING MINI COLOURED BOTTLES,UNMAPPED,lstm,14,468.0000,20.5648,-447.4352,33.7036,103.2617,1.0082
22633,HAND WARMER UNION JACK,UNMAPPED,moving_average_7,14,619.0000,570.5714,-48.4286,33.1735,45.2354,0.7503
23493,VINTAGE DOILY TRAVEL SEWING KIT,UNMAPPED,xgboost,14,716.0000,1076.6633,360.6633,33.1497,43.1730,0.6482
22755,SMALL PURPLE BABUSHKA NOTEBOOK,UNMAPPED,gru,14,497.0000,51.7147,-445.2853,33.1236,63.2275,0.9331
22960,JAM MAKING SET WITH JARS,UNMAPPED,weekday_seasonal_mean,14,571.0000,160.7960,-410.2040,33.0423,61.4040,0.8101
22621,TRADITIONAL KNITTING NANCY,UNMAPPED,lightgbm,14,440.0000,764.3216,324.3216,32.5146,42.5849,1.0346
21498,RED RETROSPOT WRAP,UNMAPPED,xgboost,14,525.0000,535.9303,10.9303,32.4935,39.2595,0.8665
85099F,JUMBO BAG STRAWBERRY,UNMAPPED,gru,14,479.0000,120.1016,-358.8984,32.4551,65.8481,0.9486
23090,VINTAGE GLASS T-LIGHT HOLDER,UNMAPPED,weekday_seasonal_mean,14,470.0000,29.8434,-440.1566,32.2269,56.9765,0.9599
22029,SPACEBOY BIRTHDAY CARD,UNMAPPED,seasonal_naive_lag_7,14,429.0000,225.0000,-204.0000,31.8571,65.0308,1.0396
85099C,JUMBO BAG BAROQUE BLACK WHITE,UNMAPPED,weekday_seasonal_mean,14,588.0000,574.8168,-13.1832,31.8413,46.9678,0.7581
22666,RECIPE BOX PANTRY YELLOW DESIGN,UNMAPPED,weekday_seasonal_mean,14,623.0000,192.2292,-430.7708,31.6793,66.4473,0.7119
22561,WOODEN SCHOOL COLOURING SET,UNMAPPED,xgboost,14,343.0000,497.3957,154.3957,31.4986,37.8865,1.2857
84949,SILVER HANGING T-LIGHT HOLDER,UNMAPPED,weekday_seasonal_mean,14,499.0000,216.2092,-282.7908,31.4673,49.7638,0.8829
22597,MUSICAL ZINC HEART DECORATION,UNMAPPED,lightgbm,14,503.0000,705.6900,202.6900,31.3731,38.4089,0.8732
15036,ASSORTED COLOURS SILK FAN,UNMAPPED,seasonal_naive_lag_7,14,157.0000,380.0000,223.0000,31.2143,48.9716,2.7834
22993,SET OF 4 PANTRY JELLY MOULDS,UNMAPPED,seasonal_naive_lag_7,14,851.0000,852.0000,1.0000,31.2143,52.4738,0.5135
22816,CARD MOTORBIKE SANTA,UNMAPPED,xgboost,14,444.0000,833.1567,389.1567,30.9359,40.6114,0.9755
23302,KNEELING MAT HOUSEWORK DESIGN,UNMAPPED,weekday_seasonal_mean,14,442.0000,17.7386,-424.2614,30.7734,79.3261,0.9747
16169E,WRAP 50'S CHRISTMAS,UNMAPPED,lstm,14,526.0000,185.0753,-340.9247,30.3283,41.9365,0.8072
22064,PINK DOUGHNUT TRINKET POT,UNMAPPED,weekday_seasonal_mean,14,447.0000,118.5704,-328.4296,30.2215,56.8250,0.9465
23320,GIANT 50'S CHRISTMAS CRACKER,UNMAPPED,lstm,14,501.0000,156.4273,-344.5727,30.1965,40.2349,0.8438
22489,PACK OF 12 TRADITIONAL CRAYONS,UNMAPPED,weekday_seasonal_mean,14,556.0000,326.6542,-229.3458,30.0028,46.2067,0.7555
22382,LUNCH BAG SPACEBOY DESIGN,UNMAPPED,xgboost,14,235.0000,648.8513,413.8513,30.0024,35.7178,1.7874
23193,BUFFALO BILL TREASURE BOOK BOX,UNMAPPED,weekday_seasonal_mean,14,411.0000,28.7106,-382.2894,29.8762,104.2977,1.0177
16045,POPART WOODEN PENCILS ASST,UNMAPPED,lstm,14,400.0000,28.0451,-371.9549,29.8623,64.7590,1.0452
22112,CHOCOLATE HOT WATER BOTTLE,UNMAPPED,seasonal_naive_lag_7,14,811.0000,673.0000,-138.0000,29.8571,46.7470,0.5154
22075,6 RIBBONS ELEGANT CHRISTMAS,UNMAPPED,lightgbm,14,576.0000,264.9783,-311.0217,29.8399,68.7029,0.7253
84970S,HANGING HEART ZINC T-LIGHT HOLDER,UNMAPPED,lightgbm,14,427.0000,368.6824,-58.3176,29.5903,47.6529,0.9702
22189,CREAM HEART CARD HOLDER,UNMAPPED,lstm,14,423.0000,47.1015,-375.8985,29.3721,90.5828,0.9721
22741,FUNKY DIVA PEN,UNMAPPED,seasonal_naive_lag_7,14,425.0000,318.0000,-107.0000,29.3571,45.9930,0.9671
23374,RED SPOT PAPER GIFT BAG,UNMAPPED,lightgbm,14,382.0000,286.6682,-95.3318,29.3560,52.0706,1.0759
22465,HANGING METAL STAR LANTERN,UNMAPPED,lightgbm,14,467.0000,245.9578,-221.0422,29.2001,57.4476,0.8754
16237,SLEEPING CAT ERASERS,UNMAPPED,weekday_seasonal_mean,14,439.0000,188.9844,-250.0156,28.9412,49.5866,0.9230
22609,PENS ASSORTED SPACEBALL,UNMAPPED,xgboost,14,297.0000,580.8970,283.8970,28.8468,34.3673,1.3598
22111,SCOTTIE DOG HOT WATER BOTTLE,UNMAPPED,weekday_seasonal_mean,14,567.0000,172.3644,-394.6356,28.5249,43.7873,0.7043
82484,WOOD BLACK BOARD ANT WHITE FINISH,UNMAPPED,gru,14,434.0000,85.3511,-348.6489,28.4776,62.0933,0.9186
22423,REGENCY CAKESTAND 3 TIER,UNMAPPED,weekday_seasonal_mean,14,640.0000,498.3572,-141.6428,28.4216,44.9960,0.6217
22629,SPACEBOY LUNCH BOX,UNMAPPED,weekday_seasonal_mean,14,531.0000,385.5618,-145.4382,28.4092,47.9534,0.7490
22419,LIPSTICK PEN RED,UNMAPPED,weekday_seasonal_mean,14,451.0000,122.1446,-328.8554,28.2679,44.8098,0.8775
22594,CHRISTMAS GINGHAM TREE,UNMAPPED,lightgbm,14,282.0000,423.2635,141.2635,28.0400,41.5578,1.3921
21975,PACK OF 60 DINOSAUR CAKE CASES,UNMAPPED,seasonal_naive_lag_7,14,180.0000,388.0000,208.0000,28.0000,47.6025,2.1778
22539,MINI JIGSAW DOLLY GIRL,UNMAPPED,lstm,14,402.0000,23.3590,-378.6410,27.9276,49.6788,0.9726
23351,ROLL WRAP 50'S CHRISTMAS,UNMAPPED,xgboost,14,467.0000,677.7106,210.7106,27.5799,38.5761,0.8268
23076,ICE CREAM SUNDAE LIP GLOSS,UNMAPPED,lstm,14,421.0000,83.4585,-337.5415,27.5156,35.5209,0.9150
22344,PARTY PIZZA DISH PINK POLKADOT,UNMAPPED,naive_lag_1,14,225.0000,237.0000,12.0000,27.4286,62.4054,1.7067
22346,PARTY PIZZA DISH GREEN POLKADOT,UNMAPPED,naive_lag_1,14,231.0000,243.0000,12.0000,27.4286,61.3247,1.6623
23378,PACK OF 12 50'S CHRISTMAS TISSUES,UNMAPPED,seasonal_naive_lag_7,14,262.0000,396.0000,134.0000,27.4286,47.3407,1.4656
22151,PLACE SETTING WHITE HEART,UNMAPPED,lightgbm,14,427.0000,399.9583,-27.0417,27.3969,37.1629,0.8983
22558,CLOTHES PEGS RETROSPOT PACK 24,UNMAPPED,gru,14,440.0000,122.6436,-317.3564,27.2380,50.5343,0.8667
21908,CHOCOLATE THIS WAY METAL SIGN,UNMAPPED,seasonal_naive_lag_7,14,295.0000,262.0000,-33.0000,26.9286,48.0483,1.2780
84988,SET OF 72 PINK HEART PAPER DOILIES,UNMAPPED,seasonal_naive_lag_7,14,57.0000,394.0000,337.0000,26.9286,84.0973,6.6140
22343,PARTY PIZZA DISH RED RETROSPOT,UNMAPPED,lstm,14,373.0000,10.9548,-362.0452,26.6790,63.8944,1.0014
22563,HAPPY STENCIL CRAFT,UNMAPPED,gru,14,397.0000,81.2538,-315.7462,26.5058,52.0471,0.9347
22153,ANGEL DECORATION STARS ON DRESS,UNMAPPED,lightgbm,14,322.0000,430.6422,108.6422,26.2932,35.0581,1.1432
22076,6 RIBBONS EMPIRE,UNMAPPED,weekday_seasonal_mean,14,404.0000,37.3894,-366.6106,26.2792,43.3450,0.9107
21892,TRADITIONAL WOODEN CATCH CUP GAME,UNMAPPED,xgboost,14,250.0000,393.6848,143.6848,26.1846,37.1553,1.4663
21889,WOODEN BOX OF DOMINOES,UNMAPPED,seasonal_naive_lag_7,14,432.0000,508.0000,76.0000,26.1429,38.4001,0.8472
23503,PLAYING CARDS KEEP CALM & CARRY ON,UNMAPPED,xgboost,14,374.0000,735.4041,361.4041,25.8146,30.6062,0.9663
22217,T-LIGHT HOLDER HANGING LACE,UNMAPPED,lstm,14,372.0000,16.9179,-355.0821,25.8099,44.3147,0.9713
21231,SWEETHEART CERAMIC TRINKET BOX,UNMAPPED,lightgbm,14,315.0000,398.5958,83.5958,25.7290,35.0548,1.1435
84992,72 SWEETHEART FAIRY CAKE CASES,UNMAPPED,gru,14,391.0000,136.5004,-254.4996,25.6553,39.0456,0.9186
20971,PINK BLUE FELT CRAFT TRINKET BOX,UNMAPPED,weekday_seasonal_mean,14,465.0000,413.1840,-51.8160,25.5882,38.7337,0.7704
46000S,POLYESTER FILLER PAD 40x40cm,UNMAPPED,lstm,14,355.0000,32.9947,-322.0053,25.5218,80.9120,1.0065
85178,VICTORIAN SEWING KIT,UNMAPPED,seasonal_naive_lag_7,14,47.0000,330.0000,283.0000,25.5000,80.7912,7.5957
23263,SET OF 3 WOODEN HEART DECORATIONS,UNMAPPED,lightgbm,14,320.0000,654.4345,334.4345,25.3973,31.1460,1.1111
22188,BLACK HEART CARD HOLDER,UNMAPPED,lstm,14,353.0000,9.2889,-343.7111,25.3884,89.9037,1.0069
23296,SET OF 6 TEA TIME BAKING CASES,UNMAPPED,seasonal_naive_lag_7,14,127.0000,419.0000,292.0000,25.2857,46.1303,2.7874
21931,JUMBO STORAGE BAG SUKI,UNMAPPED,gru,14,446.0000,185.7886,-260.2114,25.1634,42.1739,0.7899
22791,T-LIGHT GLASS FLUTED ANTIQUE,UNMAPPED,lightgbm,14,624.0000,621.1644,-2.8356,25.1452,36.1035,0.5642
22792,FLUTED ANTIQUE CANDLE HOLDER,UNMAPPED,lightgbm,14,403.0000,511.0217,108.0217,25.0766,34.6229,0.8711
23367,SET 12 COLOUR PENCILS SPACEBOY,UNMAPPED,lightgbm,14,513.0000,817.7896,304.7896,24.9198,36.0123,0.6801
22385,JUMBO BAG SPACEBOY DESIGN,UNMAPPED,weekday_seasonal_mean,14,415.0000,322.3500,-92.6500,24.8776,54.4687,0.8392
22998,TRAVEL CARD WALLET KEEP CALM,UNMAPPED,weekday_seasonal_mean,14,439.0000,217.1422,-221.8578,24.8450,32.0210,0.7923
23208,LUNCH BAG VINTAGE LEAF DESIGN,UNMAPPED,weekday_seasonal_mean,14,421.0000,109.9866,-311.0134,24.3707,52.1752,0.8104
23321,SMALL WHITE HEART OF WICKER,UNMAPPED,lightgbm,14,346.0000,640.0378,294.0378,24.3045,29.0017,0.9834
21506,"FANCY FONT BIRTHDAY CARD,",UNMAPPED,weekday_seasonal_mean,14,420.0000,201.6562,-218.3438,24.3013,61.8153,0.8100
22610,PENS ASSORTED FUNNY FACE,UNMAPPED,weekday_seasonal_mean,14,324.0000,225.0726,-98.9274,24.2989,29.4754,1.0500
22138,BAKING SET 9 PIECE RETROSPOT,UNMAPPED,lightgbm,14,392.0000,671.1453,279.1453,24.2023,29.3071,0.8644
21108,FAIRY CAKE FLANNEL ASSORTED COLOUR,UNMAPPED,weekday_seasonal_mean,14,380.0000,225.6448,-154.3552,24.1837,29.6641,0.8910
21928,JUMBO BAG SCANDINAVIAN BLUE PAISLEY,UNMAPPED,gru,14,391.0000,135.2035,-255.7965,24.1696,41.2990,0.8654
23080,RED METAL BOX TOP SECRET,UNMAPPED,weekday_seasonal_mean,14,350.0000,13.2880,-336.7120,24.0509,49.5806,0.9620
22144,CHRISTMAS CRAFT LITTLE FRIENDS,UNMAPPED,moving_average_7,14,441.0000,533.8572,92.8572,23.9592,28.0055,0.7606
85199S,SMALL HANGING IVORY/RED WOOD BIRD,UNMAPPED,weekday_seasonal_mean,14,388.0000,104.2612,-283.7388,23.9587,38.5320,0.8645
22185,SLATE TILE NATURAL HANGING,UNMAPPED,lstm,14,336.0000,32.9524,-303.0476,23.8917,52.2878,0.9955
22757,LARGE RED BABUSHKA NOTEBOOK,UNMAPPED,xgboost,14,392.0000,145.5691,-246.4309,23.7179,47.0505,0.8471
72741,GRAND CHOCOLATECANDLE,UNMAPPED,weekday_seasonal_mean,14,285.0000,370.7286,85.7286,23.6403,38.2444,1.1613
20972,PINK CREAM FELT CRAFT TRINKET BOX,UNMAPPED,lightgbm,14,297.0000,621.2628,324.2628,23.6082,32.8468,1.1128
20718,RED RETROSPOT SHOPPER BAG,UNMAPPED,gru,14,389.0000,115.6423,-273.3577,23.5616,39.8229,0.8480
22734,SET OF 6 RIBBONS VINTAGE CHRISTMAS,UNMAPPED,lightgbm,14,247.0000,575.9655,328.9655,23.4975,29.7104,1.3318
22992,REVOLVER WOODEN RULER,UNMAPPED,lightgbm,14,267.0000,425.0006,158.0006,23.4564,32.3345,1.2299
21818,GLITTER HEART DECORATION,UNMAPPED,xgboost,14,162.0000,470.0525,308.0525,23.4054,28.2626,2.0227
23368,SET 12 COLOUR PENCILS DOLLY GIRL,UNMAPPED,xgboost,14,271.0000,470.8505,199.8505,23.3648,28.7585,1.2070
22708,WRAP DOLLY GIRL,UNMAPPED,seasonal_naive_lag_7,14,100.0000,325.0000,225.0000,23.2143,46.7707,3.2500
20728,LUNCH BAG CARS BLUE,UNMAPPED,xgboost,14,239.0000,543.9680,304.9680,23.1752,26.7060,1.3575
20727,LUNCH BAG BLACK SKULL.,UNMAPPED,lightgbm,14,473.0000,773.9366,300.9366,23.1684,31.3536,0.6857
21080,SET/20 RED RETROSPOT PAPER NAPKINS,UNMAPPED,lightgbm,14,286.0000,541.4727,255.4727,23.1241,30.8253,1.1320
21479,WHITE SKULL HOT WATER BOTTLE,UNMAPPED,weekday_seasonal_mean,14,439.0000,116.6390,-322.3610,23.0258,34.2356,0.7343
22134,MINI LADLE LOVE HEART RED,UNMAPPED,lstm,14,322.0000,14.9663,-307.0337,22.9445,77.1261,0.9976
23157,SET OF 6 NATIVITY MAGNETS,UNMAPPED,lightgbm,14,142.0000,309.9952,167.9952,22.9291,30.2702,2.2606
84029E,RED WOOLLY HOTTIE WHITE HEART.,UNMAPPED,weekday_seasonal_mean,14,483.0000,184.0684,-298.9316,22.9223,49.0679,0.6644
21167,WHITE SAGE INCENSE,UNMAPPED,lstm,14,313.0000,9.9018,-303.0982,22.8240,52.0104,1.0209
22966,GINGERBREAD MAN COOKIE CUTTER,UNMAPPED,xgboost,14,419.0000,586.1675,167.1675,22.6579,30.6049,0.7571
82582,AREA PATROLLED METAL SIGN,UNMAPPED,lstm,14,335.0000,54.1530,-280.8470,22.6039,38.1546,0.9446
23078,ICE CREAM PEN LIP GLOSS,UNMAPPED,lightgbm,14,134.0000,426.4338,292.4338,22.5892,26.2524,2.3601
22467,GUMBALL COAT RACK,UNMAPPED,seasonal_naive_lag_7,14,434.0000,470.0000,36.0000,22.5714,34.8855,0.7281
23376,PACK OF 12 VINTAGE CHRISTMAS TISSUE,UNMAPPED,lightgbm,14,263.0000,541.9992,278.9992,22.5243,27.5554,1.1990
20975,12 PENCILS SMALL TUBE RED RETROSPOT,UNMAPPED,xgboost,14,363.0000,577.5752,214.5752,22.5103,28.7832,0.8682
22328,ROUND SNACK BOXES SET OF 4 FRUITS,UNMAPPED,seasonal_naive_lag_7,14,184.0000,369.0000,185.0000,22.5000,52.4806,1.7120
82583,HOT BATHS METAL SIGN,UNMAPPED,weekday_seasonal_mean,14,405.0000,239.8356,-165.1644,22.4666,37.4889,0.7766
84032B,CHARLIE + LOLA RED HOT WATER BOTTLE,UNMAPPED,lightgbm,14,351.0000,156.7280,-194.2720,22.1962,53.0391,0.8853
21500,PINK POLKADOT WRAP,UNMAPPED,lstm,14,300.0000,52.2208,-247.7792,22.1717,38.4618,1.0347
72232,FENG SHUI PILLAR CANDLE,UNMAPPED,lstm,14,300.0000,14.8203,-285.1797,22.1221,54.2070,1.0324
23168,CLASSIC CAFE SUGAR DISPENSER,UNMAPPED,xgboost,14,253.0000,325.4563,72.4563,22.0090,25.6915,1.2179
23295,SET OF 12 MINI LOAF BAKING CASES,UNMAPPED,xgboost,14,267.0000,520.0495,253.0495,21.9261,27.4479,1.1497
23232,WRAP VINTAGE LEAF DESIGN,UNMAPPED,weekday_seasonal_mean,14,325.0000,153.4122,-171.5878,21.9188,35.6842,0.9442
22411,JUMBO SHOPPER VINTAGE RED PAISLEY,UNMAPPED,weekday_seasonal_mean,14,665.0000,510.4464,-154.5536,21.4338,38.3684,0.4512
23355,HOT WATER BOTTLE KEEP CALM,UNMAPPED,seasonal_naive_lag_7,14,935.0000,945.0000,10.0000,21.4286,27.8516,0.3209
82551,LAUNDRY 15C METAL SIGN,UNMAPPED,seasonal_naive_lag_7,14,64.0000,287.0000,223.0000,21.3571,52.1899,4.6719
22922,FRIDGE MAGNETS US DINER ASSORTED,UNMAPPED,seasonal_naive_lag_7,14,162.0000,144.0000,-18.0000,21.0000,44.8139,1.8148
22969,HOMEMADE JAM SCENTED CANDLES,UNMAPPED,lightgbm,14,308.0000,358.3381,50.3381,20.9119,29.5203,0.9505
22326,ROUND SNACK BOXES SET OF4 WOODLAND,UNMAPPED,lightgbm,14,380.0000,471.5168,91.5168,20.9043,26.5053,0.7702
23192,BUNDLE OF 3 ALPHABET EXERCISE BOOKS,UNMAPPED,lightgbm,14,251.0000,288.7869,37.7869,20.8888,37.3531,1.1651
21411,GINGHAM HEART DOORSTOP RED,UNMAPPED,weekday_seasonal_mean,14,306.0000,34.2738,-271.7262,20.8614,38.2961,0.9544
84755,COLOUR GLASS T-LIGHT HOLDER HANGING,UNMAPPED,xgboost,14,184.0000,385.5736,201.5736,20.8047,24.0200,1.5830
21213,PACK OF 72 SKULL CAKE CASES,UNMAPPED,gru,14,320.0000,125.9544,-194.0456,20.7400,34.7543,0.9074
85048,15CM CHRISTMAS GLASS BALL 20 LIGHTS,UNMAPPED,xgboost,14,214.0000,327.9761,113.9761,20.6793,25.9512,1.3529
22712,CARD DOLLY GIRL,UNMAPPED,weekday_seasonal_mean,14,310.0000,131.7156,-178.2844,20.5983,54.6676,0.9302
23311,VINTAGE CHRISTMAS STOCKING,UNMAPPED,moving_average_7,14,291.0000,293.1429,2.1429,20.5612,24.2799,0.9892
23349,ROLL WRAP VINTAGE CHRISTMAS,UNMAPPED,gru,14,396.0000,187.2393,-208.7607,20.5180,30.8338,0.7254
46000M,POLYESTER FILLER PAD 45x45cm,UNMAPPED,lstm,14,287.0000,22.9517,-264.0483,20.5121,63.9108,1.0006
22775,PURPLE DRAWERKNOB ACRYLIC EDWARDIAN,UNMAPPED,seasonal_naive_lag_7,14,166.0000,165.0000,-1.0000,20.5000,32.7621,1.7289
22742,MAKE YOUR OWN PLAYTIME CARD KIT,UNMAPPED,moving_average_7,14,273.0000,164.1429,-108.8571,20.4490,45.0352,1.0487
23318,BOX OF 6 MINI VINTAGE CRACKERS,UNMAPPED,gru,14,395.0000,194.1047,-200.8953,20.4452,27.2364,0.7246
22037,ROBOT BIRTHDAY CARD,UNMAPPED,lightgbm,14,331.0000,199.6532,-131.3468,20.2472,42.1330,0.8564
23166,MEDIUM CERAMIC TOP STORAGE JAR,UNMAPPED,gru,14,304.0000,91.9260,-212.0740,20.0602,35.6703,0.9238
22645,CERAMIC HEART FAIRY CAKE MONEY BANK,UNMAPPED,weekday_seasonal_mean,14,335.0000,100.6448,-234.3552,20.0518,29.7625,0.8380
21731,RED TOADSTOOL LED NIGHT LIGHT,UNMAPPED,weekday_seasonal_mean,14,686.0000,535.0316,-150.9684,20.0458,33.8184,0.4091
22697,GREEN REGENCY TEACUP AND SAUCER,UNMAPPED,weekday_seasonal_mean,14,422.0000,179.4972,-242.5028,20.0443,41.3545,0.6650
20961,STRAWBERRY BATH SPONGE,UNMAPPED,seasonal_naive_lag_7,14,183.0000,185.0000,2.0000,20.0000,28.3927,1.5301
16218,CARTOON PENCIL SHARPENERS,UNMAPPED,moving_average_7,14,200.0000,180.0000,-20.0000,19.8980,30.4090,1.3929
23083,SET 6 PAPER TABLE LANTERN STARS,UNMAPPED,gru,14,325.0000,143.2324,-181.7676,19.8633,29.9829,0.8556
21109,LARGE CAKE TOWEL CHOCOLATE SPOTS,UNMAPPED,seasonal_naive_lag_7,14,271.0000,62.0000,-209.0000,19.7857,38.6477,1.0221
21107,CREAM SLICE FLANNEL PINK SPOT,UNMAPPED,lstm,14,265.0000,18.2418,-246.7582,19.7829,64.1314,1.0451
22055,MINI CAKE STAND HANGING STRAWBERY,UNMAPPED,gru,14,278.0000,16.9727,-261.0273,19.7588,32.5898,0.9950
23354,6 GIFT TAGS 50'S CHRISTMAS,UNMAPPED,gru,14,361.0000,192.2329,-168.7671,19.7407,28.0124,0.7656
22599,CHRISTMAS MUSICAL ZINC STAR,UNMAPPED,weekday_seasonal_mean,14,312.0000,47.9490,-264.0510,19.6409,31.6808,0.8813
23319,BOX OF 6 MINI 50'S CRACKERS,UNMAPPED,gru,14,352.0000,190.8576,-161.1424,19.6291,29.9941,0.7807
22728,ALARM CLOCK BAKELIKE PINK,UNMAPPED,weekday_seasonal_mean,14,378.0000,110.9248,-267.0752,19.6044,30.7309,0.7261
22141,CHRISTMAS CRAFT TREE TOP ANGEL,UNMAPPED,lightgbm,14,250.0000,520.7011,270.7011,19.5356,24.8885,1.0940
17091J,VANILLA INCENSE IN TIN,UNMAPPED,lstm,14,276.0000,21.4748,-254.5252,19.4937,38.4884,0.9888
23165,LARGE CERAMIC TOP STORAGE JAR,UNMAPPED,lightgbm,14,302.0000,227.9208,-74.0792,19.4731,29.8300,0.9027
23353,6 GIFT TAGS VINTAGE CHRISTMAS,UNMAPPED,gru,14,372.0000,183.4546,-188.5454,19.4145,29.8647,0.7307
21912,VINTAGE SNAKES & LADDERS,UNMAPPED,weekday_seasonal_mean,14,313.0000,65.6042,-247.3958,19.3190,42.6179,0.8641
23211,RED ROCKING HORSE HAND PAINTED,UNMAPPED,xgboost,14,214.0000,313.6159,99.6159,19.2990,22.1876,1.2626
23205,CHARLOTTE BAG VINTAGE ALPHABET,UNMAPPED,xgboost,14,246.0000,454.7230,208.7230,19.2128,23.9888,1.0934
51014A,"FEATHER PEN,HOT PINK",UNMAPPED,lightgbm,14,230.0000,467.7954,237.7954,19.1428,24.9367,1.1652
85049A,TRADITIONAL CHRISTMAS RIBBONS,UNMAPPED,weekday_seasonal_mean,14,351.0000,116.8186,-234.1814,19.0495,31.8333,0.7598
23545,WRAP RED VINTAGE DOILY,UNMAPPED,lightgbm,14,225.0000,236.0299,11.0299,19.0201,23.2319,1.1835
22699,ROSES REGENCY TEACUP AND SAUCER,UNMAPPED,weekday_seasonal_mean,14,424.0000,241.8302,-182.1698,19.0161,39.2800,0.6279
21588,RETROSPOT GIANT TUBE MATCHES,UNMAPPED,gru,14,255.0000,47.4137,-207.5863,18.9850,50.0697,1.0423
22835,HOT WATER BOTTLE I AM SO POORLY,UNMAPPED,xgboost,14,427.0000,591.9952,164.9952,18.9160,22.2029,0.6202
23212,HEART WREATH DECORATION WITH BELL,UNMAPPED,lightgbm,14,284.0000,305.5865,21.5865,18.8758,26.7017,0.9305
22139,RETROSPOT TEA SET CERAMIC 11 PC,UNMAPPED,xgboost,14,333.0000,546.1911,213.1911,18.8704,23.0431,0.7934
22744,MAKE YOUR OWN MONSOON CARD KIT,UNMAPPED,gru,14,266.0000,24.4464,-241.5536,18.7979,41.5868,0.9894
22540,MINI JIGSAW CIRCUS PARADE,UNMAPPED,lstm,14,258.0000,16.5902,-241.4098,18.7580,54.1520,1.0179
21620,SET OF 4 ROSE BOTANICAL CANDLES,UNMAPPED,weekday_seasonal_mean,14,276.0000,13.6090,-262.3910,18.7422,24.0264,0.9507
23371,SET 36 COLOUR PENCILS SPACEBOY,UNMAPPED,xgboost,14,157.0000,409.7423,252.7423,18.7139,22.8333,1.6688
84970L,SINGLE HEART ZINC T-LIGHT HOLDER,UNMAPPED,lstm,14,291.0000,59.5760,-231.4240,18.6789,28.4771,0.8986
21791,VINTAGE HEADS AND TAILS CARD GAME,UNMAPPED,weekday_seasonal_mean,14,457.0000,320.3544,-136.6456,18.6520,30.7648,0.5714
23198,PANTRY MAGNETIC SHOPPING LIST,UNMAPPED,gru,14,342.0000,146.0059,-195.9941,18.5993,25.1576,0.7614
22530,MAGIC DRAWING SLATE DOLLY GIRL,UNMAPPED,weekday_seasonal_mean,14,189.0000,185.7780,-3.2220,18.4307,27.4435,1.3652
84029G,KNITTED UNION FLAG HOT WATER BOTTLE,UNMAPPED,weekday_seasonal_mean,14,354.0000,128.3452,-225.6548,18.4069,26.2878,0.7280
23365,SET 12 COLOUR PENCILS LOVE LONDON,UNMAPPED,lightgbm,14,160.0000,397.9973,237.9973,18.3309,20.7436,1.6040
84978,HANGING HEART JAR T-LIGHT HOLDER,UNMAPPED,weekday_seasonal_mean,14,451.0000,407.1892,-43.8108,18.3269,27.7297,0.5689
23213,STAR WREATH DECORATION WITH BELL,UNMAPPED,lightgbm,14,181.0000,260.3897,79.3897,18.3265,22.5895,1.4175
22556,PLASTERS IN TIN CIRCUS PARADE,UNMAPPED,weekday_seasonal_mean,14,325.0000,252.3604,-72.6396,18.3093,21.4706,0.7887
23366,SET 12 COLOURING PENCILS DOILY,UNMAPPED,gru,14,319.0000,166.5103,-152.4897,18.2911,29.0638,0.8027
22393,PAPERWEIGHT VINTAGE COLLAGE,UNMAPPED,lstm,14,256.0000,9.6654,-246.3346,18.2396,43.5589,0.9975
22340,NOEL GARLAND PAINTED ZINC,UNMAPPED,xgboost,14,235.0000,438.1786,203.1786,18.1783,21.9635,1.0830
23333,IVORY WICKER HEART MEDIUM,UNMAPPED,lightgbm,14,223.0000,380.2828,157.2828,18.1542,22.2626,1.1397
51014C,"FEATHER PEN,COAL BLACK",UNMAPPED,xgboost,14,89.0000,342.4903,253.4903,18.1064,21.5047,2.8482
22753,SMALL YELLOW BABUSHKA NOTEBOOK,UNMAPPED,gru,14,300.0000,64.8798,-235.1202,18.0666,24.9029,0.8431
84692,BOX OF 24 COCKTAIL PARASOLS,UNMAPPED,weekday_seasonal_mean,14,266.0000,364.9782,98.9782,18.0323,25.5202,0.9491
22077,6 RIBBONS RUSTIC CHARM,UNMAPPED,weekday_seasonal_mean,14,349.0000,323.2668,-25.7332,17.9625,28.6589,0.7206
22383,LUNCH BAG SUKI DESIGN,UNMAPPED,weekday_seasonal_mean,14,285.0000,478.6904,193.6904,17.9496,22.5300,0.8817
85194S,HANGING SPRING FLOWER EGG SMALL,UNMAPPED,seasonal_naive_lag_7,14,109.0000,152.0000,43.0000,17.9286,29.1413,2.3028
22743,MAKE YOUR OWN FLOWERPOWER CARD KIT,UNMAPPED,weekday_seasonal_mean,14,256.0000,23.9644,-232.0356,17.9245,41.7527,0.9802
22585,PACK OF 6 BIRDY GIFT TAGS,UNMAPPED,weekday_seasonal_mean,14,195.0000,331.2432,136.2432,17.8451,21.5764,1.2812
21930,JUMBO STORAGE BAG SKULLS,UNMAPPED,weekday_seasonal_mean,14,384.0000,252.1692,-131.8308,17.8188,31.3642,0.6496
23103,JINGLE BELL HEART DECORATION,UNMAPPED,lightgbm,14,324.0000,566.5575,242.5575,17.8012,24.5556,0.7692
84596F,SMALL MARSHMALLOWS PINK BOWL,UNMAPPED,xgboost,14,273.0000,292.2696,19.2696,17.8008,24.6167,0.9129
23100,SILVER BELLS TABLE DECORATION,UNMAPPED,xgboost,14,203.0000,366.4118,163.4118,17.7983,21.1619,1.2275
47566,PARTY BUNTING,UNMAPPED,lightgbm,14,177.0000,412.1115,235.1115,17.7309,22.5750,1.4024
22097,SWALLOW SQUARE TISSUE BOX,UNMAPPED,weekday_seasonal_mean,14,231.0000,34.5280,-196.4720,17.7197,57.5821,1.0739
20996,JAZZ HEARTS ADDRESS BOOK,UNMAPPED,seasonal_naive_lag_7,14,257.0000,277.0000,20.0000,17.7143,25.9367,0.9650
23221,REINDEER HEART DECORATION SILVER,UNMAPPED,lightgbm,14,171.0000,281.4020,110.4020,17.6108,21.2647,1.4418
23109,PACK OF SIX LED TEA LIGHTS,UNMAPPED,lightgbm,14,311.0000,352.4551,41.4551,17.5999,27.8275,0.7923
22593,CHRISTMAS GINGHAM STAR,UNMAPPED,xgboost,14,246.0000,404.7484,158.7484,17.5610,22.8431,0.9994
23204,CHARLOTTE BAG APPLES DESIGN,UNMAPPED,xgboost,14,488.0000,574.8222,86.8222,17.5241,25.0975,0.5027
22944,CHRISTMAS METAL POSTCARD WITH BELLS,UNMAPPED,gru,14,252.0000,151.4923,-100.5077,17.5194,22.5974,0.9733
22571,ROCKING HORSE RED CHRISTMAS,UNMAPPED,weekday_seasonal_mean,14,318.0000,99.6222,-218.3778,17.4430,36.6552,0.7679
21015,DARK BIRD HOUSE TREE DECORATION,UNMAPPED,xgboost,14,160.0000,353.5789,193.5789,17.4314,19.8233,1.5252
21929,JUMBO BAG PINK VINTAGE PAISLEY,UNMAPPED,lstm,14,288.0000,94.5726,-193.4274,17.3751,31.9266,0.8446
22142,CHRISTMAS CRAFT WHITE FAIRY,UNMAPPED,lightgbm,14,209.0000,435.8337,226.8337,17.3600,21.4540,1.1629
22726,ALARM CLOCK BAKELIKE GREEN,UNMAPPED,lightgbm,14,559.0000,610.5592,51.5592,17.3329,22.5662,0.4341
23215,JINGLE BELL HEART ANTIQUE SILVER,UNMAPPED,gru,14,297.0000,174.1493,-122.8507,17.3267,21.5075,0.8167
82580,BATHROOM METAL SIGN,UNMAPPED,gru,14,248.0000,94.3151,-153.6849,17.3208,29.4299,0.9778
21210,SET OF 72 RETROSPOT PAPER DOILIES,UNMAPPED,weekday_seasonal_mean,14,238.0000,283.3442,45.3442,17.2753,28.7387,1.0162
23188,VINTAGE 2 METRE FOLDING RULER,UNMAPPED,seasonal_naive_lag_7,14,387.0000,412.0000,25.0000,17.2143,22.7800,0.6227
22109,FULL ENGLISH BREAKFAST PLATE,UNMAPPED,naive_lag_1,14,210.0000,230.0000,20.0000,17.1429,22.3926,1.1429
22488,NATURAL SLATE RECTANGLE CHALKBOARD,UNMAPPED,seasonal_naive_lag_7,14,100.0000,168.0000,68.0000,17.1429,26.7235,2.4000
22345,PARTY PIZZA DISH BLUE POLKADOT,UNMAPPED,lstm,14,240.0000,7.7436,-232.2564,17.1225,48.0709,0.9988
22619,SET OF 6 SOLDIER SKITTLES,UNMAPPED,xgboost,14,251.0000,269.2281,18.2281,17.0775,27.7598,0.9525
23332,IVORY WICKER HEART LARGE,UNMAPPED,lightgbm,14,229.0000,295.3803,66.3803,17.0285,22.7641,1.0410
23356,LOVE HOT WATER BOTTLE,UNMAPPED,xgboost,14,223.0000,418.5243,195.5243,16.9594,18.6365,1.0647
22096,PINK PAISLEY SQUARE TISSUE BOX,UNMAPPED,lstm,14,231.0000,18.5577,-212.4423,16.9310,57.5115,1.0261
20979,36 PENCILS TUBE RED RETROSPOT,UNMAPPED,lightgbm,14,99.0000,299.0816,200.0816,16.8538,20.8939,2.3834
23231,WRAP VINTAGE DOILY,UNMAPPED,lightgbm,14,275.0000,298.8746,23.8746,16.8060,22.0775,0.8556
75049L,LARGE CIRCULAR MIRROR MOBILE,UNMAPPED,lstm,14,222.0000,37.2949,-184.7051,16.7854,51.1784,1.0585
23245,SET OF 3 REGENCY CAKE TINS,UNMAPPED,lightgbm,14,363.0000,460.5297,97.5297,16.7667,20.7315,0.6466
23505,PLAYING CARDS I LOVE LONDON,UNMAPPED,weekday_seasonal_mean,14,243.0000,13.8332,-229.1668,16.7164,31.9069,0.9631
21111,"SWISS ROLL TOWEL, CHOCOLATE SPOTS",UNMAPPED,seasonal_naive_lag_7,14,200.0000,38.0000,-162.0000,16.7143,27.2790,1.1700
21285,RETROSPOT CANDLE MEDIUM,UNMAPPED,lstm,14,233.0000,11.4276,-221.5724,16.7051,31.2130,1.0037
21165,BEWARE OF THE CAT METAL SIGN,UNMAPPED,gru,14,229.0000,74.2706,-154.7294,16.6937,29.7644,1.0206
22979,PANTRY WASHING UP BRUSH,UNMAPPED,lightgbm,14,164.0000,180.7154,16.7154,16.6835,26.9636,1.4242
82494L,WOODEN FRAME ANTIQUE WHITE,UNMAPPED,weekday_seasonal_mean,14,411.0000,292.3936,-118.6064,16.6707,22.6522,0.5679
23207,LUNCH BAG ALPHABET DESIGN,UNMAPPED,lightgbm,14,204.0000,433.2168,229.2168,16.6070,19.5542,1.1397
22759,check,UNMAPPED,gru,14,165.0000,108.1170,-56.8830,16.6004,36.8432,1.4085
20725,LUNCH BAG RED RETROSPOT,UNMAPPED,weekday_seasonal_mean,14,613.0000,762.1162,149.1162,16.5797,20.1802,0.3787
23434,3 RAFFIA RIBBONS 50'S CHRISTMAS,UNMAPPED,xgboost,14,219.0000,449.7417,230.7417,16.4816,20.6759,1.0536
23334,IVORY WICKER HEART SMALL,UNMAPPED,gru,14,243.0000,89.5448,-153.4552,16.4240,24.5034,0.9462
22581,WOOD STOCKING CHRISTMAS SCANDISPOT,UNMAPPED,lightgbm,14,540.0000,372.9191,-167.0809,16.3980,27.7594,0.4251
22752,SET 7 BABUSHKA NESTING BOXES,UNMAPPED,lightgbm,14,248.0000,168.9106,-79.0894,16.3921,26.4047,0.9254
20726,LUNCH BAG WOODLAND,UNMAPPED,xgboost,14,260.0000,392.6199,132.6199,16.3505,20.5973,0.8804
23217,LAUREL HEART ANTIQUE SILVER,UNMAPPED,weekday_seasonal_mean,14,234.0000,19.1646,-214.8354,16.2979,41.0308,0.9751
23404,HOME SWEET HOME BLACKBOARD,UNMAPPED,moving_average_7,14,247.0000,97.5714,-149.4286,16.2245,37.7676,0.9196
22537,MAGIC DRAWING SLATE DINOSAUR,UNMAPPED,seasonal_naive_lag_7,14,97.0000,192.0000,95.0000,16.2143,23.0667,2.3402
21156,RETROSPOT CHILDRENS APRON,UNMAPPED,lightgbm,14,182.0000,305.6577,123.6577,16.2090,20.2762,1.2468
21169,YOU'RE CONFUSING ME METAL SIGN,UNMAPPED,weekday_seasonal_mean,14,344.0000,163.3306,-180.6694,16.1681,29.5568,0.6580
22294,HEART FILIGREE DOVE SMALL,UNMAPPED,xgboost,14,134.0000,254.4666,120.4666,16.1603,19.1022,1.6884
22947,UNKNOWN,UNMAPPED,xgboost,14,32.0000,234.4600,202.4600,16.1112,18.0299,7.0486
21314,SMALL GLASS HEART TRINKET POT,UNMAPPED,weekday_seasonal_mean,14,308.0000,236.7984,-71.2016,16.1018,21.7028,0.7319
22551,PLASTERS IN TIN SPACEBOY,UNMAPPED,weekday_seasonal_mean,14,387.0000,285.1730,-101.8270,16.0467,29.3379,0.5805
23234,BISCUIT TIN VINTAGE CHRISTMAS,UNMAPPED,naive_lag_1,14,174.0000,182.0000,8.0000,16.0000,19.1982,1.2874
71459,HANGING JAM JAR T-LIGHT HOLDERS,UNMAPPED,gru,14,224.0000,101.4237,-122.5763,15.9837,30.3883,0.9990
82482,WOODEN PICTURE FRAME WHITE FINISH,UNMAPPED,weekday_seasonal_mean,14,312.0000,319.7196,7.7196,15.9319,19.8215,0.7149
22698,PINK REGENCY TEACUP AND SAUCER,UNMAPPED,weekday_seasonal_mean,14,325.0000,150.3608,-174.6392,15.8192,29.7309,0.6814
84012,MAGIC SHEEP WOOL GROWING FROM PAPER,UNMAPPED,seasonal_naive_lag_7,14,154.0000,128.0000,-26.0000,15.7143,29.5054,1.4286
23322,LARGE WHITE HEART OF WICKER,UNMAPPED,lightgbm,14,155.0000,374.5370,219.5370,15.6812,18.3667,1.4164
23350,ROLL WRAP VINTAGE SPOT,UNMAPPED,gru,14,285.0000,157.4179,-127.5821,15.6609,19.7327,0.7693
84596B,SMALL DOLLY MIX DESIGN ORANGE BOWL,UNMAPPED,lightgbm,14,264.0000,318.1250,54.1250,15.6582,20.1621,0.8304
22608,PENS ASSORTED FUNKY JEWELED,UNMAPPED,weekday_seasonal_mean,14,267.0000,98.8126,-168.1874,15.6509,20.9782,0.8206
23004,TRAVEL CARD WALLET PANTRY,UNMAPPED,seasonal_naive_lag_7,14,187.0000,118.0000,-69.0000,15.6429,23.9001,1.1711
84536A,ENGLISH ROSE NOTEBOOK A7 SIZE,UNMAPPED,weekday_seasonal_mean,14,256.0000,89.7636,-166.2364,15.6303,21.1665,0.8548
23101,SILVER STARS TABLE DECORATION,UNMAPPED,lightgbm,14,99.0000,272.3543,173.3543,15.6177,19.1330,2.2086
23240,SET OF 4 KNICK KNACK TINS DOILY,UNMAPPED,lightgbm,14,249.0000,314.1967,65.1967,15.5151,18.7280,0.8723
22061,LARGE CAKE STAND HANGING STRAWBERY,UNMAPPED,lstm,14,225.0000,15.8889,-209.1111,15.4019,24.1304,0.9583
62018,SOMBRERO,UNMAPPED,lstm,14,212.0000,7.1760,-204.8240,15.3992,53.4309,1.0169
23225,CHERUB HEART DECORATION SILVER,UNMAPPED,weekday_seasonal_mean,14,219.0000,18.6310,-200.3690,15.2543,41.3292,0.9752
23264,SET OF 3 WOODEN SLEIGH DECORATIONS,UNMAPPED,xgboost,14,285.0000,400.7410,115.7410,15.2392,20.2728,0.7486
22549,PICTURE DOMINOES,UNMAPPED,weekday_seasonal_mean,14,282.0000,116.6118,-165.3882,15.2325,24.5347,0.7562
20983,12 PENCILS TALL TUBE RED RETROSPOT,UNMAPPED,xgboost,14,125.0000,318.5388,193.5388,15.1890,18.0712,1.7012
85034B,3 WHITE CHOC MORRIS BOXED CANDLES,UNMAPPED,xgboost,14,117.0000,267.1101,150.1101,15.1871,18.0838,1.8173
72799E,IVORY PILLAR CANDLE SILVER FLOCK,UNMAPPED,lstm,14,214.0000,15.4640,-198.5360,15.1580,42.8057,0.9916
23280,FOLDING BUTTERFLY MIRROR HOT PINK,UNMAPPED,weekday_seasonal_mean,14,233.0000,33.0762,-199.9238,15.1570,29.5989,0.9107
84817,DANISH ROSE DECORATIVE PLATE,UNMAPPED,lstm,14,211.0000,7.5500,-203.4500,15.1409,29.3408,1.0046
22620,4 TRADITIONAL SPINNING TOPS,UNMAPPED,lightgbm,14,256.0000,361.6500,105.6500,15.1405,17.7680,0.8280
23243,SET OF TEA COFFEE SUGAR TINS PANTRY,UNMAPPED,weekday_seasonal_mean,14,253.0000,86.1434,-166.8566,15.1137,40.0030,0.8363
23265,SET OF 3 WOODEN TREE DECORATIONS,UNMAPPED,xgboost,14,185.0000,346.7498,161.7498,14.9977,17.7915,1.1350
23328,SET 6 SCHOOL MILK BOTTLES IN CRATE,UNMAPPED,lightgbm,14,449.0000,528.6014,79.6014,14.9952,19.5332,0.4676
23372,SET 36 COLOUR PENCILS DOLLY GIRL,UNMAPPED,xgboost,14,104.0000,312.5575,208.5575,14.9680,18.3196,2.0149
47559B,TEA TIME OVEN GLOVE,UNMAPPED,lstm,14,226.0000,43.5568,-182.4432,14.9481,29.0053,0.9260
23370,SET 36 COLOURING PENCILS DOILY,UNMAPPED,weekday_seasonal_mean,14,223.0000,21.9760,-201.0240,14.9065,23.7933,0.9358
23313,VINTAGE CHRISTMAS BUNTING,UNMAPPED,xgboost,14,471.0000,628.0186,157.0186,14.9001,19.3831,0.4429
22150,3 STRIPEY MICE FELTCRAFT,UNMAPPED,lightgbm,14,272.0000,269.0179,-2.9821,14.8700,19.7746,0.7654
21822,GLITTER CHRISTMAS TREE WITH BELLS,UNMAPPED,xgboost,14,167.0000,286.7674,119.7674,14.8510,16.6831,1.2450
22809,SET OF 6 T-LIGHTS SANTA,UNMAPPED,weekday_seasonal_mean,14,230.0000,42.6432,-187.3568,14.8190,26.5980,0.9020
22384,LUNCH BAG PINK POLKADOT,UNMAPPED,weekday_seasonal_mean,14,255.0000,395.7292,140.7292,14.8140,19.2867,0.8133
23329,DECORATIVE WICKER HEART LARGE,UNMAPPED,lightgbm,14,180.0000,278.0876,98.0876,14.8064,18.6565,1.1516
21935,SUKI SHOULDER BAG,UNMAPPED,lightgbm,14,288.0000,350.8539,62.8539,14.7591,19.0406,0.7175
22379,RECYCLING BAG RETROSPOT,UNMAPPED,xgboost,14,207.0000,269.3908,62.3908,14.6550,18.8354,0.9912
16156S,WRAP PINK FAIRY CAKES,UNMAPPED,lightgbm,14,175.0000,250.5211,75.5211,14.6533,20.8990,1.1723
22576,SWALLOW WOODEN CHRISTMAS DECORATION,UNMAPPED,lightgbm,14,255.0000,306.5708,51.5708,14.6309,19.0192,0.8033
23546,WRAP PAISLEY PARK,UNMAPPED,lightgbm,14,175.0000,271.5299,96.5299,14.5968,17.5783,1.1677
47593B,SCOTTIE DOGS BABY BIB,UNMAPPED,weekday_seasonal_mean,14,231.0000,40.2584,-190.7416,14.5436,35.0932,0.8814
21121,SET/10 RED POLKADOT PARTY CANDLES,UNMAPPED,xgboost,14,139.0000,200.4793,61.4793,14.4705,16.2164,1.4575
23284,DOORMAT KEEP CALM AND COME IN,UNMAPPED,weekday_seasonal_mean,14,274.0000,96.0190,-177.9810,14.4453,21.1415,0.7381
16216,LETTER SHAPE PENCIL SHARPENER,UNMAPPED,lstm,14,190.0000,24.6727,-165.3273,14.4437,30.4115,1.0643
22063,CERAMIC BOWL WITH STRAWBERRY DESIGN,UNMAPPED,lstm,14,203.0000,9.5213,-193.4787,14.4434,28.3218,0.9961
22704,WRAP RED APPLES,UNMAPPED,lstm,14,200.0000,23.5352,-176.4648,14.4165,22.0536,1.0092
23292,SPACEBOY CHILDRENS CUP,UNMAPPED,lightgbm,14,171.0000,176.6395,5.6395,14.4129,26.6718,1.1800
22695,WICKER WREATH SMALL,UNMAPPED,weekday_seasonal_mean,14,221.0000,23.1964,-197.8036,14.4019,21.6226,0.9123
23445,ICE CREAM BUBBLES,UNMAPPED,seasonal_naive_lag_7,14,220.0000,181.0000,-39.0000,14.3571,21.4493,0.9136
22907,PACK OF 20 NAPKINS PANTRY DESIGN,UNMAPPED,lstm,14,227.0000,52.3457,-174.6543,14.3492,27.3070,0.8850
22996,TRAVEL CARD WALLET VINTAGE TICKET,UNMAPPED,weekday_seasonal_mean,14,256.0000,85.8972,-170.1028,14.3477,20.2294,0.7846
20982,12 PENCILS TALL TUBE SKULLS,UNMAPPED,xgboost,14,151.0000,342.1744,191.1744,14.3453,17.0818,1.3300
22417,PACK OF 60 SPACEBOY CAKE CASES,UNMAPPED,lstm,14,203.0000,68.4283,-134.5717,14.3351,19.7544,0.9886
85034C,3 ROSE MORRIS BOXED CANDLES,UNMAPPED,lightgbm,14,125.0000,298.3793,173.3793,14.3034,17.6470,1.6020
23323,WHITE WICKER STAR,UNMAPPED,xgboost,14,205.0000,308.9008,103.9008,14.2990,16.9639,0.9765
22814,CARD PARTY GAMES,UNMAPPED,lightgbm,14,238.0000,135.7139,-102.2861,14.2862,39.1614,0.8404
23330,DECORATIVE WICKER HEART MEDIUM,UNMAPPED,xgboost,14,129.0000,328.3553,199.3553,14.2397,16.8250,1.5454
21284,RETROSPOT CANDLE SMALL,UNMAPPED,seasonal_naive_lag_7,14,173.0000,28.0000,-145.0000,14.2143,24.0223,1.1503
22161,HEART DECORATION RUSTIC HANGING,UNMAPPED,weekday_seasonal_mean,14,153.0000,125.0624,-27.9376,14.2075,22.8587,1.3000
21615,4 LAVENDER BOTANICAL DINNER CANDLES,UNMAPPED,lightgbm,14,102.0000,228.9478,126.9478,14.1696,16.6104,1.9448
20914,SET/5 RED RETROSPOT LID GLASS BOWLS,UNMAPPED,weekday_seasonal_mean,14,333.0000,353.8168,20.8168,14.1077,17.6603,0.5931
51014L,"FEATHER PEN,LIGHT PINK",UNMAPPED,xgboost,14,108.0000,252.2514,144.2514,14.0589,16.1847,1.8224
22547,MINI JIGSAW DINOSAUR,UNMAPPED,weekday_seasonal_mean,14,194.0000,34.4360,-159.5640,14.0526,39.1537,1.0141
22165,"DIAMANTE HEART SHAPED WALL MIRROR,",UNMAPPED,seasonal_naive_lag_7,14,206.0000,16.0000,-190.0000,14.0000,39.7528,0.9515
23266,SET OF 3 WOODEN STOCKING DECORATION,UNMAPPED,xgboost,14,241.0000,383.3419,142.3419,13.9402,17.6352,0.8098
21671,RED SPOT CERAMIC DRAWER KNOB,UNMAPPED,gru,14,176.0000,61.8077,-114.1923,13.9385,32.3743,1.1087
22074,6 RIBBONS SHIMMERING PINKS,UNMAPPED,lstm,14,212.0000,31.5045,-180.4955,13.9170,22.8135,0.9190
22072,RED RETROSPOT TEA CUP AND SAUCER,UNMAPPED,lstm,14,206.0000,15.7921,-190.2079,13.8986,18.8127,0.9446
22771,CLEAR DRAWER KNOB ACRYLIC EDWARDIAN,UNMAPPED,lstm,14,209.0000,64.4701,-144.5299,13.8831,20.6601,0.9300
22534,MAGIC DRAWING SLATE SPACEBOY,UNMAPPED,weekday_seasonal_mean,14,179.0000,245.8062,66.8062,13.8739,18.0098,1.0851
82581,TOILET METAL SIGN,UNMAPPED,gru,14,198.0000,65.1290,-132.8710,13.8287,22.6050,0.9778
22810,SET OF 6 T-LIGHTS SNOWMEN,UNMAPPED,lightgbm,14,84.0000,171.8566,87.8566,13.7859,18.6358,2.2976
22348,TEA BAG PLATE RED RETROSPOT,UNMAPPED,weekday_seasonal_mean,14,161.0000,238.9180,77.9180,13.7331,17.1836,1.1942
85053,FRENCH ENAMEL CANDLEHOLDER,UNMAPPED,weekday_seasonal_mean,14,225.0000,34.1062,-190.8938,13.6522,21.6085,0.8495
21012,ANTIQUE ALL GLASS CANDLESTICK,UNMAPPED,lstm,14,214.0000,38.2542,-175.7458,13.6213,24.4038,0.8911
22667,RECIPE BOX RETROSPOT,UNMAPPED,weekday_seasonal_mean,14,260.0000,87.4468,-172.5532,13.5887,20.1627,0.7317
22923,FRIDGE MAGNETS LES ENFANTS ASSORTED,UNMAPPED,lstm,14,186.0000,11.9346,-174.0654,13.5449,34.4945,1.0195
21871,SAVE THE PLANET MUG,UNMAPPED,lstm,14,198.0000,55.1666,-142.8334,13.5077,21.3046,0.9551
22756,LARGE YELLOW BABUSHKA NOTEBOOK,UNMAPPED,lstm,14,190.0000,20.4487,-169.5513,13.4518,25.8392,0.9912
22442,GROW YOUR OWN FLOWERS SET OF 3,UNMAPPED,lstm,14,193.0000,7.5334,-185.4666,13.4455,23.2602,0.9753
22418,10 COLOUR SPACEBOY PEN,UNMAPPED,weekday_seasonal_mean,14,171.0000,230.4044,59.4044,13.4446,16.4978,1.1007
22601,CHRISTMAS RETROSPOT ANGEL WOOD,UNMAPPED,lightgbm,14,187.0000,307.2430,120.2430,13.4304,16.4611,1.0055
21982,PACK OF 12 SUKI TISSUES,UNMAPPED,seasonal_naive_lag_7,14,135.0000,137.0000,2.0000,13.4286,18.9548,1.3926
22045,SPACEBOY GIFT WRAP,UNMAPPED,weekday_seasonal_mean,14,175.0000,271.1108,96.1108,13.3641,16.7400,1.0691
23200,JUMBO BAG PEARS,UNMAPPED,lightgbm,14,237.0000,377.0686,140.0686,13.3362,16.7390,0.7878
16161P,WRAP ENGLISH ROSE,UNMAPPED,lstm,14,175.0000,22.2482,-152.7518,13.2994,25.2956,1.0639
23369,SET 36 COLOUR PENCILS LOVE LONDON,UNMAPPED,lightgbm,14,139.0000,301.2686,162.2686,13.2941,18.3215,1.3390
84819,DANISH ROSE ROUND SEWING BOX,UNMAPPED,naive_lag_1,14,221.0000,205.0000,-16.0000,13.2857,19.5009,0.8416
22196,SMALL HEART MEASURING SPOONS,UNMAPPED,weekday_seasonal_mean,14,242.0000,119.5050,-122.4950,13.2771,19.3709,0.7681
22732,3D VINTAGE CHRISTMAS STICKERS,UNMAPPED,lightgbm,14,120.0000,239.0049,119.0049,13.2301,15.7288,1.5435
23154,SET OF 4 JAM JAR MAGNETS,UNMAPPED,weekday_seasonal_mean,14,171.0000,44.0512,-126.9488,13.2173,37.4776,1.0821
23186,FRENCH STYLE STORAGE JAR CAFE,UNMAPPED,weekday_seasonal_mean,14,176.0000,32.3354,-143.6646,13.1310,22.0969,1.0445
21286,RETROSPOT CANDLE LARGE,UNMAPPED,seasonal_naive_lag_7,14,161.0000,28.0000,-133.0000,13.0714,23.7832,1.1366
22306,SILVER MUG BONE CHINA TREE OF LIFE,UNMAPPED,lightgbm,14,133.0000,216.2224,83.2224,12.9868,15.1734,1.3670
23230,WRAP ALPHABET DESIGN,UNMAPPED,weekday_seasonal_mean,14,125.0000,142.5208,17.5208,12.9448,16.6861,1.4498
22924,FRIDGE MAGNETS LA VIE EN ROSE,UNMAPPED,weekday_seasonal_mean,14,186.0000,24.9014,-161.0986,12.9414,32.1723,0.9741
22356,CHARLOTTE BAG PINK POLKADOT,UNMAPPED,weekday_seasonal_mean,14,445.0000,371.1328,-73.8672,12.9402,18.4876,0.4071
22798,ANTIQUE GLASS DRESSING TABLE POT,UNMAPPED,lightgbm,14,214.0000,127.8803,-86.1197,12.9383,21.3838,0.8464
23271,CHRISTMAS TABLE SILVER CANDLE SPIKE,UNMAPPED,lightgbm,14,126.0000,260.8485,134.8485,12.9380,16.6897,1.4376
21544,SKULLS WATER TRANSFER TATTOOS,UNMAPPED,weekday_seasonal_mean,14,153.0000,114.2518,-38.7482,12.9092,19.5857,1.1812
22057,CERAMIC PLATE STRAWBERRY DESIGN,UNMAPPED,lstm,14,180.0000,11.7318,-168.2682,12.8857,23.0553,1.0022
22595,GINGHAM HEART DECORATION,UNMAPPED,weekday_seasonal_mean,14,163.0000,234.4796,71.4796,12.8830,16.0020,1.1065
23399,HOME SWEET HOME HANGING HEART,UNMAPPED,lightgbm,14,126.0000,257.7745,131.7745,12.8699,15.3270,1.4300
22440,BALLOON WATER BOMB PACK OF 35,UNMAPPED,lstm,14,173.0000,38.2355,-134.7645,12.8639,25.8290,1.0410
23169,CLASSIC GLASS COOKIE JAR,UNMAPPED,seasonal_naive_lag_7,14,116.0000,159.0000,43.0000,12.7857,19.4661,1.5431
22435,SET OF 9 HEART SHAPED BALLOONS,UNMAPPED,weekday_seasonal_mean,14,179.0000,91.2010,-87.7990,12.6986,32.2895,0.9932
22630,DOLLY GIRL LUNCH BOX,UNMAPPED,weekday_seasonal_mean,14,261.0000,339.4758,78.4758,12.6882,16.9052,0.6806
22095,LADS ONLY TISSUE BOX,UNMAPPED,weekday_seasonal_mean,14,171.0000,48.5502,-122.4498,12.6514,28.0456,1.0358
22602,RETROSPOT WOODEN HEART DECORATION,UNMAPPED,lightgbm,14,213.0000,229.4703,16.4703,12.6320,15.7657,0.8303
47591D,PINK FAIRY CAKE CHILDRENS APRON,UNMAPPED,weekday_seasonal_mean,14,185.0000,176.9580,-8.0420,12.5925,17.5855,0.9529
84030E,ENGLISH ROSE HOT WATER BOTTLE,UNMAPPED,weekday_seasonal_mean,14,200.0000,37.8986,-162.1014,12.5857,23.3628,0.8810
22216,T-LIGHT HOLDER WHITE LACE,UNMAPPED,naive_lag_1,14,194.0000,170.0000,-24.0000,12.5714,27.6250,0.9072
23290,SPACEBOY CHILDRENS BOWL,UNMAPPED,weekday_seasonal_mean,14,192.0000,39.0460,-152.9540,12.5714,40.6754,0.9167
21616,4 PEAR BOTANICAL DINNER CANDLES,UNMAPPED,xgboost,14,137.0000,280.4982,143.4982,12.5064,15.1238,1.2780
22710,WRAP I LOVE LONDON,UNMAPPED,seasonal_naive_lag_7,14,100.0000,125.0000,25.0000,12.5000,20.0446,1.7500
22155,STAR DECORATION RUSTIC,UNMAPPED,weekday_seasonal_mean,14,184.0000,101.5376,-82.4624,12.4723,29.6265,0.9490
23082,SET 6 PAPER TABLE LANTERN HEARTS,UNMAPPED,xgboost,14,229.0000,315.0584,86.0584,12.4662,14.7657,0.7621
22557,PLASTERS IN TIN VINTAGE PAISLEY,UNMAPPED,weekday_seasonal_mean,14,228.0000,192.8754,-35.1246,12.4497,17.1352,0.7645
84997B,CHILDRENS CUTLERY RETROSPOT RED,UNMAPPED,weekday_seasonal_mean,14,131.0000,184.5398,53.5398,12.4216,19.2909,1.3275
22580,ADVENT CALENDAR GINGHAM SACK,UNMAPPED,lightgbm,14,170.0000,325.8622,155.8622,12.3782,15.0243,1.0194
22158,3 HEARTS HANGING DECORATION RUSTIC,UNMAPPED,weekday_seasonal_mean,14,221.0000,155.5554,-65.4446,12.3753,22.2504,0.7840
23210,WHITE ROCKING HORSE HAND PAINTED,UNMAPPED,gru,14,229.0000,131.7667,-97.2333,12.3190,17.4460,0.7531
21642,ASSORTED TUTTI FRUTTI PEN,UNMAPPED,lightgbm,14,48.0000,214.9288,166.9288,12.3012,13.9650,3.5878
16235,RECYCLED PENCIL WITH RABBIT ERASER,UNMAPPED,seasonal_naive_lag_7,14,92.0000,148.0000,56.0000,12.2857,23.5857,1.8696
23401,RUSTIC MIRROR WITH LACE HEART,UNMAPPED,seasonal_naive_lag_7,14,161.0000,31.0000,-130.0000,12.2857,39.9339,1.0683
22720,SET OF 3 CAKE TINS PANTRY DESIGN,UNMAPPED,weekday_seasonal_mean,14,293.0000,137.5176,-155.4824,12.2729,21.2632,0.5864
23238,SET OF 4 KNICK KNACK TINS LONDON,UNMAPPED,gru,14,181.0000,61.9673,-119.0327,12.2691,32.9143,0.9490
20963,APPLE BATH SPONGE,UNMAPPED,weekday_seasonal_mean,14,180.0000,62.5368,-117.4632,12.2422,20.5799,0.9522
22730,ALARM CLOCK BAKELIKE IVORY,UNMAPPED,weekday_seasonal_mean,14,223.0000,65.2856,-157.7144,12.2342,17.4104,0.7681
22068,BLACK PIRATE TREASURE CHEST,UNMAPPED,weekday_seasonal_mean,14,173.0000,18.1250,-154.8750,12.2143,23.3628,0.9884
84997A,CHILDRENS CUTLERY POLKADOT GREEN,UNMAPPED,lstm,14,172.0000,29.9782,-142.0218,12.1931,26.6273,0.9925
22398,MAGNETS PACK OF 4 SWALLOWS,UNMAPPED,weekday_seasonal_mean,14,217.0000,76.5812,-140.4188,12.1639,17.4241,0.7848
23241,TREASURE TIN GYMKHANA DESIGN,UNMAPPED,weekday_seasonal_mean,14,201.0000,36.3938,-164.6062,12.1567,21.3342,0.8467
23504,PLAYING CARDS JUBILEE UNION JACK,UNMAPPED,seasonal_naive_lag_7,14,204.0000,288.0000,84.0000,12.1429,20.4206,0.8333
22041,"RECORD FRAME 7"" SINGLE SIZE",UNMAPPED,lstm,14,176.0000,43.4021,-132.5979,12.1392,28.7564,0.9656
22545,MINI JIGSAW BUNNIES,UNMAPPED,lstm,14,171.0000,9.6346,-161.3654,12.1281,28.9378,0.9929
84832,ZINC WILLIE WINKIE CANDLE STICK,UNMAPPED,weekday_seasonal_mean,14,245.0000,122.7248,-122.2752,12.0502,17.1443,0.6886
23331,DECORATIVE WICKER HEART SMALL,UNMAPPED,lightgbm,14,185.0000,202.9745,17.9745,12.0389,16.6383,0.9111
23352,ROLL WRAP 50'S RED CHRISTMAS,UNMAPPED,gru,14,221.0000,129.4151,-91.5849,12.0386,14.0596,0.7626
23035,DRAWER KNOB CERAMIC IVORY,UNMAPPED,xgboost,14,183.0000,282.3454,99.3454,12.0272,15.2272,0.9201
22600,CHRISTMAS RETROSPOT STAR WOOD,UNMAPPED,seasonal_naive_lag_7,14,214.0000,230.0000,16.0000,12.0000,17.0420,0.7850
22333,RETROSPOT PARTY BAG + STICKER SET,UNMAPPED,weekday_seasonal_mean,14,24.0000,191.6584,167.6584,11.9756,13.7924,6.9858
84997D,CHILDRENS CUTLERY POLKADOT PINK,UNMAPPED,weekday_seasonal_mean,14,170.0000,201.4098,31.4098,11.9649,19.4050,0.9853
21243,PINK POLKADOT PLATE,UNMAPPED,seasonal_naive_lag_7,14,36.0000,139.0000,103.0000,11.9286,27.2174,4.6389
21833,CAMOUFLAGE LED TORCH,UNMAPPED,lightgbm,14,129.0000,238.9829,109.9829,11.8977,14.4517,1.2912
22113,GREY HEART HOT WATER BOTTLE,UNMAPPED,lightgbm,14,203.0000,368.1656,165.1656,11.8561,16.4855,0.8177
16258A,SWIRLY CIRCULAR RUBBERS IN BAG,UNMAPPED,gru,14,165.0000,11.8922,-153.1078,11.8338,23.7473,1.0041
23158,SET OF 5 LUCKY CAT MAGNETS,UNMAPPED,weekday_seasonal_mean,14,194.0000,45.2270,-148.7730,11.8247,18.0345,0.8533
23247,BISCUIT TIN 50'S CHRISTMAS,UNMAPPED,lstm,14,193.0000,82.5522,-110.4478,11.8152,15.1697,0.8571
22311,OFFICE MUG WARMER BLACK+SILVER,UNMAPPED,weekday_seasonal_mean,14,167.0000,37.2678,-129.7322,11.7955,37.7388,0.9888
23206,LUNCH BAG APPLE DESIGN,UNMAPPED,weekday_seasonal_mean,14,331.0000,220.4284,-110.5716,11.7565,17.9006,0.4973
23281,FOLDING BUTTERFLY MIRROR RED,UNMAPPED,lstm,14,163.0000,22.5219,-140.4781,11.6771,26.8301,1.0029
21484,CHICK GREY HOT WATER BOTTLE,UNMAPPED,lightgbm,14,136.0000,273.6683,137.6683,11.6667,14.7543,1.2010
22941,CHRISTMAS LIGHTS 10 REINDEER,UNMAPPED,xgboost,14,240.0000,270.4872,30.4872,11.6380,14.6125,0.6789
22661,CHARLOTTE BAG DOLLY GIRL DESIGN,UNMAPPED,weekday_seasonal_mean,14,163.0000,154.0276,-8.9724,11.6157,15.2583,0.9977
23005,TRAVEL CARD WALLET I LOVE LONDON,UNMAPPED,weekday_seasonal_mean,14,228.0000,81.9556,-146.0444,11.5732,18.1833,0.7106
22632,HAND WARMER RED RETROSPOT,UNMAPPED,weekday_seasonal_mean,14,344.0000,184.0516,-159.9484,11.5713,17.5674,0.4709
22721,SET OF 3 CAKE TINS SKETCHBOOK,UNMAPPED,weekday_seasonal_mean,14,177.0000,15.9426,-161.0574,11.5140,21.3150,0.9107
23547,WRAP FLOWER SHOP,UNMAPPED,weekday_seasonal_mean,14,150.0000,25.5486,-124.4514,11.4187,27.5486,1.0657
21499,BLUE POLKADOT WRAP,UNMAPPED,lstm,14,150.0000,45.8305,-104.1695,11.4096,14.6401,1.0649
22994,TRAVEL CARD WALLET RETROSPOT,UNMAPPED,weekday_seasonal_mean,14,188.0000,37.1934,-150.8066,11.3956,18.8688,0.8486
20712,JUMBO BAG WOODLAND ANIMALS,UNMAPPED,weekday_seasonal_mean,14,247.0000,337.0292,90.0292,11.3013,14.6298,0.6406
21386,IVORY HANGING DECORATION EGG,UNMAPPED,naive_lag_1,14,79.0000,79.0000,0.0000,11.2857,27.2790,2.0000
72598,SET/12 TAPER CANDLES,UNMAPPED,seasonal_naive_lag_7,14,52.0000,118.0000,66.0000,11.2857,27.1662,3.0385
23144,ZINC T-LIGHT HOLDER STARS SMALL,UNMAPPED,weekday_seasonal_mean,14,209.0000,92.2596,-116.7404,11.2756,15.8855,0.7553
21985,PACK OF 12 HEARTS DESIGN TISSUES,UNMAPPED,lightgbm,14,173.0000,253.7789,80.7789,11.2530,13.9005,0.9106
22568,FELTCRAFT CUSHION OWL,UNMAPPED,xgboost,14,25.0000,172.9033,147.9033,11.2308,13.0706,6.2892
22908,PACK OF 20 NAPKINS RED APPLES,UNMAPPED,lstm,14,160.0000,27.3636,-132.6364,11.2289,25.9598,0.9825
22087,PAPER BUNTING WHITE LACE,UNMAPPED,weekday_seasonal_mean,14,46.0000,154.7864,108.7864,11.1990,12.8155,3.4084
23229,VINTAGE DONKEY TAIL GAME,UNMAPPED,gru,14,197.0000,98.7191,-98.2809,11.1921,21.3133,0.7954
23242,TREASURE TIN BUFFALO BILL,UNMAPPED,weekday_seasonal_mean,14,173.0000,24.5916,-148.4084,11.1694,21.6674,0.9039
85015,SET OF 12 VINTAGE POSTCARD SET,UNMAPPED,lightgbm,14,95.0000,186.6916,91.6916,11.1545,13.1185,1.6438
23197,SKETCHBOOK MAGNETIC SHOPPING LIST,UNMAPPED,seasonal_naive_lag_7,14,224.0000,216.0000,-8.0000,11.1429,14.0560,0.6964
21136,PAINTED METAL PEARS ASSORTED,UNMAPPED,weekday_seasonal_mean,14,146.0000,199.1690,53.1690,11.1382,13.2364,1.0680
23172,REGENCY TEA PLATE PINK,UNMAPPED,weekday_seasonal_mean,14,206.0000,70.1230,-135.8770,11.1050,17.6555,0.7547
22110,BIRD HOUSE HOT WATER BOTTLE,UNMAPPED,weekday_seasonal_mean,14,193.0000,45.2886,-147.7114,11.0830,16.2538,0.8040
23224,CHERUB HEART DECORATION GOLD,UNMAPPED,seasonal_naive_lag_7,14,68.0000,155.0000,87.0000,11.0714,18.9529,2.2794
21115,ROSE CARAVAN DOORSTOP,UNMAPPED,weekday_seasonal_mean,14,170.0000,20.7652,-149.2348,11.0560,17.9633,0.9105
20677,PINK POLKADOT BOWL,UNMAPPED,gru,14,157.0000,50.6938,-106.3062,11.0491,20.4550,0.9853
23380,PACK OF 12 VINTAGE DOILY TISSUES,UNMAPPED,weekday_seasonal_mean,14,150.0000,36.7082,-113.2918,11.0154,21.5116,1.0281
22208,WOOD STAMP SET THANK YOU,UNMAPPED,lightgbm,14,85.0000,212.1479,127.1479,11.0091,12.7217,1.8133
22905,CALENDAR IN SEASON DESIGN,UNMAPPED,weekday_seasonal_mean,14,161.0000,16.8292,-144.1708,11.0020,21.0589,0.9567
20981,12 PENCILS TALL TUBE WOODLAND,UNMAPPED,xgboost,14,80.0000,218.2338,138.2338,10.9514,13.4967,1.9165
22670,FRENCH WC SIGN BLUE METAL,UNMAPPED,lstm,14,153.0000,30.3615,-122.6385,10.9364,19.2468,1.0007
35964,FOLKART CLIP ON STARS,UNMAPPED,lightgbm,14,141.0000,173.4826,32.4826,10.9316,14.4599,1.0854
22174,PHOTO CUBE,UNMAPPED,weekday_seasonal_mean,14,185.0000,94.4226,-90.5774,10.8833,20.6691,0.8236
22811,SET OF 6 T-LIGHTS CACTI,UNMAPPED,gru,14,161.0000,23.2396,-137.7604,10.8581,26.3562,0.9442
22900,SET 2 TEA TOWELS I LOVE LONDON,UNMAPPED,weekday_seasonal_mean,14,204.0000,116.8468,-87.1532,10.7781,17.3462,0.7397
84006,MAGIC TREE -PAPER FLOWERS,UNMAPPED,weekday_seasonal_mean,14,148.0000,30.5804,-117.4196,10.7515,17.6093,1.0170
23494,VINTAGE DOILY DELUXE SEWING KIT,UNMAPPED,gru,14,182.0000,109.7478,-72.2522,10.6808,18.7031,0.8216
35471D,SET OF 3 BIRD LIGHT PINK FEATHER,UNMAPPED,lightgbm,14,203.0000,335.3990,132.3990,10.6558,15.3351,0.7349
22970,LONDON BUS COFFEE MUG,UNMAPPED,weekday_seasonal_mean,14,186.0000,79.3298,-106.6702,10.6474,15.7504,0.8014
21481,FAWN BLUE HOT WATER BOTTLE,UNMAPPED,weekday_seasonal_mean,14,262.0000,149.8156,-112.1844,10.6019,16.5106,0.5665
20749,ASSORTED COLOUR MINI CASES,UNMAPPED,weekday_seasonal_mean,14,177.0000,54.5858,-122.4142,10.5672,22.8683,0.8358
21429,RED GINGHAM ROSE JEWELLERY BOX,UNMAPPED,lightgbm,14,135.0000,209.1576,74.1576,10.5462,12.9906,1.0937
21035,SET/2 RED RETROSPOT TEA TOWELS,UNMAPPED,lstm,14,148.0000,26.2053,-121.7947,10.5351,27.7847,0.9966
23171,REGENCY TEA PLATE GREEN,UNMAPPED,gru,14,163.0000,73.2971,-89.7029,10.5182,16.3024,0.9034
21287,SCENTED VELVET LOUNGE CANDLE,UNMAPPED,weekday_seasonal_mean,14,123.0000,73.5252,-49.4748,10.5070,18.6663,1.1959
23506,MINI PLAYING CARDS SPACEBOY,UNMAPPED,seasonal_naive_lag_7,14,241.0000,212.0000,-29.0000,10.5000,15.6593,0.6100
84032A,CHARLIE+LOLA PINK HOT WATER BOTTLE,UNMAPPED,weekday_seasonal_mean,14,189.0000,58.2272,-130.7728,10.4745,17.4989,0.7759
85038,6 CHOCOLATE LOVE HEART T-LIGHTS,UNMAPPED,gru,14,149.0000,23.9383,-125.0617,10.4418,24.5728,0.9811
21122,SET/10 PINK POLKADOT PARTY CANDLES,UNMAPPED,lstm,14,138.0000,34.1837,-103.8163,10.4217,21.1795,1.0573
35961,FOLKART ZINC HEART CHRISTMAS DEC,UNMAPPED,lightgbm,14,78.0000,151.8794,73.8794,10.3989,13.5887,1.8665
22098,BOUDOIR SQUARE TISSUE BOX,UNMAPPED,lstm,14,146.0000,28.8038,-117.1962,10.3533,22.9795,0.9928
22043,CHRISTMAS CARD SCREEN PRINT,UNMAPPED,weekday_seasonal_mean,14,134.0000,37.0654,-96.9346,10.3501,17.0912,1.0814
21242,RED RETROSPOT PLATE,UNMAPPED,lstm,14,152.0000,28.5758,-123.4242,10.3469,25.6657,0.9530
21441,BLUE BIRDHOUSE DECORATION,UNMAPPED,lstm,14,142.0000,5.5386,-136.4614,10.2925,21.7041,1.0147
17084R,ASSORTED INCENSE PACK,UNMAPPED,naive_lag_1,14,72.0000,72.0000,0.0000,10.2857,27.2134,2.0000
21292,SMALL STRIPES CHOCOLATE GIFT BAG,UNMAPPED,seasonal_naive_lag_7,14,96.0000,48.0000,-48.0000,10.2857,26.7047,1.5000
22296,HEART IVORY TRELLIS LARGE,UNMAPPED,xgboost,14,67.0000,156.1528,89.1528,10.2390,11.7656,2.1395
20685,DOORMAT RED RETROSPOT,UNMAPPED,lstm,14,160.0000,46.4504,-113.5496,10.2386,16.6885,0.8959
21876,POTTERING MUG,UNMAPPED,lstm,14,152.0000,45.4243,-106.5757,10.2368,14.2359,0.9429
16014,SMALL CHINESE STYLE SCISSOR,UNMAPPED,lstm,14,135.0000,16.1863,-118.8137,10.2265,22.6961,1.0605
23199,JUMBO BAG APPLES,UNMAPPED,weekday_seasonal_mean,14,372.0000,271.9688,-100.0312,10.1513,15.1146,0.3820
82552,WASHROOM METAL SIGN,UNMAPPED,weekday_seasonal_mean,14,87.0000,131.6080,44.6080,10.1177,14.8463,1.6281
21417,COCKLE SHELL DISH,UNMAPPED,lstm,14,143.0000,4.9082,-138.0918,10.1101,23.6196,0.9898
21442,GREEN BIRDHOUSE DECORATION,UNMAPPED,lstm,14,140.0000,5.9958,-134.0042,10.0670,19.9763,1.0067
22481,BLACK TEA TOWEL CLASSIC DESIGN,UNMAPPED,lstm,14,146.0000,16.2731,-129.7269,10.0389,18.2339,0.9626
23170,REGENCY TEA PLATE ROSES,UNMAPPED,lstm,14,162.0000,51.0932,-110.9068,9.9955,16.2171,0.8638
22190,LOCAL CAFE MUG,UNMAPPED,lstm,14,150.0000,14.6417,-135.3583,9.9893,21.2874,0.9323
22906,12 MESSAGE CARDS WITH ENVELOPES,UNMAPPED,weekday_seasonal_mean,14,145.0000,61.7104,-83.2896,9.9663,20.3513,0.9623
21917,SET 12 KIDS WHITE CHALK STICKS,UNMAPPED,weekday_seasonal_mean,14,70.0000,152.9792,82.9792,9.9454,11.6484,1.9891
22119,PEACE WOODEN BLOCK LETTERS,UNMAPPED,gru,14,141.0000,11.0478,-129.9522,9.9252,19.0168,0.9855
84987,SET OF 36 TEATIME PAPER DOILIES,UNMAPPED,weekday_seasonal_mean,14,55.0000,156.7824,101.7824,9.8906,11.2452,2.5176
84950,ASSORTED COLOUR T-LIGHT HOLDER,UNMAPPED,weekday_seasonal_mean,14,114.0000,114.2078,0.2078,9.8734,14.9955,1.2125
22027,TEA PARTY BIRTHDAY CARD,UNMAPPED,weekday_seasonal_mean,14,114.0000,215.4382,101.4382,9.8730,12.0934,1.2125
84997C,CHILDRENS CUTLERY POLKADOT BLUE,UNMAPPED,gru,14,139.0000,72.1746,-66.8254,9.8688,19.6869,0.9940
23312,VINTAGE CHRISTMAS GIFT SACK,UNMAPPED,lstm,14,163.0000,78.8297,-84.1703,9.8647,13.4472,0.8473
22400,MAGNETS PACK OF 4 HOME SWEET HOME,UNMAPPED,naive_lag_1,14,74.0000,74.0000,0.0000,9.8571,14.2227,1.8649
21703,BAG 125g SWIRLY MARBLES,UNMAPPED,weekday_seasonal_mean,14,187.0000,269.8524,82.8524,9.8559,11.5154,0.7379
23358,HOT STUFF HOT WATER BOTTLE,UNMAPPED,lstm,14,149.0000,33.8702,-115.1298,9.7829,14.9379,0.9192
22997,TRAVEL CARD WALLET UNION JACK,UNMAPPED,weekday_seasonal_mean,14,150.0000,44.2192,-105.7808,9.7813,16.2792,0.9129
22653,BUTTON BOX,UNMAPPED,lightgbm,14,216.0000,208.4522,-7.5478,9.7735,12.5607,0.6335
22951,60 CAKE CASES DOLLY GIRL DESIGN,UNMAPPED,lstm,14,157.0000,63.6414,-93.3586,9.7150,15.2612,0.8663
22772,PINK DRAWER KNOB ACRYLIC EDWARDIAN,UNMAPPED,weekday_seasonal_mean,14,98.0000,82.1740,-15.8260,9.6927,16.3671,1.3847
22436,12 COLOURED PARTY BALLOONS,UNMAPPED,weekday_seasonal_mean,14,144.0000,77.2704,-66.7296,9.6855,15.1534,0.9416
22543,MINI JIGSAW BAKE A CAKE,UNMAPPED,lstm,14,132.0000,5.9899,-126.0101,9.6170,19.9614,1.0200
22555,PLASTERS IN TIN STRONGMAN,UNMAPPED,weekday_seasonal_mean,14,266.0000,216.2842,-49.7158,9.5765,12.6805,0.5040
21990,MODERN FLORAL STATIONERY SET,UNMAPPED,lightgbm,14,152.0000,204.7254,52.7254,9.5690,11.2689,0.8814
22614,PACK OF 12 SPACEBOY TISSUES,UNMAPPED,weekday_seasonal_mean,14,108.0000,108.1642,0.1642,9.5665,15.2085,1.2401
23251,VINTAGE RED ENAMEL TRIM MUG,UNMAPPED,weekday_seasonal_mean,14,127.0000,28.7410,-98.2590,9.5291,25.3959,1.0505
22986,WRAP GINGHAM ROSE,UNMAPPED,lstm,14,125.0000,12.4122,-112.5878,9.5014,21.9305,1.0642
22899,CHILDREN'S APRON DOLLY GIRL,UNMAPPED,weekday_seasonal_mean,14,149.0000,47.9924,-101.0076,9.5000,16.4277,0.8926
21172,PARTY METAL SIGN,UNMAPPED,weekday_seasonal_mean,14,131.0000,143.1800,12.1800,9.4782,11.7202,1.0129
22898,CHILDRENS APRON APPLES DESIGN,UNMAPPED,xgboost,14,111.0000,234.1311,123.1311,9.4445,11.1436,1.1912
21619,4 VANILLA BOTANICAL CANDLES,UNMAPPED,lstm,14,158.0000,87.3198,-70.6802,9.4123,12.9605,0.8340
23436,VINTAGE CHRISTMAS GIFT BAG LARGE,UNMAPPED,lightgbm,14,78.0000,164.1403,86.1403,9.3906,11.4858,1.6855
22664,TOY TIDY DOLLY GIRL DESIGN,UNMAPPED,weekday_seasonal_mean,14,134.0000,24.7952,-109.2048,9.3712,19.4020,0.9791
48185,DOORMAT FAIRY CAKE,UNMAPPED,seasonal_naive_lag_7,14,45.0000,100.0000,55.0000,9.3571,16.9136,2.9111
21934,SKULL SHOULDER BAG,UNMAPPED,lightgbm,14,165.0000,289.0101,124.0101,9.3430,12.3213,0.7927
22546,MINI JIGSAW PURDEY,UNMAPPED,lstm,14,135.0000,21.8367,-113.1633,9.3125,18.7856,0.9657
21980,PACK OF 12 RED RETROSPOT TISSUES,UNMAPPED,lightgbm,14,108.0000,175.1342,67.1342,9.2781,10.7776,1.2027
22186,RED STAR CARD HOLDER,UNMAPPED,lightgbm,14,76.0000,183.1065,107.1065,9.2232,10.2931,1.6990
22739,RIBBON REEL CHRISTMAS SOCK BAUBLE,UNMAPPED,seasonal_naive_lag_7,14,140.0000,169.0000,29.0000,9.2143,11.7016,0.9214
22686,FRENCH BLUE METAL DOOR SIGN No,UNMAPPED,lstm,14,124.0000,10.3724,-113.6276,9.2050,31.9492,1.0393
22711,WRAP CIRCUS PARADE,UNMAPPED,lstm,14,125.0000,7.9245,-117.0755,9.1973,17.4241,1.0301
22945,CHRISTMAS METAL TAGS ASSORTED,UNMAPPED,weekday_seasonal_mean,14,100.0000,141.5990,41.5990,9.1912,12.7811,1.2868
23002,TRAVEL CARD WALLET SKULLS,UNMAPPED,lstm,14,148.0000,32.4727,-115.5273,9.1741,12.6736,0.8678
22271,FELTCRAFT DOLL ROSIE,UNMAPPED,xgboost,14,0.0000,128.3792,128.3792,9.1699,10.2780,0.0000
23000,TRAVEL CARD WALLET TRANSPORT,UNMAPPED,lstm,14,148.0000,38.0176,-109.9824,9.1674,12.9142,0.8672
22723,SET OF 6 HERB TINS SKETCHBOOK,UNMAPPED,weekday_seasonal_mean,14,141.0000,19.6990,-121.3010,9.1513,16.0498,0.9086
23256,CHILDRENS CUTLERY SPACEBOY,UNMAPPED,gru,14,145.0000,83.5543,-61.4457,9.1363,20.2012,0.8821
21918,SET 12 KIDS COLOUR CHALK STICKS,UNMAPPED,lightgbm,14,145.0000,219.4444,74.4444,9.1228,11.3090,0.8808
22187,GREEN CHRISTMAS TREE CARD HOLDER,UNMAPPED,moving_average_7,14,116.0000,219.9999,103.9999,9.1224,11.8650,1.1010
47504H,ENGLISH ROSE SPIRIT LEVEL,UNMAPPED,weekday_seasonal_mean,14,142.0000,16.0772,-125.9228,9.1093,14.8328,0.8981
22942,CHRISTMAS LIGHTS 10 SANTAS,UNMAPPED,gru,14,149.0000,43.3200,-105.6800,9.0535,15.8859,0.8507
22647,CERAMIC LOVE HEART MONEY BANK,UNMAPPED,lstm,14,127.0000,6.7731,-120.2269,9.0500,17.2303,0.9976
21519,GIN & TONIC DIET GREETING CARD,UNMAPPED,weekday_seasonal_mean,14,37.0000,140.2698,103.2698,9.0095,10.4528,3.4090
22553,PLASTERS IN TIN SKULLS,UNMAPPED,weekday_seasonal_mean,14,220.0000,143.6004,-76.3996,8.9524,14.6517,0.5697
22749,FELTCRAFT PRINCESS CHARLOTTE DOLL,UNMAPPED,weekday_seasonal_mean,14,180.0000,65.9286,-114.0714,8.9479,15.7570,0.6959
21034,REX CASH+CARRY JUMBO SHOPPER,UNMAPPED,lightgbm,14,154.0000,206.4955,52.4955,8.9438,11.5940,0.8131
84836,ZINC METAL HEART DECORATION,UNMAPPED,lstm,14,116.0000,111.1123,-4.8877,8.9377,10.8320,1.0787
22706,WRAP COWBOYS,UNMAPPED,seasonal_naive_lag_7,14,100.0000,75.0000,-25.0000,8.9286,14.9404,1.2500
23089,GLASS BON BON JAR,UNMAPPED,lstm,14,138.0000,59.5325,-78.4675,8.9109,13.1654,0.9040
23108,SET OF 10 LED DOLLY LIGHTS,UNMAPPED,weekday_seasonal_mean,14,141.0000,37.5472,-103.4528,8.9034,20.5107,0.8840
21495,SKULLS AND CROSSBONES WRAP,UNMAPPED,weekday_seasonal_mean,14,225.0000,230.8154,5.8154,8.9019,12.0973,0.5539
16016,LARGE CHINESE STYLE SCISSOR,UNMAPPED,lstm,14,120.0000,11.6292,-108.3708,8.8254,17.3410,1.0296
23191,BUNDLE OF 3 RETRO NOTE BOOKS,UNMAPPED,lightgbm,14,92.0000,163.7465,71.7465,8.8173,10.1645,1.3418
22785,SQUARECUSHION COVER PINK UNION JACK,UNMAPPED,weekday_seasonal_mean,14,123.0000,5.6108,-117.3892,8.8112,19.1697,1.0029
22439,6 ROCKET BALLOONS,UNMAPPED,weekday_seasonal_mean,14,151.0000,71.9512,-79.0488,8.8080,13.0452,0.8166
22531,MAGIC DRAWING SLATE CIRCUS PARADE,UNMAPPED,gru,14,97.0000,60.0622,-36.9378,8.7993,14.3174,1.2700
22983,CARD BILLBOARD FONT,UNMAPPED,lightgbm,14,142.0000,211.0088,69.0088,8.7904,11.6638,0.8667
22731,3D CHRISTMAS STAMPS STICKERS,UNMAPPED,seasonal_naive_lag_7,14,70.0000,101.0000,31.0000,8.7857,13.6774,1.7571
21245,GREEN POLKADOT PLATE,UNMAPPED,lstm,14,119.0000,6.6475,-112.3525,8.7700,25.9369,1.0318
22737,RIBBON REEL CHRISTMAS PRESENT,UNMAPPED,lightgbm,14,86.0000,208.5099,122.5099,8.7507,10.5751,1.4245
22380,TOY TIDY SPACEBOY,UNMAPPED,gru,14,131.0000,37.8454,-93.1546,8.7486,14.0198,0.9350
21874,GIN AND TONIC MUG,UNMAPPED,lstm,14,135.0000,40.2740,-94.7260,8.7128,15.5643,0.9036
22948,METAL DECORATION NAUGHTY CHILDREN,UNMAPPED,lightgbm,14,124.0000,139.3486,15.3486,8.7077,12.9211,0.9831
22466,FAIRY TALE COTTAGE NIGHT LIGHT,UNMAPPED,weekday_seasonal_mean,14,180.0000,95.2104,-84.7896,8.6936,12.8115,0.6762
21329,DINOSAURS WRITING SET,UNMAPPED,seasonal_naive_lag_7,14,65.0000,160.0000,95.0000,8.6429,12.1450,1.8615
21504,SKULLS GREETING CARD,UNMAPPED,seasonal_naive_lag_7,14,73.0000,50.0000,-23.0000,8.6429,14.8781,1.6575
47480,HANGING PHOTO CLIP ROPE LADDER,UNMAPPED,weekday_seasonal_mean,14,116.0000,29.3346,-86.6654,8.6364,25.0861,1.0423
22437,SET OF 9 BLACK SKULL BALLOONS,UNMAPPED,lstm,14,122.0000,28.7975,-93.2025,8.5604,13.7867,0.9823
22554,PLASTERS IN TIN WOODLAND ANIMALS,UNMAPPED,weekday_seasonal_mean,14,250.0000,250.7360,0.7360,8.5554,11.8255,0.4791
21993,FLORAL FOLK STATIONERY SET,UNMAPPED,xgboost,14,209.0000,278.9748,69.9748,8.5460,9.7919,0.5725
22603,CHRISTMAS RETROSPOT TREE WOOD,UNMAPPED,lightgbm,14,146.0000,239.1543,93.1543,8.5299,11.8028,0.8179
48187,DOORMAT NEW ENGLAND,UNMAPPED,gru,14,125.0000,56.3392,-68.6608,8.5138,15.0813,0.9535
22533,MAGIC DRAWING SLATE BAKE A CAKE,UNMAPPED,seasonal_naive_lag_7,14,70.0000,99.0000,29.0000,8.5000,19.2372,1.7000
22725,ALARM CLOCK BAKELIKE CHOCOLATE,UNMAPPED,weekday_seasonal_mean,14,154.0000,44.6534,-109.3466,8.4965,10.3758,0.7724
21098,CHRISTMAS TOILET ROLL,UNMAPPED,lightgbm,14,246.0000,240.0377,-5.9623,8.4665,11.8463,0.4818
84375,SET OF 20 KIDS COOKIE CUTTERS,UNMAPPED,weekday_seasonal_mean,14,243.0000,138.3260,-104.6740,8.4585,12.4122,0.4873
82483,WOOD 2 DRAWER CABINET WHITE FINISH,UNMAPPED,weekday_seasonal_mean,14,141.0000,90.8166,-50.1834,8.4414,12.2033,0.8382
15034,PAPER POCKET TRAVELING FAN,UNMAPPED,seasonal_naive_lag_7,14,18.0000,128.0000,110.0000,8.4286,15.9598,6.5556
20893,HANGING BAUBLE T-LIGHT HOLDER SMALL,UNMAPPED,naive_lag_1,14,59.0000,59.0000,0.0000,8.4286,22.2999,2.0000
22082,RIBBON REEL STRIPES DESIGN,UNMAPPED,weekday_seasonal_mean,14,159.0000,136.1906,-22.8094,8.4163,13.7802,0.7411
23233,WRAP POPPIES DESIGN,UNMAPPED,lightgbm,14,25.0000,108.8886,83.8886,8.4070,9.4962,4.7079
23196,VINTAGE LEAF MAGNETIC NOTEPAD,UNMAPPED,gru,14,127.0000,77.0684,-49.9316,8.3957,13.0990,0.9255
21154,RED RETROSPOT OVEN GLOVE,UNMAPPED,weekday_seasonal_mean,14,221.0000,150.9268,-70.0732,8.3806,11.5094,0.5309
23298,SPOTTY BUNTING,UNMAPPED,weekday_seasonal_mean,14,210.0000,153.8904,-56.1096,8.3655,14.3466,0.5577
21094,SET/6 RED SPOTTY PAPER PLATES,UNMAPPED,lstm,14,107.0000,45.3051,-61.6949,8.3425,11.7343,1.0915
20978,36 PENCILS TUBE SKULLS,UNMAPPED,lightgbm,14,115.0000,188.7515,73.7515,8.3419,10.4145,1.0155
22130,PARTY CONE CHRISTMAS DECORATION,UNMAPPED,weekday_seasonal_mean,14,90.0000,172.5054,82.5054,8.3204,9.8064,1.2943
21507,ELEPHANT BIRTHDAY CARD,UNMAPPED,weekday_seasonal_mean,14,118.0000,155.2164,37.2164,8.3146,10.0527,0.9865
22493,PAINT YOUR OWN CANVAS SET,UNMAPPED,seasonal_naive_lag_7,14,138.0000,106.0000,-32.0000,8.2857,11.6435,0.8406
22069,BROWN PIRATE TREASURE CHEST,UNMAPPED,weekday_seasonal_mean,14,124.0000,15.5760,-108.4240,8.2568,17.8516,0.9322
22662,LUNCH BAG DOLLY GIRL DESIGN,UNMAPPED,weekday_seasonal_mean,14,134.0000,185.5168,51.5168,8.2531,10.2790,0.8623
23551,PACK OF 12 PAISLEY PARK TISSUES,UNMAPPED,weekday_seasonal_mean,14,126.0000,29.5682,-96.4318,8.2423,19.7955,0.9158
23438,RED SPOT GIFT BAG LARGE,UNMAPPED,weekday_seasonal_mean,14,121.0000,29.3788,-91.6212,8.2390,10.7400,0.9533
22100,SKULLS SQUARE TISSUE BOX,UNMAPPED,lstm,14,111.0000,7.8585,-103.1415,8.2359,28.7702,1.0388
16161U,WRAP SUKI AND FRIENDS,UNMAPPED,lstm,14,100.0000,23.3654,-76.6346,8.1148,15.7340,1.1361
22990,COTTON APRON PANTRY DESIGN,UNMAPPED,weekday_seasonal_mean,14,113.0000,9.9012,-103.0988,8.1099,21.2140,1.0048
21811,UNKNOWN,UNMAPPED,weekday_seasonal_mean,14,0.0000,113.3536,113.3536,8.0967,8.8177,0.0000
22562,MONSTERS STENCIL CRAFT,UNMAPPED,gru,14,115.0000,47.8999,-67.1001,8.0947,11.4398,0.9854
22496,SET OF 2 ROUND TINS DUTCH CHEESE,UNMAPPED,lstm,14,117.0000,8.1311,-108.8689,8.0835,15.1701,0.9673
22371,AIRLINE BAG VINTAGE TOKYO 78,UNMAPPED,seasonal_naive_lag_7,14,86.0000,119.0000,33.0000,8.0714,11.8954,1.3140
22509,SEWING BOX RETROSPOT DESIGN,UNMAPPED,seasonal_naive_lag_7,14,114.0000,5.0000,-109.0000,8.0714,14.1396,0.9912
21485,RETROSPOT HEART HOT WATER BOTTLE,UNMAPPED,weekday_seasonal_mean,14,225.0000,136.9686,-88.0314,8.0443,12.5413,0.5005
85061W,WHITE JEWELLED HEART DECORATION,UNMAPPED,gru,14,110.0000,36.0153,-73.9847,8.0022,11.8884,1.0185
85049E,SCANDINAVIAN REDS RIBBONS,UNMAPPED,seasonal_naive_lag_7,14,145.0000,189.0000,44.0000,8.0000,10.7238,0.7724
22598,CHRISTMAS MUSICAL ZINC TREE,UNMAPPED,weekday_seasonal_mean,14,137.0000,28.8230,-108.1770,7.9608,10.5514,0.8135
22123,PING MICROWAVE APRON,UNMAPPED,weekday_seasonal_mean,14,118.0000,9.8828,-108.1172,7.9375,12.5920,0.9417
22219,LOVEBIRD HANGING DECORATION WHITE,UNMAPPED,weekday_seasonal_mean,14,98.0000,186.5762,88.5762,7.8995,9.7145,1.1285
22227,HANGING HEART MIRROR DECORATION,UNMAPPED,lstm,14,114.0000,32.1322,-81.8678,7.8964,12.3273,0.9697
22083,PAPER CHAIN KIT RETROSPOT,UNMAPPED,weekday_seasonal_mean,14,233.0000,257.7462,24.7462,7.8634,9.8832,0.4725
23426,METAL SIGN DROP YOUR PANTS,UNMAPPED,lstm,14,130.0000,54.2625,-75.7375,7.8133,11.8785,0.8414
22919,HERB MARKER MINT,UNMAPPED,moving_average_7,14,90.0000,76.2857,-13.7143,7.7959,10.3953,1.2127
22406,MONEY BOX KINGS CHOICE DESIGN,UNMAPPED,lstm,14,112.0000,13.8407,-98.1593,7.7942,12.4064,0.9743
22297,HEART IVORY TRELLIS SMALL,UNMAPPED,lstm,14,115.0000,45.2644,-69.7356,7.7820,10.8926,0.9474
22337,ANGEL DECORATION PAINTED ZINC,UNMAPPED,lightgbm,14,4.0000,112.6906,108.6906,7.7636,8.4721,27.1727
22738,RIBBON REEL SNOWY VILLAGE,UNMAPPED,weekday_seasonal_mean,14,140.0000,80.3470,-59.6530,7.7622,11.1128,0.7762
21875,KINGS CHOICE MUG,UNMAPPED,lstm,14,114.0000,21.4533,-92.5467,7.7522,14.0914,0.9520
85066,CREAM SWEETHEART MINI CHEST,UNMAPPED,weekday_seasonal_mean,14,140.0000,56.7752,-83.2248,7.7480,15.5898,0.7748
22807,SET OF 6 T-LIGHTS TOADSTOOLS,UNMAPPED,lstm,14,120.0000,22.2377,-97.7623,7.7421,11.9847,0.9032
10135,COLOURING PENCILS BROWN TUBE,UNMAPPED,lstm,14,107.0000,30.7203,-76.2797,7.7354,11.2625,1.0121
23437,50'S CHRISTMAS GIFT BAG LARGE,UNMAPPED,gru,14,89.0000,73.9080,-15.0920,7.7279,9.3898,1.2156
23338,EGG FRYING PAN RED,UNMAPPED,gru,14,115.0000,23.9067,-91.0933,7.7202,14.1528,0.9398
21402,RED EGG SPOON,UNMAPPED,lstm,14,103.0000,23.6109,-79.3891,7.7016,15.1003,1.0468
84380,SET OF 3 BUTTERFLY COOKIE CUTTERS,UNMAPPED,weekday_seasonal_mean,14,212.0000,194.4974,-17.5026,7.7000,12.0018,0.5085
85150,LADIES & GENTLEMEN METAL SIGN,UNMAPPED,gru,14,129.0000,75.3800,-53.6200,7.6966,10.4243,0.8353
22999,TRAVEL CARD WALLET VINTAGE LEAF,UNMAPPED,lstm,14,120.0000,34.6696,-85.3304,7.6918,13.1741,0.8974
22094,RED RETROSPOT TISSUE BOX,UNMAPPED,lstm,14,118.0000,44.2237,-73.7763,7.6860,13.4908,0.9119
21974,SET OF 36 PAISLEY FLOWER DOILIES,UNMAPPED,weekday_seasonal_mean,14,109.0000,134.0346,25.0346,7.6822,9.0794,0.9867
21084,SET/6 COLLAGE PAPER CUPS,UNMAPPED,moving_average_7,14,74.0000,93.1430,19.1430,7.6735,12.6947,1.4517
22750,FELTCRAFT PRINCESS LOLA DOLL,UNMAPPED,lightgbm,14,114.0000,182.2805,68.2805,7.6612,9.1352,0.9408
21408,SPOTTY PINK DUCK DOORSTOP,UNMAPPED,weekday_seasonal_mean,14,113.0000,11.2340,-101.7660,7.6583,13.8776,0.9488
23031,DRAWER KNOB CRACKLE GLAZE PINK,UNMAPPED,naive_lag_1,14,106.0000,107.0000,1.0000,7.6429,10.8529,1.0094
21650,ASSORTED TUTTI FRUTTI BRACELET,UNMAPPED,lightgbm,14,131.0000,182.1404,51.1404,7.6391,9.7254,0.8164
22107,PIZZA PLATE IN BOX,UNMAPPED,lightgbm,14,164.0000,137.3757,-26.6243,7.5862,10.5842,0.6476
22921,HERB MARKER CHIVES,UNMAPPED,moving_average_7,14,88.0000,73.2857,-14.7143,7.5816,10.2523,1.2062
22405,MONEY BOX POCKET MONEY DESIGN,UNMAPPED,lstm,14,105.0000,7.0468,-97.9532,7.5754,16.2117,1.0101
22210,WOOD STAMP SET BEST WISHES,UNMAPPED,weekday_seasonal_mean,14,115.0000,27.3842,-87.6158,7.5594,16.5333,0.9203
22421,LIPSTICK PEN FUSCHIA,UNMAPPED,weekday_seasonal_mean,14,114.0000,84.2236,-29.7764,7.5181,13.9300,0.9233
23433,HANGING QUILTED PATCHWORK APPLES,UNMAPPED,lightgbm,14,53.0000,123.5869,70.5869,7.5104,9.0826,1.9839
21672,WHITE SPOT RED CERAMIC DRAWER KNOB,UNMAPPED,lstm,14,103.0000,26.4625,-76.5375,7.5057,11.7797,1.0202
21328,BALLOONS WRITING SET,UNMAPPED,seasonal_naive_lag_7,14,70.0000,113.0000,43.0000,7.5000,9.4453,1.5000
22156,HEART DECORATION WITH PEARLS,UNMAPPED,lstm,14,111.0000,35.7996,-75.2004,7.4965,13.7313,0.9455
20676,RED RETROSPOT BOWL,UNMAPPED,gru,14,119.0000,81.2603,-37.7397,7.4816,9.4510,0.8802
21494,ROTATING LEAVES T-LIGHT HOLDER,UNMAPPED,xgboost,14,171.0000,261.5737,90.5737,7.4707,9.1314,0.6116
22956,36 FOIL HEART CAKE CASES,UNMAPPED,gru,14,108.0000,12.4497,-95.5503,7.4590,15.4719,0.9669
22207,FRYING PAN UNION FLAG,UNMAPPED,gru,14,105.0000,24.9492,-80.0508,7.4462,18.0350,0.9928
23250,VINTAGE RED TRIM ENAMEL BOWL,UNMAPPED,weekday_seasonal_mean,14,109.0000,18.7630,-90.2370,7.4388,11.6347,0.9554
21680,WOODLAND STICKERS,UNMAPPED,seasonal_naive_lag_7,14,54.0000,70.0000,16.0000,7.4286,10.3510,1.9259
82486,3 DRAWER ANTIQUE WHITE WOOD CABINET,UNMAPPED,weekday_seasonal_mean,14,139.0000,87.6168,-51.3832,7.4158,11.4241,0.7469
23373,VINTAGE CHRISTMAS PAPER GIFT BAG,UNMAPPED,weekday_seasonal_mean,14,101.0000,26.9980,-74.0020,7.4146,13.1082,1.0278
85107,CUT GLASS T-LIGHT HOLDER OCTAGON,UNMAPPED,weekday_seasonal_mean,14,87.0000,22.2886,-64.7114,7.4146,15.8653,1.1931
23392,SPACEBOY ROCKET LOLLY MAKERS,UNMAPPED,lightgbm,14,97.0000,119.8642,22.8642,7.4066,9.6809,1.0690
47503A,ASS FLORAL PRINT MULTI SCREWDRIVER,UNMAPPED,weekday_seasonal_mean,14,2.0000,105.6270,103.6270,7.4019,12.0211,51.8135
22314,OFFICE MUG WARMER CHOC+BLUE,UNMAPPED,lstm,14,109.0000,12.7009,-96.2991,7.3976,11.4705,0.9502
22090,PAPER BUNTING RETROSPOT,UNMAPPED,gru,14,119.0000,73.5223,-45.4777,7.3958,10.9370,0.8701
23508,MINI PLAYING CARDS DOLLY GIRL,UNMAPPED,lstm,14,129.0000,84.0820,-44.9180,7.3729,11.0679,0.8002
16225,RATTLE SNAKE EGGS,UNMAPPED,weekday_seasonal_mean,14,112.0000,26.7088,-85.2912,7.3500,14.8769,0.9188
21385,IVORY HANGING DECORATION HEART,UNMAPPED,gru,14,104.0000,23.4756,-80.5244,7.3462,11.4242,0.9889
84031A,CHARLIE+LOLA RED HOT WATER BOTTLE,UNMAPPED,weekday_seasonal_mean,14,116.0000,18.8636,-97.1364,7.3381,12.8790,0.8856
22491,PACK OF 12 COLOURED PENCILS,UNMAPPED,weekday_seasonal_mean,14,55.0000,136.7736,81.7736,7.3352,9.4135,1.8671
22166,WALL MIRROR RECTANGLE DIAMANTE PINK,UNMAPPED,lstm,14,101.0000,4.8292,-96.1708,7.3296,25.5918,1.0160
23145,ZINC T-LIGHT HOLDER STAR LARGE,UNMAPPED,lstm,14,101.0000,22.5189,-78.4811,7.3274,12.2011,1.0157
22495,SET OF 2 ROUND TINS CAMEMBERT,UNMAPPED,lstm,14,105.0000,8.2091,-96.7909,7.3273,15.1373,0.9770
22819,"BIRTHDAY CARD, RETRO SPOT",UNMAPPED,weekday_seasonal_mean,14,121.0000,59.5538,-61.4462,7.3056,10.7700,0.8453
22918,HERB MARKER PARSLEY,UNMAPPED,lstm,14,101.0000,16.3495,-84.6505,7.2835,11.8254,1.0096
22303,COFFEE MUG APPLES DESIGN,UNMAPPED,gru,14,117.0000,51.0233,-65.9767,7.2741,9.5571,0.8704
72800E,4 IVORY DINNER CANDLES SILVER FLOCK,UNMAPPED,weekday_seasonal_mean,14,116.0000,24.0772,-91.9228,7.2373,13.6014,0.8735
21559,STRAWBERRY LUNCH BOX WITH CUTLERY,UNMAPPED,weekday_seasonal_mean,14,62.0000,157.4846,95.4846,7.2335,9.2946,1.6334
22274,FELTCRAFT DOLL EMILY,UNMAPPED,weekday_seasonal_mean,14,126.0000,69.6334,-56.3666,7.2197,9.2979,0.8022
23507,MINI PLAYING CARDS BUFFALO BILL,UNMAPPED,gru,14,92.0000,79.9564,-12.0436,7.1897,9.2508,1.0941
22736,RIBBON REEL MAKING SNOWMEN,UNMAPPED,lightgbm,14,99.0000,172.1283,73.1283,7.1648,8.9068,1.0132
21313,GLASS HEART T-LIGHT HOLDER,UNMAPPED,lstm,14,100.0000,23.6590,-76.3410,7.1506,12.2282,1.0011
22446,PIN CUSHION BABUSHKA PINK,UNMAPPED,seasonal_naive_lag_7,14,126.0000,38.0000,-88.0000,7.1429,13.3524,0.7937
22532,MAGIC DRAWING SLATE LEAP FROG,UNMAPPED,seasonal_naive_lag_7,14,40.0000,66.0000,26.0000,7.1429,11.9523,2.5000
23435,3 RAFFIA RIBBONS VINTAGE CHRISTMAS,UNMAPPED,seasonal_naive_lag_7,14,93.0000,109.0000,16.0000,7.1429,9.6214,1.0753
21905,MORE BUTTER METAL SIGN,UNMAPPED,gru,14,93.0000,17.7377,-75.2623,7.1347,19.5073,1.0740
23395,BELLE JARDINIERE CUSHION COVER,UNMAPPED,lightgbm,14,84.0000,162.9169,78.9169,7.1231,8.9315,1.1872
21591,COSY HOUR CIGAR BOX MATCHES,UNMAPPED,weekday_seasonal_mean,14,62.0000,71.1438,9.1438,7.0845,9.8969,1.5997
21673,WHITE SPOT BLUE CERAMIC DRAWER KNOB,UNMAPPED,lstm,14,100.0000,34.4747,-65.5253,7.0802,10.3067,0.9912
22834,HAND WARMER BABUSHKA DESIGN,UNMAPPED,lstm,14,128.0000,41.1943,-86.8057,7.0713,10.9209,0.7734
22066,LOVE HEART TRINKET POT,UNMAPPED,weekday_seasonal_mean,14,75.0000,61.0542,-13.9458,7.0616,13.7271,1.3182
22273,FELTCRAFT DOLL MOLLY,UNMAPPED,weekday_seasonal_mean,14,128.0000,138.9988,10.9988,7.0496,9.0423,0.7710
17012D,ORIGAMI ROSE INCENSE/CANDLE SET,UNMAPPED,weekday_seasonal_mean,14,103.0000,6.6466,-96.3534,7.0428,12.4797,0.9573
22964,3 PIECE SPACEBOY COOKIE CUTTER SET,UNMAPPED,weekday_seasonal_mean,14,114.0000,49.9492,-64.0508,6.9348,15.9490,0.8516
20682,RED RETROSPOT CHILDRENS UMBRELLA,UNMAPPED,weekday_seasonal_mean,14,103.0000,56.3894,-46.6106,6.9286,14.9913,0.9417
21770,OPEN CLOSED METAL SIGN,UNMAPPED,lstm,14,103.0000,30.4826,-72.5174,6.9156,17.4779,0.9400
22716,CARD CIRCUS PARADE,UNMAPPED,lstm,14,99.0000,18.7711,-80.2289,6.9081,12.3790,0.9769
22118,JOY WOODEN BLOCK LETTERS,UNMAPPED,lstm,14,98.0000,10.2084,-87.7916,6.9002,13.2260,0.9857
22940,FELTCRAFT CHRISTMAS FAIRY,UNMAPPED,gru,14,123.0000,112.4813,-10.5187,6.8904,7.9261,0.7843
22312,OFFICE MUG WARMER POLKADOT,UNMAPPED,lightgbm,14,61.0000,110.6437,49.6437,6.8761,8.3056,1.5781
84971S,SMALL HEART FLOWERS HOOK,UNMAPPED,naive_lag_1,14,92.0000,68.0000,-24.0000,6.8571,11.4518,1.0435
85114C,RED ENCHANTED FOREST PLACEMAT,UNMAPPED,seasonal_naive_lag_7,14,55.0000,87.0000,32.0000,6.8571,9.7101,1.7455
21987,PACK OF 6 SKULL PAPER CUPS,UNMAPPED,weekday_seasonal_mean,14,28.0000,123.8690,95.8690,6.8478,8.6364,3.4239
15056N,EDWARDIAN PARASOL NATURAL,UNMAPPED,lstm,14,102.0000,25.1309,-76.8691,6.8442,12.2462,0.9394
22917,HERB MARKER ROSEMARY,UNMAPPED,lstm,14,97.0000,17.7340,-79.2660,6.8343,11.2441,0.9864
70006,LOVE HEART POCKET WARMER,UNMAPPED,lstm,14,94.0000,11.5501,-82.4499,6.8327,12.2594,1.0176
22402,MAGNETS PACK OF 4 VINTAGE COLLAGE,UNMAPPED,lstm,14,95.0000,28.7740,-66.2260,6.8114,11.0194,1.0038
23159,SET OF 5 PANCAKE DAY MAGNETS,UNMAPPED,lightgbm,14,11.0000,106.0752,95.0752,6.7911,7.8095,8.6432
22971,QUEENS GUARD COFFEE MUG,UNMAPPED,weekday_seasonal_mean,14,99.0000,43.9964,-55.0036,6.7875,11.0125,0.9599
21933,PINK VINTAGE PAISLEY PICNIC BAG,UNMAPPED,seasonal_naive_lag_7,14,81.0000,60.0000,-21.0000,6.7857,8.7137,1.1728
22209,WOOD STAMP SET HAPPY BIRTHDAY,UNMAPPED,weekday_seasonal_mean,14,96.0000,24.9980,-71.0020,6.7857,16.6859,0.9896
22631,CIRCUS PARADE LUNCH BOX,UNMAPPED,weekday_seasonal_mean,14,96.0000,117.2348,21.2348,6.7820,8.9933,0.9890
23389,SPACEBOY MINI BACKPACK,UNMAPPED,lightgbm,14,70.0000,164.8928,94.8928,6.7781,8.4620,1.3556
23239,SET OF 4 KNICK KNACK TINS POPPIES,UNMAPPED,weekday_seasonal_mean,14,100.0000,13.8560,-86.1440,6.7648,9.4982,0.9471
23559,WOODLAND BUNNIES LOLLY MAKERS,UNMAPPED,weekday_seasonal_mean,14,103.0000,9.7092,-93.2908,6.7513,13.0586,0.9177
82001S,SILVER RECORD COVER FRAME,UNMAPPED,lstm,14,99.0000,28.9202,-70.0798,6.7437,15.2899,0.9537
22175,PINK OWL SOFT TOY,UNMAPPED,weekday_seasonal_mean,14,98.0000,32.3500,-65.6500,6.7087,13.6285,0.9584
21669,BLUE STRIPE CERAMIC DRAWER KNOB,UNMAPPED,gru,14,81.0000,72.3613,-8.6387,6.6946,9.3613,1.1571
20832,RED FLOCK LOVE HEART PHOTO FRAME,UNMAPPED,lstm,14,87.0000,10.5222,-76.4778,6.6628,19.3771,1.0722
21989,PACK OF 20 SKULL PAPER NAPKINS,UNMAPPED,lightgbm,14,59.0000,110.0633,51.0633,6.6608,8.1498,1.5805
21907,I'M ON HOLIDAY METAL SIGN,UNMAPPED,gru,14,98.0000,26.2565,-71.7435,6.6527,10.7253,0.9504
21903,MAN FLU METAL SIGN,UNMAPPED,lstm,14,94.0000,15.5110,-78.4890,6.6471,13.7798,0.9900
35646,VINTAGE BEAD PINK EVENING BAG,UNMAPPED,seasonal_naive_lag_7,14,25.0000,94.0000,69.0000,6.6429,10.5255,3.7200
22199,FRYING PAN RED RETROSPOT,UNMAPPED,lstm,14,99.0000,12.6180,-86.3820,6.6337,11.4912,0.9381
22733,3D TRADITIONAL CHRISTMAS STICKERS,UNMAPPED,weekday_seasonal_mean,14,93.0000,61.1024,-31.8976,6.6082,9.5795,0.9948
21374,MIRRORED WALL ART SKULLS,UNMAPPED,naive_lag_1,14,36.0000,56.0000,20.0000,6.5714,14.6190,2.5556
23118,PARISIENNE JEWELLERY DRAWER,UNMAPPED,naive_lag_1,14,110.0000,104.0000,-6.0000,6.5714,8.2549,0.8364
22047,EMPIRE GIFT WRAP,UNMAPPED,lstm,14,75.0000,22.9090,-52.0910,6.5649,14.5417,1.2254
22535,MAGIC DRAWING SLATE BUNNIES,UNMAPPED,weekday_seasonal_mean,14,47.0000,85.2960,38.2960,6.5593,8.7569,1.9538
21704,BAG 250g SWIRLY MARBLES,UNMAPPED,gru,14,117.0000,127.2145,10.2145,6.5589,7.3895,0.7848
23357,HOT WATER BOTTLE SEX BOMB,UNMAPPED,moving_average_7,14,117.0000,113.0000,-4.0000,6.5510,8.8952,0.7839
35599B,BLACK CHRISTMAS TREE 120CM,UNMAPPED,weekday_seasonal_mean,14,90.0000,2.9878,-87.0122,6.5466,19.5193,1.0184
21509,COWBOYS AND INDIANS BIRTHDAY CARD,UNMAPPED,lstm,14,95.0000,26.8019,-68.1981,6.5282,10.0509,0.9620
20846,ZINC HEART LATTICE T-LIGHT HOLDER,UNMAPPED,lstm,14,84.0000,16.8560,-67.1440,6.4814,10.4568,1.0802
22703,PINK CAT BOWL,UNMAPPED,xgboost,14,116.0000,68.5754,-47.4246,6.4728,10.0892,0.7812
21868,POTTING SHED TEA MUG,UNMAPPED,gru,14,86.0000,33.3035,-52.6965,6.4560,11.5527,1.0510
21462,"NURSERY A,B,C PAINTED LETTERS",UNMAPPED,lstm,14,92.0000,5.5433,-86.4567,6.4497,13.9147,0.9815
22815,CARD PSYCHEDELIC APPLES,UNMAPPED,weekday_seasonal_mean,14,126.0000,62.4590,-63.5410,6.4456,10.9641,0.7162
22713,CARD I LOVE LONDON,UNMAPPED,seasonal_naive_lag_7,14,63.0000,51.0000,-12.0000,6.4286,9.8416,1.4286
15056BL,EDWARDIAN PARASOL BLACK,UNMAPPED,gru,14,87.0000,36.6350,-50.3650,6.3895,11.6413,1.0282
23147,SINGLE ANTIQUE ROSE HOOK IVORY,UNMAPPED,xgboost,14,65.0000,122.9028,57.9028,6.3854,7.4779,1.3753
16011,ANIMAL STICKERS,UNMAPPED,weekday_seasonal_mean,14,49.0000,69.2386,20.2386,6.3658,8.1806,1.8188
21064,BOOM BOX SPEAKER BOYS,UNMAPPED,lightgbm,14,109.0000,66.7070,-42.2930,6.3652,10.6991,0.8175
22215,CAKE STAND WHITE TWO TIER LACE,UNMAPPED,lstm,14,93.0000,7.0838,-85.9162,6.3628,11.4432,0.9578
90087,CRYSTAL SEA HORSE PHONE CHARM,UNMAPPED,moving_average_7,14,73.0000,23.8574,-49.1426,6.3469,13.8527,1.2172
21463,MIRRORED DISCO BALL,UNMAPPED,weekday_seasonal_mean,14,96.0000,24.1456,-71.8544,6.3383,13.9579,0.9243
22916,HERB MARKER THYME,UNMAPPED,lstm,14,90.0000,15.7600,-74.2400,6.3315,11.4566,0.9849
22483,RED GINGHAM TEDDY BEAR,UNMAPPED,weekday_seasonal_mean,14,81.0000,34.5604,-46.4396,6.3235,14.3780,1.0930
22500,SET OF 2 TINS JARDIN DE PROVENCE,UNMAPPED,lstm,14,92.0000,6.6327,-85.3673,6.3197,11.3294,0.9617
21976,PACK OF 60 MUSHROOM CAKE CASES,UNMAPPED,lstm,14,105.0000,34.3122,-70.6878,6.2935,10.8973,0.8391
22567,20 DOLLY PEGS RETROSPOT,UNMAPPED,moving_average_7,14,60.0000,76.9999,16.9999,6.2755,7.2501,1.4643
21238,RED RETROSPOT CUP,UNMAPPED,lightgbm,14,92.0000,135.4384,43.4384,6.2729,7.5011,0.9546
22028,PENNY FARTHING BIRTHDAY CARD,UNMAPPED,weekday_seasonal_mean,14,104.0000,120.0180,16.0180,6.2422,9.3558,0.8403
23294,SET OF 6 SNACK LOAF BAKING CASES,UNMAPPED,weekday_seasonal_mean,14,134.0000,76.7964,-57.2036,6.2375,9.0550,0.6517
20868,SILVER FABRIC MIRROR,UNMAPPED,lstm,14,77.0000,19.2099,-57.7901,6.2245,15.9613,1.1317
22920,HERB MARKER BASIL,UNMAPPED,gru,14,86.0000,18.2397,-67.7603,6.2163,9.5583,1.0120
21786,POLKADOT RAIN HAT,UNMAPPED,lstm,14,99.0000,35.1671,-63.8329,6.1900,9.5091,0.8754
23510,MINI PLAYING CARDS GYMKHANA,UNMAPPED,weekday_seasonal_mean,14,97.0000,27.0072,-69.9928,6.1857,9.5774,0.8928
85172,HYACINTH BULB T-LIGHT CANDLES,UNMAPPED,lstm,14,80.0000,9.9038,-70.0962,6.1856,12.6218,1.0825
85135C,RED DRAGONFLY HELICOPTER,UNMAPPED,naive_lag_1,14,48.0000,48.0000,0.0000,6.1429,13.2396,1.7917
22395,PAPERWEIGHT VINTAGE PAISLEY,UNMAPPED,weekday_seasonal_mean,14,86.0000,2.8288,-83.1712,6.1360,14.0990,0.9989
21162,TOXIC AREA DOOR HANGER,UNMAPPED,weekday_seasonal_mean,14,108.0000,42.7880,-65.2120,6.0784,10.2729,0.7879
85175,UNKNOWN,UNMAPPED,lstm,14,68.0000,30.5062,-37.4938,6.0679,10.1630,1.2493
22592,CARDHOLDER HOLLY WREATH METAL,UNMAPPED,lightgbm,14,114.0000,151.3357,37.3357,6.0639,7.8965,0.7447
23340,VINTAGE CHRISTMAS CAKE FRILL,UNMAPPED,weekday_seasonal_mean,14,96.0000,45.5182,-50.4818,6.0606,10.9972,0.8838
23163,REGENCY SUGAR TONGS,UNMAPPED,weekday_seasonal_mean,14,100.0000,33.1956,-66.8044,6.0518,12.3091,0.8473
23398,HANGING HEART BONHEUR,UNMAPPED,weekday_seasonal_mean,14,88.0000,9.0962,-78.9038,6.0483,13.2253,0.9622
23189,SET OF 12 FORK CANDLES,UNMAPPED,weekday_seasonal_mean,14,92.0000,21.7646,-70.2354,6.0309,12.2706,0.9177
22639,SET OF 4 NAPKIN CHARMS HEARTS,UNMAPPED,lstm,14,87.0000,18.7956,-68.2044,6.0289,11.8680,0.9702
21164,HOME SWEET HOME METAL SIGN,UNMAPPED,seasonal_naive_lag_7,14,81.0000,47.0000,-34.0000,6.0000,9.9355,1.0370
21813,GARLAND WITH STARS AND BELLS,UNMAPPED,seasonal_naive_lag_7,14,103.0000,91.0000,-12.0000,6.0000,9.0396,0.8155
22046,TEA PARTY WRAPPING PAPER,UNMAPPED,lstm,14,75.0000,13.9417,-61.0583,5.9988,11.2297,1.1198
23013,GLASS APOTHECARY BOTTLE TONIC,UNMAPPED,gru,14,101.0000,63.4970,-37.5030,5.9983,8.4886,0.8314
23126,FELTCRAFT GIRL AMELIE KIT,UNMAPPED,lightgbm,14,73.0000,120.9192,47.9192,5.9955,6.9726,1.1498
21668,RED STRIPE CERAMIC DRAWER KNOB,UNMAPPED,lstm,14,92.0000,37.6902,-54.3098,5.9926,9.2194,0.9119
23381,PACK OF 12 VINTAGE LEAF TISSUES,UNMAPPED,lstm,14,84.0000,14.9826,-69.0174,5.9895,13.5567,0.9982
23267,SET OF 4 SANTA PLACE SETTINGS,UNMAPPED,gru,14,60.0000,72.1706,12.1706,5.9859,7.7977,1.3967
22266,EASTER DECORATION HANGING BUNNY,UNMAPPED,lstm,14,80.0000,12.3217,-67.6783,5.9350,16.9804,1.0386
22179,SET 10 NIGHT OWL LIGHTS,UNMAPPED,seasonal_naive_lag_7,14,78.0000,87.0000,9.0000,5.9286,7.9507,1.0641
22093,MOTORING TISSUE BOX,UNMAPPED,weekday_seasonal_mean,14,82.0000,42.6438,-39.3562,5.9244,10.5158,1.0115
22182,CAKE STAND VICTORIAN FILIGREE SMALL,UNMAPPED,lstm,14,83.0000,4.5547,-78.4453,5.9124,11.5574,0.9973
22584,PACK OF 6 PANETTONE GIFT BOXES,UNMAPPED,lstm,14,76.0000,18.4686,-57.5314,5.9044,9.5948,1.0877
23273,HEART T-LIGHT HOLDER WILLIE WINKIE,UNMAPPED,weekday_seasonal_mean,14,86.0000,15.9664,-70.0336,5.9020,9.6191,0.9608
22813,PACK 3 BOXES BIRD PANETTONE,UNMAPPED,lstm,14,88.0000,31.0567,-56.9433,5.9017,7.5370,0.9389
22220,CAKE STAND LOVEBIRD 2 TIER WHITE,UNMAPPED,lstm,14,87.0000,7.9732,-79.0268,5.8954,10.4803,0.9487
23130,MISTLETOE HEART WREATH GREEN,UNMAPPED,gru,14,63.0000,57.5166,-5.4834,5.8813,7.9185,1.3070
22985,WRAP BILLBOARD FONTS DESIGN,UNMAPPED,lstm,14,75.0000,10.9257,-64.0743,5.8687,11.3066,1.0955
21356,TOAST ITS - FAIRY FLOWER,UNMAPPED,weekday_seasonal_mean,14,100.0000,27.7724,-72.2276,5.8638,8.3791,0.8209
16219,HOUSE SHAPE PENCIL SHARPENER,UNMAPPED,weekday_seasonal_mean,14,73.0000,61.4598,-11.5402,5.8592,12.3416,1.1237
85049G,CHOCOLATE BOX RIBBONS,UNMAPPED,lstm,14,92.0000,27.3549,-64.6451,5.8574,13.7313,0.8913
22995,TRAVEL CARD WALLET SUKI,UNMAPPED,weekday_seasonal_mean,14,104.0000,43.9104,-60.0896,5.8405,8.3987,0.7862
22212,FOUR HOOK WHITE LOVEBIRDS,UNMAPPED,weekday_seasonal_mean,14,97.0000,75.3206,-21.6794,5.8403,9.0028,0.8429
22587,FELTCRAFT HAIRBAND RED AND BLUE,UNMAPPED,weekday_seasonal_mean,14,100.0000,37.2398,-62.7602,5.8221,7.8473,0.8151
22203,MILK PAN RED RETROSPOT,UNMAPPED,lstm,14,83.0000,10.7656,-72.2344,5.8137,10.5390,0.9806
23345,DOLLY GIRL BEAKER,UNMAPPED,weekday_seasonal_mean,14,98.0000,44.7778,-53.2222,5.8103,8.8178,0.8300
23359,SET OF 12 T-LIGHTS VINTAGE DOILY,UNMAPPED,lightgbm,14,42.0000,104.7164,62.7164,5.8083,6.7635,1.9361
22335,HEART DECORATION PAINTED ZINC,UNMAPPED,lightgbm,14,80.0000,114.0964,34.0964,5.8029,6.8701,1.0155
48194,DOORMAT HEARTS,UNMAPPED,lightgbm,14,40.0000,121.1932,81.1932,5.7995,6.6215,2.0298
21900,"KEY FOB , SHED",UNMAPPED,gru,14,101.0000,57.2570,-43.7430,5.7901,10.3945,0.8026
22460,EMBOSSED GLASS TEALIGHT HOLDER,UNMAPPED,weekday_seasonal_mean,14,97.0000,87.5622,-9.4378,5.7857,7.0028,0.8351
21745,GAOLERS KEYS DECORATIVE GARDEN,UNMAPPED,weekday_seasonal_mean,14,58.0000,50.7904,-7.2096,5.7654,8.8145,1.3916
21430,SET/3 RED GINGHAM ROSE STORAGE BOX,UNMAPPED,moving_average_7,14,58.0000,100.4286,42.4286,5.7653,7.4961,1.3916
21916,SET 12 RETRO WHITE CHALK STICKS,UNMAPPED,lightgbm,14,109.0000,143.3464,34.3464,5.7389,7.2710,0.7371
21189,WHITE HONEYCOMB PAPER GARLAND,UNMAPPED,weekday_seasonal_mean,14,86.0000,13.4738,-72.5262,5.7345,9.2920,0.9335
23390,DOLLY GIRL MINI BACKPACK,UNMAPPED,gru,14,99.0000,37.4930,-61.5070,5.7255,13.0424,0.8097
20768,GREEN FERN JOURNAL,UNMAPPED,seasonal_naive_lag_7,14,47.0000,41.0000,-6.0000,5.7143,13.3470,1.7021
22170,PICTURE FRAME WOOD TRIPLE PORTRAIT,UNMAPPED,naive_lag_1,14,50.0000,46.0000,-4.0000,5.7143,9.3274,1.6000
22586,FELTCRAFT HAIRBAND PINK AND BLUE,UNMAPPED,seasonal_naive_lag_7,14,60.0000,66.0000,6.0000,5.7143,8.0178,1.3333
22694,WICKER STAR,UNMAPPED,weekday_seasonal_mean,14,131.0000,90.4148,-40.5852,5.7073,9.4502,0.6099
21899,GARAGE KEY FOB,UNMAPPED,lstm,14,86.0000,30.1223,-55.8777,5.6867,10.0355,0.9257
84510A,SET OF 4 ENGLISH ROSE COASTERS,UNMAPPED,lstm,14,86.0000,23.4479,-62.5521,5.6861,8.3589,0.9256
79190B,RETRO PLASTIC POLKA TRAY,UNMAPPED,lstm,14,75.0000,8.9502,-66.0498,5.6845,10.3622,1.0611
22984,CARD GINGHAM ROSE,UNMAPPED,lstm,14,73.0000,16.2922,-56.7078,5.6723,9.7027,1.0878
21446,12 RED ROSE PEG PLACE SETTINGS,UNMAPPED,seasonal_naive_lag_7,14,44.0000,41.0000,-3.0000,5.6429,9.6695,1.7955
23012,GLASS APOTHECARY BOTTLE PERFUME,UNMAPPED,gru,14,80.0000,52.8999,-27.1001,5.6214,7.8630,0.9837
22851,SET 20 NAPKINS FAIRY CAKES DESIGN,UNMAPPED,weekday_seasonal_mean,14,40.0000,97.7074,57.7074,5.6178,6.5264,1.9662
22722,SET OF 6 SPICE TINS PANTRY DESIGN,UNMAPPED,weekday_seasonal_mean,14,144.0000,109.4494,-34.5506,5.6010,7.5952,0.5445
23235,STORAGE TIN VINTAGE LEAF,UNMAPPED,lstm,14,80.0000,6.7428,-73.2572,5.5842,9.5462,0.9772
22163,HEART STRING MEMO HOLDER HANGING,UNMAPPED,weekday_seasonal_mean,14,87.0000,19.6180,-67.3820,5.5835,9.7845,0.8985
22456,NATURAL SLATE CHALKBOARD LARGE,UNMAPPED,naive_lag_1,14,51.0000,71.0000,20.0000,5.5714,8.3409,1.5294
22806,SET OF 6 T-LIGHTS WEDDING CAKE,UNMAPPED,seasonal_naive_lag_7,14,66.0000,24.0000,-42.0000,5.5714,11.4518,1.1818
22302,COFFEE MUG PEARS DESIGN,UNMAPPED,weekday_seasonal_mean,14,102.0000,93.8492,-8.1508,5.5673,6.5043,0.7641
21640,ASSORTED TUTTI FRUTTI FOB NOTEBOOK,UNMAPPED,weekday_seasonal_mean,14,61.0000,41.8978,-19.1022,5.5588,8.6159,1.2758
22396,MAGNETS PACK OF 4 RETRO PHOTO,UNMAPPED,lstm,14,76.0000,15.6075,-60.3925,5.5362,9.7475,1.0198
23121,PACK OF 6 COCKTAIL PARASOL STRAWS,UNMAPPED,weekday_seasonal_mean,14,56.0000,45.6004,-10.3996,5.5280,8.3731,1.3820
21888,BINGO SET,UNMAPPED,weekday_seasonal_mean,14,55.0000,66.1222,11.1222,5.5056,6.9771,1.4014
POST,POSTAGE,UNMAPPED,weekday_seasonal_mean,14,192.0000,194.1582,2.1582,5.5043,7.0951,0.4014
23244,ROUND STORAGE TIN VINTAGE LEAF,UNMAPPED,seasonal_naive_lag_7,14,51.0000,38.0000,-13.0000,5.5000,8.2505,1.5098
22173,METAL 4 HOOK HANGER FRENCH CHATEAU,UNMAPPED,weekday_seasonal_mean,14,82.0000,94.3834,12.3834,5.4990,6.7550,0.9389
37340,MULTICOLOUR SPRING FLOWER MUG,UNMAPPED,gru,14,64.0000,36.2872,-27.7128,5.4964,7.3830,1.2023
22973,CHILDREN'S CIRCUS PARADE MUG,UNMAPPED,lstm,14,74.0000,10.1528,-63.8472,5.4935,13.3501,1.0393
23291,DOLLY GIRL CHILDRENS CUP,UNMAPPED,xgboost,14,47.0000,112.9176,65.9176,5.4884,6.5793,1.6349
22714,CARD BIRTHDAY COWBOY,UNMAPPED,lstm,14,75.0000,25.5791,-49.4209,5.4793,9.1548,1.0228
22410,MONEY BOX HOUSEKEEPING DESIGN,UNMAPPED,moving_average_7,14,85.0000,37.2857,-47.7143,5.4694,9.6440,0.9008
35095A,BLUE VICTORIAN FABRIC OVAL BOX,UNMAPPED,weekday_seasonal_mean,14,81.0000,32.2892,-48.7108,5.4431,9.0209,0.9408
21216,"SET 3 RETROSPOT TEA,COFFEE,SUGAR",UNMAPPED,weekday_seasonal_mean,14,93.0000,73.0586,-19.9414,5.4412,9.1131,0.8191
21371,MIRRORED WALL ART POPPIES,UNMAPPED,naive_lag_1,14,38.0000,38.0000,0.0000,5.4286,10.1700,2.0000
22026,BANQUET BIRTHDAY CARD,UNMAPPED,naive_lag_1,14,45.0000,43.0000,-2.0000,5.4286,7.6064,1.6889
72799C,PINK PILLAR CANDLE SILVER FLOCK,UNMAPPED,naive_lag_1,14,61.0000,65.0000,4.0000,5.4286,8.2635,1.2459
22420,LIPSTICK PEN BABY PINK,UNMAPPED,weekday_seasonal_mean,14,83.0000,36.2548,-46.7452,5.4003,9.0149,0.9109
22472,TV DINNER TRAY DOLLY GIRL,UNMAPPED,lstm,14,77.0000,9.1273,-67.8727,5.3944,11.4395,0.9808
21373,MIRRORED WALL ART SNOWFLAKES,UNMAPPED,weekday_seasonal_mean,14,73.0000,9.3958,-63.6042,5.3840,11.7793,1.0326
22474,SPACEBOY TV DINNER TRAY,UNMAPPED,gru,14,79.0000,14.6768,-64.3232,5.3745,11.3650,0.9524
35967,FOLK ART METAL STAR T-LIGHT HOLDER,UNMAPPED,weekday_seasonal_mean,14,80.0000,16.0640,-63.9360,5.3656,8.2397,0.9390
16156L,WRAP CAROUSEL,UNMAPPED,seasonal_naive_lag_7,14,25.0000,50.0000,25.0000,5.3571,11.5728,3.0000
23550,WRAP ALPHABET POSTER,UNMAPPED,naive_lag_1,14,50.0000,25.0000,-25.0000,5.3571,11.5728,1.5000
37500,TEA TIME TEAPOT IN GIFT BOX,UNMAPPED,seasonal_naive_lag_7,14,43.0000,56.0000,13.0000,5.3571,9.5656,1.7442
23148,MINIATURE ANTIQUE ROSE HOOK IVORY,UNMAPPED,weekday_seasonal_mean,14,90.0000,37.1018,-52.8982,5.3528,12.4680,0.8327
23156,SET OF 5 MINI GROCERY MAGNETS,UNMAPPED,weekday_seasonal_mean,14,72.0000,29.1158,-42.8842,5.3128,8.0350,1.0330
21843,RED RETROSPOT CAKE STAND,UNMAPPED,gru,14,114.0000,67.6376,-46.3624,5.3100,8.7042,0.6521
21944,KITTENS DESIGN FLANNEL,UNMAPPED,lstm,14,72.0000,11.3191,-60.6809,5.3073,9.2334,1.0320
22604,SET OF 4 NAPKIN CHARMS CUTLERY,UNMAPPED,weekday_seasonal_mean,14,45.0000,87.9498,42.9498,5.2913,9.3243,1.6462
21877,HOME SWEET HOME MUG,UNMAPPED,lstm,14,86.0000,32.6230,-53.3770,5.2873,9.1107,0.8607
21158,MOODY GIRL DOOR HANGER,UNMAPPED,weekday_seasonal_mean,14,88.0000,47.3614,-40.6386,5.2857,8.9850,0.8409
21698,MOCK LOBSTER FRIDGE MAGNET,UNMAPPED,naive_lag_1,14,31.0000,43.0000,12.0000,5.2857,9.8343,2.3871
22211,WOOD STAMP SET FLOWERS,UNMAPPED,seasonal_naive_lag_7,14,43.0000,85.0000,42.0000,5.2857,7.0407,1.7209
85014B,RED RETROSPOT UMBRELLA,UNMAPPED,lstm,14,76.0000,28.1630,-47.8370,5.2794,12.6027,0.9725
85227,SET OF 6 3D KIT CARDS FOR KIDS,UNMAPPED,weekday_seasonal_mean,14,100.0000,62.7898,-37.2102,5.2744,8.5972,0.7384
20869,GOLD FABRIC MIRROR,UNMAPPED,lstm,14,68.0000,8.3296,-59.6704,5.2560,16.4930,1.0821
21981,PACK OF 12 WOODLAND TISSUES,UNMAPPED,gru,14,78.0000,50.5907,-27.4093,5.2535,9.1260,0.9429
21803,CHRISTMAS TREE STAR DECORATION,UNMAPPED,weekday_seasonal_mean,14,32.0000,82.5446,50.5446,5.2532,6.1892,2.2983
22955,36 FOIL STAR CAKE CASES,UNMAPPED,weekday_seasonal_mean,14,79.0000,28.2626,-50.7374,5.2426,9.2062,0.9291
22441,GROW YOUR OWN BASIL IN ENAMEL MUG,UNMAPPED,weekday_seasonal_mean,14,87.0000,48.7804,-38.2196,5.2395,9.0035,0.8431
21932,SCANDINAVIAN PAISLEY PICNIC BAG,UNMAPPED,lstm,14,76.0000,29.0956,-46.9044,5.2327,7.4936,0.9639
22477,WATERING CAN GARDEN MARKER,UNMAPPED,lstm,14,71.0000,11.8243,-59.1757,5.2267,15.9395,1.0306
22115,METAL SIGN EMPIRE TEA,UNMAPPED,weekday_seasonal_mean,14,92.0000,52.5004,-39.4996,5.2194,7.7361,0.7943
23162,REGENCY TEA STRAINER,UNMAPPED,weekday_seasonal_mean,14,73.0000,25.1150,-47.8850,5.2009,12.7486,0.9974
22332,SKULLS PARTY BAG + STICKER SET,UNMAPPED,weekday_seasonal_mean,14,8.0000,80.7438,72.7438,5.1960,6.4588,9.0930
22795,SWEETHEART RECIPE BOOK STAND,UNMAPPED,lightgbm,14,87.0000,110.0645,23.0645,5.1937,6.7868,0.8358
85230B,CINNAMON SCENTED VOTIVE CANDLE,UNMAPPED,weekday_seasonal_mean,14,48.0000,36.9472,-11.0528,5.1881,8.3976,1.5132
22381,TOY TIDY PINK POLKADOT,UNMAPPED,gru,14,75.0000,41.0000,-34.0000,5.1833,10.5089,0.9676
22817,CARD SUKI BIRTHDAY,UNMAPPED,weekday_seasonal_mean,14,92.0000,61.5668,-30.4332,5.1818,7.4554,0.7885
22617,BAKING SET SPACEBOY DESIGN,UNMAPPED,weekday_seasonal_mean,14,131.0000,76.4546,-54.5454,5.1667,8.4774,0.5522
23237,SET OF 4 KNICK KNACK TINS LEAF,UNMAPPED,weekday_seasonal_mean,14,78.0000,17.7448,-60.2552,5.1663,7.0053,0.9273
21754,HOME BUILDING BLOCK WORD,UNMAPPED,weekday_seasonal_mean,14,85.0000,145.1900,60.1900,5.1536,6.4153,0.8488
22327,ROUND SNACK BOXES SET OF 4 SKULLS,UNMAPPED,weekday_seasonal_mean,14,116.0000,57.0590,-58.9410,5.1498,12.2545,0.6215
22801,ANTIQUE GLASS PEDESTAL BOWL,UNMAPPED,seasonal_naive_lag_7,14,66.0000,98.0000,32.0000,5.1429,8.2115,1.0909
85230A,OPIUM SCENTED VOTIVE CANDLE,UNMAPPED,seasonal_naive_lag_7,14,24.0000,48.0000,24.0000,5.1429,11.1098,3.0000
23289,DOLLY GIRL CHILDRENS BOWL,UNMAPPED,xgboost,14,37.0000,108.8408,71.8408,5.1315,5.8004,1.9416
23029,DRAWER KNOB CRACKLE GLAZE GREEN,UNMAPPED,weekday_seasonal_mean,14,84.0000,23.9610,-60.0390,5.1050,7.0963,0.8508
21983,PACK OF 12 BLUE PAISLEY TISSUES,UNMAPPED,gru,14,73.0000,28.1501,-44.8499,5.0947,10.0322,0.9771
22300,COFFEE MUG DOG + BALL DESIGN,UNMAPPED,lstm,14,72.0000,21.6253,-50.3747,5.0947,6.9793,0.9906
22566,FELTCRAFT HAIRBAND PINK AND PURPLE,UNMAPPED,weekday_seasonal_mean,14,85.0000,51.2690,-33.7310,5.0771,8.2976,0.8362
22536,MAGIC DRAWING SLATE PURDEY,UNMAPPED,lstm,14,65.0000,16.4985,-48.5015,5.0605,12.7762,1.0899
16238,PARTY TIME PENCIL ERASERS,UNMAPPED,lstm,14,71.0000,26.8407,-44.1593,5.0507,8.7510,0.9959
22805,BLUE DRAWER KNOB ACRYLIC EDWARDIAN,UNMAPPED,lstm,14,69.0000,17.2873,-51.7127,5.0377,10.7834,1.0221
21086,SET/6 RED SPOTTY PAPER CUPS,UNMAPPED,lstm,14,63.0000,41.2864,-21.7136,5.0273,6.6884,1.1172
22675,FRENCH KITCHEN SIGN BLUE METAL,UNMAPPED,lstm,14,68.0000,7.8743,-60.1257,5.0243,12.0840,1.0344
21901,"KEY FOB , BACK DOOR",UNMAPPED,gru,14,77.0000,40.5230,-36.4770,5.0179,8.3240,0.9123
48138,DOORMAT UNION FLAG,UNMAPPED,lstm,14,91.0000,40.3013,-50.6987,5.0100,7.2177,0.7708
23227,FILIGREE HEART BUTTERFLY WHITE,UNMAPPED,weekday_seasonal_mean,14,76.0000,29.3486,-46.6514,5.0093,9.4049,0.9228
23102,SILVER HEARTS TABLE DECORATION,UNMAPPED,seasonal_naive_lag_7,14,11.0000,69.0000,58.0000,5.0000,7.6718,6.3636
72800B,4 PURPLE FLOCK DINNER CANDLES,UNMAPPED,seasonal_naive_lag_7,14,62.0000,34.0000,-28.0000,5.0000,7.3679,1.1290
47421,ASSORTED COLOUR LIZARD SUCTION HOOK,UNMAPPED,lstm,14,66.0000,9.3059,-56.6941,4.9958,9.2308,1.0597
85199L,LARGE HANGING IVORY & RED WOOD BIRD,UNMAPPED,lstm,14,63.0000,8.9528,-54.0472,4.9853,15.9778,1.1078
22529,MAGIC DRAWING SLATE GO TO THE FAIR,UNMAPPED,weekday_seasonal_mean,14,57.0000,44.1912,-12.8088,4.9598,8.0091,1.2182
21670,BLUE SPOT CERAMIC DRAWER KNOB,UNMAPPED,lstm,14,65.0000,33.5355,-31.4645,4.9433,6.9011,1.0647
17012C,ORIGAMI LAVENDER INCENSE/CANDL SET,UNMAPPED,seasonal_naive_lag_7,14,23.0000,58.0000,35.0000,4.9286,8.7872,3.0000
23081,GREEN METAL BOX ARMY SUPPLIES,UNMAPPED,lstm,14,71.0000,28.1796,-42.8204,4.9268,6.9089,0.9715
22195,LARGE HEART MEASURING SPOONS,UNMAPPED,weekday_seasonal_mean,14,111.0000,95.3924,-15.6076,4.9172,8.4009,0.6202
23377,PACK OF 12 DOLLY GIRL TISSUES,UNMAPPED,gru,14,74.0000,72.5145,-1.4855,4.9051,7.2145,0.9280
22930,BAKING MOULD HEART MILK CHOCOLATE,UNMAPPED,lstm,14,65.0000,9.3520,-55.6480,4.8961,13.2424,1.0545
21531,RED RETROSPOT SUGAR JAM BOWL,UNMAPPED,xgboost,14,32.0000,87.1859,55.1859,4.8854,5.8664,2.1374
23388,WOODLAND MINI BACKPACK,UNMAPPED,lightgbm,14,45.0000,99.4718,54.4718,4.8854,5.6622,1.5199
21124,SET/10 BLUE POLKADOT PARTY CANDLES,UNMAPPED,lstm,14,62.0000,15.6290,-46.3710,4.8843,9.5342,1.1029
23220,REINDEER HEART DECORATION GOLD,UNMAPPED,gru,14,77.0000,72.4224,-4.5776,4.8791,6.7724,0.8871
79051A,SMOKEY GREY COLOUR GLASS,UNMAPPED,weekday_seasonal_mean,14,62.0000,16.0516,-45.9484,4.8537,8.8174,1.0960
22079,RIBBON REEL HEARTS DESIGN,UNMAPPED,weekday_seasonal_mean,14,87.0000,95.3460,8.3460,4.8459,7.1008,0.7798
22962,JAM JAR WITH PINK LID,UNMAPPED,lstm,14,66.0000,26.8156,-39.1844,4.8443,8.0916,1.0276
21623,VINTAGE UNION JACK MEMOBOARD,UNMAPPED,lstm,14,71.0000,13.2232,-57.7768,4.8331,14.7860,0.9530
22642,SET OF 4 NAPKIN CHARMS STARS,UNMAPPED,lstm,14,68.0000,9.4740,-58.5260,4.8283,9.2533,0.9941
21872,GLAMOROUS MUG,UNMAPPED,gru,14,70.0000,22.7922,-47.2078,4.8077,7.7361,0.9615
22321,BIRD DECORATION RED RETROSPOT,UNMAPPED,lightgbm,14,5.0000,72.3026,67.3026,4.8073,5.6163,13.4605
23222,CHRISTMAS TREE HANGING GOLD,UNMAPPED,weekday_seasonal_mean,14,74.0000,12.3514,-61.6486,4.8044,7.8608,0.9089
85014A,BLACK/BLUE POLKADOT UMBRELLA,UNMAPPED,lstm,14,62.0000,19.8991,-42.1009,4.7913,13.3287,1.0819
22042,CHRISTMAS CARD SINGING ANGEL,UNMAPPED,lstm,14,60.0000,14.0766,-45.9234,4.7886,8.0976,1.1173
23255,CHILDRENS CUTLERY CIRCUS PARADE,UNMAPPED,naive_lag_1,14,48.0000,37.0000,-11.0000,4.7857,6.3640,1.3958
21159,MOODY BOY DOOR HANGER,UNMAPPED,weekday_seasonal_mean,14,67.0000,38.5110,-28.4890,4.7854,8.8801,0.9999
22233,JIGSAW RABBIT AND BIRDHOUSE,UNMAPPED,moving_average_7,14,48.0000,47.4287,-0.5713,4.7755,7.3399,1.3929
84535B,FAIRY CAKES NOTEBOOK A6 SIZE,UNMAPPED,lstm,14,64.0000,21.8909,-42.1091,4.7700,12.5186,1.0434
23375,50'S CHRISTMAS PAPER GIFT BAG,UNMAPPED,weekday_seasonal_mean,14,71.0000,22.3818,-48.6182,4.7521,7.0354,0.9370
21508,VINTAGE KID DOLLY CARD,UNMAPPED,lstm,14,65.0000,15.1616,-49.8384,4.7458,8.3438,1.0222
85062,PEARL CRYSTAL PUMPKIN T-LIGHT HLDR,UNMAPPED,lstm,14,61.0000,14.3527,-46.6473,4.7402,9.4819,1.0879
22169,FAMILY ALBUM WHITE PICTURE FRAME,UNMAPPED,weekday_seasonal_mean,14,74.0000,41.7678,-32.2322,4.7400,7.7031,0.8968
22301,COFFEE MUG CAT + BIRD DESIGN,UNMAPPED,lstm,14,69.0000,25.2606,-43.7394,4.7378,6.8726,0.9613
22507,MEMO BOARD RETROSPOT DESIGN,UNMAPPED,lightgbm,14,74.0000,119.8645,45.8645,4.7355,5.8091,0.8959
21259,VICTORIAN SEWING BOX SMALL,UNMAPPED,xgboost,14,66.0000,99.4776,33.4776,4.7326,5.7099,1.0039
72819,CUPID DESIGN SCENTED CANDLES,UNMAPPED,lstm,14,65.0000,5.4766,-59.5234,4.7274,9.5444,1.0182
22564,ALPHABET STENCIL CRAFT,UNMAPPED,lstm,14,69.0000,34.4571,-34.5429,4.7069,6.2918,0.9550
21523,DOORMAT FANCY FONT HOME SWEET HOME,UNMAPPED,lightgbm,14,63.0000,116.0775,53.0775,4.6631,5.9275,1.0362
85212,MINI PAINTED GARDEN DECORATION,UNMAPPED,lstm,14,60.0000,8.4423,-51.5577,4.6600,8.3013,1.0873
84598,BOYS ALPHABET IRON ON PATCHES,UNMAPPED,lstm,14,57.0000,23.4824,-33.5176,4.6532,7.5286,1.1429
22339,CHRISTMAS TREE PAINTED ZINC,UNMAPPED,weekday_seasonal_mean,14,0.0000,65.0462,65.0462,4.6462,5.3713,0.0000
17012F,ORIGAMI SANDLEWOOD INCENSE/CAND SET,UNMAPPED,seasonal_naive_lag_7,14,52.0000,93.0000,41.0000,4.6429,8.0401,1.2500
84661A,WHITE SQUARE TABLE CLOCK,UNMAPPED,seasonal_naive_lag_7,14,64.0000,1.0000,-63.0000,4.6429,13.4987,1.0156
22643,SET OF 4 NAPKIN CHARMS LEAVES,UNMAPPED,lstm,14,64.0000,6.8408,-57.1592,4.6330,10.2828,1.0135
22939,ADULT APRON APPLE DELIGHT,UNMAPPED,lstm,14,59.0000,9.7470,-49.2530,4.6324,13.4041,1.0992
70007,HI TEC ALPINE HAND WARMER,UNMAPPED,weekday_seasonal_mean,14,63.0000,23.1560,-39.8440,4.6083,9.9739,1.0241
22307,GOLD MUG BONE CHINA TREE OF LIFE,UNMAPPED,weekday_seasonal_mean,14,62.0000,19.4684,-42.5316,4.6071,8.7158,1.0403
37448,CERAMIC CAKE DESIGN SPOTTED MUG,UNMAPPED,lstm,14,66.0000,16.1524,-49.8476,4.6028,8.1389,0.9763
20969,RED FLORAL FELTCRAFT SHOULDER BAG,UNMAPPED,weekday_seasonal_mean,14,71.0000,59.6104,-11.3896,4.5984,5.9239,0.9067
90086,CRYSTAL FROG PHONE CHARM,UNMAPPED,weekday_seasonal_mean,14,64.0000,2.9402,-61.0598,4.5942,13.1542,1.0050
21403,BLUE EGG SPOON,UNMAPPED,lstm,14,56.0000,17.0624,-38.9376,4.5772,12.5697,1.1443
22615,PACK OF 12 CIRCUS PARADE TISSUES,UNMAPPED,naive_lag_1,14,38.0000,34.0000,-4.0000,4.5714,6.9076,1.6842
21864,UNION JACK FLAG PASSPORT COVER,UNMAPPED,gru,14,64.0000,11.5781,-52.4219,4.5096,12.7334,0.9865
22432,WATERING CAN PINK BUNNY,UNMAPPED,lstm,14,62.0000,3.4056,-58.5944,4.5092,12.9727,1.0182
84951A,SET OF 4 PISTACHIO LOVEBIRD COASTER,UNMAPPED,naive_lag_1,14,31.0000,32.0000,1.0000,4.5000,10.6469,2.0323
20755,BLUE PAISLEY POCKET BOOK,UNMAPPED,gru,14,54.0000,16.8379,-37.1621,4.4793,8.7751,1.1613
21327,SKULLS WRITING SET,UNMAPPED,weekday_seasonal_mean,14,78.0000,34.7328,-43.2672,4.4563,7.0235,0.7999
22774,RED DRAWER KNOB ACRYLIC EDWARDIAN,UNMAPPED,lstm,14,55.0000,15.7032,-39.2968,4.4533,10.8878,1.1336
22672,FRENCH BATHROOM SIGN BLUE METAL,UNMAPPED,lstm,14,64.0000,18.0268,-45.9732,4.4523,8.3563,0.9739
23274,STAR T-LIGHT HOLDER WILLIE WINKIE,UNMAPPED,weekday_seasonal_mean,14,74.0000,19.3622,-54.6378,4.3922,6.4764,0.8310
22707,WRAP MONSTER FUN,UNMAPPED,lstm,14,50.0000,15.4116,-34.5884,4.3888,9.1349,1.2289
22773,GREEN DRAWER KNOB ACRYLIC EDWARDIAN,UNMAPPED,lstm,14,60.0000,15.2868,-44.7132,4.3819,6.3883,1.0224
72800C,4 PINK DINNER CANDLE SILVER FLOCK,UNMAPPED,weekday_seasonal_mean,14,62.0000,11.5720,-50.4280,4.3760,8.0572,0.9881
17084N,FAIRY DREAMS INCENSE,UNMAPPED,lstm,14,57.0000,8.0368,-48.9632,4.3673,9.8891,1.0727
22766,PHOTO FRAME CORNICE,UNMAPPED,gru,14,64.0000,59.5824,-4.4176,4.3610,5.2666,0.9540
23393,HOME SWEET HOME CUSHION COVER,UNMAPPED,gru,14,58.0000,74.0824,16.0824,4.3537,4.9768,1.0509
85032B,BLOSSOM IMAGES GIFT WRAP SET,UNMAPPED,weekday_seasonal_mean,14,63.0000,17.2932,-45.7068,4.3361,6.8586,0.9636
22651,GENTLEMAN SHIRT REPAIR KIT,UNMAPPED,gru,14,65.0000,31.0357,-33.9643,4.3187,8.5972,0.9302
85231B,CINAMMON SET OF 9 T-LIGHTS,UNMAPPED,lstm,14,67.0000,24.1404,-42.8596,4.3149,7.6827,0.9016
23223,CHRISTMAS TREE HANGING SILVER,UNMAPPED,gru,14,69.0000,47.9375,-21.0625,4.2946,6.3268,0.8714
22124,SET OF 2 TEA TOWELS PING MICROWAVE,UNMAPPED,lstm,14,66.0000,9.4075,-56.5925,4.2941,7.3116,0.9109
72349B,SET/6 PURPLE BUTTERFLY T-LIGHTS,UNMAPPED,weekday_seasonal_mean,14,83.0000,40.2524,-42.7476,4.2829,7.6529,0.7224
22701,PINK DOG BOWL,UNMAPPED,xgboost,14,93.0000,51.0980,-41.9020,4.2695,8.1218,0.6427
22650,CERAMIC PIRATE CHEST MONEY BANK,UNMAPPED,weekday_seasonal_mean,14,63.0000,32.5092,-30.4908,4.2656,7.8611,0.9479
22748,POPPY'S PLAYHOUSE KITCHEN,UNMAPPED,weekday_seasonal_mean,14,63.0000,76.2208,13.2208,4.2527,5.1743,0.9451
21821,GLITTER STAR GARLAND WITH BELLS,UNMAPPED,lightgbm,14,9.0000,67.9189,58.9189,4.2345,5.0263,6.5870
22193,RED DINER WALL CLOCK,UNMAPPED,weekday_seasonal_mean,14,84.0000,34.8788,-49.1212,4.2331,7.3173,0.7055
15039,SANDALWOOD FAN,UNMAPPED,gru,14,48.0000,25.9326,-22.0674,4.2289,10.7261,1.2334
21832,CHOCOLATE CALCULATOR,UNMAPPED,weekday_seasonal_mean,14,50.0000,62.8714,12.8714,4.2192,7.1521,1.1814
22342,HOME GARLAND PAINTED ZINC,UNMAPPED,naive_lag_1,14,33.0000,26.0000,-7.0000,4.2143,9.6399,1.7879
23182,TOILET SIGN OCCUPIED OR VACANT,UNMAPPED,weekday_seasonal_mean,14,85.0000,69.9920,-15.0080,4.2143,6.3023,0.6941
84951B,SET OF 4 BLACK LOVEBIRD COASTERS,UNMAPPED,lstm,14,57.0000,10.5653,-46.4347,4.2135,9.2745,1.0349
21890,S/6 WOODEN SKITTLES IN COTTON BAG,UNMAPPED,weekday_seasonal_mean,14,38.0000,66.4112,28.4112,4.2038,5.0687,1.5488
20828,GLITTER BUTTERFLY CLIPS,UNMAPPED,weekday_seasonal_mean,14,51.0000,84.8154,33.8154,4.1946,5.1408,1.1515
22367,CHILDRENS APRON SPACEBOY DESIGN,UNMAPPED,weekday_seasonal_mean,14,169.0000,148.3710,-20.6290,4.1863,6.1143,0.3468
22991,GIRAFFE WOODEN RULER,UNMAPPED,weekday_seasonal_mean,14,113.0000,70.2382,-42.7618,4.1658,5.6526,0.5161
23360,SET 8 CANDLES VINTAGE DOILY,UNMAPPED,weekday_seasonal_mean,14,61.0000,20.1498,-40.8502,4.1627,12.4452,0.9554
22663,JUMBO BAG DOLLY GIRL DESIGN,UNMAPPED,weekday_seasonal_mean,14,106.0000,109.6356,3.6356,4.1578,5.2381,0.5491
35599D,PINK AND WHITE CHRISTMAS TREE 120CM,UNMAPPED,weekday_seasonal_mean,14,53.0000,6.4252,-46.5748,4.1457,11.3260,1.0951
21239,PINK POLKADOT CUP,UNMAPPED,lstm,14,61.0000,24.4978,-36.5022,4.1398,6.4457,0.9501
21257,VICTORIAN SEWING BOX MEDIUM,UNMAPPED,weekday_seasonal_mean,14,78.0000,28.0320,-49.9680,4.1378,5.9725,0.7427
22976,CIRCUS PARADE CHILDRENS EGG CUP,UNMAPPED,gru,14,55.0000,13.0357,-41.9643,4.1328,7.7065,1.0520
22895,SET OF 2 TEA TOWELS APPLE AND PEARS,UNMAPPED,weekday_seasonal_mean,14,45.0000,75.1698,30.1698,4.0847,5.6332,1.2708
21068,VINTAGE BILLBOARD LOVE/HATE MUG,UNMAPPED,lstm,14,54.0000,24.0548,-29.9452,4.0779,7.4630,1.0572
11001,ASSTD DESIGN RACING CAR PEN,UNMAPPED,naive_lag_1,14,25.0000,42.0000,17.0000,4.0714,7.1664,2.2800
21684,SMALL MEDINA STAMPED METAL BOWL,UNMAPPED,seasonal_naive_lag_7,14,29.0000,34.0000,5.0000,4.0714,6.5738,1.9655
21937,STRAWBERRY PICNIC BAG,UNMAPPED,seasonal_naive_lag_7,14,4.0000,53.0000,49.0000,4.0714,13.6617,14.2500
23396,LE JARDIN BOTANIQUE CUSHION COVER,UNMAPPED,gru,14,54.0000,60.3979,6.3979,4.0580,4.8204,1.0521
21390,FILIGRIS HEART WITH BUTTERFLY,UNMAPPED,lstm,14,54.0000,21.4432,-32.5568,4.0410,8.1564,1.0477
23127,FELTCRAFT GIRL NICOLE KIT,UNMAPPED,lightgbm,14,47.0000,94.9803,47.9803,4.0345,4.9325,1.2018
22267,EASTER DECORATION EGG BUNNY,UNMAPPED,lstm,14,52.0000,5.5246,-46.4754,4.0283,13.0604,1.0845
22067,CHOC TRUFFLE GOLD TRINKET POT,UNMAPPED,lstm,14,53.0000,7.0156,-45.9844,4.0193,10.0547,1.0617
22478,BIRDHOUSE GARDEN MARKER,UNMAPPED,gru,14,59.0000,14.9616,-44.0384,4.0120,7.6342,0.9520
22352,LUNCH BOX WITH CUTLERY RETROSPOT,UNMAPPED,seasonal_naive_lag_7,14,55.0000,65.0000,10.0000,4.0000,5.7071,1.0182
22471,TV DINNER TRAY AIR HOSTESS,UNMAPPED,seasonal_naive_lag_7,14,56.0000,10.0000,-46.0000,4.0000,8.8156,1.0000
84820,DANISH ROSE TRINKET TRAYS,UNMAPPED,seasonal_naive_lag_7,14,52.0000,4.0000,-48.0000,4.0000,9.6214,1.0769
21558,SKULL LUNCH BOX WITH CUTLERY,UNMAPPED,weekday_seasonal_mean,14,34.0000,80.1874,46.1874,3.9936,4.9661,1.6444
22513,DOORSTOP FOOTBALL DESIGN,UNMAPPED,lstm,14,59.0000,5.7141,-53.2859,3.9793,8.2497,0.9442
37413,ICON MUG REVOLUTIONARY,UNMAPPED,lstm,14,49.0000,19.1768,-29.8232,3.9738,6.4317,1.1354
22080,RIBBON REEL POLKADOTS,UNMAPPED,weekday_seasonal_mean,14,77.0000,78.4736,1.4736,3.9709,5.3505,0.7220
20675,BLUE POLKADOT BOWL,UNMAPPED,lstm,14,53.0000,22.8712,-30.1288,3.9635,7.3057,1.0470
21365,MIRRORED WALL ART STARS,UNMAPPED,weekday_seasonal_mean,14,52.0000,7.9390,-44.0610,3.9584,7.6880,1.0657
35598B,BLACK CHRISTMAS TREE 60CM,UNMAPPED,lstm,14,49.0000,9.7552,-39.2448,3.9572,8.8696,1.1306
22638,SET OF 4 NAPKIN CHARMS CROWNS,UNMAPPED,lstm,14,57.0000,8.0087,-48.9913,3.9515,8.6944,0.9705
22804,PINK HANGING HEART T-LIGHT HOLDER,UNMAPPED,weekday_seasonal_mean,14,44.0000,87.8454,43.8454,3.9407,5.2831,1.2539
23226,FILIGREE HEART DAISY WHITE,UNMAPPED,weekday_seasonal_mean,14,42.0000,21.6390,-20.3610,3.9370,7.5985,1.3123
22779,WOODEN OWLS LIGHT GARLAND,UNMAPPED,seasonal_naive_lag_7,14,38.0000,59.0000,21.0000,3.9286,4.7585,1.4474
22897,OVEN MITT APPLES DESIGN,UNMAPPED,seasonal_naive_lag_7,14,26.0000,43.0000,17.0000,3.9286,5.5356,2.1154
84993A,75 GREEN PETIT FOUR CASES,UNMAPPED,seasonal_naive_lag_7,14,31.0000,24.0000,-7.0000,3.9286,9.1222,1.7742
84926A,WAKE UP COCKEREL TILE COASTER,UNMAPPED,lstm,14,48.0000,8.9864,-39.0136,3.9258,8.9023,1.1450
22024,RAINY LADIES BIRTHDAY CARD,UNMAPPED,gru,14,48.0000,27.8563,-20.1437,3.9192,6.8451,1.1431
79191C,RETRO PLASTIC ELEPHANT TRAY,UNMAPPED,lstm,14,50.0000,8.5768,-41.4232,3.9153,7.6617,1.0963
22078,RIBBON REEL LACE DESIGN,UNMAPPED,lstm,14,54.0000,24.6114,-29.3886,3.9145,5.1711,1.0149
84821,DANISH ROSE DELUXE COASTER,UNMAPPED,lstm,14,52.0000,3.5139,-48.4861,3.9116,12.8082,1.0531
22607,WOODEN ROUNDERS GARDEN SET,UNMAPPED,lstm,14,64.0000,23.4667,-40.5333,3.9050,5.9026,0.8542
48184,DOORMAT ENGLISH ROSE,UNMAPPED,lstm,14,61.0000,24.8752,-36.1248,3.9036,6.4093,0.8959
22572,ROCKING HORSE GREEN CHRISTMAS,UNMAPPED,weekday_seasonal_mean,14,13.0000,62.1118,49.1118,3.9028,4.5686,4.2030
20829,GLITTER HANGING BUTTERFLY STRING,UNMAPPED,moving_average_7,14,27.0000,58.1429,31.1429,3.8980,4.8616,2.0212
23403,LETTER HOLDER HOME SWEET HOME,UNMAPPED,moving_average_7,14,48.0000,47.7144,-0.2856,3.8980,4.5567,1.1369
22389,PAPERWEIGHT SAVE THE PLANET,UNMAPPED,lstm,14,55.0000,6.6722,-48.3278,3.8965,6.2704,0.9918
85179A,GREEN BITTY LIGHT CHAIN,UNMAPPED,weekday_seasonal_mean,14,56.0000,2.1830,-53.8170,3.8932,7.2976,0.9733
21679,SKULLS STICKERS,UNMAPPED,lstm,14,46.0000,16.9831,-29.0169,3.8854,6.6938,1.1825
21788,KIDS RAIN MAC BLUE,UNMAPPED,gru,14,48.0000,8.0465,-39.9535,3.8854,8.9338,1.1332
21967,PACK OF 12 SKULL TISSUES,UNMAPPED,lstm,14,56.0000,29.2893,-26.7107,3.8836,5.9088,0.9709
23269,SET OF 2 CERAMIC CHRISTMAS TREES,UNMAPPED,weekday_seasonal_mean,14,53.0000,10.9338,-42.0662,3.8703,5.9302,1.0223
22475,SKULL DESIGN TV DINNER TRAY,UNMAPPED,weekday_seasonal_mean,14,63.0000,13.1078,-49.8922,3.8687,5.6112,0.8597
21208,PASTEL COLOUR HONEYCOMB FAN,UNMAPPED,lstm,14,50.0000,12.2316,-37.7684,3.8664,7.1700,1.0826
22705,WRAP GREEN PEARS,UNMAPPED,lstm,14,50.0000,5.1537,-44.8463,3.8659,9.3597,1.0825
22514,CHILDS GARDEN SPADE BLUE,UNMAPPED,naive_lag_1,14,31.0000,31.0000,0.0000,3.8571,5.9161,1.7419
23408,PHOTO FRAME LINEN AND LACE SMALL,UNMAPPED,seasonal_naive_lag_7,14,16.0000,50.0000,34.0000,3.8571,6.9591,3.3750
21191,LARGE WHITE HONEYCOMB PAPER BELL,UNMAPPED,weekday_seasonal_mean,14,58.0000,26.1192,-31.8808,3.8477,8.5875,0.9288
21135,VICTORIAN METAL POSTCARD SPRING,UNMAPPED,lstm,14,59.0000,33.8462,-25.1538,3.8344,4.2009,0.9099
23432,PRETTY HANGING QUILTED HEARTS,UNMAPPED,weekday_seasonal_mean,14,49.0000,22.2362,-26.7638,3.8334,6.8100,1.0953
23346,SPACEBOY BEAKER,UNMAPPED,weekday_seasonal_mean,14,66.0000,48.7780,-17.2220,3.8174,5.0694,0.8097
22669,RED BABY BUNTING,UNMAPPED,lstm,14,49.0000,18.7375,-30.2625,3.8170,6.0586,1.0906
22538,MINI JIGSAW GO TO THE FAIR,UNMAPPED,lstm,14,50.0000,4.1758,-45.8242,3.8165,12.7945,1.0686
23282,FOLDING BUTTERFLY MIRROR IVORY,UNMAPPED,weekday_seasonal_mean,14,53.0000,13.9470,-39.0530,3.8138,7.2828,1.0074
35598D,PINK/WHITE CHRISTMAS TREE 60CM,UNMAPPED,lstm,14,49.0000,5.3664,-43.6336,3.8009,12.7742,1.0860
22972,CHILDREN'S SPACEBOY MUG,UNMAPPED,weekday_seasonal_mean,14,51.0000,34.5966,-16.4034,3.7997,5.3592,1.0431
22565,FELTCRAFT HAIRBANDS PINK AND WHITE,UNMAPPED,weekday_seasonal_mean,14,63.0000,38.4290,-24.5710,3.7949,6.8210,0.8433
21584,RETROSPOT SMALL TUBE MATCHES,UNMAPPED,weekday_seasonal_mean,14,48.0000,71.0332,23.0332,3.7797,4.8734,1.1024
20717,STRAWBERRY SHOPPER BAG,UNMAPPED,lstm,14,51.0000,32.5672,-18.4328,3.7760,6.9116,1.0365
23085,ANTIQUE SILVER BAUBLE LAMP,UNMAPPED,lightgbm,14,47.0000,75.0099,28.0099,3.7661,4.5090,1.1218
21258,VICTORIAN SEWING BOX LARGE,UNMAPPED,weekday_seasonal_mean,14,63.0000,27.6496,-35.3504,3.7633,5.0261,0.8363
23214,JINGLE BELL HEART ANTIQUE GOLD,UNMAPPED,gru,14,58.0000,63.7319,5.7319,3.7613,4.4127,0.9079
21155,RED RETROSPOT PEG BAG,UNMAPPED,weekday_seasonal_mean,14,97.0000,127.3522,30.3522,3.7576,5.4744,0.5423
85183B,CHARLIE & LOLA WASTEPAPER BIN FLORA,UNMAPPED,weekday_seasonal_mean,14,41.0000,31.8602,-9.1398,3.7546,5.0595,1.2820
21866,UNION JACK FLAG LUGGAGE TAG,UNMAPPED,lstm,14,55.0000,15.8393,-39.1607,3.7498,7.7512,0.9545
22232,JIGSAW TOADSTOOLS 3 PIECE,UNMAPPED,lstm,14,49.0000,7.5199,-41.4801,3.7485,8.8676,1.0710
23119,PACK OF 6 LARGE FRUIT STRAWS,UNMAPPED,lstm,14,54.0000,23.4932,-30.5068,3.7463,5.6248,0.9713
22390,PAPERWEIGHT CHILDHOOD MEMORIES,UNMAPPED,lstm,14,51.0000,5.1877,-45.8123,3.7421,7.7705,1.0272
22408,MONEY BOX CONFECTIONERY DESIGN,UNMAPPED,lstm,14,49.0000,4.3024,-44.6976,3.7304,10.0726,1.0658
21240,BLUE POLKADOT CUP,UNMAPPED,lstm,14,50.0000,20.0027,-29.9973,3.7297,5.4152,1.0443
22295,HEART FILIGREE DOVE LARGE,UNMAPPED,lstm,14,53.0000,20.8674,-32.1326,3.7268,6.8699,0.9844
22453,MEASURING TAPE BABUSHKA BLUE,UNMAPPED,lstm,14,48.0000,7.9810,-40.0190,3.7257,6.5357,1.0867
21088,SET/6 FRUIT SALAD PAPER CUPS,UNMAPPED,lstm,14,49.0000,5.0220,-43.9780,3.7226,8.9958,1.0636
21714,CITRONELLA CANDLE GARDEN POT,UNMAPPED,seasonal_naive_lag_7,14,54.0000,36.0000,-18.0000,3.7143,7.3679,0.9630
22278,OVERNIGHT BAG VINTAGE ROSE PAISLEY,UNMAPPED,seasonal_naive_lag_7,14,56.0000,52.0000,-4.0000,3.7143,5.2509,0.9286
84813,SET OF 4 DIAMOND NAPKIN RINGS,UNMAPPED,naive_lag_1,14,29.0000,29.0000,0.0000,3.7143,9.3121,1.7931
85019A,ROMANTIC IMAGES NOTEBOOK SET,UNMAPPED,naive_lag_1,14,26.0000,26.0000,0.0000,3.7143,9.1026,2.0000
21217,RED RETROSPOT ROUND CAKE TINS,UNMAPPED,lstm,14,53.0000,23.4045,-29.5955,3.6983,7.2105,0.9769
23254,CHILDRENS CUTLERY DOLLY GIRL,UNMAPPED,weekday_seasonal_mean,14,68.0000,30.4290,-37.5710,3.6975,5.5487,0.7612
23190,BUNDLE OF 3 SCHOOL EXERCISE BOOKS,UNMAPPED,weekday_seasonal_mean,14,52.0000,31.0322,-20.9678,3.6948,5.1636,0.9948
22269,EGG CUP NATURAL CHICKEN,UNMAPPED,weekday_seasonal_mean,14,39.0000,27.7964,-11.2036,3.6887,7.8511,1.3241
20970,PINK FLORAL FELTCRAFT SHOULDER BAG,UNMAPPED,weekday_seasonal_mean,14,55.0000,45.4116,-9.5884,3.6834,5.9437,0.9376
22676,FRENCH BLUE METAL DOOR SIGN 1,UNMAPPED,lstm,14,50.0000,12.6140,-37.3860,3.6800,10.5079,1.0304
16236,KITTY PENCIL ERASERS,UNMAPPED,lstm,14,50.0000,21.4516,-28.5484,3.6642,8.1622,1.0260
22331,WOODLAND PARTY BAG + STICKER SET,UNMAPPED,weekday_seasonal_mean,14,21.0000,69.5208,48.5208,3.6464,4.3917,2.4310
85203,HANGING WOOD AND FELT BUTTERFLY,UNMAPPED,seasonal_naive_lag_7,14,38.0000,29.0000,-9.0000,3.6429,7.3727,1.3421
23175,REGENCY MILK JUG PINK,UNMAPPED,lightgbm,14,47.0000,91.2710,44.2710,3.6342,4.6473,1.0825
22893,MINI CAKE STAND T-LIGHT HOLDER,UNMAPPED,lstm,14,46.0000,9.5739,-36.4261,3.6334,6.2404,1.1058
21123,SET/10 IVORY POLKADOT PARTY CANDLES,UNMAPPED,lstm,14,53.0000,17.0538,-35.9462,3.6330,10.4839,0.9597
21535,RED RETROSPOT SMALL MILK JUG,UNMAPPED,gru,14,54.0000,40.8031,-13.1969,3.6250,4.3796,0.9398
79066K,RETRO MOD TRAY,UNMAPPED,weekday_seasonal_mean,14,50.0000,25.0286,-24.9714,3.6237,9.5702,1.0146
72817,UNKNOWN,UNMAPPED,weekday_seasonal_mean,14,27.0000,27.9336,0.9336,3.6227,6.9832,1.8784
72351B,SET/6 PINK BUTTERFLY T-LIGHTS,UNMAPPED,gru,14,48.0000,19.1335,-28.8665,3.6142,5.6811,1.0541
21524,DOORMAT SPOTTY HOME SWEET HOME,UNMAPPED,gru,14,61.0000,32.1484,-28.8516,3.6093,6.0528,0.8284
20956,PORCELAIN T-LIGHT HOLDERS ASSORTED,UNMAPPED,weekday_seasonal_mean,14,34.0000,48.5808,14.5808,3.6087,4.6028,1.4860
20986,BLUE CALCULATOR RULER,UNMAPPED,weekday_seasonal_mean,14,53.0000,21.9210,-31.0790,3.5925,7.5094,0.9490
22634,CHILDS BREAKFAST SET SPACEBOY,UNMAPPED,weekday_seasonal_mean,14,55.0000,31.3228,-23.6772,3.5893,5.3239,0.9136
22821,GIFT BAG PSYCHEDELIC APPLES,UNMAPPED,lstm,14,52.0000,23.6935,-28.3065,3.5887,5.3647,0.9662
85176,SEWING SUSAN 21 NEEDLE SET,UNMAPPED,lstm,14,54.0000,17.4268,-36.5732,3.5829,5.1540,0.9289
82567,"AIRLINE LOUNGE,METAL SIGN",UNMAPPED,weekday_seasonal_mean,14,68.0000,21.6368,-46.3632,3.5806,6.2976,0.7372
20679,EDWARDIAN PARASOL RED,UNMAPPED,lstm,14,53.0000,19.6219,-33.3781,3.5768,7.3898,0.9448
16169M,WRAP DAISY CARPET,UNMAPPED,seasonal_naive_lag_7,14,25.0000,25.0000,0.0000,3.5714,9.4491,2.0000
21503,TOYBOX WRAP,UNMAPPED,naive_lag_1,14,25.0000,25.0000,0.0000,3.5714,9.4491,2.0000
22048,BIRTHDAY BANQUET GIFT WRAP,UNMAPPED,naive_lag_1,14,25.0000,25.0000,0.0000,3.5714,9.4491,2.0000
22050,PINK PAISLEY ROSE GIFT WRAP,UNMAPPED,naive_lag_1,14,25.0000,25.0000,0.0000,3.5714,9.4491,2.0000
22394,PAPERWEIGHT KINGS CHOICE,UNMAPPED,naive_lag_1,14,35.0000,23.0000,-12.0000,3.5714,6.1991,1.4286
21984,PACK OF 12 PINK PAISLEY TISSUES,UNMAPPED,lstm,14,46.0000,21.9005,-24.0995,3.5509,7.9971,1.0807
84661B,BLACK SQUARE TABLE CLOCK,UNMAPPED,lstm,14,49.0000,4.8920,-44.1080,3.5446,9.0870,1.0127
22674,FRENCH TOILET SIGN BLUE METAL,UNMAPPED,moving_average_7,14,23.0000,38.5713,15.5713,3.5408,5.2382,2.1553
23068,ALUMINIUM STAMPED HEART,UNMAPPED,weekday_seasonal_mean,14,47.0000,14.1660,-32.8340,3.5364,6.6122,1.0534
22622,BOX OF VINTAGE ALPHABET BLOCKS,UNMAPPED,lstm,14,43.0000,22.2938,-20.7062,3.5137,5.0682,1.1440
22448,PIN CUSHION BABUSHKA RED,UNMAPPED,weekday_seasonal_mean,14,39.0000,13.7602,-25.2398,3.5084,5.8898,1.2594
21621,VINTAGE UNION JACK BUNTING,UNMAPPED,gru,14,50.0000,40.8917,-9.1083,3.5005,4.1701,0.9801
22304,COFFEE MUG BLUE PAISLEY DESIGN,UNMAPPED,seasonal_naive_lag_7,14,44.0000,7.0000,-37.0000,3.5000,9.8525,1.1136
22831,WHITE BROCANTE SOAP DISH,UNMAPPED,seasonal_naive_lag_7,14,25.0000,34.0000,9.0000,3.5000,5.1200,1.9600
23424,GINGHAM RECIPE BOOK BOX,UNMAPPED,naive_lag_1,14,44.0000,41.0000,-3.0000,3.5000,4.2678,1.1136
20831,GOLD PHOTO FRAME,UNMAPPED,lstm,14,48.0000,1.8272,-46.1728,3.4948,10.0915,1.0193
23096,PETIT TRAY CHIC,UNMAPPED,weekday_seasonal_mean,14,52.0000,18.0330,-33.9670,3.4566,5.5363,0.9306
21201,TROPICAL HONEYCOMB PAPER GARLAND,UNMAPPED,lstm,14,48.0000,7.5440,-40.4560,3.4530,7.1641,1.0071
22800,ANTIQUE TALL SWIRLGLASS TRINKET POT,UNMAPPED,weekday_seasonal_mean,14,57.0000,20.2552,-36.7448,3.4405,4.9187,0.8450
23146,TRIPLE HOOK ANTIQUE IVORY ROSE,UNMAPPED,weekday_seasonal_mean,14,46.0000,14.1882,-31.8118,3.4333,7.3995,1.0449
22403,MAGNETS PACK OF 4 VINTAGE LABELS,UNMAPPED,lstm,14,38.0000,18.7149,-19.2851,3.4301,5.3364,1.2637
21377,SMALL CAMPHOR WOOD FIELD MUSHROOM,UNMAPPED,naive_lag_1,14,31.0000,31.0000,0.0000,3.4286,5.0000,1.5484
22164,STRING OF STARS CARD HOLDER,UNMAPPED,naive_lag_1,14,24.0000,24.0000,0.0000,3.4286,9.0711,2.0000
23061,VINTAGE EMBOSSED HEART,UNMAPPED,seasonal_naive_lag_7,14,47.0000,53.0000,6.0000,3.4286,5.4380,1.0213
84251G,"GREETING CARD, OVERCROWDED POOL.",UNMAPPED,naive_lag_1,14,36.0000,36.0000,0.0000,3.4286,6.4143,1.3333
21666,RIDGED GLASS T-LIGHT HOLDER,UNMAPPED,lstm,14,42.0000,11.2561,-30.7439,3.4208,5.4731,1.1403
22200,FRYING PAN PINK POLKADOT,UNMAPPED,lstm,14,50.0000,9.2443,-40.7557,3.4043,5.8005,0.9532
22649,STRAWBERRY FAIRY CAKE TEAPOT,UNMAPPED,lstm,14,45.0000,12.8790,-32.1210,3.3978,5.7058,1.0571
21262,WHITE GOOSE FEATHER CHRISTMAS TREE,UNMAPPED,lightgbm,14,11.0000,51.5150,40.5150,3.3967,3.6401,4.3230
21902,"KEY FOB , FRONT DOOR",UNMAPPED,gru,14,44.0000,28.4019,-15.5981,3.3952,6.6350,1.0803
22628,PICNIC BOXES SET OF 3 RETROSPOT,UNMAPPED,gru,14,45.0000,10.7570,-34.2430,3.3928,6.0133,1.0555
23502,PLAYING CARDS VINTAGE DOILY,UNMAPPED,weekday_seasonal_mean,14,50.0000,11.5662,-38.4338,3.3767,5.9075,0.9455
23120,PACK OF 6 SMALL FRUIT STRAWS,UNMAPPED,weekday_seasonal_mean,14,31.0000,30.9204,-0.0796,3.3714,6.3597,1.5226
22329,ROUND CONTAINER SET OF 5 RETROSPOT,UNMAPPED,xgboost,14,13.0000,60.1341,47.1341,3.3667,3.7046,3.6257
21577,SAVE THE PLANET COTTON TOTE BAG,UNMAPPED,seasonal_naive_lag_7,14,17.0000,30.0000,13.0000,3.3571,4.8181,2.7647
85173,SET/6 FROG PRINCE T-LIGHT CANDLES,UNMAPPED,lstm,14,48.0000,5.4920,-42.5080,3.3531,6.3162,0.9780
22131,FOOD CONTAINER SET 3 LOVE HEART,UNMAPPED,gru,14,41.0000,23.9926,-17.0074,3.3407,6.6238,1.1407
85071B,RED CHARLIE+LOLA PERSONAL DOORSIGN,UNMAPPED,lstm,14,45.0000,16.6013,-28.3987,3.3392,6.6431,1.0389
21991,BOHEMIAN COLLAGE STATIONERY SET,UNMAPPED,weekday_seasonal_mean,14,60.0000,19.0734,-40.9266,3.3250,5.1313,0.7758
35095B,RED VICTORIAN FABRIC OVAL BOX,UNMAPPED,lstm,14,47.0000,15.5329,-31.4671,3.3204,6.6864,0.9891
22640,SET OF 4 NAPKIN CHARMS 3 KEYS,UNMAPPED,lstm,14,44.0000,4.3571,-39.6429,3.3182,10.4375,1.0558
23228,FILIGREE HEART BIRD WHITE,UNMAPPED,weekday_seasonal_mean,14,49.0000,25.5054,-23.4946,3.3011,5.9786,0.9432
21828,EIGHT PIECE SNAKE SET,UNMAPPED,seasonal_naive_lag_7,14,26.0000,34.0000,8.0000,3.2857,5.8554,1.7692
22689,UNKNOWN,UNMAPPED,seasonal_naive_lag_7,14,8.0000,46.0000,38.0000,3.2857,7.3776,5.7500
37446,MINI CAKE STAND WITH HANGING CAKES,UNMAPPED,lstm,14,42.0000,7.7716,-34.2284,3.2845,7.0042,1.0948
22963,JAM JAR WITH GREEN LID,UNMAPPED,lstm,14,41.0000,19.7252,-21.2748,3.2840,5.1002,1.1214
21804,dotcom,UNMAPPED,lstm,14,38.0000,31.7051,-6.2949,3.2686,4.5605,1.2042
22613,PACK OF 20 SPACEBOY NAPKINS,UNMAPPED,gru,14,44.0000,9.7140,-34.2860,3.2675,5.4006,1.0396
23173,REGENCY TEAPOT ROSES,UNMAPPED,moving_average_7,14,49.0000,50.1431,1.1431,3.2653,4.0865,0.9329
84406B,CREAM CUPID HEARTS COAT HANGER,UNMAPPED,lstm,14,42.0000,15.0137,-26.9863,3.2638,5.1754,1.0879
22853,CAT BOWL VINTAGE CREAM,UNMAPPED,seasonal_naive_lag_7,14,28.0000,35.0000,7.0000,3.2143,6.7135,1.6071
23174,REGENCY SUGAR BOWL GREEN,UNMAPPED,weekday_seasonal_mean,14,52.0000,57.6420,5.6420,3.2053,5.0045,0.8630
23514,EMBROIDERED RIBBON REEL SALLY,UNMAPPED,lightgbm,14,28.0000,66.6857,38.6857,3.2038,3.8342,1.6019
20674,GREEN POLKADOT BOWL,UNMAPPED,lstm,14,44.0000,20.8230,-23.1770,3.2016,6.6397,1.0187
22692,DOORMAT WELCOME TO OUR HOME,UNMAPPED,gru,14,49.0000,18.8310,-30.1690,3.2011,5.7437,0.9146
85049C,ROMANTIC PINKS RIBBONS,UNMAPPED,lstm,14,48.0000,20.8617,-27.1383,3.1965,4.9054,0.9323
22231,JIGSAW TREE WITH BIRDHOUSE,UNMAPPED,moving_average_7,14,35.0000,24.4287,-10.5713,3.1837,4.7604,1.2735
90214L,"LETTER ""L"" BLING KEY RING",UNMAPPED,moving_average_7,14,36.0000,15.4287,-20.5713,3.1837,7.0682,1.2381
21942,SKULLS DESIGN FLANNEL,UNMAPPED,lstm,14,46.0000,14.0295,-31.9705,3.1820,7.5010,0.9684
21209,MULTICOLOUR HONEYCOMB FAN,UNMAPPED,lstm,14,41.0000,9.0052,-31.9948,3.1809,5.4338,1.0861
22768,FAMILY PHOTO FRAME CORNICE,UNMAPPED,weekday_seasonal_mean,14,54.0000,20.7706,-33.2294,3.1750,5.4281,0.8232
22135,MINI LADLE LOVE HEART PINK,UNMAPPED,weekday_seasonal_mean,14,43.0000,30.3034,-12.6966,3.1741,4.3140,1.0334
22780,LIGHT GARLAND BUTTERFILES PINK,UNMAPPED,moving_average_7,14,34.0000,52.8571,18.8571,3.1633,3.6553,1.3025
23086,ZINC STAR T-LIGHT HOLDER,UNMAPPED,weekday_seasonal_mean,14,35.0000,19.5916,-15.4084,3.1601,5.7355,1.2641
20711,JUMBO BAG TOYS,UNMAPPED,gru,14,21.0000,51.8445,30.8445,3.1590,3.4141,2.1060
21986,PACK OF 12 PINK POLKADOT TISSUES,UNMAPPED,lstm,14,40.0000,22.5282,-17.4718,3.1540,6.3767,1.1039
20840,FRENCH FLORAL CUSHION COVER,UNMAPPED,lstm,14,41.0000,7.1507,-33.8493,3.1325,6.9569,1.0697
23379,PACK OF 12 RED APPLE TISSUES,UNMAPPED,weekday_seasonal_mean,14,45.0000,22.0556,-22.9444,3.1311,5.3084,0.9741
22023,EMPIRE BIRTHDAY CARD,UNMAPPED,lstm,14,41.0000,12.1012,-28.8988,3.1231,5.4314,1.0664
23283,DOORMAT VINTAGE LEAF,UNMAPPED,weekday_seasonal_mean,14,58.0000,17.8412,-40.1588,3.1217,5.2773,0.7535
21533,RETROSPOT LARGE MILK JUG,UNMAPPED,lstm,14,52.0000,18.9003,-33.0997,3.1128,3.9746,0.8381
20750,RED RETROSPOT MINI CASES,UNMAPPED,weekday_seasonal_mean,14,56.0000,69.1102,13.1102,3.1121,4.0872,0.7780
23287,RED VINTAGE SPOT BEAKER,UNMAPPED,lstm,14,46.0000,16.7885,-29.2115,3.1106,5.2886,0.9467
22473,TV DINNER TRAY VINTAGE PAISLEY,UNMAPPED,lstm,14,47.0000,13.1433,-33.8567,3.1095,4.2711,0.9262
23034,DRAWER KNOB CERAMIC BLACK,UNMAPPED,lstm,14,35.0000,15.0753,-19.9247,3.0745,6.3717,1.2298
20704,MR ROBOT SOFT TOY,UNMAPPED,moving_average_7,14,37.0000,16.0003,-20.9997,3.0714,6.5875,1.1622
22784,LANTERN CREAM GAZEBO,UNMAPPED,lightgbm,14,48.0000,86.5567,38.5567,3.0422,4.4141,0.8873
21755,LOVE BUILDING BLOCK WORD,UNMAPPED,gru,14,52.0000,39.5050,-12.4950,3.0407,3.8718,0.8187
23155,KNICKERBOCKERGLORY MAGNET ASSORTED,UNMAPPED,weekday_seasonal_mean,14,30.0000,41.2654,11.2654,3.0395,4.4738,1.4184
22982,PANTRY PASTRY BRUSH,UNMAPPED,weekday_seasonal_mean,14,51.0000,20.4486,-30.5514,3.0393,5.1281,0.8343
22974,CHILDRENS DOLLY GIRL MUG,UNMAPPED,gru,14,47.0000,28.7079,-18.2921,3.0359,4.3874,0.9043
23184,BULL DOG BOTTLE OPENER,UNMAPPED,weekday_seasonal_mean,14,55.0000,15.0266,-39.9734,3.0320,4.4293,0.7718
22751,FELTCRAFT PRINCESS OLIVIA DOLL,UNMAPPED,weekday_seasonal_mean,14,68.0000,41.7970,-26.2030,3.0268,5.6668,0.6232
21218,RED SPOTTY BISCUIT TIN,UNMAPPED,weekday_seasonal_mean,14,78.0000,98.4934,20.4934,3.0141,3.9610,0.5410
22108,PING! MICROWAVE PLATE,UNMAPPED,weekday_seasonal_mean,14,46.0000,5.0136,-40.9864,3.0117,5.1196,0.9166
23123,COCKTAIL SWORDS 50 PIECES,UNMAPPED,weekday_seasonal_mean,14,46.0000,16.8894,-29.1106,3.0056,5.0724,0.9147
21809,CHRISTMAS HANGING TREE WITH BELL,UNMAPPED,lstm,14,36.0000,11.9549,-24.0451,3.0042,6.6087,1.1683
22133,PINK LOVE HEART SHAPE CUP,UNMAPPED,naive_lag_1,14,24.0000,24.0000,0.0000,3.0000,5.8064,1.7500
22582,PACK OF 6 SWEETIE GIFT BOXES,UNMAPPED,seasonal_naive_lag_7,14,21.0000,27.0000,6.0000,3.0000,4.9135,2.0000
22852,DOG BOWL VINTAGE CREAM,UNMAPPED,seasonal_naive_lag_7,14,31.0000,25.0000,-6.0000,3.0000,5.2915,1.3548
23006,TRAVEL CARD WALLET FLOWER MEADOW,UNMAPPED,naive_lag_1,14,22.0000,24.0000,2.0000,3.0000,4.5040,1.9091
23041,PAPER LANTERN 9 POINT SNOW STAR,UNMAPPED,seasonal_naive_lag_7,14,24.0000,26.0000,2.0000,3.0000,4.1057,1.7500
23088,ZINC HEART FLOWER T-LIGHT HOLDER,UNMAPPED,seasonal_naive_lag_7,14,38.0000,24.0000,-14.0000,3.0000,5.7941,1.1053
23314,VINTAGE CHRISTMAS TABLECLOTH,UNMAPPED,seasonal_naive_lag_7,14,41.0000,29.0000,-12.0000,3.0000,4.8107,1.0244
23337,EGG FRYING PAN MINT,UNMAPPED,seasonal_naive_lag_7,14,21.0000,29.0000,8.0000,3.0000,4.5198,2.0000
85049H,URBAN BLACK RIBBONS,UNMAPPED,weekday_seasonal_mean,14,58.0000,38.2492,-19.7508,2.9873,4.7076,0.7211
22485,SET OF 2 WOODEN MARKET CRATES,UNMAPPED,gru,14,41.0000,11.5163,-29.4837,2.9870,4.6904,1.0199
22508,DOORSTOP RETROSPOT HEART,UNMAPPED,weekday_seasonal_mean,14,38.0000,54.4298,16.4298,2.9809,4.2924,1.0982
20932,PINK POT PLANT CANDLE,UNMAPPED,lstm,14,39.0000,6.4218,-32.5782,2.9803,7.0774,1.0698
21110,LARGE CAKE TOWEL PINK SPOTS,UNMAPPED,moving_average_7,14,0.0000,41.7143,41.7143,2.9796,4.5587,0.0000
22845,VINTAGE CREAM CAT FOOD CONTAINER,UNMAPPED,xgboost,14,33.0000,54.0780,21.0780,2.9715,3.6311,1.2606
22625,RED KITCHEN SCALES,UNMAPPED,weekday_seasonal_mean,14,77.0000,48.7760,-28.2240,2.9680,4.5712,0.5396
84509A,SET OF 4 ENGLISH ROSE PLACEMATS,UNMAPPED,lightgbm,14,33.0000,53.1682,20.1682,2.9672,3.6520,1.2588
22718,CARD CAT AND TREE,UNMAPPED,lstm,14,36.0000,7.0152,-28.9848,2.9620,7.0331,1.1519
22191,IVORY DINER WALL CLOCK,UNMAPPED,weekday_seasonal_mean,14,50.0000,36.6416,-13.3584,2.9533,4.8794,0.8269
79190A,RETRO PLASTIC 70'S TRAY,UNMAPPED,lstm,14,41.0000,8.0073,-32.9927,2.9416,5.6667,1.0044
85034A,check,UNMAPPED,moving_average_7,14,0.0000,41.1427,41.1427,2.9388,4.2979,0.0000
72122,COFFEE SCENT PILLAR CANDLE,UNMAPPED,weekday_seasonal_mean,14,38.0000,10.2218,-27.7782,2.9304,5.7544,1.0796
85032C,CURIOUS IMAGES GIFT WRAP SET,UNMAPPED,weekday_seasonal_mean,14,51.0000,15.7262,-35.2738,2.9286,5.8536,0.8039
23131,MISTLETOE HEART WREATH CREAM,UNMAPPED,weekday_seasonal_mean,14,37.0000,18.0320,-18.9680,2.9280,6.4170,1.1079
21636,MADRAS NOTEBOOK MEDIUM,UNMAPPED,weekday_seasonal_mean,14,36.0000,17.3978,-18.6022,2.9190,4.4391,1.1352
23112,PARISIENNE CURIO CABINET,UNMAPPED,moving_average_7,14,43.0000,38.4285,-4.5715,2.9184,3.6911,0.9502
22391,PAPERWEIGHT HOME SWEET HOME,UNMAPPED,lstm,14,40.0000,3.9937,-36.0063,2.9138,7.0552,1.0198
22980,PANTRY SCRUBBING BRUSH,UNMAPPED,weekday_seasonal_mean,14,26.0000,44.6210,18.6210,2.9054,3.9299,1.5644
22081,RIBBON REEL FLORA + FAUNA,UNMAPPED,lstm,14,37.0000,10.5350,-26.4650,2.8989,5.1317,1.0969
84031B,CHARLIE LOLA BLUE HOT WATER BOTTLE,UNMAPPED,lstm,14,42.0000,11.5610,-30.4390,2.8959,4.5145,0.9653
21936,RED RETROSPOT PICNIC BAG,UNMAPPED,gru,14,45.0000,13.9888,-31.0112,2.8946,4.0229,0.9005
22745,POPPY'S PLAYHOUSE BEDROOM,UNMAPPED,weekday_seasonal_mean,14,64.0000,73.5292,9.5292,2.8931,4.1682,0.6329
23236,STORAGE TIN VINTAGE DOILY,UNMAPPED,weekday_seasonal_mean,14,38.0000,44.4846,6.4846,2.8754,3.4174,1.0594
79302M,"ART LIGHTS,FUNK MONKEY",UNMAPPED,lstm,14,37.0000,9.0010,-27.9990,2.8719,5.6978,1.0867
22684,FRENCH BLUE METAL DOOR SIGN 9,UNMAPPED,seasonal_naive_lag_7,14,12.0000,32.0000,20.0000,2.8571,6.3471,3.3333
85169A,IVORY LOVE BIRD CANDLE,UNMAPPED,naive_lag_1,14,26.0000,26.0000,0.0000,2.8571,4.5356,1.5385
23339,EGG FRYING PAN BLUE,UNMAPPED,gru,14,37.0000,13.2287,-23.7713,2.8566,4.7210,1.0809
21677,HEARTS STICKERS,UNMAPPED,lstm,14,38.0000,17.3041,-20.6959,2.8543,4.0854,1.0516
21401,BLUE PUDDING SPOON,UNMAPPED,lstm,14,37.0000,5.8682,-31.1318,2.8401,7.3017,1.0746
21845,DAIRY MAID STRIPE MUG,UNMAPPED,lstm,14,36.0000,3.9794,-32.0206,2.8324,9.5826,1.1015
20757,RED DAISY POCKET BOOK,UNMAPPED,lstm,14,33.0000,7.7140,-25.2860,2.8311,8.6940,1.2011
23347,I LOVE LONDON BEAKER,UNMAPPED,weekday_seasonal_mean,14,47.0000,14.6682,-32.3318,2.8299,6.8529,0.8430
21194,PINK HONEYCOMB PAPER FAN,UNMAPPED,lstm,14,35.0000,7.2148,-27.7852,2.8290,6.1528,1.1316
22357,KINGS CHOICE BISCUIT TIN,UNMAPPED,lstm,14,45.0000,22.0185,-22.9815,2.8246,3.7712,0.8788
17021,NAMASTE SWAGAT INCENSE,UNMAPPED,lstm,14,36.0000,3.6916,-32.3084,2.8160,9.5897,1.0951
22678,FRENCH BLUE METAL DOOR SIGN 3,UNMAPPED,gru,14,36.0000,10.2860,-25.7140,2.8137,7.9228,1.0942
22541,MINI JIGSAW LEAP FROG,UNMAPPED,seasonal_naive_lag_7,14,12.0000,31.0000,19.0000,2.7857,6.7029,3.2500
23405,HOME SWEET HOME 2 DRAWER CABINET,UNMAPPED,seasonal_naive_lag_7,14,27.0000,46.0000,19.0000,2.7857,4.0444,1.4444
23406,UNKNOWN,UNMAPPED,gru,14,45.0000,24.0097,-20.9903,2.7750,4.3196,0.8633
22746,POPPY'S PLAYHOUSE LIVINGROOM,UNMAPPED,lstm,14,39.0000,30.2987,-8.7013,2.7738,3.6220,0.9957
21070,VINTAGE BILLBOARD MUG,UNMAPPED,lstm,14,33.0000,11.2527,-21.7473,2.7714,6.8436,1.1758
23176,ABC TREASURE BOOK BOX,UNMAPPED,weekday_seasonal_mean,14,34.0000,40.1416,6.1416,2.7583,4.0080,1.1358
84828,JUNGLE POPSICLES ICE LOLLY MOULDS,UNMAPPED,lstm,14,36.0000,13.2843,-22.7157,2.7578,6.3605,1.0725
23270,SET OF 2 CERAMIC PAINTED HEARTS,UNMAPPED,weekday_seasonal_mean,14,45.0000,22.3150,-22.6850,2.7563,3.8425,0.8575
23418,LAVENDER TOILETTE BOTTLE,UNMAPPED,weekday_seasonal_mean,14,43.0000,9.5114,-33.4886,2.7502,5.0781,0.8954
22591,CARDHOLDER GINGHAM CHRISTMAS TREE,UNMAPPED,weekday_seasonal_mean,14,37.0000,25.0672,-11.9328,2.7397,5.0009,1.0366
22978,PANTRY ROLLING PIN,UNMAPPED,lightgbm,14,14.0000,51.5359,37.5359,2.7303,3.1380,2.7303
21415,CLAM SHELL SMALL,UNMAPPED,lstm,14,37.0000,3.2200,-33.7800,2.7224,7.0898,1.0301
21224,SET/4 SKULL BADGES,UNMAPPED,lstm,14,36.0000,18.6656,-17.3344,2.7093,4.1765,1.0536
23161,REGENCY CAKE FORK,UNMAPPED,weekday_seasonal_mean,14,32.0000,32.1514,0.1514,2.7080,3.3120,1.1847
22846,BREAD BIN DINER STYLE RED,UNMAPPED,weekday_seasonal_mean,14,44.0000,14.8148,-29.1852,2.7051,4.1195,0.8607
22434,BALLOON PUMP WITH 10 BALLOONS,UNMAPPED,lstm,14,41.0000,13.1474,-27.8526,2.7043,4.0080,0.9234
21988,PACK OF 6 SKULL PAPER PLATES,UNMAPPED,lstm,14,27.0000,17.3569,-9.6431,2.6973,4.4785,1.3986
22682,FRENCH BLUE METAL DOOR SIGN 7,UNMAPPED,lstm,14,34.0000,8.8287,-25.1713,2.6959,5.8225,1.1101
22279,POCKET BAG BLUE PAISLEY RED SPOT,UNMAPPED,weekday_seasonal_mean,14,41.0000,25.7568,-15.2432,2.6905,4.3537,0.9187
23092,LARGE ANTIQUE WHITE PHOTO FRAME,UNMAPPED,gru,14,34.0000,9.5054,-24.4946,2.6903,4.6105,1.1078
20772,GARDEN PATH JOURNAL,UNMAPPED,lstm,14,35.0000,11.2545,-23.7455,2.6882,5.5164,1.0753
22902,TOTE BAG I LOVE LONDON,UNMAPPED,weekday_seasonal_mean,14,18.0000,35.4166,17.4166,2.6825,3.6001,2.0864
22799,SWEETHEART WIRE FRUIT BOWL,UNMAPPED,lstm,14,35.0000,5.8304,-29.1696,2.6742,5.2652,1.0697
21400,RED PUDDING SPOON,UNMAPPED,lstm,14,33.0000,9.1432,-23.8568,2.6701,6.4555,1.1328
21537,RED RETROSPOT PUDDING BOWL,UNMAPPED,lstm,14,34.0000,9.0096,-24.9904,2.6680,4.5430,1.0986
22361,GLASS JAR DAISY FRESH COTTON WOOL,UNMAPPED,gru,14,40.0000,19.5466,-20.4534,2.6657,4.2400,0.9330
22989,SET 2 PANTRY DESIGN TEA TOWELS,UNMAPPED,weekday_seasonal_mean,14,53.0000,52.8800,-0.1200,2.6597,3.8978,0.7026
21675,BUTTERFLIES STICKERS,UNMAPPED,lstm,14,36.0000,15.1067,-20.8933,2.6579,4.4922,1.0336
22677,FRENCH BLUE METAL DOOR SIGN 2,UNMAPPED,lstm,14,33.0000,7.6789,-25.3211,2.6478,7.9163,1.1233
21945,STRAWBERRIES DESIGN FLANNEL,UNMAPPED,gru,14,34.0000,12.9191,-21.0809,2.6452,6.5361,1.0892
23128,FELTCRAFT BOY JEAN-PAUL KIT,UNMAPPED,seasonal_naive_lag_7,14,26.0000,33.0000,7.0000,2.6429,3.9370,1.4231
35004G,SET OF 3 GOLD FLYING DUCKS,UNMAPPED,seasonal_naive_lag_7,14,25.0000,12.0000,-13.0000,2.6429,5.5613,1.4800
22378,WALL TIDY RETROSPOT,UNMAPPED,lstm,14,38.0000,20.2989,-17.7011,2.6420,3.7907,0.9734
21061,PARTY INVITES FOOTBALL,UNMAPPED,lstm,14,33.0000,5.9781,-27.0219,2.6285,5.9411,1.1151
21248,DOOR HANGER MUM + DADS ROOM,UNMAPPED,lstm,14,33.0000,7.1823,-25.8177,2.6258,5.1067,1.1140
21820,GLITTER HEART GARLAND WITH BELLS,UNMAPPED,weekday_seasonal_mean,14,35.0000,13.2686,-21.7314,2.6212,4.5931,1.0485
21739,COSY SLIPPER SHOES SMALL GREEN,UNMAPPED,lightgbm,14,30.0000,52.3501,22.3501,2.6143,3.1634,1.2200
22975,SPACEBOY CHILDRENS EGG CUP,UNMAPPED,weekday_seasonal_mean,14,45.0000,22.9544,-22.0456,2.6103,4.0840,0.8121
22429,ENAMEL MEASURING JUG CREAM,UNMAPPED,xgboost,14,35.0000,52.4927,17.4927,2.6066,3.0704,1.0426
22588,CARD HOLDER GINGHAM HEART,UNMAPPED,weekday_seasonal_mean,14,23.0000,54.1366,31.1366,2.6050,3.1941,1.5857
47310M,SMALL POP BOX FUNKY MONKEY,UNMAPPED,weekday_seasonal_mean,14,44.0000,13.1618,-30.8382,2.6036,6.8317,0.8284
22147,FELTCRAFT BUTTERFLY HEARTS,UNMAPPED,lstm,14,33.0000,3.6361,-29.3639,2.5982,8.7891,1.1023
23549,WRAP BIRD GARDEN,UNMAPPED,lstm,14,25.0000,12.9438,-12.0562,2.5963,6.5351,1.4539
23336,EGG FRYING PAN PINK,UNMAPPED,gru,14,37.0000,12.7785,-24.2215,2.5945,4.1080,0.9817
22690,DOORMAT HOME SWEET HOME BLUE,UNMAPPED,lstm,14,35.0000,14.9900,-20.0100,2.5855,4.3921,1.0342
23122,PARTY CHARMS 50 PIECES,UNMAPPED,lstm,14,32.0000,19.6020,-12.3980,2.5750,4.4018,1.1266
22089,PAPER BUNTING VINTAGE PAISLEY,UNMAPPED,naive_lag_1,14,18.0000,18.0000,0.0000,2.5714,5.0709,2.0000
85020,ROUND PINK HEART MIRROR,UNMAPPED,naive_lag_1,14,18.0000,18.0000,0.0000,2.5714,5.0709,2.0000
72807C,SET/3 VANILLA SCENTED CANDLE IN BOX,UNMAPPED,weekday_seasonal_mean,14,0.0000,35.8928,35.8928,2.5638,2.8531,0.0000
84707A,SILVER JEWELLED MIRROR TRINKET TRAY,UNMAPPED,weekday_seasonal_mean,14,36.0000,1.6316,-34.3684,2.5560,5.3723,0.9940
21742,LARGE ROUND WICKER PLATTER,UNMAPPED,weekday_seasonal_mean,14,39.0000,7.0972,-31.9028,2.5477,4.4614,0.9145
23079,TOADSTOOL BEDSIDE LIGHT,UNMAPPED,lightgbm,14,21.0000,44.7888,23.7888,2.5398,3.0095,1.6932
21126,SET OF 6 GIRLS CELEBRATION CANDLES,UNMAPPED,moving_average_7,14,29.0000,28.4286,-0.5714,2.5306,3.7045,1.2217
85114B,IVORY ENCHANTED FOREST PLACEMAT,UNMAPPED,lstm,14,34.0000,7.6019,-26.3981,2.5216,3.8971,1.0383
22668,PINK BABY BUNTING,UNMAPPED,xgboost,14,20.0000,48.6363,28.6363,2.5046,2.9399,1.7532
22224,WHITE LOVEBIRD LANTERN,UNMAPPED,lstm,14,34.0000,15.6283,-18.3717,2.5017,3.7987,1.0301
22221,CAKE STAND LOVEBIRD 2 TIER PINK,UNMAPPED,seasonal_naive_lag_7,14,39.0000,4.0000,-35.0000,2.5000,5.1200,0.8974
23111,PARISIENNE SEWING BOX,UNMAPPED,seasonal_naive_lag_7,14,49.0000,22.0000,-27.0000,2.5000,4.4801,0.7143
23515,EMBROIDERED RIBBON REEL DAISY,UNMAPPED,naive_lag_1,14,20.0000,15.0000,-5.0000,2.5000,3.6351,1.7500
84926F,PSYCHEDELIC TILE COASTER,UNMAPPED,lstm,14,31.0000,7.8993,-23.1007,2.4982,6.3768,1.1282
21014,SWISS CHALET TREE DECORATION,UNMAPPED,weekday_seasonal_mean,14,0.0000,34.9522,34.9522,2.4966,2.7585,0.0000
22812,PACK 3 BOXES CHRISTMAS PANETTONE,UNMAPPED,lstm,14,25.0000,24.9038,-0.0962,2.4902,3.4631,1.3945
85183A,CHARLIE & LOLA WASTEPAPER BIN BLUE,UNMAPPED,lstm,14,31.0000,8.2291,-22.7709,2.4879,5.2269,1.1235
22284,HEN HOUSE DECORATION,UNMAPPED,lstm,14,31.0000,6.7531,-24.2469,2.4738,4.6721,1.1172
71053,WHITE MOROCCAN METAL LANTERN,UNMAPPED,gru,14,36.0000,27.0033,-8.9967,2.4727,2.7998,0.9616
22228,BUNNY WOODEN PAINTED WITH BIRD,UNMAPPED,lstm,14,34.0000,7.8410,-26.1590,2.4712,4.4507,1.0175
21428,SET3 BOOK BOX GREEN GINGHAM FLOWER,UNMAPPED,lstm,14,27.0000,24.9426,-2.0574,2.4682,3.4283,1.2798
23342,MINT DINER WALL CLOCK,UNMAPPED,lightgbm,14,11.0000,43.4607,32.4607,2.4461,2.7339,3.1132
21378,SMALL TALL CAMPHOR WOOD TOADSTOOL,UNMAPPED,naive_lag_1,14,36.0000,34.0000,-2.0000,2.4286,4.4401,0.9444
21379,CAMPHOR WOOD PORTOBELLO MUSHROOM,UNMAPPED,naive_lag_1,14,27.0000,27.0000,0.0000,2.4286,4.1748,1.2593
22085,PAPER CHAIN KIT SKULLS,UNMAPPED,seasonal_naive_lag_7,14,29.0000,19.0000,-10.0000,2.4286,4.4401,1.1724
23511,EMBROIDERED RIBBON REEL EMILY,UNMAPPED,naive_lag_1,14,20.0000,28.0000,8.0000,2.4286,3.5857,1.7000
23513,EMBROIDERED RIBBON REEL SUSIE,UNMAPPED,naive_lag_1,14,19.0000,19.0000,0.0000,2.4286,3.6450,1.7895
23394,POSTE FRANCE CUSHION COVER,UNMAPPED,lstm,14,37.0000,31.7881,-5.2119,2.4249,3.3780,0.9175
22735,RIBBON REEL SOCKS AND MITTENS,UNMAPPED,weekday_seasonal_mean,14,39.0000,24.9018,-14.0982,2.4020,4.3725,0.8623
23335,EGG FRYING PAN IVORY,UNMAPPED,weekday_seasonal_mean,14,37.0000,6.0050,-30.9950,2.3974,3.5167,0.9071
22624,IVORY KITCHEN SCALES,UNMAPPED,weekday_seasonal_mean,14,87.0000,59.6292,-27.3708,2.3907,4.5529,0.3847
23093,SMALL PARISIENNE HEART PHOTO FRAME,UNMAPPED,weekday_seasonal_mean,14,37.0000,17.2168,-19.7832,2.3893,4.5983,0.9041
22313,OFFICE MUG WARMER PINK,UNMAPPED,lstm,14,33.0000,8.6260,-24.3740,2.3879,4.3659,1.0130
20839,FRENCH PAISLEY CUSHION COVER,UNMAPPED,weekday_seasonal_mean,14,37.0000,11.1256,-25.8744,2.3859,3.9785,0.9028
84926D,LA PALMIERA TILE COASTER,UNMAPPED,lstm,14,31.0000,4.1968,-26.8032,2.3793,6.4323,1.0745
21090,SET/6 COLLAGE PAPER PLATES,UNMAPPED,lstm,14,32.0000,13.7858,-18.2142,2.3777,3.6166,1.0402
22965,3 TRADITIONAl BISCUIT CUTTERS SET,UNMAPPED,weekday_seasonal_mean,14,30.0000,32.7786,2.7786,2.3712,2.7674,1.1066
22589,CARDHOLDER GINGHAM STAR,UNMAPPED,weekday_seasonal_mean,14,35.0000,24.3740,-10.6260,2.3632,3.3747,0.9453
23194,GYMKHANA TREASURE BOOK BOX,UNMAPPED,weekday_seasonal_mean,14,40.0000,34.0508,-5.9492,2.3619,3.6336,0.8267
21452,TOADSTOOL MONEY BOX,UNMAPPED,lstm,14,38.0000,19.8854,-18.1146,2.3612,3.3113,0.8699
22671,FRENCH LAUNDRY SIGN BLUE METAL,UNMAPPED,seasonal_naive_lag_7,14,17.0000,28.0000,11.0000,2.3571,4.2003,1.9412
22635,CHILDS BREAKFAST SET DOLLY GIRL,UNMAPPED,weekday_seasonal_mean,14,31.0000,31.2814,0.2814,2.3563,2.9569,1.0641
22550,HOLIDAY FUN LUDO,UNMAPPED,weekday_seasonal_mean,14,48.0000,38.9748,-9.0252,2.3547,3.4913,0.6868
23286,BLUE VINTAGE SPOT BEAKER,UNMAPPED,lstm,14,40.0000,22.6595,-17.3405,2.3482,3.2687,0.8219
84625A,PINK NEW BAROQUECANDLESTICK CANDLE,UNMAPPED,moving_average_7,14,25.0000,7.8575,-17.1425,2.3470,6.5501,1.3143
84509G,SET OF 4 FAIRY CAKE PLACEMATS,UNMAPPED,lstm,14,30.0000,5.3630,-24.6370,2.3403,4.1352,1.0921
21789,KIDS RAIN MAC PINK,UNMAPPED,lstm,14,27.0000,7.4800,-19.5200,2.3398,6.6042,1.2132
21693,SMALL HAMMERED SILVER CANDLEPOT,UNMAPPED,lstm,14,28.0000,9.1932,-18.8068,2.3382,3.6164,1.1691
21354,TOAST ITS - BEST MUM,UNMAPPED,lstm,14,28.0000,5.9653,-22.0347,2.3272,6.4087,1.1636
22903,CALENDAR FAMILY FAVOURITES,UNMAPPED,weekday_seasonal_mean,14,28.0000,13.7582,-14.2418,2.3189,3.5936,1.1595
20985,HEART CALCULATOR,UNMAPPED,gru,14,34.0000,20.1947,-13.8053,2.3037,4.0157,0.9486
22171,3 HOOK PHOTO SHELF ANTIQUE WHITE,UNMAPPED,lstm,14,47.0000,25.6252,-21.3748,2.3016,2.6274,0.6856
21927,BLUE/CREAM STRIPE CUSHION COVER,UNMAPPED,weekday_seasonal_mean,14,21.0000,23.9104,2.9104,2.2905,3.2103,1.5270
21131,GOLD STANDING GNOME,UNMAPPED,lstm,14,30.0000,2.8699,-27.1301,2.2858,6.5730,1.0667
22445,PENCIL CASE LIFE IS BEAUTIFUL,UNMAPPED,seasonal_naive_lag_7,14,17.0000,39.0000,22.0000,2.2857,4.3589,1.8824
23107,WHITE HEARTS WIRE PLANT POT HOLDER,UNMAPPED,seasonal_naive_lag_7,14,38.0000,16.0000,-22.0000,2.2857,4.8403,0.8421
84976,RECTANGULAR SHAPED MIRROR,UNMAPPED,naive_lag_1,14,17.0000,17.0000,0.0000,2.2857,4.5198,1.8824
84926E,FLOWERS TILE COASTER,UNMAPPED,lstm,14,28.0000,5.1379,-22.8621,2.2794,6.4512,1.1397
84969,BOX OF 6 ASSORTED COLOUR TEASPOONS,UNMAPPED,lstm,14,30.0000,9.7997,-20.2003,2.2707,4.5772,1.0596
21116,OWL DOORSTOP,UNMAPPED,weekday_seasonal_mean,14,26.0000,24.5746,-1.4254,2.2479,3.2693,1.2104
16168M,FUNKY MONKEY GIFT BAG MEDIUM,UNMAPPED,lstm,14,29.0000,3.0670,-25.9330,2.2175,6.6739,1.0705
22499,WOODEN UNION JACK BUNTING,UNMAPPED,seasonal_naive_lag_7,14,33.0000,26.0000,-7.0000,2.2143,3.5956,0.9394
46776A,WOVEN BUBBLE GUM CUSHION COVER,UNMAPPED,seasonal_naive_lag_7,14,25.0000,14.0000,-11.0000,2.2143,3.1053,1.2400
48129,DOORMAT TOPIARY,UNMAPPED,seasonal_naive_lag_7,14,26.0000,17.0000,-9.0000,2.2143,3.6742,1.1923
85039B,S/4 IVORY MINI ROSE CANDLE IN BOWL,UNMAPPED,lstm,14,33.0000,11.7350,-21.2650,2.2095,3.3306,0.9374
21756,BATH BUILDING BLOCK WORD,UNMAPPED,lstm,14,26.0000,12.3816,-13.6184,2.2040,4.8057,1.1868
22696,WICKER WREATH LARGE,UNMAPPED,weekday_seasonal_mean,14,32.0000,25.6910,-6.3090,2.2023,3.0425,0.9635
21063,PARTY INVITES JAZZ HEARTS,UNMAPPED,lstm,14,29.0000,6.3934,-22.6066,2.1976,4.6638,1.0609
22511,RETROSPOT BABUSHKA DOORSTOP,UNMAPPED,lstm,14,30.0000,6.6346,-23.3654,2.1967,3.9245,1.0251
21106,CREAM SLICE FLANNEL CHOCOLATE SPOT,UNMAPPED,lstm,14,25.0000,7.9809,-17.0191,2.1922,6.3096,1.2276
22717,CARD DOG AND BALL,UNMAPPED,lstm,14,27.0000,7.9184,-19.0816,2.1884,4.3871,1.1347
22747,POPPY'S PLAYHOUSE BATHROOM,UNMAPPED,lightgbm,14,31.0000,50.9734,19.9734,2.1774,2.5361,0.9833
22781,GUMBALL MAGAZINE RACK,UNMAPPED,lightgbm,14,20.0000,47.4471,27.4471,2.1773,2.5019,1.5241
22512,DOORSTOP RACING CAR DESIGN,UNMAPPED,lstm,14,28.0000,5.5844,-22.4156,2.1733,4.0913,1.0866
22349,DOG BOWL CHASING BALL DESIGN,UNMAPPED,lstm,14,27.0000,8.3377,-18.6623,2.1714,3.6158,1.1259
23341,PINK DINER WALL CLOCK,UNMAPPED,weekday_seasonal_mean,14,30.0000,5.0932,-24.9068,2.1679,4.1536,1.0117
23288,GREEN VINTAGE SPOT BEAKER,UNMAPPED,lstm,14,32.0000,19.7854,-12.2146,2.1671,3.1723,0.9481
23129,HEART SHAPED HOLLY WREATH,UNMAPPED,weekday_seasonal_mean,14,31.0000,16.6274,-14.3726,2.1655,4.0687,0.9780
22201,FRYING PAN BLUE POLKADOT,UNMAPPED,lstm,14,29.0000,4.9812,-24.0188,2.1652,3.9404,1.0453
85204,HANGING WOOD AND FELT FLOWER,UNMAPPED,lstm,14,21.0000,15.7877,-5.2123,2.1635,2.9672,1.4423
90214P,"LETTER ""P"" BLING KEY RING",UNMAPPED,moving_average_7,14,25.0000,8.7143,-16.2857,2.1633,4.5513,1.2114
35001G,HAND OPEN SHAPE GOLD,UNMAPPED,lstm,14,27.0000,5.1763,-21.8237,2.1629,4.4976,1.1215
22255,FELT TOADSTOOL SMALL,UNMAPPED,gru,14,25.0000,8.0513,-16.9487,2.1487,4.4060,1.2033
22767,TRIPLE PHOTO FRAME CORNICE,UNMAPPED,weekday_seasonal_mean,14,29.0000,18.8292,-10.1708,2.1483,3.1142,1.0371
22847,BREAD BIN DINER STYLE IVORY,UNMAPPED,xgboost,14,34.0000,58.0145,24.0145,2.1473,2.8162,0.8842
22365,DOORMAT RESPECTABLE HOUSE,UNMAPPED,weekday_seasonal_mean,14,15.0000,43.4910,28.4910,2.1471,2.8531,2.0040
22310,IVORY KNITTED MUG COSY,UNMAPPED,lstm,14,26.0000,19.6918,-6.3082,2.1460,3.0559,1.1555
21844,RED RETROSPOT MUG,UNMAPPED,naive_lag_1,14,9.0000,21.0000,12.0000,2.1429,4.0178,3.3333
21955,DOORMAT UNION JACK GUNS AND ROSES,UNMAPPED,seasonal_naive_lag_7,14,15.0000,17.0000,2.0000,2.1429,4.8550,2.0000
23136,IVORY WIRE SWEETHEART LETTER TRAY,UNMAPPED,naive_lag_1,14,16.0000,16.0000,0.0000,2.1429,3.2733,1.8750
23150,IVORY SWEETHEART SOAP DISH,UNMAPPED,naive_lag_1,14,15.0000,15.0000,0.0000,2.1429,4.0178,2.0000
90116,FRUIT SALAD BAG CHARM,UNMAPPED,seasonal_naive_lag_7,14,14.0000,16.0000,2.0000,2.1429,4.6291,2.1429
22350,ILLUSTRATED CAT BOWL,UNMAPPED,lstm,14,28.0000,8.2185,-19.7815,2.1376,3.2869,1.0688
21389,IVORY HANGING DECORATION BIRD,UNMAPPED,lstm,14,26.0000,5.9128,-20.0872,2.1307,4.4571,1.1473
85184C,SET 4 VALENTINE DECOUPAGE HEART BOX,UNMAPPED,lstm,14,29.0000,10.2586,-18.7414,2.1275,3.1073,1.0271
22516,CHILDS GARDEN RAKE BLUE,UNMAPPED,moving_average_7,14,25.0000,17.8572,-7.1428,2.1225,3.3030,1.1886
35923,CANDY HEART HANGING DECORATION,UNMAPPED,lstm,14,24.0000,6.2210,-17.7790,2.1134,6.3454,1.2328
21972,SET OF 36 DINOSAUR PAPER DOILIES,UNMAPPED,lstm,14,27.0000,4.7414,-22.2586,2.1114,6.3701,1.0948
17084P,DRAGONS BLOOD INCENSE,UNMAPPED,lstm,14,27.0000,2.7069,-24.2931,2.1071,7.1912,1.0926
37447,CERAMIC CAKE DESIGN SPOTTED PLATE,UNMAPPED,lstm,14,25.0000,6.6914,-18.3086,2.1009,4.4303,1.1765
22358,KINGS CHOICE TEA CADDY,UNMAPPED,gru,14,33.0000,15.0813,-17.9187,2.1006,2.7718,0.8912
85039A,SET/4 RED MINI ROSE CANDLE IN BOWL,UNMAPPED,weekday_seasonal_mean,14,37.0000,28.4160,-8.5840,2.0992,3.1068,0.7943
15056P,EDWARDIAN PARASOL PINK,UNMAPPED,lstm,14,24.0000,10.4851,-13.5149,2.0968,3.7899,1.2231
16012,FOOD/DRINK SPONGE STICKERS,UNMAPPED,lstm,14,25.0000,5.1122,-19.8878,2.0934,6.3731,1.1723
22285,HANGING HEN ON NEST DECORATION,UNMAPPED,lstm,14,26.0000,4.4211,-21.5789,2.0860,4.6596,1.1232
20767,BLUE PAISLEY JOURNAL,UNMAPPED,naive_lag_1,14,20.0000,21.0000,1.0000,2.0714,3.1053,1.4500
21880,RED RETROSPOT TAPE,UNMAPPED,lstm,14,27.0000,22.9897,-4.0103,2.0687,3.1915,1.0726
22091,EMPIRE TISSUE BOX,UNMAPPED,lstm,14,30.0000,29.5177,-0.4823,2.0636,2.8894,0.9630
20733,GOLD MINI TAPE MEASURE,UNMAPPED,gru,14,33.0000,17.5355,-15.4645,2.0613,3.2877,0.8745
22494,EMERGENCY FIRST AID TIN,UNMAPPED,weekday_seasonal_mean,14,28.0000,52.5038,24.5038,2.0600,2.5907,1.0300
47578A,ENGLISH ROSE SMALL SCENTED FLOWER,UNMAPPED,weekday_seasonal_mean,14,27.0000,4.8142,-22.1858,2.0592,3.9939,1.0677
23014,GLASS APOTHECARY BOTTLE ELIXIR,UNMAPPED,weekday_seasonal_mean,14,39.0000,14.9196,-24.0804,2.0566,4.1292,0.7383
22031,BOTANICAL LAVENDER BIRTHDAY CARD,UNMAPPED,lstm,14,28.0000,6.5790,-21.4210,2.0563,4.3967,1.0281
23348,UNKNOWN,UNMAPPED,weekday_seasonal_mean,14,0.0000,28.5780,28.5780,2.0413,2.8585,0.0000
22709,WRAP WEDDING DAY,UNMAPPED,moving_average_7,14,25.0000,3.5714,-21.4286,2.0408,6.7494,1.1429
22680,FRENCH BLUE METAL DOOR SIGN 5,UNMAPPED,lstm,14,26.0000,10.1055,-15.8945,2.0255,5.2276,1.0907
22510,GINGHAM BABUSHKA DOORSTOP,UNMAPPED,lstm,14,29.0000,5.0507,-23.9493,2.0131,3.3772,0.9719
47567B,TEA TIME KITCHEN APRON,UNMAPPED,lstm,14,25.0000,16.4886,-8.5114,2.0124,2.4829,1.1270
22252,BIRDCAGE DECORATION TEALIGHT HOLDER,UNMAPPED,weekday_seasonal_mean,14,12.0000,17.8500,5.8500,2.0089,3.3196,2.3437
85159B,"WHITE TEA,COFFEE,SUGAR JARS",UNMAPPED,lstm,14,24.0000,4.5195,-19.4805,2.0063,6.3652,1.1703
22605,WOODEN CROQUET GARDEN SET,UNMAPPED,gru,14,33.0000,13.0335,-19.9665,2.0027,2.6899,0.8496
21700,BIG DOUGHNUT FRIDGE MAGNETS,UNMAPPED,naive_lag_1,14,14.0000,14.0000,0.0000,2.0000,4.3095,2.0000
22305,COFFEE MUG PINK PAISLEY DESIGN,UNMAPPED,naive_lag_1,14,14.0000,14.0000,0.0000,2.0000,4.5981,2.0000
23010,CIRCUS PARADE BABY GIFT SET,UNMAPPED,seasonal_naive_lag_7,14,9.0000,23.0000,14.0000,2.0000,3.8730,3.1111
84429A,MEDIUM PINK BUDDHA HEAD,UNMAPPED,naive_lag_1,14,14.0000,14.0000,0.0000,2.0000,4.5981,2.0000
72225C,LAVENDER SCENT CAKE CANDLE,UNMAPPED,lstm,14,24.0000,4.4186,-19.5814,1.9997,6.3660,1.1665
22627,MINT KITCHEN SCALES,UNMAPPED,weekday_seasonal_mean,14,49.0000,29.6846,-19.3154,1.9986,2.7495,0.5710
90214C,"LETTER ""C"" BLING KEY RING",UNMAPPED,lstm,14,27.0000,2.7556,-24.2444,1.9970,4.6490,1.0355
22129,PARTY CONES CANDY DECORATION,UNMAPPED,lstm,14,25.0000,12.8314,-12.1686,1.9932,3.0982,1.1162
22360,GLASS JAR ENGLISH CONFECTIONERY,UNMAPPED,lstm,14,31.0000,15.7691,-15.2309,1.9917,2.7572,0.8995
21744,SNOWFLAKE PORTABLE TABLE LIGHT,UNMAPPED,moving_average_7,14,0.0000,27.8572,27.8572,1.9898,3.2449,0.0000
84086C,PINK/PURPLE RETRO RADIO,UNMAPPED,weekday_seasonal_mean,14,24.0000,4.6976,-19.3024,1.9896,6.3122,1.1606
85230G,ORANGE VOTIVE CANDLE,UNMAPPED,lstm,14,24.0000,4.1917,-19.8083,1.9888,6.3752,1.1602
23133,LARGE IVORY HEART WALL ORGANISER,UNMAPPED,weekday_seasonal_mean,14,20.0000,14.7100,-5.2900,1.9877,3.2922,1.3914
23075,PARLOUR CERAMIC WALL HOOK,UNMAPPED,weekday_seasonal_mean,14,24.0000,7.8698,-16.1302,1.9861,4.6374,1.1586
10125,MINI FUNKY DESIGN TAPES,UNMAPPED,lstm,14,26.0000,2.3786,-23.6214,1.9850,5.5264,1.0689
84580,MOUSE TOY WITH PINK T-SHIRT,UNMAPPED,weekday_seasonal_mean,14,32.0000,19.4428,-12.5572,1.9805,3.4802,0.8665
22038,BOTANICAL LAVENDER GIFT WRAP,UNMAPPED,lstm,14,25.0000,2.9487,-22.0513,1.9802,6.6553,1.1089
22099,CARAVAN SQUARE TISSUE BOX,UNMAPPED,lstm,14,34.0000,17.4445,-16.5555,1.9776,2.5770,0.8143
84792,ENCHANTED BIRD COATHANGER 5 HOOK,UNMAPPED,weekday_seasonal_mean,14,29.0000,43.5608,14.5608,1.9748,2.5514,0.9533
23178,JAM CLOCK MAGNET,UNMAPPED,weekday_seasonal_mean,14,27.0000,5.6760,-21.3240,1.9724,3.6309,1.0227
85131B,BEADED CRYSTAL HEART GREEN ON STICK,UNMAPPED,weekday_seasonal_mean,14,28.0000,16.6422,-11.3578,1.9599,3.5558,0.9800
23033,DRAWER KNOB CERAMIC RED,UNMAPPED,weekday_seasonal_mean,14,23.0000,12.6318,-10.3682,1.9468,3.5424,1.1850
23391,I LOVE LONDON MINI BACKPACK,UNMAPPED,weekday_seasonal_mean,14,30.0000,5.5746,-24.4254,1.9466,3.0243,0.9084
21317,GLASS SPHERE CANDLE STAND MEDIUM,UNMAPPED,moving_average_7,14,15.0000,24.7143,9.7143,1.9388,2.2984,1.8095
47563A,RETRO LONGBOARD IRONING BOARD COVER,UNMAPPED,moving_average_7,14,31.0000,21.8571,-9.1429,1.9388,2.6430,0.8756
22132,RED LOVE HEART SHAPE CUP,UNMAPPED,lstm,14,25.0000,12.0514,-12.9486,1.9360,4.2315,1.0841
22192,BLUE DINER WALL CLOCK,UNMAPPED,weekday_seasonal_mean,14,44.0000,26.5724,-17.4276,1.9356,2.6576,0.6159
85071A,BLUE CHARLIE+LOLA PERSONAL DOORSIGN,UNMAPPED,lstm,14,23.0000,12.2990,-10.7010,1.9346,2.9331,1.1776
90214K,"LETTER ""K"" BLING KEY RING",UNMAPPED,lstm,14,26.0000,2.4829,-23.5171,1.9329,4.6561,1.0408
22260,FELT EGG COSY BLUE RABBIT,UNMAPPED,seasonal_naive_lag_7,14,24.0000,31.0000,7.0000,1.9286,3.4330,1.1250
22515,CHILDS GARDEN SPADE PINK,UNMAPPED,seasonal_naive_lag_7,14,17.0000,18.0000,1.0000,1.9286,2.5774,1.5882
84806B,WHITE CANDYSTUFT ARTIFICIAL FLOWER,UNMAPPED,seasonal_naive_lag_7,14,24.0000,3.0000,-21.0000,1.9286,6.4642,1.1250
84931B,BLUE SCOTTIE DOG W FLOWER PATTERN,UNMAPPED,weekday_seasonal_mean,14,26.0000,4.2480,-21.7520,1.9197,4.9527,1.0337
22399,MAGNETS PACK OF 4 CHILDHOOD MEMORY,UNMAPPED,lstm,14,24.0000,3.0945,-20.9055,1.9196,6.3894,1.1198
22981,PANTRY APPLE CORER,UNMAPPED,weekday_seasonal_mean,14,27.0000,8.3284,-18.6716,1.9180,3.7391,0.9945
21894,POTTING SHED SEED ENVELOPES,UNMAPPED,gru,14,22.0000,12.8954,-9.1046,1.9109,3.8822,1.2160
22254,FELT TOADSTOOL LARGE,UNMAPPED,lstm,14,24.0000,3.5438,-20.4562,1.9080,4.4652,1.1130
90214S,"LETTER ""S"" BLING KEY RING",UNMAPPED,weekday_seasonal_mean,14,25.0000,2.8888,-22.1112,1.9062,4.6202,1.0675
84051,ASS COLOUR GLOWING TIARAS,UNMAPPED,lstm,14,24.0000,4.1474,-19.8526,1.9006,5.3562,1.1087
90214A,"LETTER ""A"" BLING KEY RING",UNMAPPED,weekday_seasonal_mean,14,26.0000,3.3988,-22.6012,1.9006,4.3953,1.0234
21439,BASKET OF TOADSTOOLS,UNMAPPED,gru,14,21.0000,13.9179,-7.0821,1.8983,3.9626,1.2655
23419,HOME SWEET HOME BOTTLE,UNMAPPED,weekday_seasonal_mean,14,32.0000,7.7936,-24.2064,1.8954,3.3947,0.8292
23402,HOME SWEET HOME 3 PEG HANGER,UNMAPPED,weekday_seasonal_mean,14,26.0000,4.9862,-21.0138,1.8763,3.6371,1.0103
90214E,"LETTER ""E"" BLING KEY RING",UNMAPPED,weekday_seasonal_mean,14,25.0000,2.1806,-22.8194,1.8754,4.6427,1.0502
22844,VINTAGE CREAM DOG FOOD CONTAINER,UNMAPPED,weekday_seasonal_mean,14,39.0000,22.3534,-16.6466,1.8683,2.4682,0.6707
22626,BLACK KITCHEN SCALES,UNMAPPED,weekday_seasonal_mean,14,25.0000,15.7942,-9.2058,1.8669,3.3384,1.0455
85032A,ROMANTIC IMAGES GIFT WRAP SET,UNMAPPED,weekday_seasonal_mean,14,24.0000,26.6454,2.6454,1.8655,3.0236,1.0882
84596G,SMALL CHOCOLATES PINK BOWL,UNMAPPED,weekday_seasonal_mean,14,35.0000,46.9650,11.9650,1.8627,2.3242,0.7451
21471,STRAWBERRY RAFFIA FOOD COVER,UNMAPPED,naive_lag_1,14,20.0000,18.0000,-2.0000,1.8571,2.3905,1.3000
21726,MULTI HEARTS STICKERS,UNMAPPED,naive_lag_1,14,13.0000,13.0000,0.0000,1.8571,4.5513,2.0000
21747,SMALL SKULL WINDMILL,UNMAPPED,moving_average_7,14,14.0000,14.0000,0.0000,1.8571,3.7202,1.8571
22214,CANDLE PLATE LACE WHITE,UNMAPPED,seasonal_naive_lag_7,14,26.0000,0.0000,-26.0000,1.8571,6.6869,1.0000
22407,MONEY BOX FIRST AID DESIGN,UNMAPPED,seasonal_naive_lag_7,14,24.0000,2.0000,-22.0000,1.8571,4.5513,1.0833
22763,KEY CABINET MA CAMPAGNE,UNMAPPED,seasonal_naive_lag_7,14,15.0000,17.0000,2.0000,1.8571,2.9032,1.7333
22820,GIFT BAG BIRTHDAY,UNMAPPED,naive_lag_1,14,14.0000,14.0000,0.0000,1.8571,4.3753,1.8571
84279P,CHERRY BLOSSOM DECORATIVE FLASK,UNMAPPED,weekday_seasonal_mean,14,20.0000,23.2276,3.2276,1.8529,2.4111,1.2971
90214G,"LETTER ""G"" BLING KEY RING",UNMAPPED,weekday_seasonal_mean,14,25.0000,1.3564,-23.6436,1.8474,6.3801,1.0345
21724,PANDA AND BUNNIES STICKER SHEET,UNMAPPED,lstm,14,23.0000,5.2077,-17.7923,1.8448,3.7943,1.1229
85040A,S/4 PINK FLOWER CANDLES IN BOWL,UNMAPPED,lstm,14,25.0000,11.7538,-13.2462,1.8388,3.5443,1.0298
20652,BLUE POLKADOT LUGGAGE TAG,UNMAPPED,weekday_seasonal_mean,14,4.0000,29.5994,25.5994,1.8285,3.1927,6.3998
85129D,BEADED CRYSTAL HEART PINK SMALL,UNMAPPED,lstm,14,23.0000,3.7423,-19.2577,1.8271,5.5825,1.1122
21260,FIRST AID TIN,UNMAPPED,gru,14,23.0000,10.9084,-12.0916,1.8215,2.6038,1.1087
21381,MINI WOODEN HAPPY BIRTHDAY GARLAND,UNMAPPED,lstm,14,25.0000,11.6327,-13.3673,1.8197,3.5764,1.0190
23249,VINTAGE RED ENAMEL TRIM PLATE,UNMAPPED,lstm,14,24.0000,8.1337,-15.8663,1.8172,3.6140,1.0600
22505,MEMO BOARD COTTAGE DESIGN,UNMAPPED,lstm,14,28.0000,21.2216,-6.7784,1.8142,2.0203,0.9071
23407,SET OF 2 TRAYS HOME SWEET HOME,UNMAPPED,lstm,14,28.0000,19.1368,-8.8632,1.8066,2.9092,0.9033
21147,JINGLE BELLS TREE DECORATION,UNMAPPED,weekday_seasonal_mean,14,25.0000,11.6582,-13.3418,1.8019,2.6761,1.0091
22673,FRENCH GARDEN SIGN BLUE METAL,UNMAPPED,lstm,14,23.0000,5.1158,-17.8842,1.8005,4.8257,1.0959
90214D,"LETTER ""D"" BLING KEY RING",UNMAPPED,weekday_seasonal_mean,14,24.0000,1.3738,-22.6262,1.7885,4.5056,1.0433
22204,MILK PAN BLUE POLKADOT,UNMAPPED,seasonal_naive_lag_7,14,23.0000,2.0000,-21.0000,1.7857,3.9370,1.0870
22977,DOLLY GIRL CHILDRENS EGG CUP,UNMAPPED,lstm,14,22.0000,8.0834,-13.9166,1.7842,3.5363,1.1354
21263,GREEN GOOSE FEATHER TREE 60CM,UNMAPPED,weekday_seasonal_mean,14,25.0000,4.9616,-20.0384,1.7745,3.4202,0.9937
23106,ZINC HEARTS PLANT POT HOLDER,UNMAPPED,weekday_seasonal_mean,14,23.0000,4.7644,-18.2356,1.7681,4.3442,1.0763
22181,SNOWSTORM PHOTO FRAME FRIDGE MAGNET,UNMAPPED,lstm,14,20.0000,6.6653,-13.3347,1.7670,4.3049,1.2369
21380,WOODEN HAPPY BIRTHDAY GARLAND,UNMAPPED,lstm,14,17.0000,13.0043,-3.9957,1.7433,2.9032,1.4357
22366,DOORMAT AIRMAIL,UNMAPPED,gru,14,16.0000,12.3649,-3.6351,1.7275,3.1073,1.5116
46776F,WOVEN ROSE GARDEN CUSHION COVER,UNMAPPED,weekday_seasonal_mean,14,30.0000,8.7088,-21.2912,1.7241,2.4963,0.8046
22092,BLUE PAISLEY TISSUE BOX,UNMAPPED,weekday_seasonal_mean,14,19.0000,16.9926,-2.0074,1.7213,2.4443,1.2683
23060,HEART BEADED TRELLIS DECORATION,UNMAPPED,weekday_seasonal_mean,14,23.0000,3.9938,-19.0062,1.7213,3.7887,1.0477
22427,ENAMEL FLOWER JUG CREAM,UNMAPPED,moving_average_7,14,12.0000,12.0001,0.0001,1.7143,3.4286,2.0000
22606,WOODEN SKITTLES GARDEN SET,UNMAPPED,naive_lag_1,14,12.0000,12.0000,0.0000,1.7143,3.2514,2.0000
22932,BAKING MOULD TOFFEE CUP CHOCOLATE,UNMAPPED,naive_lag_1,14,16.0000,16.0000,0.0000,1.7143,3.0237,1.5000
84228,HEN HOUSE WITH CHICK STANDING,UNMAPPED,moving_average_7,14,12.0000,12.0001,0.0001,1.7143,3.4286,2.0000
85169D,PINK LOVE BIRD CANDLE,UNMAPPED,naive_lag_1,14,12.0000,12.0000,0.0000,1.7143,4.5356,2.0000
22654,DELUXE SEWING KIT,UNMAPPED,weekday_seasonal_mean,14,45.0000,46.0586,1.0586,1.7141,2.3718,0.5333
22679,FRENCH BLUE METAL DOOR SIGN 4,UNMAPPED,lstm,14,22.0000,7.7533,-14.2467,1.7105,3.9747,1.0885
22025,RING OF ROSES BIRTHDAY CARD,UNMAPPED,lstm,14,19.0000,9.2840,-9.7160,1.7068,3.3207,1.2577
21220,SET/4 BADGES DOGS,UNMAPPED,weekday_seasonal_mean,14,25.0000,12.0820,-12.9180,1.7030,2.9006,0.9537
48111,DOORMAT 3 SMILEY CATS,UNMAPPED,lstm,14,23.0000,12.3140,-10.6860,1.7026,2.8301,1.0364
23025,DRAWER KNOB VINTAGE GLASS BALL,UNMAPPED,weekday_seasonal_mean,14,20.0000,6.1882,-13.8118,1.7017,3.4761,1.1912
22468,BABUSHKA LIGHTS STRING OF 10,UNMAPPED,lstm,14,22.0000,16.4408,-5.5592,1.7015,3.1514,1.0828
22776,SWEETHEART 3 TIER CAKE STAND,UNMAPPED,weekday_seasonal_mean,14,34.0000,32.0600,-1.9400,1.7015,2.2364,0.7006
84912B,GREEN ROSE WASHBAG,UNMAPPED,gru,14,22.0000,13.2341,-8.7659,1.6882,2.7050,1.0743
22523,CHILDS GARDEN FORK PINK,UNMAPPED,lstm,14,21.0000,6.5645,-14.4355,1.6821,3.3559,1.1214
84509B,SET OF 4 FAIRY CAKE PLACEMATS,UNMAPPED,lstm,14,21.0000,3.7007,-17.2993,1.6813,3.5726,1.1208
21059,PARTY INVITES DINOSAURS,UNMAPPED,lstm,14,21.0000,4.9219,-16.0781,1.6774,3.8201,1.1183
22487,WHITE WOOD GARDEN PLANT LADDER,UNMAPPED,weekday_seasonal_mean,14,21.0000,31.0350,10.0350,1.6682,1.9076,1.1121
46776D,WOVEN SUNSET CUSHION COVER,UNMAPPED,weekday_seasonal_mean,14,24.0000,2.3398,-21.6602,1.6650,2.6678,0.9712
21340,CLASSIC METAL BIRDCAGE PLANT HOLDER,UNMAPPED,weekday_seasonal_mean,14,20.0000,33.5382,13.5382,1.6627,1.9631,1.1639
82616B,FRAPPUCINO SCARF KNITTING KIT,UNMAPPED,weekday_seasonal_mean,14,27.0000,10.9470,-16.0530,1.6596,3.6659,0.8605
85174,S/4 CACTI CANDLES,UNMAPPED,weekday_seasonal_mean,14,15.0000,27.0068,12.0068,1.6565,2.0403,1.5460
72351A,SET/6 TURQUOISE BUTTERFLY T-LIGHTS,UNMAPPED,lstm,14,21.0000,10.6573,-10.3427,1.6564,3.2164,1.1042
22943,CHRISTMAS LIGHTS 10 VINTAGE BAUBLES,UNMAPPED,lstm,14,24.0000,18.7847,-5.2153,1.6504,2.0971,0.9628
22517,CHILDS GARDEN RAKE PINK,UNMAPPED,seasonal_naive_lag_7,14,12.0000,13.0000,1.0000,1.6429,2.0874,1.9167
22802,FAUX FUR CHOCOLATE THROW,UNMAPPED,weekday_seasonal_mean,14,23.0000,1.6702,-21.3298,1.6429,3.5530,1.0000
21418,STARFISH SOAP DISH,UNMAPPED,moving_average_7,14,20.0000,8.5713,-11.4287,1.6326,3.4422,1.1429
48173C,DOORMAT BLACK FLOCK,UNMAPPED,gru,14,17.0000,15.7410,-1.2590,1.6259,2.6616,1.3390
23067,HANGING ENGRAVED METAL HEART,UNMAPPED,weekday_seasonal_mean,14,21.0000,5.2100,-15.7900,1.6257,3.8144,1.0838
23397,FOOT STOOL HOME SWEET HOME,UNMAPPED,lstm,14,15.0000,27.3253,12.3253,1.6251,1.8292,1.5167
84927F,PSYCHEDELIC TILE HOOK,UNMAPPED,weekday_seasonal_mean,14,20.0000,5.2898,-14.7102,1.6187,3.4819,1.1331
21291,SMALL POLKADOT CHOCOLATE GIFT BAG,UNMAPPED,lstm,14,16.0000,7.6555,-8.3445,1.6098,4.1636,1.4086
90214N,"LETTER ""N"" BLING KEY RING",UNMAPPED,moving_average_7,14,17.0000,10.0000,-7.0000,1.6020,3.5667,1.3193
22101,MIRROR MOSAIC VOTIVE HOLDER,UNMAPPED,lstm,14,16.0000,7.6223,-8.3777,1.5947,3.0474,1.3954
84356,POMPOM CURTAIN,UNMAPPED,lstm,14,20.0000,3.8321,-16.1679,1.5918,3.5323,1.1143
21383,PACK OF 12 STICKY BUNNIES,UNMAPPED,lstm,14,19.0000,8.8856,-10.1144,1.5851,3.6984,1.1679
21730,GLASS STAR FROSTED T-LIGHT HOLDER,UNMAPPED,weekday_seasonal_mean,14,23.0000,20.5628,-2.4372,1.5846,1.9343,0.9645
90200A,PURPLE SWEETHEART BRACELET,UNMAPPED,moving_average_7,14,25.0000,14.0000,-11.0000,1.5816,3.4122,0.8857
48116,DOORMAT MULTICOLOUR STRIPE,UNMAPPED,lstm,14,22.0000,7.3408,-14.6592,1.5803,2.6492,1.0056
22486,PLASMATRONIC LAMP,UNMAPPED,weekday_seasonal_mean,14,22.0000,1.5708,-20.4292,1.5757,3.8029,1.0027
20777,CHRYSANTHEMUM NOTEBOOK,UNMAPPED,gru,14,28.0000,17.7433,-10.2567,1.5756,2.1867,0.7878
23110,PARISIENNE KEY CABINET,UNMAPPED,weekday_seasonal_mean,14,24.0000,11.9890,-12.0110,1.5742,2.2923,0.9183
20616,CHERRY BLOSSOM PASSPORT COVER,UNMAPPED,seasonal_naive_lag_7,14,4.0000,24.0000,20.0000,1.5714,4.6291,5.5000
21032,SPACE CADET WHITE,UNMAPPED,naive_lag_1,14,11.0000,11.0000,0.0000,1.5714,3.7985,2.0000
21706,FOLDING UMBRELLA RED/WHITE POLKADOT,UNMAPPED,seasonal_naive_lag_7,14,9.0000,13.0000,4.0000,1.5714,2.8536,2.4444
23411,TRELLIS COAT RACK,UNMAPPED,weekday_seasonal_mean,14,20.0000,3.8764,-16.1236,1.5616,2.8526,1.0931
22374,AIRLINE BAG VINTAGE JET SET RED,UNMAPPED,weekday_seasonal_mean,14,27.0000,19.1758,-7.8242,1.5485,2.8156,0.8029
DOT,DOTCOM POSTAGE,UNMAPPED,gru,14,27.0000,17.8808,-9.1192,1.5447,1.8724,0.8009
21060,PARTY INVITES BALLOON GIRL,UNMAPPED,lstm,14,19.0000,4.3446,-14.6554,1.5438,3.4445,1.1375
21883,STARS GIFT TAPE,UNMAPPED,lstm,14,15.0000,10.1520,-4.8480,1.5428,3.1786,1.4400
21808,"CHRISTMAS GARLAND STARS,TREES",UNMAPPED,weekday_seasonal_mean,14,11.0000,18.8460,7.8460,1.5413,1.8923,1.9616
90200D,PINK SWEETHEART BRACELET,UNMAPPED,weekday_seasonal_mean,14,23.0000,5.7840,-17.2160,1.5400,3.6925,0.9374
22121,NOEL WOODEN BLOCK LETTERS,UNMAPPED,weekday_seasonal_mean,14,21.0000,28.8310,7.8310,1.5380,1.8850,1.0253
22277,COSMETIC BAG VINTAGE ROSE PAISLEY,UNMAPPED,lstm,14,21.0000,4.9496,-16.0504,1.5376,2.5532,1.0251
21058,PARTY INVITES WOODLAND,UNMAPPED,lstm,14,19.0000,4.7770,-14.2230,1.5328,3.7564,1.1294
22896,PEG BAG APPLES DESIGN,UNMAPPED,lstm,14,27.0000,12.7653,-14.2347,1.5294,2.3851,0.7930
47590B,PINK HAPPY BIRTHDAY BUNTING,UNMAPPED,lstm,14,21.0000,18.3339,-2.6661,1.5280,2.1705,1.0186
21873,IF YOU CAN'T STAND THE HEAT MUG,UNMAPPED,gru,14,18.0000,9.3595,-8.6405,1.5257,2.5557,1.1866
22789,T-LIGHT HOLDER SWEETHEART HANGING,UNMAPPED,lstm,14,20.0000,5.0197,-14.9803,1.5077,2.5474,1.0554
21718,RED METAL BEACH SPADE,UNMAPPED,gru,14,24.0000,10.9581,-13.0419,1.5055,3.1492,0.8782
21219,SET/4 BADGES BALLOON GIRL,UNMAPPED,gru,14,18.0000,8.3554,-9.6446,1.5035,3.1911,1.1694
23431,NATURAL HANGING QUILTED HEARTS,UNMAPPED,lstm,14,13.0000,11.5906,-1.4094,1.5035,3.1015,1.6191
10120,DOGGY RUBBER,UNMAPPED,seasonal_naive_lag_7,14,10.0000,11.0000,1.0000,1.5000,2.7386,2.1000
23050,RECYCLED ACAPULCO MAT GREEN,UNMAPPED,naive_lag_1,14,13.0000,12.0000,-1.0000,1.5000,2.1547,1.6154
23400,SHELF WITH 4 HOOKS HOME SWEET HOME,UNMAPPED,seasonal_naive_lag_7,14,12.0000,17.0000,5.0000,1.5000,2.2520,1.7500
46776E,WOVEN CANDY CUSHION COVER,UNMAPPED,seasonal_naive_lag_7,14,11.0000,10.0000,-1.0000,1.5000,2.3146,1.9091
84884A,ANT WHITE WIRE HEART SPIRAL,UNMAPPED,seasonal_naive_lag_7,14,18.0000,5.0000,-13.0000,1.5000,3.5757,1.1667
22416,SET OF 36 SPACEBOY PAPER DOILIES,UNMAPPED,lstm,14,18.0000,3.7275,-14.2725,1.4917,3.5338,1.1602
21114,LAVENDER SCENTED FABRIC HEART,UNMAPPED,lstm,14,15.0000,7.8773,-7.1227,1.4894,2.8770,1.3901
22911,PAPER CHAIN KIT LONDON,UNMAPPED,weekday_seasonal_mean,14,10.0000,14.4964,4.4964,1.4834,2.0691,2.0768
72802A,ROSE SCENT CANDLE IN JEWELLED BOX,UNMAPPED,lstm,14,18.0000,2.9358,-15.0642,1.4800,4.7871,1.1511
21879,HEARTS GIFT TAPE,UNMAPPED,moving_average_7,14,16.0000,10.7145,-5.2855,1.4796,3.3366,1.2947
21065,BOOM BOX SPEAKER GIRLS,UNMAPPED,weekday_seasonal_mean,14,27.0000,10.9480,-16.0520,1.4790,2.4732,0.7669
85131D,BEADED CRYSTAL HEART PINK ON STICK,UNMAPPED,lstm,14,18.0000,5.4826,-12.5174,1.4738,3.4833,1.1463
21464,DISCO BALL ROTATOR BATTERY OPERATED,UNMAPPED,weekday_seasonal_mean,14,19.0000,9.9042,-9.0958,1.4678,2.6314,1.0815
82616C,MIDNIGHT GLAMOUR SCARF KNITTING KIT,UNMAPPED,weekday_seasonal_mean,14,26.0000,11.0752,-14.9248,1.4668,2.1005,0.7898
22447,PIN CUSHION BABUSHKA BLUE,UNMAPPED,lstm,14,19.0000,2.0952,-16.9048,1.4637,3.6551,1.0785
21579,LOLITA DESIGN COTTON TOTE BAG,UNMAPPED,lstm,14,18.0000,3.1403,-14.8597,1.4577,3.5197,1.1338
21056,DOCTOR'S BAG SOFT TOY,UNMAPPED,gru,14,20.0000,10.1909,-9.8091,1.4567,2.1294,1.0197
21947,SET OF 6 HEART CHOPSTICKS,UNMAPPED,weekday_seasonal_mean,14,12.0000,32.2382,20.2382,1.4456,1.8775,1.6865
90119,METALIC LEAVES BAG CHARMS,UNMAPPED,weekday_seasonal_mean,14,20.0000,1.2196,-18.7804,1.4437,3.0311,1.0106
85202,HANGING WOOD AND FELT HEART,UNMAPPED,lstm,14,16.0000,6.3649,-9.6351,1.4315,2.4590,1.2525
21814,HEART T-LIGHT HOLDER,UNMAPPED,lstm,14,17.0000,4.2572,-12.7428,1.4304,4.2371,1.1779
20705,MRS ROBOT SOFT TOY,UNMAPPED,moving_average_7,14,14.0000,9.1430,-4.8570,1.4286,2.3977,1.4286
20819,SILVER TEDDY BEAR,UNMAPPED,naive_lag_1,14,4.0000,16.0000,12.0000,1.4286,3.3806,5.0000
21382,SET/4 SPRING FLOWER DECORATION,UNMAPPED,seasonal_naive_lag_7,14,7.0000,19.0000,12.0000,1.4286,2.9520,2.8571
44234,ASSORTED CIRCULAR MOBILE,UNMAPPED,seasonal_naive_lag_7,14,8.0000,14.0000,6.0000,1.4286,2.9032,2.5000
22424,ENAMEL BREAD BIN CREAM,UNMAPPED,weekday_seasonal_mean,14,33.0000,28.5402,-4.4598,1.4250,1.7494,0.6046
22681,FRENCH BLUE METAL DOOR SIGN 6,UNMAPPED,lstm,14,14.0000,9.3995,-4.6005,1.4245,2.6889,1.4245
22938,CUPCAKE LACE PAPER SET 6,UNMAPPED,lstm,14,4.0000,21.4829,17.4829,1.4240,1.6560,4.9839
21221,SET/4 BADGES CUTE CREATURES,UNMAPPED,moving_average_7,14,12.0000,10.4288,-1.5712,1.4184,2.5982,1.6548
72807B,SET/3 OCEAN SCENT CANDLE JEWEL BOX,UNMAPPED,weekday_seasonal_mean,14,0.0000,19.8396,19.8396,1.4171,1.6092,0.0000
85111,SILVER GLITTER FLOWER VOTIVE HOLDER,UNMAPPED,lstm,14,15.0000,9.6151,-5.3849,1.3986,2.6368,1.3053
84192,ASSORTED COLOUR METAL CAT,UNMAPPED,lstm,14,17.0000,4.8562,-12.1438,1.3963,2.6367,1.1499
22414,DOORMAT NEIGHBOURHOOD WITCH,UNMAPPED,lstm,14,18.0000,5.3066,-12.6934,1.3950,3.2513,1.0850
22840,ROUND CAKE TIN VINTAGE RED,UNMAPPED,weekday_seasonal_mean,14,23.0000,25.0858,2.0858,1.3923,1.9819,0.8475
23180,MUM'S KITCHEN CLOCK,UNMAPPED,weekday_seasonal_mean,14,19.0000,1.9282,-17.0718,1.3912,3.3692,1.0251
22372,AIRLINE BAG VINTAGE WORLD CHAMPION,UNMAPPED,weekday_seasonal_mean,14,24.0000,11.1718,-12.8282,1.3880,2.6918,0.8096
22148,EASTER CRAFT 4 CHICKS,UNMAPPED,lstm,14,16.0000,4.2463,-11.7537,1.3848,3.3245,1.2117
79191B,RETRO PLASTIC POLKA TRAY,UNMAPPED,weekday_seasonal_mean,14,14.0000,8.7486,-5.2514,1.3826,3.3474,1.3826
22431,WATERING CAN BLUE ELEPHANT,UNMAPPED,lstm,14,22.0000,10.9401,-11.0599,1.3791,2.1652,0.8776
22636,CHILDS BREAKFAST SET CIRCUS PARADE,UNMAPPED,weekday_seasonal_mean,14,26.0000,30.4732,4.4732,1.3748,1.7496,0.7403
22623,BOX OF VINTAGE JIGSAW BLOCKS,UNMAPPED,weekday_seasonal_mean,14,34.0000,43.7596,9.7596,1.3739,1.9993,0.5657
20931,BLUE POT PLANT CANDLE,UNMAPPED,weekday_seasonal_mean,14,22.0000,11.4930,-10.5070,1.3712,3.0727,0.8726
22377,BOTTLE BAG RETROSPOT,UNMAPPED,lstm,14,18.0000,5.5936,-12.4064,1.3660,2.6159,1.0624
21207,SKULL AND CROSSBONES GARLAND,UNMAPPED,lstm,14,14.0000,6.4494,-7.5506,1.3572,3.1899,1.3572
20622,VIP PASSPORT COVER,UNMAPPED,naive_lag_1,14,3.0000,16.0000,13.0000,1.3571,3.5355,6.3333
23135,SMALL ZINC HEART WALL ORGANISER,UNMAPPED,seasonal_naive_lag_7,14,19.0000,2.0000,-17.0000,1.3571,4.5591,1.0000
23317,BLUE REFECTORY CLOCK,UNMAPPED,naive_lag_1,14,11.0000,12.0000,1.0000,1.3571,2.1213,1.7273
22778,GLASS CLOCHE SMALL,UNMAPPED,weekday_seasonal_mean,14,0.0000,18.8896,18.8896,1.3493,1.5294,0.0000
22931,BAKING MOULD HEART WHITE CHOCOLATE,UNMAPPED,lstm,14,17.0000,4.0318,-12.9682,1.3480,2.8283,1.1101
90214B,"LETTER ""B"" BLING KEY RING",UNMAPPED,moving_average_7,14,12.0000,6.8572,-5.1428,1.3469,3.3355,1.5714
47590A,BLUE HAPPY BIRTHDAY BUNTING,UNMAPPED,gru,14,9.0000,16.2717,7.2717,1.3441,1.4566,2.0909
22928,YELLOW GIANT GARDEN THERMOMETER,UNMAPPED,gru,14,20.0000,14.5667,-5.4333,1.3333,1.8488,0.9333
79160,HEART SHAPE WIRELESS DOORBELL,UNMAPPED,moving_average_7,14,10.0000,14.8571,4.8571,1.3265,1.8111,1.8572
20659,ECONOMY LUGGAGE TAG,UNMAPPED,weekday_seasonal_mean,14,16.0000,6.7226,-9.2774,1.3258,2.3817,1.1601
22433,WATERING CAN GREEN DINOSAUR,UNMAPPED,lstm,14,16.0000,3.9777,-12.0223,1.3255,2.6283,1.1598
85035C,ROSE 3 WICK MORRIS BOX CANDLE,UNMAPPED,lstm,14,1.0000,19.3036,18.3036,1.3074,1.4563,18.3036
84509E,SET OF 4 CAROUSEL PLACEMATS,UNMAPPED,moving_average_7,14,14.0000,4.8571,-9.1429,1.3061,3.2666,1.3061
35648,VINTAGE BEAD PINK PURSE,UNMAPPED,weekday_seasonal_mean,14,20.0000,18.0854,-1.9146,1.3057,1.6988,0.9140
21351,CINAMMON & ORANGE WREATH,UNMAPPED,lstm,14,17.0000,6.4133,-10.5867,1.3050,2.0199,1.0747
22309,TEA COSY RED STRIPE,UNMAPPED,lstm,14,18.0000,10.5777,-7.4223,1.3042,1.6595,1.0144
79190D,RETRO PLASTIC DAISY TRAY,UNMAPPED,lstm,14,15.0000,3.4758,-11.5242,1.2988,3.9780,1.2122
20974,12 PENCILS SMALL TUBE SKULL,UNMAPPED,lstm,14,12.0000,7.9441,-4.0559,1.2919,2.2932,1.5073
21676,FLOWERS STICKERS,UNMAPPED,lstm,14,16.0000,5.7894,-10.2106,1.2908,3.1585,1.1295
79144B,PAINTED LIGHTBULB STAR+ MOON,UNMAPPED,lstm,14,17.0000,4.3796,-12.6204,1.2902,2.1401,1.0625
23132,SMALL IVORY HEART WALL ORGANISER,UNMAPPED,lstm,14,19.0000,17.2636,-1.7364,1.2896,1.8637,0.9502
23444,Next Day Carriage,UNMAPPED,lightgbm,14,19.0000,25.9881,6.9881,1.2869,1.4180,0.9483
22894,TABLECLOTH RED APPLES DESIGN,UNMAPPED,naive_lag_1,14,10.0000,8.0000,-2.0000,1.2857,3.0706,1.8000
23315,IVORY REFECTORY CLOCK,UNMAPPED,naive_lag_1,14,9.0000,11.0000,2.0000,1.2857,1.6036,2.0000
85114A,BLACK ENCHANTED FOREST PLACEMAT,UNMAPPED,naive_lag_1,14,14.0000,16.0000,2.0000,1.2857,2.7775,1.2857
90214R,"LETTER ""R"" BLING KEY RING",UNMAPPED,moving_average_7,14,13.0000,7.0000,-6.0000,1.2857,3.3149,1.3846
46776B,WOVEN BERRIES CUSHION COVER,UNMAPPED,weekday_seasonal_mean,14,21.0000,7.7288,-13.2712,1.2802,1.9213,0.8535
84519A,TOMATO CHARLIE+LOLA COASTER SET,UNMAPPED,gru,14,19.0000,14.1420,-4.8580,1.2791,1.7533,0.9425
21561,DINOSAUR LUNCH BOX WITH CUTLERY,UNMAPPED,lstm,14,19.0000,13.7959,-5.2041,1.2754,1.9122,0.9398
21867,PINK UNION JACK LUGGAGE TAG,UNMAPPED,gru,14,16.0000,8.1306,-7.8694,1.2736,1.8121,1.1144
21211,SET OF 72 SKULL PAPER DOILIES,UNMAPPED,lstm,14,14.0000,4.9751,-9.0249,1.2695,3.1706,1.2695
22891,TEA FOR ONE POLKADOT,UNMAPPED,weekday_seasonal_mean,14,24.0000,11.6638,-12.3362,1.2672,1.7026,0.7392
47599B,BLUE PARTY BAGS,UNMAPPED,lstm,14,12.0000,6.3486,-5.6514,1.2639,3.1537,1.4746
84923,PINK BUTTERFLY HANDBAG W BOBBLES,UNMAPPED,weekday_seasonal_mean,14,19.0000,4.0696,-14.9304,1.2556,2.0388,0.9252
21466,RED FLOWER CROCHET FOOD COVER,UNMAPPED,lstm,14,17.0000,5.8949,-11.1051,1.2496,2.1806,1.0291
21557,SET OF 6 FUNKY BEAKERS,UNMAPPED,weekday_seasonal_mean,14,12.0000,17.5614,5.5614,1.2473,1.6516,1.4552
23252,VINTAGE RED ENAMEL TRIM JUG,UNMAPPED,weekday_seasonal_mean,14,16.0000,11.0090,-4.9910,1.2461,1.7354,1.0903
22660,DOORMAT I LOVE LONDON,UNMAPPED,lstm,14,15.0000,7.0241,-7.9759,1.2451,2.6506,1.1621
21264,WHITE GOOSE FEATHER TREE 60CM,UNMAPPED,weekday_seasonal_mean,14,17.0000,6.4292,-10.5708,1.2418,2.0210,1.0226
22070,SMALL RED RETROSPOT MUG IN BOX,UNMAPPED,weekday_seasonal_mean,14,12.0000,28.6480,16.6480,1.2368,1.5203,1.4429
21812,GARLAND WITH HEARTS AND BELLS,UNMAPPED,weekday_seasonal_mean,14,16.0000,14.3582,-1.6418,1.2343,1.9811,1.0800
84536B,FAIRY CAKES NOTEBOOK A7 SIZE,UNMAPPED,gru,14,14.0000,16.9205,2.9205,1.2326,1.3923,1.2326
72760B,VINTAGE CREAM 3 BASKET CAKE STAND,UNMAPPED,lstm,14,15.0000,6.9349,-8.0651,1.2324,1.7537,1.1503
21470,FLOWER VINE RAFFIA FOOD COVER,UNMAPPED,lstm,14,15.0000,6.6946,-8.3054,1.2293,2.1796,1.1474
21051,RIBBONS PURSE,UNMAPPED,lstm,14,13.0000,6.1761,-6.8239,1.2287,2.1818,1.3232
22071,SMALL WHITE RETROSPOT MUG IN BOX,UNMAPPED,weekday_seasonal_mean,14,16.0000,23.0532,7.0532,1.2287,1.5015,1.0751
22953,BIRTHDAY PARTY CORDON BARRIER TAPE,UNMAPPED,lstm,14,14.0000,5.3652,-8.6348,1.2283,3.1545,1.2283
46000U,POLYESTER FILLER PAD 30CMx30CM,UNMAPPED,moving_average_7,14,10.0000,7.1430,-2.8570,1.2245,2.8057,1.7143
21367,MIRRORED WALL ART GENTS,UNMAPPED,weekday_seasonal_mean,14,15.0000,3.7116,-11.2884,1.2214,3.4667,1.1399
22116,METAL SIGN HIS DINNER IS SERVED,UNMAPPED,weekday_seasonal_mean,14,20.0000,14.7974,-5.2026,1.2165,1.5564,0.8516
20867,PINK ROSE FABRIC MIRROR,UNMAPPED,lstm,14,15.0000,4.6278,-10.3722,1.2161,3.1844,1.1350
21129,SILVER FISHING GNOME,UNMAPPED,naive_lag_1,14,9.0000,10.0000,1.0000,1.2143,2.8661,1.8889
21204,DAISIES HONEYCOMB GARLAND,UNMAPPED,seasonal_naive_lag_7,14,27.0000,14.0000,-13.0000,1.2143,3.2842,0.6296
22428,ENAMEL FIRE BUCKET CREAM,UNMAPPED,naive_lag_1,14,8.0000,15.0000,7.0000,1.2143,2.0874,2.1250
22665,RECIPE BOX BLUE SKETCHBOOK DESIGN,UNMAPPED,seasonal_naive_lag_7,14,0.0000,17.0000,17.0000,1.2143,3.4744,0.0000
22786,CUSHION COVER PINK UNION JACK,UNMAPPED,seasonal_naive_lag_7,14,18.0000,5.0000,-13.0000,1.2143,2.8410,0.9444
22832,BROCANTE SHELF WITH HOOKS,UNMAPPED,seasonal_naive_lag_7,14,1.0000,16.0000,15.0000,1.2143,2.7903,17.0000
22937,BAKING MOULD CHOCOLATE CUPCAKES,UNMAPPED,seasonal_naive_lag_7,14,14.0000,3.0000,-11.0000,1.2143,3.3058,1.2143
84707B,PINK JEWELLED MIRROR TRINKET TRAY,UNMAPPED,moving_average_7,14,15.0000,2.2858,-12.7142,1.2143,3.7570,1.1333
85104,SILVER GLASS T-LIGHT SET,UNMAPPED,seasonal_naive_lag_7,14,14.0000,3.0000,-11.0000,1.2143,3.8266,1.2143
85180B,PINK HEARTS LIGHT CHAIN,UNMAPPED,seasonal_naive_lag_7,14,10.0000,7.0000,-3.0000,1.2143,2.5213,1.7000
21062,PARTY INVITES SPACEMAN,UNMAPPED,lstm,14,12.0000,5.4932,-6.5068,1.2100,3.1581,1.4117
85036C,ROSE 1 WICK MORRIS BOXED CANDLE,UNMAPPED,weekday_seasonal_mean,14,0.0000,16.8696,16.8696,1.2050,1.5337,0.0000
21746,SMALL RED RETROSPOT WINDMILL,UNMAPPED,lstm,14,13.0000,4.8478,-8.1522,1.1929,3.1505,1.2847
21026,SPACE OWL,UNMAPPED,weekday_seasonal_mean,14,20.0000,9.5732,-10.4268,1.1923,2.5267,0.8346
72807A,SET/3 ROSE CANDLE IN JEWELLED BOX,UNMAPPED,weekday_seasonal_mean,14,0.0000,16.6190,16.6190,1.1871,1.3822,0.0000
21881,CUTE CATS TAPE,UNMAPPED,lstm,14,15.0000,3.8213,-11.1787,1.1864,3.1852,1.1073
23152,IVORY SWEETHEART WIRE LETTER RACK,UNMAPPED,lstm,14,13.0000,7.9817,-5.0183,1.1806,2.1370,1.2714
23087,ZINC HEART T-LIGHT HOLDER,UNMAPPED,lstm,14,9.0000,11.0899,2.0899,1.1776,1.5765,1.8318
85159A,"BLACK TEA,COFFEE,SUGAR JARS",UNMAPPED,lstm,14,14.0000,3.0514,-10.9486,1.1646,3.4577,1.1646
21288,STRIPEY CHOCOLATE NESTING BOXES,UNMAPPED,moving_average_7,14,13.0000,14.2856,1.2856,1.1531,1.3308,1.2418
21425,SKULLS STORAGE BOX LARGE,UNMAPPED,naive_lag_1,14,7.0000,9.0000,2.0000,1.1429,2.3604,2.2857
21715,GIRLS VINTAGE TIN SEASIDE BUCKET,UNMAPPED,naive_lag_1,14,10.0000,10.0000,0.0000,1.1429,1.6903,1.6000
21922,UNION STRIPE WITH FRINGE HAMMOCK,UNMAPPED,naive_lag_1,14,10.0000,10.0000,0.0000,1.1429,1.5119,1.6000
22117,METAL SIGN HER DINNER IS SERVED,UNMAPPED,naive_lag_1,14,8.0000,8.0000,0.0000,1.1429,1.6036,2.0000
22318,FIVE HEART HANGING DECORATION,UNMAPPED,seasonal_naive_lag_7,14,5.0000,11.0000,6.0000,1.1429,1.8898,3.2000
22808,SET OF 6 T-LIGHTS EASTER CHICKS,UNMAPPED,naive_lag_1,14,26.0000,14.0000,-12.0000,1.1429,3.7796,0.6154
23049,RECYCLED ACAPULCO MAT RED,UNMAPPED,seasonal_naive_lag_7,14,6.0000,18.0000,12.0000,1.1429,2.4495,2.6667
84924A,WAKE UP COCKEREL CALENDAR SIGN,UNMAPPED,seasonal_naive_lag_7,14,2.0000,16.0000,14.0000,1.1429,3.0237,8.0000
85130D,BEADED CRYSTAL HEART PINK LARGE,UNMAPPED,naive_lag_1,14,8.0000,8.0000,0.0000,1.1429,1.9272,2.0000
85136C,RED SHARK HELICOPTER,UNMAPPED,seasonal_naive_lag_7,14,7.0000,11.0000,4.0000,1.1429,1.7728,2.2857
90206C,CRYSTAL DIAMANTE STAR BROOCH,UNMAPPED,naive_lag_1,14,10.0000,10.0000,0.0000,1.1429,1.5119,1.6000
22685,FRENCH BLUE METAL DOOR SIGN 0,UNMAPPED,lstm,14,12.0000,6.4319,-5.5681,1.1428,2.6225,1.3333
22364,GLASS JAR DIGESTIVE BISCUITS,UNMAPPED,lstm,14,12.0000,7.7158,-4.2842,1.1378,1.6805,1.3275
21197,MULTICOLOUR CONFETTI IN TUBE,UNMAPPED,lstm,14,12.0000,4.2667,-7.7333,1.1340,3.1699,1.3230
21884,CAKES AND BOWS GIFT TAPE,UNMAPPED,lstm,14,13.0000,3.5263,-9.4737,1.1327,3.1767,1.2199
22280,POCKET BAG PINK PAISELY BROWN SPOT,UNMAPPED,lstm,14,13.0000,7.4471,-5.5529,1.1321,1.4866,1.2192
20771,CHRYSANTHEMUM JOURNAL,UNMAPPED,lstm,14,13.0000,5.2127,-7.7873,1.1259,1.8373,1.2125
85094,CANDY SPOT EGG WARMER RABBIT,UNMAPPED,weekday_seasonal_mean,14,11.0000,14.0776,3.0776,1.1232,1.4808,1.4295
21882,SKULLS TAPE,UNMAPPED,lstm,14,12.0000,4.2184,-7.7816,1.1229,3.1556,1.3100
22222,CAKE PLATE LOVEBIRD WHITE,UNMAPPED,lstm,14,14.0000,8.9184,-5.0816,1.1221,1.4454,1.1221
21039,RED RETROSPOT SHOPPING BAG,UNMAPPED,lstm,14,13.0000,5.9849,-7.0151,1.1220,2.0051,1.2083
21198,WHITE HEART CONFETTI IN TUBE,UNMAPPED,lstm,14,12.0000,3.9780,-8.0220,1.1198,3.1810,1.3065
21580,RABBIT DESIGN COTTON TOTE BAG,UNMAPPED,lstm,14,13.0000,3.3219,-9.6781,1.1182,3.1840,1.2042
46776C,WOVEN FROST CUSHION COVER,UNMAPPED,weekday_seasonal_mean,14,17.0000,4.3858,-12.6142,1.1177,1.7993,0.9205
22261,FELT EGG COSY WHITE RABBIT,UNMAPPED,lstm,14,14.0000,8.4689,-5.5311,1.1137,1.4079,1.1137
22362,GLASS JAR PEACOCK BATH SALTS,UNMAPPED,weekday_seasonal_mean,14,11.0000,16.3402,5.3402,1.1027,1.6326,1.4035
21456,2 PICTURE BOOK EGGS EASTER CHICKS,UNMAPPED,moving_average_7,14,12.0000,3.4286,-8.5714,1.1020,3.2719,1.2857
21576,LETS GO SHOPPING COTTON TOTE BAG,UNMAPPED,lstm,14,13.0000,3.9906,-9.0094,1.0996,2.2007,1.1842
20802,SMALL GLASS SUNDAE DISH CLEAR,UNMAPPED,lstm,14,12.0000,3.6901,-8.3099,1.0921,3.1652,1.2741
21948,SET OF 6 CAKE CHOPSTICKS,UNMAPPED,gru,14,11.0000,8.7897,-2.2103,1.0878,1.4713,1.3845
22683,FRENCH BLUE METAL DOOR SIGN 8,UNMAPPED,lstm,14,12.0000,5.2995,-6.7005,1.0866,2.6205,1.2676
21249,WOODLAND HEIGHT CHART STICKERS,UNMAPPED,gru,14,10.0000,8.1539,-1.8461,1.0838,2.1302,1.5174
22283,6 EGG HOUSE PAINTED WOOD,UNMAPPED,lstm,14,14.0000,5.4985,-8.5015,1.0830,1.4755,1.0830
90200E,GREEN SWEETHEART BRACELET,UNMAPPED,lstm,14,15.0000,3.9691,-11.0309,1.0824,1.8022,1.0102
22838,3 TIER CAKE TIN RED AND CREAM,UNMAPPED,weekday_seasonal_mean,14,15.0000,16.4590,1.4590,1.0806,1.4853,1.0085
84519B,CARROT CHARLIE+LOLA COASTER SET,UNMAPPED,weekday_seasonal_mean,14,20.0000,16.0256,-3.9744,1.0784,1.6696,0.7549
22842,BISCUIT TIN VINTAGE RED,UNMAPPED,weekday_seasonal_mean,14,4.0000,15.5860,11.5860,1.0783,1.3007,3.7740
21638,ASSORTED TUTTI FRUTTI NOTEBOOK,UNMAPPED,weekday_seasonal_mean,14,4.0000,19.0718,15.0718,1.0766,1.2960,3.7679
21125,SET 6 FOOTBALL CELEBRATION CANDLES,UNMAPPED,gru,14,13.0000,8.7280,-4.2720,1.0744,1.3701,1.1570
22796,PHOTO FRAME 3 CLASSIC HANGING,UNMAPPED,weekday_seasonal_mean,14,19.0000,14.7356,-4.2644,1.0742,1.4677,0.7915
21534,DAIRY MAID LARGE MILK JUG,UNMAPPED,seasonal_naive_lag_7,14,15.0000,12.0000,-3.0000,1.0714,2.0529,1.0000
21906,PHARMACIE FIRST AID TIN,UNMAPPED,seasonal_naive_lag_7,14,7.0000,12.0000,5.0000,1.0714,1.7525,2.1429
22363,GLASS JAR MARMALADE,UNMAPPED,seasonal_naive_lag_7,14,7.0000,8.0000,1.0000,1.0714,1.5353,2.1429
85170C,SET/6 EAU DE NIL BIRD T-LIGHTS,UNMAPPED,naive_lag_1,14,9.0000,8.0000,-1.0000,1.0714,2.6592,1.6667
21368,MIRRORED WALL ART LADIES,UNMAPPED,lstm,14,12.0000,3.1977,-8.8023,1.0674,3.1820,1.2453
47599A,PINK PARTY BAGS,UNMAPPED,lstm,14,12.0000,3.1381,-8.8619,1.0631,3.1814,1.2402
21773,DECORATIVE ROSE BATHROOM BOTTLE,UNMAPPED,lstm,14,11.0000,7.9077,-3.0923,1.0600,1.4203,1.3492
21427,SKULLS STORAGE BOX SMALL,UNMAPPED,lstm,14,12.0000,3.5517,-8.4483,1.0595,2.2142,1.2360
85071C,"CHARLIE+LOLA""EXTREMELY BUSY"" SIGN",UNMAPPED,weekday_seasonal_mean,14,17.0000,23.3722,6.3722,1.0592,1.7230,0.8723
21774,DECORATIVE CATS BATHROOM BOTTLE,UNMAPPED,gru,14,14.0000,12.4060,-1.5940,1.0590,1.2698,1.0590
21199,PINK HEART CONFETTI IN TUBE,UNMAPPED,lstm,14,12.0000,2.9183,-9.0817,1.0485,3.1826,1.2233
22104,MIRROR MOSAIC CANDLE PLATE,UNMAPPED,lstm,14,12.0000,4.1834,-7.8166,1.0400,2.1040,1.2133
20669,RED HEART LUGGAGE TAG,UNMAPPED,lstm,14,13.0000,6.5409,-6.4591,1.0362,1.3317,1.1159
23026,DRAWER KNOB VINTAGE GLASS STAR,UNMAPPED,weekday_seasonal_mean,14,7.0000,10.2920,3.2920,1.0356,1.7167,2.0711
90214J,"LETTER ""J"" BLING KEY RING",UNMAPPED,lstm,14,13.0000,2.2268,-10.7732,1.0334,3.1950,1.1129
21707,FOLDING UMBRELLA BLACKBLUE POLKADOT,UNMAPPED,gru,14,10.0000,7.0138,-2.9862,1.0306,1.4925,1.4429
20866,BLUE ROSE FABRIC MIRROR,UNMAPPED,lstm,14,13.0000,6.6415,-6.3585,1.0271,1.6324,1.1061
21878,PACK OF 6 SANDCASTLE FLAGS ASSORTED,UNMAPPED,lstm,14,14.0000,5.9284,-8.0716,1.0264,1.5303,1.0264
84913B,MINT GREEN ROSE TOWEL,UNMAPPED,lstm,14,12.0000,3.0214,-8.9786,1.0255,2.3532,1.1965
23423,PANTRY 3 HOOK ROLLING PIN HANGER,UNMAPPED,weekday_seasonal_mean,14,14.0000,3.2036,-10.7964,1.0238,2.0943,1.0238
21454,PAINTED PINK RABBIT,UNMAPPED,moving_average_7,14,11.0000,5.8570,-5.1430,1.0204,1.8579,1.2987
21689,SILVER VANILLA FLOWER CANDLE POT,UNMAPPED,moving_average_7,14,9.0000,6.7143,-2.2857,1.0204,1.4529,1.5873
22479,DAISY GARDEN MARKER,UNMAPPED,lstm,14,12.0000,4.3379,-7.6621,1.0194,1.9842,1.1893
22691,DOORMAT WELCOME SUNRISE,UNMAPPED,lstm,14,14.0000,6.6258,-7.3742,1.0139,1.3775,1.0139
21624,VINTAGE UNION JACK DOORSTOP,UNMAPPED,lstm,14,12.0000,6.0927,-5.9073,1.0136,1.8825,1.1826
21617,4 LILY BOTANICAL DINNER CANDLES,UNMAPPED,weekday_seasonal_mean,14,0.0000,14.1380,14.1380,1.0099,1.1919,0.0000
22262,FELT EGG COSY CHICKEN,UNMAPPED,lstm,14,11.0000,9.4411,-1.5589,1.0030,1.3151,1.2765
21530,DAIRY MAID TOASTRACK,UNMAPPED,weekday_seasonal_mean,14,6.0000,17.9030,11.9030,1.0029,1.2618,2.3400
20769,DAISY JOURNAL,UNMAPPED,seasonal_naive_lag_7,14,16.0000,14.0000,-2.0000,1.0000,2.0702,0.8750
21042,RED RETROSPOT APRON,UNMAPPED,seasonal_naive_lag_7,14,9.0000,15.0000,6.0000,1.0000,1.4639,1.5556
21469,POLKA DOT RAFFIA FOOD COVER,UNMAPPED,naive_lag_1,14,7.0000,7.0000,0.0000,1.0000,2.2991,2.0000
22317,FIVE CATS HANGING DECORATION,UNMAPPED,seasonal_naive_lag_7,14,4.0000,10.0000,6.0000,1.0000,2.0000,3.5000
22729,ALARM CLOCK BAKELIKE ORANGE,UNMAPPED,seasonal_naive_lag_7,14,9.0000,11.0000,2.0000,1.0000,1.5119,1.5556
22762,CUPBOARD 3 DRAWER MA CAMPAGNE,UNMAPPED,naive_lag_1,14,7.0000,7.0000,0.0000,1.0000,1.7321,2.0000
22120,WELCOME WOODEN BLOCK LETTERS,UNMAPPED,weekday_seasonal_mean,14,9.0000,19.2706,10.2706,0.9922,1.2003,1.5435
90214M,"LETTER ""M"" BLING KEY RING",UNMAPPED,lstm,14,12.0000,1.9893,-10.0107,0.9875,3.1893,1.1521
90214H,"LETTER ""H"" BLING KEY RING",UNMAPPED,weekday_seasonal_mean,14,13.0000,1.2176,-11.7824,0.9846,3.1959,1.0604
21455,PAINTED YELLOW WOODEN DAISY,UNMAPPED,moving_average_7,14,9.0000,4.7144,-4.2856,0.9796,1.8469,1.5238
22914,BLUE COAT RACK PARIS FASHION,UNMAPPED,moving_average_7,14,10.0000,10.5712,0.5712,0.9796,1.1429,1.3714
23052,RECYCLED ACAPULCO MAT TURQUOISE,UNMAPPED,lstm,14,12.0000,4.9028,-7.0972,0.9783,1.5203,1.1413
21426,WOODLAND STORAGE BOX SMALL,UNMAPPED,lstm,14,8.0000,7.5316,-0.4684,0.9750,1.8218,1.7062
20775,DAISY NOTEBOOK,UNMAPPED,gru,14,12.0000,10.7972,-1.2028,0.9632,1.3518,1.1238
22687,DOORMAT CHRISTMAS VILLAGE,UNMAPPED,lstm,14,11.0000,7.5015,-3.4985,0.9606,1.4444,1.2225
15044D,RED PAPER PARASOL,UNMAPPED,lstm,14,10.0000,5.4715,-4.5285,0.9592,1.8715,1.3429
23285,PINK VINTAGE SPOT BEAKER,UNMAPPED,lstm,14,13.0000,11.0703,-1.9297,0.9556,1.1704,1.0292
37450,CERAMIC CAKE BOWL + HANGING CAKES,UNMAPPED,lstm,14,10.0000,5.0768,-4.9232,0.9517,1.7255,1.3324
23048,SET OF 10 LANTERNS FAIRY LIGHT STAR,UNMAPPED,weekday_seasonal_mean,14,16.0000,10.8154,-5.1846,0.9509,1.4637,0.8320
22375,AIRLINE BAG VINTAGE JET SET BROWN,UNMAPPED,weekday_seasonal_mean,14,17.0000,10.8718,-6.1282,0.9498,1.4029,0.7822
20764,ABSTRACT CIRCLES SKETCHBOOK,UNMAPPED,moving_average_7,14,9.0000,16.5712,7.5712,0.9490,1.0980,1.4762
22084,PAPER CHAIN KIT EMPIRE,UNMAPPED,moving_average_7,14,11.0000,3.7143,-7.2857,0.9490,2.0076,1.2078
85177,BASKET OF FLOWERS SEWING KIT,UNMAPPED,lstm,14,13.0000,7.6689,-5.3311,0.9450,1.1928,1.0177
22863,SOAP DISH BROCANTE,UNMAPPED,lstm,14,10.0000,5.0327,-4.9673,0.9437,2.1035,1.3212
85232D,SET/3 DECOUPAGE STACKING TINS,UNMAPPED,weekday_seasonal_mean,14,8.0000,16.1022,8.1022,0.9430,1.2860,1.6502
90198A,VINTAGE ROSE BEAD BRACELET RASPBERR,UNMAPPED,weekday_seasonal_mean,14,13.0000,2.2852,-10.7148,0.9387,1.4696,1.0109
23007,SPACEBOY BABY GIFT SET,UNMAPPED,weekday_seasonal_mean,14,18.0000,8.6020,-9.3980,0.9363,1.2340,0.7282
22334,DINOSAUR PARTY BAG + STICKER SET,UNMAPPED,lstm,14,9.0000,5.3139,-3.6861,0.9309,2.1233,1.4481
21355,TOAST ITS - I LOVE YOU,UNMAPPED,naive_lag_1,14,7.0000,6.0000,-1.0000,0.9286,1.7113,1.8571
22912,YELLOW COAT RACK PARIS FASHION,UNMAPPED,seasonal_naive_lag_7,14,2.0000,11.0000,9.0000,0.9286,1.7525,6.5000
72801D,4 SKY BLUE DINNER CANDLES,UNMAPPED,seasonal_naive_lag_7,14,11.0000,2.0000,-9.0000,0.9286,2.4928,1.1818
90200B,BLACK SWEETHEART BRACELET,UNMAPPED,moving_average_7,14,11.0000,6.2861,-4.7139,0.9286,1.7550,1.1818
90201B,BLACK ENAMEL FLOWER RING,UNMAPPED,naive_lag_1,14,7.0000,6.0000,-1.0000,0.9286,2.2835,1.8571
21358,TOAST ITS - HAPPY BIRTHDAY,UNMAPPED,gru,14,9.0000,9.7307,0.7307,0.9237,1.0542,1.4369
85059,FRENCH ENAMEL WATER BASIN,UNMAPPED,weekday_seasonal_mean,14,10.0000,13.1882,3.1882,0.9185,1.3398,1.2859
22376,AIRLINE BAG VINTAGE JET SET WHITE,UNMAPPED,weekday_seasonal_mean,14,12.0000,9.9740,-2.0260,0.9171,1.3445,1.0700
35971,ROSE FOLKART HEART DECORATIONS,UNMAPPED,gru,14,10.0000,11.0122,1.0122,0.9134,1.1092,1.2788
23316,RED REFECTORY CLOCK,UNMAPPED,weekday_seasonal_mean,14,14.0000,4.2662,-9.7338,0.9090,1.3880,0.9090
37449,CERAMIC CAKE STAND + HANGING CAKES,UNMAPPED,lstm,14,11.0000,7.5269,-3.4731,0.8851,1.1760,1.1264
22230,JIGSAW TREE WITH WATERING CAN,UNMAPPED,lstm,14,11.0000,8.8708,-2.1292,0.8835,1.1036,1.1245
85170D,SET/6 PINK BIRD T-LIGHT CANDLES,UNMAPPED,lstm,14,11.0000,3.8240,-7.1760,0.8752,1.4743,1.1138
84559A,3D SHEET OF DOG STICKERS,UNMAPPED,lstm,14,13.0000,8.1142,-4.8858,0.8710,1.0473,0.9380
23009,I LOVE LONDON BABY GIFT SET,UNMAPPED,weekday_seasonal_mean,14,15.0000,4.2402,-10.7598,0.8686,1.3152,0.8107
21926,RED/CREAM STRIPE CUSHION COVER,UNMAPPED,lstm,14,10.0000,2.7081,-7.2919,0.8660,2.1689,1.2124
90161D,ANT COPPER PINK BOUDICCA BRACELET,UNMAPPED,weekday_seasonal_mean,14,12.0000,2.4224,-9.5776,0.8643,1.4197,1.0083
21775,DECORATIVE FLORE BATHROOM BOTTLE,UNMAPPED,weekday_seasonal_mean,14,8.0000,16.5222,8.5222,0.8634,1.0877,1.5110
23160,REGENCY TEA SPOON,UNMAPPED,lstm,14,9.0000,4.8817,-4.1183,0.8633,1.6492,1.3429
22324,BLUE POLKADOT KIDS BAG,UNMAPPED,lstm,14,12.0000,4.2905,-7.7095,0.8630,1.1590,1.0069
21949,SET OF 6 STRAWBERRY CHOPSTICKS,UNMAPPED,gru,14,13.0000,11.8567,-1.1433,0.8603,1.0280,0.9265
22935,BAKING MOULD ROSE MILK CHOCOLATE,UNMAPPED,lstm,14,10.0000,3.0337,-6.9663,0.8574,1.6749,1.2003
20653,CHERRY BLOSSOM LUGGAGE TAG,UNMAPPED,seasonal_naive_lag_7,14,2.0000,14.0000,12.0000,0.8571,2.9520,6.0000
20761,BLUE PAISLEY SKETCHBOOK,UNMAPPED,seasonal_naive_lag_7,14,5.0000,7.0000,2.0000,0.8571,1.1952,2.4000
21003,ROSE DU SUD CUSHION COVER,UNMAPPED,seasonal_naive_lag_7,14,8.0000,6.0000,-2.0000,0.8571,1.6903,1.5000
21626,VINTAGE UNION JACK PENNANT,UNMAPPED,seasonal_naive_lag_7,14,0.0000,12.0000,12.0000,0.8571,3.2071,0.0000
21807,WHITE CHRISTMAS STAR DECORATION,UNMAPPED,seasonal_naive_lag_7,14,0.0000,12.0000,12.0000,0.8571,3.2071,0.0000
22241,GARLAND WOODEN HAPPY EASTER,UNMAPPED,seasonal_naive_lag_7,14,0.0000,12.0000,12.0000,0.8571,3.2071,0.0000
22265,EASTER DECORATION NATURAL CHICK,UNMAPPED,naive_lag_1,14,6.0000,6.0000,0.0000,0.8571,1.6903,2.0000
22320,BIRDS MOBILE VINTAGE DESIGN,UNMAPPED,naive_lag_1,14,6.0000,6.0000,0.0000,0.8571,1.3093,2.0000
22715,CARD WEDDING DAY,UNMAPPED,moving_average_7,14,6.0000,5.9997,-0.0003,0.8571,1.7143,2.0000
23253,16 PIECE CUTLERY SET PANTRY DESIGN,UNMAPPED,seasonal_naive_lag_7,14,3.0000,9.0000,6.0000,0.8571,1.6475,4.0000
72780,BLACK SILOUETTE CANDLE PLATE,UNMAPPED,naive_lag_1,14,6.0000,6.0000,0.0000,0.8571,1.6903,2.0000
84558A,3D DOG PICTURE PLAYING CARDS,UNMAPPED,seasonal_naive_lag_7,14,2.0000,10.0000,8.0000,0.8571,2.2039,6.0000
84931A,PINK SCOTTIE DOG W FLOWER PATTERN,UNMAPPED,naive_lag_1,14,7.0000,7.0000,0.0000,0.8571,2.1044,1.7143
85136A,YELLOW SHARK HELICOPTER,UNMAPPED,naive_lag_1,14,7.0000,7.0000,0.0000,0.8571,1.1339,1.7143
90195A,PURPLE GEMSTONE BRACELET,UNMAPPED,naive_lag_1,14,6.0000,6.0000,0.0000,0.8571,2.2678,2.0000
20766,GARDEN PATH SKETCHBOOK,UNMAPPED,moving_average_7,14,4.0000,10.4284,6.4284,0.8469,0.9741,2.9643
22890,NOVELTY BISCUITS CAKE STAND 3 TIER,UNMAPPED,weekday_seasonal_mean,14,10.0000,15.0162,5.0162,0.8445,1.0827,1.1824
23517,EMBROIDERED RIBBON REEL REBECCA,UNMAPPED,weekday_seasonal_mean,14,9.0000,6.0114,-2.9886,0.8414,1.6280,1.3089
47481,50CM METAL STRING WITH 7 CLIPS,UNMAPPED,moving_average_7,14,6.0000,5.9999,-0.0001,0.8367,1.4468,1.9524
85036B,CHOCOLATE 1 WICK MORRIS BOX CANDLE,UNMAPPED,weekday_seasonal_mean,14,0.0000,11.5958,11.5958,0.8283,1.0062,0.0000
21625,VINTAGE UNION JACK APRON,UNMAPPED,lstm,14,9.0000,7.8640,-1.1360,0.8278,1.0782,1.2877
23181,BULL DOG BOTTLE TOP WALL CLOCK,UNMAPPED,weekday_seasonal_mean,14,10.0000,3.6576,-6.3424,0.8257,2.0441,1.1560
21306,SET/4 DAISY MIRROR MAGNETS,UNMAPPED,weekday_seasonal_mean,14,6.0000,11.7472,5.7472,0.8221,1.0835,1.9183
35004B,SET OF 3 BLACK FLYING DUCKS,UNMAPPED,lstm,14,10.0000,3.6668,-6.3332,0.8169,1.3011,1.1437
90170,DAISY HAIR BAND,UNMAPPED,lstm,14,12.0000,5.0375,-6.9625,0.8161,0.9910,0.9521
23164,REGENCY CAKE SLICE,UNMAPPED,weekday_seasonal_mean,14,8.0000,9.5704,1.5704,0.8137,1.2438,1.4240
21846,PINK DIAMANTE PEN IN GIFT BOX,UNMAPPED,lstm,14,8.0000,6.9705,-1.0295,0.8132,1.0134,1.4230
21222,SET/4 BADGES BEETLES,UNMAPPED,weekday_seasonal_mean,14,10.0000,11.8604,1.8604,0.8077,1.0065,1.1308
22946,WOODEN ADVENT CALENDAR CREAM,UNMAPPED,weekday_seasonal_mean,14,9.0000,18.2554,9.2554,0.8063,1.0545,1.2542
21793,CLASSIC FRENCH STYLE BASKET BROWN,UNMAPPED,weekday_seasonal_mean,14,8.0000,6.2910,-1.7090,0.8053,1.2619,1.4093
23324,RUSTIC STRAWBERRY JAM POT LARGE,UNMAPPED,weekday_seasonal_mean,14,5.0000,7.2448,2.2448,0.8039,1.1060,2.2510
20758,ABSTRACT CIRCLES POCKET BOOK,UNMAPPED,lstm,14,7.0000,6.5147,-0.4853,0.8015,1.0987,1.6031
84581,DOG TOY WITH PINK CROCHET SKIRT,UNMAPPED,weekday_seasonal_mean,14,6.0000,9.6022,3.6022,0.7998,0.9433,1.8663
72801C,4 ROSE PINK DINNER CANDLES,UNMAPPED,moving_average_7,14,9.0000,6.1427,-2.8573,0.7959,1.0188,1.2381
85071D,CHARLIE+LOLA MY ROOM DOOR SIGN,UNMAPPED,weekday_seasonal_mean,14,11.0000,16.6248,5.6248,0.7954,1.2577,1.0123
21913,VINTAGE SEASIDE JIGSAW PUZZLES,UNMAPPED,lstm,14,9.0000,5.9591,-3.0409,0.7921,1.1657,1.2322
90161B,ANT COPPER TURQ BOUDICCA BRACELET,UNMAPPED,lstm,14,10.0000,3.2974,-6.7026,0.7891,1.1971,1.1048
21192,WHITE BELL HONEYCOMB PAPER,UNMAPPED,seasonal_naive_lag_7,14,4.0000,7.0000,3.0000,0.7857,1.7113,2.7500
21251,DINOSAUR HEIGHT CHART STICKER SET,UNMAPPED,naive_lag_1,14,1.0000,10.0000,9.0000,0.7857,2.4349,11.0000
21629,SQUARE FLOOR CUSHION VINTAGE RED,UNMAPPED,seasonal_naive_lag_7,14,5.0000,10.0000,5.0000,0.7857,1.3887,2.2000
21723,ALPHABET HEARTS STICKER SHEET,UNMAPPED,naive_lag_1,14,5.0000,6.0000,1.0000,0.7857,1.1650,2.2000
22263,FELT EGG COSY LADYBIRD,UNMAPPED,seasonal_naive_lag_7,14,3.0000,12.0000,9.0000,0.7857,1.3887,3.6667
22936,BAKING MOULD ROSE WHITE CHOCOLATE,UNMAPPED,naive_lag_1,14,8.0000,9.0000,1.0000,0.7857,1.4392,1.3750
47471,RAINBOW PEGS PHOTO CLIP STRING,UNMAPPED,seasonal_naive_lag_7,14,10.0000,5.0000,-5.0000,0.7857,1.6257,1.1000
47580,TEA TIME DES TEA COSY,UNMAPPED,seasonal_naive_lag_7,14,4.0000,7.0000,3.0000,0.7857,1.8323,2.7500
85194L,HANGING SPRING FLOWER EGG LARGE,UNMAPPED,seasonal_naive_lag_7,14,0.0000,11.0000,11.0000,0.7857,2.9399,0.0000
90192,JADE DROP EARRINGS W FILIGREE,UNMAPPED,seasonal_naive_lag_7,14,5.0000,6.0000,1.0000,0.7857,1.1650,2.2000
20752,BLUE POLKADOT WASHING UP GLOVES,UNMAPPED,lstm,14,6.0000,6.0105,0.0105,0.7844,1.5292,1.8304
85019B,BLOSSOM IMAGES NOTEBOOK SET,UNMAPPED,lstm,14,6.0000,6.3214,0.3214,0.7776,1.1454,1.8145
21713,CITRONELLA CANDLE FLOWERPOT,UNMAPPED,lstm,14,7.0000,6.0424,-0.9576,0.7761,1.0853,1.5521
22913,RED COAT RACK PARIS FASHION,UNMAPPED,moving_average_7,14,5.0000,7.2859,2.2859,0.7755,0.9897,2.1715
22426,ENAMEL WASH BOWL CREAM,UNMAPPED,lstm,14,12.0000,11.4433,-0.5567,0.7686,1.2796,0.8967
90208,PAIR OF PINK FLOWER CLUSTER SLIDE,UNMAPPED,weekday_seasonal_mean,14,10.0000,2.8148,-7.1852,0.7652,1.5926,1.0713
21648,ASSORTED TUTTI FRUTTI SMALL PURSE,UNMAPPED,gru,14,7.0000,7.1449,0.1449,0.7499,0.8521,1.4997
84199,GLOW IN DARK DOLPHINS,UNMAPPED,lstm,14,6.0000,9.7343,3.7343,0.7481,0.8203,1.7457
71406C,BLACK ORANGE SQUEEZER,UNMAPPED,weekday_seasonal_mean,14,7.0000,3.6190,-3.3810,0.7472,1.6551,1.4944
21865,PINK UNION JACK PASSPORT COVER,UNMAPPED,gru,14,7.0000,7.1977,0.1977,0.7462,0.8550,1.4925
22105,MIRROR MOSAIC GOBLET CANDLE HOLDER,UNMAPPED,moving_average_7,14,7.0000,4.8571,-2.1429,0.7449,1.2530,1.4898
23099,FRENCH CARRIAGE LANTERN,UNMAPPED,weekday_seasonal_mean,14,10.0000,2.4200,-7.5800,0.7412,1.4161,1.0376
22841,ROUND CAKE TIN VINTAGE GREEN,UNMAPPED,weekday_seasonal_mean,14,9.0000,14.8088,5.8088,0.7373,0.8806,1.1470
22308,TEA COSY BLUE STRIPE,UNMAPPED,weekday_seasonal_mean,14,17.0000,12.6420,-4.3580,0.7330,1.0798,0.6037
84708B,PINK JEWELLED PHOTO FRAME,UNMAPPED,weekday_seasonal_mean,14,9.0000,2.5160,-6.4840,0.7315,1.4649,1.1379
20751,FUNKY WASHING UP GLOVES ASSORTED,UNMAPPED,lstm,14,3.0000,10.3801,7.3801,0.7161,0.7688,3.3417
17012A,ORIGAMI VANILLA INCENSE/CANDLE SET,UNMAPPED,naive_lag_1,14,5.0000,5.0000,0.0000,0.7143,1.8898,2.0000
21722,SWEET PUDDING STICKER SHEET,UNMAPPED,naive_lag_1,14,5.0000,5.0000,0.0000,0.7143,1.0000,2.0000
23427,STOOL HOME SWEET HOME,UNMAPPED,naive_lag_1,14,7.0000,7.0000,0.0000,0.7143,1.1339,1.4286
35400,WOODEN BOX ADVENT CALENDAR,UNMAPPED,seasonal_naive_lag_7,14,0.0000,10.0000,10.0000,0.7143,2.4202,0.0000
85169B,BLACK LOVE BIRD CANDLE,UNMAPPED,seasonal_naive_lag_7,14,5.0000,5.0000,0.0000,0.7143,1.1339,2.0000
90130B,TURQ STONE/CRYSTAL EARRINGS,UNMAPPED,naive_lag_1,14,6.0000,6.0000,0.0000,0.7143,1.0000,1.6667
16048,TEATIME ROUND PENCIL SHARPENER,UNMAPPED,gru,14,2.0000,10.1921,8.1921,0.7137,0.7798,4.9957
21200,MULTICOLOUR HONEYCOMB PAPER GARLAND,UNMAPPED,lstm,14,8.0000,2.6587,-5.3413,0.7124,1.6550,1.2467
22637,PIGGY BANK RETROSPOT,UNMAPPED,lstm,14,1.0000,10.9589,9.9589,0.7114,0.7970,9.9589
84673B,BLUE FLY SWAT,UNMAPPED,lstm,14,7.0000,3.8479,-3.1521,0.7098,1.5767,1.4196
22425,ENAMEL COLANDER CREAM,UNMAPPED,lstm,14,11.0000,9.5822,-1.4178,0.7097,0.8083,0.9033
22251,BIRDHOUSE DECORATION MAGIC GARDEN,UNMAPPED,lstm,14,8.0000,3.9058,-4.0942,0.7089,1.0468,1.2406
21695,SMALL SILVER FLOWER CANDLE POT,UNMAPPED,lstm,14,7.0000,3.6551,-3.3449,0.7053,1.5825,1.4107
17107D,FLOWER FAIRY 5 DRAWER LINERS,UNMAPPED,weekday_seasonal_mean,14,5.0000,5.8000,0.8000,0.7050,1.2972,1.9739
85130C,BEADED CRYSTAL HEART BLUE LARGE,UNMAPPED,lstm,14,8.0000,3.1572,-4.8428,0.7049,1.3031,1.2335
21716,BOYS VINTAGE TIN SEASIDE BUCKET,UNMAPPED,lstm,14,12.0000,9.4326,-2.5674,0.7035,0.8010,0.8207
23306,SET OF 36 PANTRY PAPER DOILIES,UNMAPPED,lstm,14,6.0000,13.2491,7.2491,0.6993,0.8145,1.6317
23153,ZINC SWEETHEART WIRE LETTER RACK,UNMAPPED,weekday_seasonal_mean,14,7.0000,4.4450,-2.5550,0.6953,1.4923,1.3906
84609,TALL ROCOCO CANDLE HOLDER,UNMAPPED,weekday_seasonal_mean,14,8.0000,2.2642,-5.7358,0.6936,1.4704,1.2139
21128,GOLD FISHING GNOME,UNMAPPED,weekday_seasonal_mean,14,8.0000,2.2576,-5.7424,0.6935,2.0740,1.2136
46118,FUNKY MONKEY CUSHION COVER,UNMAPPED,weekday_seasonal_mean,14,8.0000,6.9918,-1.0082,0.6913,1.2174,1.2098
22794,SWEETHEART WIRE MAGAZINE RACK,UNMAPPED,lstm,14,9.0000,3.8148,-5.1852,0.6910,0.9046,1.0750
84600,NEW BAROQUE JEWELLERY BOX,UNMAPPED,weekday_seasonal_mean,14,9.0000,1.7502,-7.2498,0.6865,1.4393,1.0678
22167,OVAL WALL MIRROR DIAMANTE,UNMAPPED,moving_average_7,14,10.0000,10.1427,0.1427,0.6837,0.7926,0.9572
C2,CARRIAGE,UNMAPPED,weekday_seasonal_mean,14,7.0000,13.6604,6.6604,0.6753,0.9811,1.3506
84509C,SET OF 4 POLKADOT PLACEMATS,UNMAPPED,lstm,14,6.0000,3.7466,-2.2534,0.6739,1.5856,1.5723
37475,SET/4 COLOURFUL MIXING BOWLS,UNMAPPED,weekday_seasonal_mean,14,8.0000,2.0046,-5.9954,0.6725,1.8699,1.1769
23299,FOOD COVER WITH BEADS SET 2,UNMAPPED,lstm,14,8.0000,6.1923,-1.8077,0.6563,0.7644,1.1485
84510C,SET OF 4 POLKADOT COASTERS,UNMAPPED,lstm,14,6.0000,3.9365,-2.0635,0.6498,1.3290,1.5163
22450,SILK PURSE BABUSHKA BLUE,UNMAPPED,lstm,14,6.0000,4.3142,-1.6858,0.6495,1.2989,1.5154
20686,DOLLY MIXTURE CHILDREN'S UMBRELLA,UNMAPPED,weekday_seasonal_mean,14,3.0000,10.4030,7.4030,0.6492,0.7557,3.0298
84247E,PACK OF 12 CHRISTMAS FUN CARDS,UNMAPPED,lstm,14,4.0000,7.1439,3.1439,0.6458,0.8335,2.2604
22106,MIRROR MOSAIC HURRICANE LAMP,UNMAPPED,seasonal_naive_lag_7,14,11.0000,12.0000,1.0000,0.6429,1.1019,0.8182
22223,CAKE PLATE LOVEBIRD PINK,UNMAPPED,seasonal_naive_lag_7,14,8.0000,7.0000,-1.0000,0.6429,1.3887,1.1250
23051,RECYCLED ACAPULCO MAT BLUE,UNMAPPED,seasonal_naive_lag_7,14,4.0000,5.0000,1.0000,0.6429,1.4880,2.2500
22839,3 TIER CAKE TIN GREEN AND CREAM,UNMAPPED,weekday_seasonal_mean,14,10.0000,10.5908,0.5908,0.6387,0.7781,0.8941
20615,BLUE POLKADOT PASSPORT COVER,UNMAPPED,lstm,14,7.0000,6.2648,-0.7352,0.6378,0.8411,1.2756
90161C,ANT COPPER LIME BOUDICCA BRACELET,UNMAPPED,weekday_seasonal_mean,14,9.0000,2.8960,-6.1040,0.6360,0.9978,0.9894
21055,TOOL BOX SOFT TOY,UNMAPPED,weekday_seasonal_mean,14,8.0000,7.0174,-0.9826,0.6359,0.8208,1.1128
21025,SPACE FROG,UNMAPPED,weekday_seasonal_mean,14,8.0000,5.4604,-2.5396,0.6334,0.8558,1.1085
84880,WHITE WIRE EGG HOLDER,UNMAPPED,lstm,14,7.0000,2.6983,-4.3017,0.6254,1.1797,1.2508
22782,SET 3 WICKER STORAGE BASKETS,UNMAPPED,lstm,14,7.0000,3.5357,-3.4643,0.6235,0.9611,1.2470
21311,SET/4 BIRD MIRROR MAGNETS,UNMAPPED,lstm,14,5.0000,4.9115,-0.0885,0.6172,0.9074,1.7282
21992,check,UNMAPPED,lstm,14,0.0000,8.5778,8.5778,0.6127,0.7168,0.0000
22315,200 RED + WHITE BENDY STRAWS,UNMAPPED,lstm,14,6.0000,7.4080,1.4080,0.6120,0.6608,1.4280
21688,SILVER PLATE CANDLE BOWL SMALL,UNMAPPED,lstm,14,6.0000,2.8421,-3.1579,0.6103,1.5772,1.4240
22229,BUNNY WOODEN PAINTED WITH FLOWER,UNMAPPED,lstm,14,7.0000,3.1200,-3.8800,0.6103,0.9770,1.2206
21555,CERAMIC STRAWBERRY TRINKET TRAY,UNMAPPED,lstm,14,7.0000,4.4893,-2.5107,0.6089,0.7757,1.2179
23073,GEORGIAN TRINKET BOX,UNMAPPED,weekday_seasonal_mean,14,7.0000,2.4194,-4.5806,0.6070,1.2590,1.2140
85185B,PINK HORSE SOCK PUPPET KIT,UNMAPPED,lstm,14,5.0000,5.0316,0.0316,0.6026,0.8856,1.6872
84592,CROCHET ROSE PURSE WITH SUEDE BACK,UNMAPPED,weekday_seasonal_mean,14,6.0000,3.1438,-2.8562,0.6013,1.5261,1.4031
21694,SMALL REGAL SILVER CANDLEPOT,UNMAPPED,lstm,14,6.0000,2.5265,-3.4735,0.5938,1.5859,1.3854
84658,WHITE STITCHED CUSHION COVER,UNMAPPED,moving_average_7,14,6.0000,2.8570,-3.1430,0.5918,1.1952,1.3809
23008,DOLLY GIRL BABY GIFT SET,UNMAPPED,weekday_seasonal_mean,14,7.0000,7.9702,0.9702,0.5896,0.7112,1.1793
21849,SILVER DIAMANTE PEN IN GIFT BOX,UNMAPPED,lstm,14,6.0000,3.6162,-2.3838,0.5891,0.9388,1.3745
23055,IVORY CHANDELIER T-LIGHT HOLDER,UNMAPPED,weekday_seasonal_mean,14,0.0000,8.2290,8.2290,0.5878,1.0169,0.0000
23183,MOTHER'S KITCHEN SPOON REST,UNMAPPED,weekday_seasonal_mean,14,6.0000,4.1458,-1.8542,0.5843,0.9006,1.3634
21465,PINK FLOWER CROCHET FOOD COVER,UNMAPPED,lstm,14,6.0000,2.3650,-3.6350,0.5829,1.5858,1.3601
85168B,BLACK BAROQUE CARRIAGE CLOCK,UNMAPPED,weekday_seasonal_mean,14,8.0000,1.1806,-6.8194,0.5828,1.0181,1.0198
22102,MIRROR MOSAIC T-LIGHT HOLDER,UNMAPPED,lstm,14,6.0000,2.3410,-3.6590,0.5800,1.5836,1.3534
35649,VINTAGE BEAD COSMETIC BAG,UNMAPPED,lstm,14,6.0000,4.0492,-1.9508,0.5763,0.7667,1.3448
21683,MEDIUM MEDINA STAMPED METAL BOWL,UNMAPPED,lstm,14,6.0000,2.2247,-3.7753,0.5736,1.5862,1.3383
20665,RED RETROSPOT PURSE,UNMAPPED,seasonal_naive_lag_7,14,8.0000,6.0000,-2.0000,0.5714,0.9258,1.0000
21066,VINTAGE RED MUG,UNMAPPED,naive_lag_1,14,5.0000,5.0000,0.0000,0.5714,1.0690,1.6000
21622,VINTAGE UNION JACK CUSHION COVER,UNMAPPED,naive_lag_1,14,4.0000,4.0000,0.0000,0.5714,1.1952,2.0000
21696,SMALL SILVER TRELLIS CANDLEPOT,UNMAPPED,seasonal_naive_lag_7,14,0.0000,8.0000,8.0000,0.5714,2.1381,0.0000
21925,UNION STRIPE CUSHION COVER,UNMAPPED,naive_lag_1,14,4.0000,4.0000,0.0000,0.5714,1.5119,2.0000
22249,DECORATION WHITE CHICK MAGIC GARDEN,UNMAPPED,naive_lag_1,14,4.0000,4.0000,0.0000,0.5714,1.1952,2.0000
22843,BISCUIT TIN VINTAGE GREEN,UNMAPPED,seasonal_naive_lag_7,14,4.0000,4.0000,0.0000,0.5714,0.9258,2.0000
37495,FAIRY CAKE BIRTHDAY CANDLE SET,UNMAPPED,naive_lag_1,14,4.0000,4.0000,0.0000,0.5714,1.5119,2.0000
46000R,POLYESTER FILLER PAD 45x30cm,UNMAPPED,naive_lag_1,14,4.0000,4.0000,0.0000,0.5714,1.0690,2.0000
84915,HAND TOWEL PINK FLOWER AND DAISY,UNMAPPED,naive_lag_1,14,4.0000,4.0000,0.0000,0.5714,1.0690,2.0000
84920,PINK FLOWER FABRIC PONY,UNMAPPED,naive_lag_1,14,4.0000,4.0000,0.0000,0.5714,1.1952,2.0000
85106,CUT GLASS HEXAGON T-LIGHT HOLDER,UNMAPPED,seasonal_naive_lag_7,14,2.0000,6.0000,4.0000,0.5714,1.3093,4.0000
85187,S/12 MINI RABBIT EASTER,UNMAPPED,moving_average_7,14,4.0000,3.9998,-0.0002,0.5714,1.1429,2.0000
20735,BLACK MINI TAPE MEASURE,UNMAPPED,lstm,14,6.0000,2.5580,-3.4420,0.5704,1.1623,1.3310
84508B,STRIPES DESIGN TEDDY,UNMAPPED,weekday_seasonal_mean,14,2.0000,6.7980,4.7980,0.5620,0.9100,3.9337
20655,QUEEN OF SKIES LUGGAGE TAG,UNMAPPED,lstm,14,6.0000,3.6527,-2.3473,0.5601,0.8510,1.3070
22559,SEASIDE FLYING DISC,UNMAPPED,lstm,14,3.0000,5.2768,2.2768,0.5590,0.8390,2.6087
22359,GLASS JAR KINGS CHOICE,UNMAPPED,lstm,14,7.0000,3.7115,-3.2885,0.5582,0.6899,1.1163
22583,PACK OF 6 HANDBAG GIFT BOXES,UNMAPPED,lstm,14,6.0000,4.9206,-1.0794,0.5564,0.6539,1.2983
72130,COLUMBIAN CANDLE ROUND,UNMAPPED,lstm,14,5.0000,4.0283,-0.9717,0.5563,1.0462,1.5577
22967,SET 3 SONG BIRD PAPER EGGS ASSORTED,UNMAPPED,moving_average_7,14,6.0000,1.7142,-4.2858,0.5510,1.6360,1.2857
22822,CREAM WALL PLANTER HEART SHAPED,UNMAPPED,lstm,14,6.0000,2.5668,-3.4332,0.5453,0.9558,1.2724
85025B,EAU DE NILE HEART SHAPE PHOTO FRAME,UNMAPPED,lstm,14,4.0000,5.1658,1.1658,0.5421,0.6640,1.8975
21293,MIRRORED DOVE WALL DECORATION,UNMAPPED,lstm,14,5.0000,4.2871,-0.7129,0.5406,0.8231,1.5137
84078A,SET/4 WHITE RETRO STORAGE CUBES,UNMAPPED,lstm,14,6.0000,4.3686,-1.6314,0.5349,0.6498,1.2481
22341,LOVE GARLAND PAINTED ZINC,UNMAPPED,lstm,14,6.0000,2.3652,-3.6348,0.5344,0.9513,1.2470
22498,WOODEN REGATTA BUNTING,UNMAPPED,lstm,14,5.0000,4.6970,-0.3030,0.5279,0.6376,1.4781
20936,FORKED CACTUS CANDLE,UNMAPPED,lstm,14,6.0000,3.8429,-2.1571,0.5231,0.6590,1.2206
20619,TROPICAL PASSPORT COVER,UNMAPPED,lstm,14,6.0000,3.5166,-2.4834,0.5195,0.6634,1.2121
15044A,PINK PAPER PARASOL,UNMAPPED,lstm,14,4.0000,5.5566,1.5566,0.5193,0.6216,1.8176
20794,BLUE TILE HOOK,UNMAPPED,lstm,14,6.0000,2.9590,-3.0410,0.5187,0.8681,1.2103
22949,SET OF 36 DOLLY GIRL PAPER DOILIES,UNMAPPED,lstm,14,3.0000,8.0399,5.0399,0.5171,0.5568,2.4130
84843,WHITE SOAP RACK WITH 2 BOTTLES,UNMAPPED,weekday_seasonal_mean,14,5.0000,5.3248,0.3248,0.5148,0.7582,1.4414
21644,ASSORTED TUTTI FRUTTI HEART BOX,UNMAPPED,lstm,14,5.0000,2.4854,-2.5146,0.5140,1.3104,1.4392
23179,CLOCK MAGNET MUM'S KITCHEN,UNMAPPED,lstm,14,3.0000,5.0592,2.0592,0.5129,0.6413,2.3935
23053,RECYCLED ACAPULCO MAT PINK,UNMAPPED,lstm,14,7.0000,2.1297,-4.8703,0.5121,0.7891,1.0243
22641,SET OF 4 NAPKIN CHARMS INSTRUMENT,UNMAPPED,lstm,14,5.0000,2.7173,-2.2827,0.5087,0.9293,1.4242
85127,SMALL SQUARE CUT GLASS CANDLESTICK,UNMAPPED,weekday_seasonal_mean,14,4.0000,5.0912,1.0912,0.5086,0.6957,1.7799
22325,MOBILE VINTAGE HEARTS,UNMAPPED,lstm,14,3.0000,4.7929,1.7929,0.5027,0.7819,2.3460
21708,FOLDING UMBRELLA CREAM POLKADOT,UNMAPPED,seasonal_naive_lag_7,14,2.0000,7.0000,5.0000,0.5000,1.2247,3.5000
21850,BLUE DIAMANTE PEN IN GIFT BOX,UNMAPPED,seasonal_naive_lag_7,14,8.0000,5.0000,-3.0000,0.5000,0.8864,0.8750
21946,PARTY TIME DESIGN FLANNEL,UNMAPPED,seasonal_naive_lag_7,14,7.0000,2.0000,-5.0000,0.5000,1.1650,1.0000
22276,WASH BAG VINTAGE ROSE PAISLEY,UNMAPPED,moving_average_7,14,6.0000,1.2858,-4.7142,0.5000,1.3461,1.1667
23054,RECYCLED ACAPULCO MAT LAVENDER,UNMAPPED,naive_lag_1,14,5.0000,4.0000,-1.0000,0.5000,0.8864,1.4000
85169C,EAU DE NIL LOVE BIRD CANDLE,UNMAPPED,naive_lag_1,14,5.0000,4.0000,-1.0000,0.5000,1.0351,1.4000
90197B,BLACK GLASS BRACELET W HEART CHARMS,UNMAPPED,seasonal_naive_lag_7,14,3.0000,6.0000,3.0000,0.5000,0.9636,2.3333
22287,DECORATION WOBBLY CHICKEN,UNMAPPED,lstm,14,3.0000,5.9074,2.9074,0.4998,0.5858,2.3322
21289,LARGE STRIPES CHOCOLATE GIFT BAG,UNMAPPED,lstm,14,5.0000,2.4992,-2.5008,0.4984,1.0724,1.3955
21719,LOVELY BONBON STICKER SHEET,UNMAPPED,lstm,14,5.0000,2.9550,-2.0450,0.4940,0.8405,1.3831
47422,ASSORTED MONKEY SUCTION CUP HOOK,UNMAPPED,lstm,14,4.0000,4.1790,0.1790,0.4933,0.7954,1.7266
90114,SUMMER DAISIES BAG CHARM,UNMAPPED,weekday_seasonal_mean,14,5.0000,3.0074,-1.9926,0.4930,0.9000,1.3805
90184B,AMETHYST CHUNKY BEAD BRACELET W STR,UNMAPPED,weekday_seasonal_mean,14,6.0000,1.2006,-4.7994,0.4819,0.8959,1.1245
22286,DECORATION WOBBLY RABBIT METAL,UNMAPPED,lstm,14,3.0000,5.4858,2.4858,0.4809,0.5781,2.2441
22282,12 EGG HOUSE PAINTED WOOD,UNMAPPED,lstm,14,4.0000,4.2876,0.2876,0.4805,0.6234,1.6817
22575,METAL MERRY CHRISTMAS WREATH,UNMAPPED,lstm,14,1.0000,6.0816,5.0816,0.4724,0.5236,6.6130
22884,NUMBER TILE VINTAGE FONT 5,UNMAPPED,moving_average_7,14,3.0000,5.0001,2.0001,0.4694,0.6013,2.1905
71270,PHOTO CLIP LINE,UNMAPPED,weekday_seasonal_mean,14,3.0000,7.0206,4.0206,0.4623,0.5479,2.1572
16161G,WRAP BAD HAIR DAY,UNMAPPED,lstm,14,0.0000,6.4353,6.4353,0.4597,0.5081,0.0000
90175D,TIGRIS EYE CHUNKY CHARM BRACELET,UNMAPPED,weekday_seasonal_mean,14,6.0000,1.0022,-4.9978,0.4581,0.8998,1.0690
84510E,SET OF 4 GREEN CAROUSEL COASTERS,UNMAPPED,lstm,14,5.0000,1.9001,-3.0999,0.4580,0.9267,1.2823
22797,CHEST OF DRAWERS GINGHAM HEART,UNMAPPED,lstm,14,5.0000,4.2093,-0.7907,0.4568,0.4979,1.2790
84849D,HOT BATHS SOAP HOLDER,UNMAPPED,lstm,14,2.0000,5.0586,3.0586,0.4560,0.5786,3.1921
47585A,PINK FAIRY CAKE CUSHION COVER,UNMAPPED,lstm,14,4.0000,2.6455,-1.3545,0.4553,1.0500,1.5935
20997,ROSE DU SUD CUSHION COVER,UNMAPPED,weekday_seasonal_mean,14,6.0000,3.1420,-2.8580,0.4552,0.6460,1.0622
21375,LARGE CAMPHOR WOOD FIELD MUSHROOM,UNMAPPED,moving_average_7,14,3.0000,3.1433,0.1433,0.4388,0.8477,2.0478
72131,COLUMBIAN CANDLE RECTANGLE,UNMAPPED,moving_average_7,14,0.0000,6.1428,6.1428,0.4388,0.6354,0.0000
21000,ROSE DU SUD COSMETICS BAG,UNMAPPED,lstm,14,4.0000,3.4237,-0.5763,0.4372,0.6052,1.5303
22032,BOTANICAL LILY GREETING CARD,UNMAPPED,lstm,14,0.0000,6.0882,6.0882,0.4349,0.4752,0.0000
22968,ROSE COTTAGE KEEPSAKE BOX,UNMAPPED,lstm,14,3.0000,4.6527,1.6527,0.4324,0.4668,2.0178
23070,EDWARDIAN HEART PHOTO FRAME,UNMAPPED,weekday_seasonal_mean,14,5.0000,2.8556,-2.1444,0.4305,0.6251,1.2054
20617,FIRST CLASS PASSPORT COVER,UNMAPPED,naive_lag_1,14,3.0000,3.0000,0.0000,0.4286,0.8452,2.0000
20618,QUEEN OF THE SKIES PASSPORT COVER,UNMAPPED,naive_lag_1,14,4.0000,4.0000,0.0000,0.4286,0.7559,1.5000
21226,POCKET MIRROR WOODLAND,UNMAPPED,seasonal_naive_lag_7,14,0.0000,6.0000,6.0000,0.4286,1.3628,0.0000
21253,SET OF PICTURE FRAME STICKERS,UNMAPPED,naive_lag_1,14,3.0000,3.0000,0.0000,0.4286,0.6547,2.0000
21682,LARGE MEDINA STAMPED METAL BOWL,UNMAPPED,naive_lag_1,14,3.0000,3.0000,0.0000,0.4286,0.8452,2.0000
22702,BLACK AND WHITE CAT BOWL,UNMAPPED,naive_lag_1,14,6.0000,6.0000,0.0000,0.4286,0.7559,1.0000
23032,DRAWER KNOB CRACKLE GLAZE IVORY,UNMAPPED,naive_lag_1,14,3.0000,3.0000,0.0000,0.4286,1.1339,2.0000
35810B,ENAMEL BLUE RIM COFFEE CONTAINER,UNMAPPED,seasonal_naive_lag_7,14,1.0000,5.0000,4.0000,0.4286,1.1339,6.0000
79144C,PAINTED LIGHTBULB RAINBOW DESIGN,UNMAPPED,seasonal_naive_lag_7,14,6.0000,4.0000,-2.0000,0.4286,0.7559,1.0000
84360,TABLE LAMP WHITE SHADE WOOD BASE,UNMAPPED,seasonal_naive_lag_7,14,2.0000,4.0000,2.0000,0.4286,1.0000,3.0000
84877B,GREEN ROUND COMPACT MIRROR,UNMAPPED,naive_lag_1,14,3.0000,3.0000,0.0000,0.4286,1.1339,2.0000
21112,SWISS ROLL TOWEL PINK SPOTS,UNMAPPED,gru,14,1.0000,5.5065,4.5065,0.4265,0.4521,5.9705
23020,GLASS SONGBIRD STORAGE JAR,UNMAPPED,weekday_seasonal_mean,14,6.0000,3.1452,-2.8548,0.4188,0.5877,0.9771
84859A,SILVER DISCO HANDBAG,UNMAPPED,weekday_seasonal_mean,14,2.0000,5.0422,3.0422,0.4120,0.5711,2.8838
90175A,WHITE GLASS CHUNKY CHARM BRACELET,UNMAPPED,lstm,14,5.0000,1.6437,-3.3563,0.4120,0.7471,1.1537
22316,200 BENDY SKULL STRAWS,UNMAPPED,lstm,14,4.0000,2.7585,-1.2415,0.4091,0.6106,1.4318
20782,CAMOUFLAGE EAR MUFF HEADPHONES,UNMAPPED,weekday_seasonal_mean,14,6.0000,2.8136,-3.1864,0.4077,0.5915,0.9512
21261,GREEN GOOSE FEATHER CHRISTMAS TREE,UNMAPPED,weekday_seasonal_mean,14,1.0000,5.3506,4.3506,0.4074,0.4671,5.7036
23138,SINGLE WIRE HOOK IVORY HEART,UNMAPPED,lstm,14,3.0000,3.3908,0.3908,0.4016,0.5833,1.8743
21422,PORCELAIN ROSE SMALL,UNMAPPED,lstm,14,3.0000,2.9396,-0.0604,0.3953,0.7766,1.8447
72128,COLUMBIAN CANDLE ROUND,UNMAPPED,lstm,14,3.0000,3.4621,0.4621,0.3951,0.5822,1.8439
22688,DOORMAT PEACE ON EARTH BLUE,UNMAPPED,lstm,14,4.0000,3.1375,-0.8625,0.3931,0.4692,1.3760
90013C,GREEN VINTAGE EARRINGS,UNMAPPED,weekday_seasonal_mean,14,5.0000,1.5536,-3.4464,0.3911,0.7288,1.0950
90019C,SILVER BLACK ORBIT BRACELET,UNMAPPED,moving_average_7,14,4.0000,1.4289,-2.5711,0.3878,0.8588,1.3572
22430,ENAMEL WATERING CAN CREAM,UNMAPPED,lstm,14,3.0000,3.8417,0.8417,0.3874,0.4421,1.8078
20754,RETROSPOT RED WASHING UP GLOVES,UNMAPPED,gru,14,0.0000,5.3878,5.3878,0.3848,0.4235,0.0000
20765,CHRYSANTHEMUM SKETCHBOOK,UNMAPPED,lstm,14,3.0000,3.1992,0.1992,0.3837,0.5631,1.7905
22526,WHEELBARROW FOR CHILDREN,UNMAPPED,lstm,14,4.0000,2.2831,-1.7169,0.3836,0.6116,1.3426
20654,FIRST CLASS LUGGAGE TAG,UNMAPPED,lstm,14,4.0000,2.7556,-1.2444,0.3808,0.4728,1.3330
22770,MIRROR CORNICE,UNMAPPED,weekday_seasonal_mean,14,4.0000,2.0848,-1.9152,0.3784,0.6997,1.3244
79191D,RETRO PLASTIC DAISY TRAY,UNMAPPED,weekday_seasonal_mean,14,4.0000,2.4954,-1.5046,0.3757,0.5937,1.3150
20838,FRENCH LATTICE CUSHION COVER,UNMAPPED,lstm,14,2.0000,4.3771,2.3771,0.3741,0.4086,2.6185
22504,CABIN BAG VINTAGE RETROSPOT,UNMAPPED,lstm,14,3.0000,2.3893,-0.6107,0.3690,0.7909,1.7219
17038,PORCELAIN BUDAH INCENSE HOLDER,UNMAPPED,lstm,14,3.0000,2.7159,-0.2841,0.3681,0.5838,1.7179
90018A,SILVER M.O.P ORBIT DROP EARRINGS,UNMAPPED,weekday_seasonal_mean,14,5.0000,1.2978,-3.7022,0.3653,0.6403,1.0229
21215,IVORY PAPER CUP CAKE CASES,UNMAPPED,lstm,14,3.0000,3.2188,0.2188,0.3612,0.4310,1.6856
15044C,PURPLE PAPER PARASOL,UNMAPPED,lstm,14,3.0000,3.3430,0.3430,0.3609,0.4258,1.6840
22162,HEART GARLAND RUSTIC PADDED,UNMAPPED,lstm,14,0.0000,5.0269,5.0269,0.3591,0.3970,0.0000
22904,CALENDAR PAPER CUT DESIGN,UNMAPPED,lstm,14,0.0000,5.0174,5.0174,0.3584,0.4287,0.0000
21678,PAISLEY PATTERN STICKERS,UNMAPPED,lstm,14,2.0000,3.2542,1.2542,0.3579,0.5600,2.5056
20661,BLUE POLKADOT PURSE,UNMAPPED,naive_lag_1,14,3.0000,4.0000,1.0000,0.3571,0.5976,1.6667
20780,BLACK EAR MUFF HEADPHONES,UNMAPPED,seasonal_naive_lag_7,14,2.0000,5.0000,3.0000,0.3571,0.7071,2.5000
21028,NINJA RABBIT BLACK,UNMAPPED,seasonal_naive_lag_7,14,4.0000,5.0000,1.0000,0.3571,0.7071,1.2500
21206,STRAWBERRY HONEYCOMB GARLAND,UNMAPPED,seasonal_naive_lag_7,14,0.0000,5.0000,5.0000,0.3571,1.1019,0.0000
21376,LARGE TALL CAMPHOR WOOD TOADSTOOL,UNMAPPED,seasonal_naive_lag_7,14,3.0000,2.0000,-1.0000,0.3571,0.7071,1.6667
21943,CAKES AND RABBITS DESIGN FLANNEL,UNMAPPED,seasonal_naive_lag_7,14,2.0000,3.0000,1.0000,0.3571,0.5976,2.5000
22452,MEASURING TAPE BABUSHKA PINK,UNMAPPED,lstm,14,2.0000,3.7238,1.7238,0.3571,0.4125,2.4995
81952V,ROUND PURPLE CLOCK WITH SUCKER,UNMAPPED,seasonal_naive_lag_7,14,4.0000,7.0000,3.0000,0.3571,1.1019,1.2500
84748,FOLK FELT HANGING MULTICOL GARLAND,UNMAPPED,seasonal_naive_lag_7,14,2.0000,3.0000,1.0000,0.3571,0.5976,2.5000
90081C,LILY BROOCH OLIVE COLOUR,UNMAPPED,seasonal_naive_lag_7,14,2.0000,3.0000,1.0000,0.3571,0.5976,2.5000
90145,SILVER HOOP EARRINGS WITH FLOWER,UNMAPPED,seasonal_naive_lag_7,14,3.0000,2.0000,-1.0000,0.3571,0.5976,1.6667
90147,CHUNKY SILVER NECKLACE PASTEL FLOWE,UNMAPPED,seasonal_naive_lag_7,14,2.0000,3.0000,1.0000,0.3571,0.8018,2.5000
21581,SKULLS DESIGN COTTON TOTE BAG,UNMAPPED,lstm,14,1.0000,4.3168,3.3168,0.3570,0.3988,4.9986
21816,CHRISTMAS TREE T-LIGHT HOLDER,UNMAPPED,lstm,14,3.0000,2.2031,-0.7969,0.3525,0.7822,1.6449
84929,ASSTD FRUIT+FLOWERS FRIDGE MAGNETS,UNMAPPED,lstm,14,0.0000,4.9128,4.9128,0.3509,0.4085,0.0000
90013A,MIDNIGHT BLUE VINTAGE EARRINGS,UNMAPPED,weekday_seasonal_mean,14,4.0000,2.1614,-1.8386,0.3505,0.7553,1.2267
84989A,75 GREEN FAIRY CAKE CASES,UNMAPPED,lstm,14,3.0000,2.3440,-0.6560,0.3427,0.5712,1.5994
90094,NECKLACE+BRACELET SET FRUIT SALAD,UNMAPPED,weekday_seasonal_mean,14,2.0000,3.2602,1.2602,0.3377,0.5104,2.3637
22409,MONEY BOX BISCUITS DESIGN,UNMAPPED,lstm,14,3.0000,2.2019,-0.7981,0.3354,0.5711,1.5654
51008,AFGHAN SLIPPER SOCK PAIR,UNMAPPED,lstm,14,3.0000,1.8743,-1.1257,0.3352,0.7895,1.5645
84674,FLYING PIG WATERING CAN,UNMAPPED,lstm,14,3.0000,2.6830,-0.3170,0.3326,0.4220,1.5523
85039C,S/4 BLACK MINI ROSE CANDLE IN BOWL,UNMAPPED,lstm,14,3.0000,2.6311,-0.3689,0.3325,0.4248,1.5516
21528,DAIRY MAID TRADITIONAL TEAPOT,UNMAPPED,lstm,14,3.0000,2.6804,-0.3196,0.3302,0.4211,1.5411
21096,SET/6 FRUIT SALAD PAPER PLATES,UNMAPPED,lstm,14,2.0000,2.8331,0.8331,0.3284,0.5456,2.2986
90013B,BLACK VINTAGE EARRINGS,UNMAPPED,weekday_seasonal_mean,14,4.0000,1.8666,-2.1334,0.3277,0.5803,1.1470
47503H,ASS FLORAL PRINT SPIRIT LEVEL,UNMAPPED,weekday_seasonal_mean,14,1.0000,3.8544,2.8544,0.3271,0.3953,4.5798
21896,POTTING SHED TWINE,UNMAPPED,lstm,14,2.0000,2.7811,0.7811,0.3247,0.5436,2.2729
21366,MIRRORED WALL ART PHOTO FRAMES,UNMAPPED,lstm,14,3.0000,1.6590,-1.3410,0.3206,0.7884,1.4961
20707,CRAZY DAISY HEART DECORATION,UNMAPPED,lstm,14,3.0000,2.2909,-0.7091,0.3177,0.4263,1.4828
84968E,SET OF 16 VINTAGE BLACK CUTLERY,UNMAPPED,moving_average_7,14,4.0000,1.8573,-2.1427,0.3163,0.4692,1.1072
90120C,GREEN MURANO TWIST BRACELET,UNMAPPED,weekday_seasonal_mean,14,3.0000,1.8888,-1.1112,0.3156,0.5789,1.4727
85088,CANDY SPOT HAND BAG,UNMAPPED,lstm,14,1.0000,4.0258,3.0258,0.3150,0.3456,4.4104
23414,ZINC BOX SIGN HOME,UNMAPPED,weekday_seasonal_mean,14,3.0000,2.5156,-0.4844,0.3127,0.5256,1.4595
21030,SPACE CADET RED,UNMAPPED,weekday_seasonal_mean,14,0.0000,4.3696,4.3696,0.3121,0.3779,0.0000
18097C,WHITE TALL PORCELAIN T-LIGHT HOLDER,UNMAPPED,lstm,14,2.0000,2.5387,0.5387,0.3098,0.5419,2.1683
84712B,PINK JEWELLED PHOTO FRAME,UNMAPPED,lstm,14,2.0000,2.5874,0.5874,0.3045,0.5243,2.1316
23056,FLOWERS CHANDELIER T-LIGHT HOLDER,UNMAPPED,lstm,14,0.0000,4.2529,4.2529,0.3038,0.3292,0.0000
20763,DAISY SKETCHBOOK,UNMAPPED,lstm,14,2.0000,3.0646,1.0646,0.3021,0.3663,2.1150
22872,NUMBER TILE COTTAGE GARDEN 4,UNMAPPED,moving_average_7,14,3.0000,1.7146,-1.2854,0.2959,0.4436,1.3810
22246,MAGIC GARDEN FELT GARLAND,UNMAPPED,lstm,14,0.0000,4.0388,4.0388,0.2885,0.3149,0.0000
84569A,PACK 3 IRON ON DOG PATCHES,UNMAPPED,lstm,14,2.0000,2.2558,0.2558,0.2884,0.5308,2.0191
21001,ROSE DU SUD WASHBAG,UNMAPPED,naive_lag_1,14,4.0000,4.0000,0.0000,0.2857,0.5345,1.0000
21027,NINJA RABBIT PINK,UNMAPPED,seasonal_naive_lag_7,14,0.0000,4.0000,4.0000,0.2857,1.0690,0.0000
21467,CHERRY CROCHET FOOD COVER,UNMAPPED,seasonal_naive_lag_7,14,2.0000,2.0000,0.0000,0.2857,0.6547,2.0000
21520,BOOZE & WOMEN GREETING CARD,UNMAPPED,seasonal_naive_lag_7,14,2.0000,2.0000,0.0000,0.2857,0.5345,2.0000
21630,FLOOR CUSHION ELEPHANT CARNIVAL,UNMAPPED,seasonal_naive_lag_7,14,2.0000,2.0000,0.0000,0.2857,0.5345,2.0000
21709,FOLDING UMBRELLA CHOCOLATE POLKADOT,UNMAPPED,naive_lag_1,14,1.0000,3.0000,2.0000,0.2857,0.6547,4.0000
21851,LILAC DIAMANTE PEN IN GIFT BOX,UNMAPPED,naive_lag_1,14,2.0000,2.0000,0.0000,0.2857,0.5345,2.0000
22270,HAPPY EASTER HANGING DECORATION,UNMAPPED,seasonal_naive_lag_7,14,0.0000,4.0000,4.0000,0.2857,1.0690,0.0000
22288,HANGING METAL RABBIT DECORATION,UNMAPPED,seasonal_naive_lag_7,14,2.0000,2.0000,0.0000,0.2857,0.7559,2.0000
22503,CABIN BAG VINTAGE PAISLEY,UNMAPPED,seasonal_naive_lag_7,14,1.0000,3.0000,2.0000,0.2857,0.6547,4.0000
35637A,IVORY STRING CURTAIN WITH POLE,UNMAPPED,seasonal_naive_lag_7,14,2.0000,4.0000,2.0000,0.2857,0.6547,2.0000
47518F,ICON PLACEMAT POP ART ELVIS,UNMAPPED,naive_lag_1,14,2.0000,2.0000,0.0000,0.2857,0.7559,2.0000
47566B,TEA TIME PARTY BUNTING,UNMAPPED,naive_lag_1,14,2.0000,2.0000,0.0000,0.2857,0.5345,2.0000
48188,DOORMAT WELCOME PUPPIES,UNMAPPED,seasonal_naive_lag_7,14,2.0000,4.0000,2.0000,0.2857,0.8452,2.0000
84796A,PINK HAWAIIAN PICNIC HAMPER FOR 2,UNMAPPED,moving_average_7,14,2.0000,1.9999,-0.0001,0.2857,0.5714,2.0000
84968D,SET OF 16 VINTAGE RED CUTLERY,UNMAPPED,naive_lag_1,14,3.0000,3.0000,0.0000,0.2857,0.5345,1.3333
85095,THREE CANVAS LUGGAGE TAGS,UNMAPPED,naive_lag_1,14,2.0000,2.0000,0.0000,0.2857,0.5345,2.0000
85163B,BLACK BAROQUE WALL CLOCK,UNMAPPED,seasonal_naive_lag_7,14,1.0000,3.0000,2.0000,0.2857,0.8452,4.0000
85180A,RED HEARTS LIGHT CHAIN,UNMAPPED,seasonal_naive_lag_7,14,1.0000,3.0000,2.0000,0.2857,0.8452,4.0000
90059A,DIAMANTE HAIR GRIP PACK/2 CRYSTAL,UNMAPPED,seasonal_naive_lag_7,14,4.0000,4.0000,0.0000,0.2857,0.6547,1.0000
90134,OLD ROSE COMBO BEAD NECKLACE,UNMAPPED,seasonal_naive_lag_7,14,4.0000,4.0000,0.0000,0.2857,0.5345,1.0000
90201D,GREEN ENAMEL FLOWER RING,UNMAPPED,seasonal_naive_lag_7,14,2.0000,2.0000,0.0000,0.2857,0.5345,2.0000
23057,BEADED CHANDELIER T-LIGHT HOLDER,UNMAPPED,lstm,14,0.0000,3.9573,3.9573,0.2827,0.3052,0.0000
22051,BLUE SCANDINAVIAN PAISLEY WRAP,UNMAPPED,lstm,14,0.0000,3.8731,3.8731,0.2767,0.3059,0.0000
35833P,4 PINK FLOCK CHRISTMAS BALLS,UNMAPPED,weekday_seasonal_mean,14,0.0000,3.8546,3.8546,0.2753,0.3051,0.0000
22882,NUMBER TILE VINTAGE FONT 3,UNMAPPED,weekday_seasonal_mean,14,2.0000,2.3994,0.3994,0.2676,0.4106,1.8735
20759,CHRYSANTHEMUM POCKET BOOK,UNMAPPED,lstm,14,1.0000,3.0030,2.0030,0.2674,0.3226,3.7430
20762,GREEN FERN SKETCHBOOK,UNMAPPED,lstm,14,2.0000,2.2794,0.2794,0.2641,0.3587,1.8484
20781,GOLD EAR MUFF HEADPHONES,UNMAPPED,weekday_seasonal_mean,14,3.0000,1.8088,-1.1912,0.2566,0.3891,1.1977
21244,BLUE POLKADOT PLATE,UNMAPPED,lstm,14,2.0000,1.7712,-0.2288,0.2565,0.5260,1.7952
90120B,BLUE MURANO TWIST BRACELET,UNMAPPED,weekday_seasonal_mean,14,2.0000,1.8286,-0.1714,0.2553,0.5209,1.7868
23094,LE GRAND TRAY CHIC SET,UNMAPPED,weekday_seasonal_mean,14,1.0000,2.8884,1.8884,0.2551,0.3285,3.5716
90158,ST TROPEZ NECKLACE,UNMAPPED,weekday_seasonal_mean,14,3.0000,1.3374,-1.6626,0.2550,0.4151,1.1898
21815,STAR T-LIGHT HOLDER,UNMAPPED,lstm,14,0.0000,3.5274,3.5274,0.2520,0.2748,0.0000
22449,SILK PURSE BABUSHKA PINK,UNMAPPED,lstm,14,0.0000,3.4550,3.4550,0.2468,0.2708,0.0000
22250,DECORATION BUTTERFLY MAGIC GARDEN,UNMAPPED,lstm,14,2.0000,1.5430,-0.4570,0.2409,0.5236,1.6864
82613B,"METAL SIGN,CUPCAKE SINGLE HOOK",UNMAPPED,lstm,14,2.0000,1.7927,-0.2073,0.2396,0.3585,1.6775
90160C,TURQ+RED BOUDICCA LARGE BRACELET,UNMAPPED,weekday_seasonal_mean,14,2.0000,1.6558,-0.3442,0.2387,0.3820,1.6711
21633,SUNFLOWER DECORATIVE PARASOL,UNMAPPED,weekday_seasonal_mean,14,0.0000,3.3198,3.3198,0.2371,0.3246,0.0000
21758,VINTAGE SHELLS PRINT,UNMAPPED,weekday_seasonal_mean,14,2.0000,2.4388,0.4388,0.2369,0.3228,1.6585
21270,ANTIQUE CREAM CUTLERY CUPBOARD,UNMAPPED,moving_average_7,14,2.0000,1.5719,-0.4281,0.2347,0.3721,1.6430
46775D,SUNSET COLOUR CHUNKY KNITTED THROW,UNMAPPED,lstm,14,2.0000,1.6712,-0.3288,0.2321,0.3577,1.6248
82613C,"METAL SIGN,CUPCAKE SINGLE HOOK",UNMAPPED,lstm,14,1.0000,2.5382,1.5382,0.2313,0.2907,3.2384
72127,COLUMBIAN CANDLE ROUND,UNMAPPED,lstm,14,0.0000,3.2237,3.2237,0.2303,0.2499,0.0000
21841,BABY MOUSE RED GINGHAM DRESS,UNMAPPED,lstm,14,1.0000,2.5717,1.5717,0.2284,0.2845,3.1973
90201A,PURPLE ENAMEL FLOWER RING,UNMAPPED,lstm,14,2.0000,1.3498,-0.6502,0.2276,0.5214,1.5934
22522,CHILDS GARDEN FORK BLUE,UNMAPPED,lstm,14,1.0000,2.3787,1.3787,0.2272,0.2987,3.1811
22236,CAKE STAND 3 TIER MAGIC GARDEN,UNMAPPED,lstm,14,0.0000,3.1741,3.1741,0.2267,0.2475,0.0000
85130B,BEADED CRYSTAL HEART GREEN LARGE,UNMAPPED,lstm,14,1.0000,2.3726,1.3726,0.2261,0.2965,3.1658
20933,YELLOW POT PLANT CANDLE,UNMAPPED,moving_average_7,14,2.0000,1.1432,-0.8568,0.2245,0.3931,1.5716
22927,GREEN GIANT GARDEN THERMOMETER,UNMAPPED,moving_average_7,14,2.0000,1.1428,-0.8572,0.2245,0.5559,1.5714
21132,SILVER STANDING GNOME,UNMAPPED,weekday_seasonal_mean,14,2.0000,1.7108,-0.2892,0.2216,0.3458,1.5514
85125,SMALL ROUND CUT GLASS CANDLESTICK,UNMAPPED,lstm,14,1.0000,2.5287,1.5287,0.2196,0.2732,3.0751
90198B,VINTAGE ROSE BEAD BRACELET BLACK,UNMAPPED,weekday_seasonal_mean,14,2.0000,1.8154,-0.1846,0.2188,0.4585,1.5315
21749,LARGE RED RETROSPOT WINDMILL,UNMAPPED,lstm,14,1.0000,2.4185,1.4185,0.2186,0.2781,3.0607
22881,NUMBER TILE VINTAGE FONT 2,UNMAPPED,weekday_seasonal_mean,14,1.0000,2.1412,1.1412,0.2160,0.3678,3.0236
90071,RUBY GLASS CLUSTER EARRINGS,UNMAPPED,weekday_seasonal_mean,14,2.0000,1.5922,-0.4078,0.2157,0.3475,1.5101
17136A,check,UNMAPPED,seasonal_naive_lag_7,14,0.0000,3.0000,3.0000,0.2143,0.8018,0.0000
21190,PINK HEARTS PAPER GARLAND,UNMAPPED,naive_lag_1,14,0.0000,3.0000,3.0000,0.2143,0.8018,0.0000
22869,NUMBER TILE COTTAGE GARDEN 1,UNMAPPED,seasonal_naive_lag_7,14,1.0000,2.0000,1.0000,0.2143,0.4629,3.0000
22933,BAKING MOULD EASTER EGG MILK CHOC,UNMAPPED,seasonal_naive_lag_7,14,2.0000,1.0000,-1.0000,0.2143,0.5976,1.5000
85096,HILDA CANDY SPOT RABBIT,UNMAPPED,seasonal_naive_lag_7,14,1.0000,2.0000,1.0000,0.2143,0.5976,3.0000
85129B,BEADED CRYSTAL HEART GREEN SMALL,UNMAPPED,naive_lag_1,14,1.0000,2.0000,1.0000,0.2143,0.4629,3.0000
85163A,WHITE BAROQUE WALL CLOCK,UNMAPPED,seasonal_naive_lag_7,14,0.0000,3.0000,3.0000,0.2143,0.5976,0.0000
90059D,DIAMANTE HAIR GRIP PACK/2 PERIDOT,UNMAPPED,seasonal_naive_lag_7,14,2.0000,1.0000,-1.0000,0.2143,0.5976,1.5000
90144,SILVER DROP EARRINGS WITH FLOWER,UNMAPPED,seasonal_naive_lag_7,14,1.0000,2.0000,1.0000,0.2143,0.4629,3.0000
90161A,ANT COPPER RED BOUDICCA BRACELET,UNMAPPED,seasonal_naive_lag_7,14,3.0000,0.0000,-3.0000,0.2143,0.5976,1.0000
84882,GREEN WIRE STANDING CANDLE HOLDER,UNMAPPED,weekday_seasonal_mean,14,2.0000,1.2596,-0.7404,0.2118,0.5073,1.4827
84968A,SET OF 16 VINTAGE ROSE CUTLERY,UNMAPPED,lstm,14,1.0000,2.1658,1.1658,0.2101,0.2837,2.9410
84569D,PACK 6 HEART/ICE-CREAM PATCHES,UNMAPPED,lstm,14,1.0000,2.0882,1.0882,0.2078,0.2886,2.9088
21643,ASSORTED TUTTI FRUTTI MIRROR,UNMAPPED,lstm,14,0.0000,2.7963,2.7963,0.1997,0.2129,0.0000
21205,MULTICOLOUR 3D BALLS GARLAND,UNMAPPED,lstm,14,1.0000,1.9832,0.9832,0.1967,0.2749,2.7540
20894,HANGING BAUBLE T-LIGHT HOLDER LARGE,UNMAPPED,lstm,14,1.0000,1.9968,0.9968,0.1965,0.2733,2.7514
21372,MIRRORED WALL ART TABLE LAMP,UNMAPPED,lstm,14,1.0000,2.0345,1.0345,0.1947,0.2676,2.7261
84663A,UNKNOWN,UNMAPPED,lstm,14,0.0000,2.7169,2.7169,0.1941,0.2077,0.0000
35924,HANGING FAIRY CAKE DECORATION,UNMAPPED,lstm,14,1.0000,1.8864,0.8864,0.1933,0.2793,2.7068
90019A,SILVER M.O.P ORBIT BRACELET,UNMAPPED,weekday_seasonal_mean,14,2.0000,1.2580,-0.7420,0.1933,0.3385,1.3530
82613D,METAL SIGN CUPCAKE SINGLE HOOK,UNMAPPED,lstm,14,1.0000,1.8875,0.8875,0.1922,0.2762,2.6911
90073,VINTAGE ENAMEL & CRYSTAL EARRINGS,UNMAPPED,weekday_seasonal_mean,14,2.0000,0.9058,-1.0942,0.1922,0.5112,1.3451
22354,RETROSPOT PADDED SEAT CUSHION,UNMAPPED,lstm,14,1.0000,1.8798,0.8798,0.1921,0.2771,2.6898
20748,KENSINGTON COFFEE SET,UNMAPPED,lstm,14,1.0000,1.9319,0.9319,0.1896,0.2672,2.6537
22548,adjustment,UNMAPPED,lstm,14,0.0000,2.6490,2.6490,0.1892,0.2100,0.0000
21250,SET OF SKULL WALL STICKERS,UNMAPPED,lstm,14,1.0000,1.8811,0.8811,0.1888,0.2699,2.6427
90204,PAIR OF ENAMEL BUTTERFLY HAIRCLIP,UNMAPPED,weekday_seasonal_mean,14,2.0000,0.8448,-1.1552,0.1878,0.5100,1.3146
71101E,STANDING FAIRY POLE SUPPORT,UNMAPPED,lstm,14,0.0000,2.6075,2.6075,0.1862,0.1994,0.0000
90164B,WHITE ROSEBUD PEARL BRACELET,UNMAPPED,weekday_seasonal_mean,14,2.0000,1.0414,-0.9586,0.1849,0.3454,1.2941
21710,FOLDING UMBRELLA PINKWHITE POLKADOT,UNMAPPED,lstm,14,0.0000,2.5749,2.5749,0.1839,0.1959,0.0000
22247,BUNNY DECORATION MAGIC GARDEN,UNMAPPED,moving_average_7,14,0.0000,2.5715,2.5715,0.1837,0.2645,0.0000
90129B,TURQUOISE GLASS TASSLE BAG CHARM,UNMAPPED,lstm,14,1.0000,1.7495,0.7495,0.1833,0.2731,2.5661
72800D,4 BLUE DINNER CANDLES SILVER FLOCK,UNMAPPED,lstm,14,1.0000,1.7955,0.7955,0.1820,0.2660,2.5475
85135A,YELLOW DRAGONFLY HELICOPTER,UNMAPPED,weekday_seasonal_mean,14,1.0000,1.8094,0.8094,0.1811,0.2711,2.5348
22878,NUMBER TILE COTTAGE GARDEN No,UNMAPPED,weekday_seasonal_mean,14,0.0000,2.4956,2.4956,0.1783,0.2577,0.0000
22248,DECORATION PINK CHICK MAGIC GARDEN,UNMAPPED,lstm,14,1.0000,1.6671,0.6671,0.1774,0.2698,2.4833
71038,WHITE HANGING BEADS CANDLE HOLDER,UNMAPPED,lstm,14,1.0000,1.6915,0.6915,0.1761,0.2653,2.4659
21647,ASSORTED TUTTI FRUTTI LARGE PURSE,UNMAPPED,lstm,14,1.0000,1.6614,0.6614,0.1742,0.2647,2.4386
20760,GARDEN PATH POCKET BOOK,UNMAPPED,lstm,14,0.0000,2.3700,2.3700,0.1693,0.1796,0.0000
84849A,HELLO SAILOR BLUE SOAP HOLDER,UNMAPPED,lstm,14,0.0000,2.3585,2.3585,0.1685,0.1790,0.0000
84247N,PACK/12 BLUE FOLKART CARDS,UNMAPPED,lstm,14,1.0000,1.5469,0.5469,0.1680,0.2648,2.3525
82011C,BATHROOM SCALES FOOTPRINTS IN SAND,UNMAPPED,weekday_seasonal_mean,14,0.0000,2.3430,2.3430,0.1674,0.1915,0.0000
22570,UNKNOWN,UNMAPPED,lstm,14,0.0000,2.3339,2.3339,0.1667,0.1757,0.0000
22136,LOVE HEART SOCK HANGER,UNMAPPED,moving_average_7,14,2.0000,0.2857,-1.7143,0.1633,0.5399,1.1428
47591B,SCOTTIES CHILDRENS APRON,UNMAPPED,moving_average_7,14,2.0000,0.5715,-1.4285,0.1633,0.3622,1.1428
85023B,EAU DE NILE JEWELLED PHOTOFRAME,UNMAPPED,lstm,14,1.0000,1.4426,0.4426,0.1626,0.2655,2.2762
20699,MOUSEY LONG LEGS SOFT TOY,UNMAPPED,lstm,14,1.0000,1.4093,0.4093,0.1604,0.2649,2.2455
20756,GREEN FERN POCKET BOOK,UNMAPPED,lstm,14,0.0000,2.2459,2.2459,0.1604,0.1694,0.0000
22149,check,UNMAPPED,lstm,14,0.0000,2.2291,2.2291,0.1592,0.1677,0.0000
21711,FOLDING UMBRELLA WHITE/RED POLKADOT,UNMAPPED,lstm,14,0.0000,2.1898,2.1898,0.1564,0.1650,0.0000
90184C,BLACK CHUNKY BEAD BRACELET W STRAP,UNMAPPED,weekday_seasonal_mean,14,1.0000,1.3778,0.3778,0.1558,0.2636,2.1818
23268,UNKNOWN,UNMAPPED,lstm,14,0.0000,2.1698,2.1698,0.1550,0.1629,0.0000
82011B,BATHROOM SCALES RUBBER DUCKS,UNMAPPED,lstm,14,0.0000,2.1694,2.1694,0.1550,0.1632,0.0000
22125,UNKNOWN,UNMAPPED,lstm,14,0.0000,2.1628,2.1628,0.1545,0.1630,0.0000
22128,PARTY CONES CANDY ASSORTED,UNMAPPED,lstm,14,0.0000,2.1586,2.1586,0.1542,0.1619,0.0000
22040,BOTANICAL ROSE GIFT WRAP,UNMAPPED,lstm,14,0.0000,2.1438,2.1438,0.1531,0.1601,0.0000
47594A,CAROUSEL DESIGN WASHBAG,UNMAPPED,moving_average_7,14,0.0000,2.1430,2.1430,0.1531,0.2445,0.0000
22880,NUMBER TILE VINTAGE FONT 1,UNMAPPED,weekday_seasonal_mean,14,0.0000,2.1418,2.1418,0.1530,0.2380,0.0000
22292,HANGING CHICK YELLOW DECORATION,UNMAPPED,lstm,14,0.0000,2.1068,2.1068,0.1505,0.1581,0.0000
21628,TRIANGULAR POUFFE VINTAGE,UNMAPPED,lstm,14,1.0000,1.2593,0.2593,0.1501,0.2616,2.1015
21562,HAWAIIAN GRASS SKIRT,UNMAPPED,lstm,14,0.0000,2.0960,2.0960,0.1497,0.1572,0.0000
84659A,WHITE TRAVEL ALARM CLOCK,UNMAPPED,lstm,14,0.0000,2.0916,2.0916,0.1494,0.1579,0.0000
90129F,RED GLASS TASSLE BAG CHARM,UNMAPPED,weekday_seasonal_mean,14,1.0000,1.3966,0.3966,0.1488,0.2498,2.0828
16015,MEDIUM CHINESE STYLE SCISSOR,UNMAPPED,lstm,14,0.0000,2.0199,2.0199,0.1443,0.1512,0.0000
90010E,AMBER GLASS/SILVER BRACELET,UNMAPPED,weekday_seasonal_mean,14,1.0000,1.0438,0.0438,0.1432,0.2772,2.0046
15058A,BLUE POLKADOT GARDEN PARASOL,UNMAPPED,seasonal_naive_lag_7,14,0.0000,2.0000,2.0000,0.1429,0.5345,0.0000
16046,TEATIME PEN CASE & PENS,UNMAPPED,moving_average_7,14,1.0000,1.0003,0.0003,0.1429,0.2857,2.0003
17012B,ORIGAMI JASMINE INCENSE/CANDLE SET,UNMAPPED,naive_lag_1,14,1.0000,1.0000,0.0000,0.1429,0.3780,2.0000
17129F,BLUE GLASS GEMS IN BAG,UNMAPPED,naive_lag_1,14,1.0000,1.0000,0.0000,0.1429,0.3780,2.0000
20770,ABSTRACT CIRCLE JOURNAL,UNMAPPED,moving_average_7,14,1.0000,1.0003,0.0003,0.1429,0.2857,2.0003
21407,BROWN CHECK CAT DOORSTOP,UNMAPPED,seasonal_naive_lag_7,14,0.0000,2.0000,2.0000,0.1429,0.3780,0.0000
21468,BUTTERFLY CROCHET FOOD COVER,UNMAPPED,seasonal_naive_lag_7,14,1.0000,1.0000,0.0000,0.1429,0.3780,2.0000
21556,CERAMIC STRAWBERRY MONEY BOX,UNMAPPED,seasonal_naive_lag_7,14,0.0000,2.0000,2.0000,0.1429,0.5345,0.0000
21578,WOODLAND DESIGN COTTON TOTE BAG,UNMAPPED,naive_lag_1,14,1.0000,1.0000,0.0000,0.1429,0.3780,2.0000
21721,CANDY SHOP STICKER SHEET,UNMAPPED,moving_average_7,14,1.0000,1.0003,0.0003,0.1429,0.2857,2.0003
21973,SET OF 36 MUSHROOM PAPER DOILIES,UNMAPPED,naive_lag_1,14,1.0000,1.0000,0.0000,0.1429,0.3780,2.0000
22034,ROBIN CHRISTMAS CARD,UNMAPPED,seasonal_naive_lag_7,14,0.0000,2.0000,2.0000,0.1429,0.3780,0.0000
22176,amazon,UNMAPPED,moving_average_7,14,1.0000,1.0003,0.0003,0.1429,0.2857,2.0003
22243,5 HOOK HANGER RED MAGIC TOADSTOOL,UNMAPPED,naive_lag_1,14,1.0000,1.0000,0.0000,0.1429,0.3780,2.0000
22291,HANGING CHICK CREAM DECORATION,UNMAPPED,seasonal_naive_lag_7,14,0.0000,2.0000,2.0000,0.1429,0.3780,0.0000
22497,SET OF 2 TINS VINTAGE BATHROOM,UNMAPPED,seasonal_naive_lag_7,14,1.0000,1.0000,0.0000,0.1429,0.3780,2.0000
22611,VINTAGE UNION JACK SHOPPING BAG,UNMAPPED,naive_lag_1,14,0.0000,2.0000,2.0000,0.1429,0.5345,0.0000
22825,DECORATIVE PLANT POT WITH FRIEZE,UNMAPPED,naive_lag_1,14,1.0000,1.0000,0.0000,0.1429,0.3780,2.0000
22848,AMAZON,UNMAPPED,moving_average_7,14,1.0000,1.0003,0.0003,0.1429,0.2857,2.0003
22870,NUMBER TILE COTTAGE GARDEN 2,UNMAPPED,naive_lag_1,14,1.0000,1.0000,0.0000,0.1429,0.3780,2.0000
22925,AMAZON,UNMAPPED,moving_average_7,14,1.0000,1.0003,0.0003,0.1429,0.2857,2.0003
72586,SET OF 6 HALLOWEEN GHOST T-LIGHTS,UNMAPPED,seasonal_naive_lag_7,14,1.0000,3.0000,2.0000,0.1429,0.3780,2.0000
79403,FROSTED WHITE BASE,UNMAPPED,moving_average_7,14,1.0000,1.0003,0.0003,0.1429,0.2857,2.0003
84249A,"GREETING CARD,SQUARE, DOUGHNUTS",UNMAPPED,seasonal_naive_lag_7,14,1.0000,1.0000,0.0000,0.1429,0.3780,2.0000
84795B,SUNSET CHECK HAMMOCK,UNMAPPED,naive_lag_1,14,1.0000,1.0000,0.0000,0.1429,0.3780,2.0000
84842,HELLO SAILOR BATHROOM SET,UNMAPPED,naive_lag_1,14,1.0000,1.0000,0.0000,0.1429,0.3780,2.0000
84952B,BLACK LOVE BIRD T-LIGHT HOLDER,UNMAPPED,naive_lag_1,14,1.0000,1.0000,0.0000,0.1429,0.3780,2.0000
84971L,LARGE HEART FLOWERS HOOK,UNMAPPED,naive_lag_1,14,0.0000,2.0000,2.0000,0.1429,0.5345,0.0000
85045,UNKNOWN,UNMAPPED,seasonal_naive_lag_7,14,0.0000,2.0000,2.0000,0.1429,0.5345,0.0000
85054,FRENCH ENAMEL POT W LID,UNMAPPED,naive_lag_1,14,1.0000,1.0000,0.0000,0.1429,0.3780,2.0000
85129C,BEADED CRYSTAL HEART BLUE SMALL,UNMAPPED,naive_lag_1,14,1.0000,1.0000,0.0000,0.1429,0.3780,2.0000
85208,SET/12 FUNKY FELT FLOWER PEG IN BAG,UNMAPPED,moving_average_7,14,1.0000,1.0003,0.0003,0.1429,0.2857,2.0003
90082D,DIAMANTE BOW BROOCH BLACK COLOUR,UNMAPPED,moving_average_7,14,1.0000,1.0003,0.0003,0.1429,0.2857,2.0003
90098,NECKLACE+BRACELET PINK BUTTERFLY,UNMAPPED,seasonal_naive_lag_7,14,0.0000,2.0000,2.0000,0.1429,0.3780,0.0000
90129C,GREEN GLASS TASSLE BAG CHARM,UNMAPPED,naive_lag_1,14,1.0000,1.0000,0.0000,0.1429,0.3780,2.0000
90129E,PURPLE GLASS TASSLE BAG CHARM,UNMAPPED,seasonal_naive_lag_7,14,0.0000,2.0000,2.0000,0.1429,0.3780,0.0000
90143,SILVER BRACELET W PASTEL FLOWER,UNMAPPED,moving_average_7,14,1.0000,1.0003,0.0003,0.1429,0.2857,2.0003
90186A,AMETHYST HOOP EARRING FLORAL LEAF,UNMAPPED,moving_average_7,14,1.0000,1.0003,0.0003,0.1429,0.2857,2.0003
15060B,FAIRY CAKE DESIGN UMBRELLA,UNMAPPED,lstm,14,0.0000,1.9616,1.9616,0.1401,0.1459,0.0000
84508C,BLUE CIRCLES DESIGN TEDDY,UNMAPPED,weekday_seasonal_mean,14,0.0000,1.9476,1.9476,0.1391,0.1730,0.0000
90096,NECKLACE+BRACELET SET BLUE BLOSSOM,UNMAPPED,weekday_seasonal_mean,14,0.0000,1.9470,1.9470,0.1391,0.1684,0.0000
21145,UNKNOWN,UNMAPPED,lstm,14,0.0000,1.9105,1.9105,0.1365,0.1419,0.0000
35965,FOLKART HEART NAPKIN RINGS,UNMAPPED,lstm,14,0.0000,1.8897,1.8897,0.1350,0.1399,0.0000
23297,SET 40 HEART SHAPE PETIT FOUR CASES,UNMAPPED,lstm,14,0.0000,1.8855,1.8855,0.1347,0.1404,0.0000
72799F,IVORY PILLAR CANDLE GOLD FLOCK,UNMAPPED,lstm,14,0.0000,1.8138,1.8138,0.1296,0.1340,0.0000
21394,UNKNOWN,UNMAPPED,lstm,14,0.0000,1.7718,1.7718,0.1266,0.1328,0.0000
84968C,SET OF 16 VINTAGE PISTACHIO CUTLERY,UNMAPPED,lstm,14,0.0000,1.7608,1.7608,0.1258,0.1304,0.0000
22293,HANGING CHICK GREEN DECORATION,UNMAPPED,lstm,14,0.0000,1.7558,1.7558,0.1254,0.1298,0.0000
22761,CHEST 7 DRAWER MA CAMPAGNE,UNMAPPED,weekday_seasonal_mean,14,1.0000,0.8644,-0.1356,0.1248,0.2607,1.7468
22454,MEASURING TAPE BABUSHKA RED,UNMAPPED,lstm,14,0.0000,1.7206,1.7206,0.1229,0.1268,0.0000
21279,VINTAGE KITCHEN PRINT FRUITS,UNMAPPED,moving_average_7,14,1.0000,0.7145,-0.2855,0.1225,0.2806,1.7145
84673A,PINK FLY SWAT,UNMAPPED,lstm,14,0.0000,1.6910,1.6910,0.1208,0.1243,0.0000
22954,HEN PARTY CORDON BARRIER TAPE,UNMAPPED,lstm,14,0.0000,1.6238,1.6238,0.1160,0.1190,0.0000
22258,FELT FARM ANIMAL RABBIT,UNMAPPED,lstm,14,0.0000,1.5675,1.5675,0.1120,0.1143,0.0000
21823,amazon adjust,UNMAPPED,lstm,14,0.0000,1.5633,1.5633,0.1117,0.1152,0.0000
85135B,UNKNOWN,UNMAPPED,lstm,14,0.0000,1.5619,1.5619,0.1116,0.1143,0.0000
37370,RETRO COFFEE MUGS ASSORTED,UNMAPPED,lstm,14,0.0000,1.4988,1.4988,0.1071,0.1090,0.0000
85160B,BLACK BIRD GARDEN DESIGN MUG,UNMAPPED,lstm,14,0.0000,1.4896,1.4896,0.1064,0.1081,0.0000
22859,EASTER TIN BUNNY BOUQUET,UNMAPPED,lstm,14,0.0000,1.4629,1.4629,0.1045,0.1071,0.0000
21202,DOLLY HONEYCOMB GARLAND,UNMAPPED,lstm,14,0.0000,1.4594,1.4594,0.1042,0.1059,0.0000
37327,adjustment,UNMAPPED,lstm,14,0.0000,1.4093,1.4093,0.1007,0.1020,0.0000
16259,PIECE OF CAMO STATIONERY SET,UNMAPPED,lstm,14,0.0000,1.3982,1.3982,0.0999,0.1013,0.0000
22860,EASTER TIN CHICKS PINK DAISY,UNMAPPED,lstm,14,0.0000,1.3903,1.3903,0.0993,0.1005,0.0000
21031,SPACE CADET BLACK,UNMAPPED,lstm,14,0.0000,1.3648,1.3648,0.0975,0.0985,0.0000
71403,"PINK/WHITE ""KEEP CLEAN"" BULLET BIN",UNMAPPED,lstm,14,0.0000,1.3252,1.3252,0.0947,0.0958,0.0000
22281,EASTER TREE YELLOW BIRDS,UNMAPPED,moving_average_7,14,1.0000,0.2858,-0.7142,0.0918,0.2727,1.2858
40001,WHITE BAMBOO RIBS LAMPSHADE,UNMAPPED,lstm,14,0.0000,1.2802,1.2802,0.0914,0.0922,0.0000
72801G,4 BURGUNDY WINE DINNER CANDLES,UNMAPPED,lstm,14,0.0000,1.2664,1.2664,0.0905,0.0910,0.0000
21054,UNKNOWN,UNMAPPED,lstm,14,0.0000,1.2574,1.2574,0.0898,0.0903,0.0000
85131C,BEADED CRYSTAL HEART BLUE ON STICK,UNMAPPED,lstm,14,0.0000,1.2440,1.2440,0.0889,0.0893,0.0000
84341B,SMALL PINK MAGIC CHRISTMAS TREE,UNMAPPED,lstm,14,0.0000,1.2327,1.2327,0.0880,0.0885,0.0000
21413,PERIWINKLE T-LIGHT HOLDER,UNMAPPED,lstm,14,0.0000,1.1742,1.1742,0.0839,0.0840,0.0000
20670,VIP HOLIDAY PURSE,UNMAPPED,lstm,14,0.0000,1.1620,1.1620,0.0830,0.0831,0.0000
82011A,"BATHROOM SCALES, TROPICAL BEACH",UNMAPPED,weekday_seasonal_mean,14,0.0000,1.1206,1.1206,0.0800,0.0984,0.0000
15058C,ICE CREAM DESIGN GARDEN PARASOL,UNMAPPED,naive_lag_1,14,1.0000,0.0000,-1.0000,0.0714,0.2673,1.0000
20694,FLORAL PINK MONSTER,UNMAPPED,seasonal_naive_lag_7,14,0.0000,1.0000,1.0000,0.0714,0.2673,0.0000
21041,RED RETROSPOT OVEN GLOVE DOUBLE,UNMAPPED,seasonal_naive_lag_7,14,0.0000,1.0000,1.0000,0.0714,0.2673,0.0000
21269,ANTIQUE CREAM CUTLERY SHELF,UNMAPPED,seasonal_naive_lag_7,14,0.0000,1.0000,1.0000,0.0714,0.2673,0.0000
21391,FRENCH LAVENDER SCENT HEART,UNMAPPED,seasonal_naive_lag_7,14,0.0000,1.0000,1.0000,0.0714,0.2673,0.0000
21473,SWEETHEART CREAM STEEL TABLE RECT,UNMAPPED,seasonal_naive_lag_7,14,0.0000,1.0000,1.0000,0.0714,0.2673,0.0000
21830,ASSORTED CREEPY CRAWLIES,UNMAPPED,seasonal_naive_lag_7,14,0.0000,1.0000,1.0000,0.0714,0.2673,0.0000
22033,BOTANICAL ROSE GREETING CARD,UNMAPPED,seasonal_naive_lag_7,14,0.0000,1.0000,1.0000,0.0714,0.2673,0.0000
22264,FELT FARM ANIMAL WHITE BUNNY,UNMAPPED,moving_average_7,14,1.0000,0.0000,-1.0000,0.0714,0.2673,1.0000
22289,HANGING METAL CHICKEN DECORATION,UNMAPPED,seasonal_naive_lag_7,14,0.0000,1.0000,1.0000,0.0714,0.2673,0.0000
22824,3 TIER SWEETHEART GARDEN SHELF,UNMAPPED,seasonal_naive_lag_7,14,0.0000,1.0000,1.0000,0.0714,0.2673,0.0000
22873,NUMBER TILE COTTAGE GARDEN 5,UNMAPPED,moving_average_7,14,0.0000,1.0003,1.0003,0.0714,0.1010,0.0000
72802C,VANILLA SCENT CANDLE JEWELLED BOX,UNMAPPED,seasonal_naive_lag_7,14,0.0000,1.0000,1.0000,0.0714,0.2673,0.0000
84870B,BLUE GEISHA GIRL,UNMAPPED,seasonal_naive_lag_7,14,0.0000,1.0000,1.0000,0.0714,0.2673,0.0000
85024C,PINK SMALL JEWELLED PHOTOFRAME,UNMAPPED,seasonal_naive_lag_7,14,0.0000,1.0000,1.0000,0.0714,0.2673,0.0000
85170B,SET/6 BLACK BIRD T-LIGHT CANDLES,UNMAPPED,seasonal_naive_lag_7,14,1.0000,2.0000,1.0000,0.0714,0.2673,1.0000
85231G,amazon,UNMAPPED,seasonal_naive_lag_7,14,0.0000,1.0000,1.0000,0.0714,0.2673,0.0000
90000D,COPPER/OLIVE GREEN FLOWER NECKLACE,UNMAPPED,moving_average_7,14,0.0000,1.0003,1.0003,0.0714,0.1010,0.0000
90014A,SILVER M.O.P. ORBIT NECKLACE,UNMAPPED,naive_lag_1,14,2.0000,1.0000,-1.0000,0.0714,0.2673,0.5000
90201C,RED ENAMEL FLOWER RING,UNMAPPED,naive_lag_1,14,2.0000,1.0000,-1.0000,0.0714,0.2673,0.5000
21277,FRENCH STYLE EMBOSSED HEART CABINET,UNMAPPED,weekday_seasonal_mean,14,0.0000,0.9844,0.9844,0.0703,0.0824,0.0000
22826,LOVE SEAT ANTIQUE WHITE METAL,UNMAPPED,weekday_seasonal_mean,14,0.0000,0.9236,0.9236,0.0660,0.0806,0.0000
22827,RUSTIC SEVENTEEN DRAWER SIDEBOARD,UNMAPPED,weekday_seasonal_mean,14,0.0000,0.8842,0.8842,0.0632,0.0774,0.0000
10002,INFLATABLE POLITICAL GLOBE,UNMAPPED,moving_average_7,14,0.0000,0.0000,0.0000,0.0000,0.0000,0.0000
10123C,HEARTS WRAPPING TAPE,UNMAPPED,moving_average_7,14,0.0000,0.0000,0.0000,0.0000,0.0000,0.0000
10133,COLOURING PENCILS BROWN TUBE,UNMAPPED,moving_average_7,14,0.0000,0.0000,0.0000,0.0000,0.0000,0.0000
10134,COLOURING PENCILS BROWN TUBE,UNMAPPED,moving_average_7,14,0.0000,0.0000,0.0000,0.0000,0.0000,0.0000
15044B,BLUE PAPER PARASOL,UNMAPPED,moving_average_7,14,0.0000,0.0000,0.0000,0.0000,0.0000,0.0000
15058B,PINK POLKADOT GARDEN PARASOL,UNMAPPED,naive_lag_1,14,0.0000,0.0000,0.0000,0.0000,0.0000,0.0000
16020C,CLEAR STATIONERY BOX SET,UNMAPPED,moving_average_7,14,0.0000,0.0000,0.0000,0.0000,0.0000,0.0000
16033,UNKNOWN,UNMAPPED,moving_average_7,14,0.0000,0.0000,0.0000,0.0000,0.0000,0.0000
16052,TEATIME PUSH DOWN RUBBER,UNMAPPED,moving_average_7,14,0.0000,0.0000,0.0000,0.0000,0.0000,0.0000
16156N,"WRAP, FRIENDSHIP ON GREEN",UNMAPPED,moving_average_7,14,0.0000,0.0000,0.0000,0.0000,0.0000,0.0000
16161M,WRAP PINK FLOCK,UNMAPPED,moving_average_7,14,0.0000,0.0000,0.0000,0.0000,0.0000,0.0000
16169C,WRAP BLUE REINDEER,UNMAPPED,moving_average_7,14,0.0000,0.0000,0.0000,0.0000,0.0000,0.0000
16169K,WRAP FOLK ART,UNMAPPED,moving_average_7,14,0.0000,0.0000,0.0000,0.0000,0.0000,0.0000
16169N,WRAP BLUE RUSSIAN FOLKART,UNMAPPED,moving_average_7,14,0.0000,0.0000,0.0000,0.0000,0.0000,0.0000
16169P,WRAP GREEN RUSSIAN FOLKART,UNMAPPED,moving_average_7,14,0.0000,0.0000,0.0000,0.0000,0.0000,0.0000
16207A,UNKNOWN,UNMAPPED,naive_lag_1,14,0.0000,0.0000,0.0000,0.0000,0.0000,0.0000
16207B,PINK HEART RED HANDBAG,UNMAPPED,moving_average_7,14,0.0000,0.0000,0.0000,0.0000,0.0000,0.0000
16212,UNKNOWN,UNMAPPED,moving_average_7,14,0.0000,0.0000,0.0000,0.0000,0.0000,0.0000
16256B,UNKNOWN,UNMAPPED,moving_average_7,14,0.0000,0.0000,0.0000,0.0000,0.0000,0.0000
17013D,ORIGAMI ROSE INCENSE IN TUBE,UNMAPPED,moving_average_7,14,0.0000,0.0000,0.0000,0.0000,0.0000,0.0000
17033,UNKNOWN,UNMAPPED,moving_average_7,14,0.0000,0.0000,0.0000,0.0000,0.0000,0.0000
17039,INLAID WOOD INCENSE HOLDER,UNMAPPED,moving_average_7,14,0.0000,0.0000,0.0000,0.0000,0.0000,0.0000
17091A,LAVENDER INCENSE IN TIN,UNMAPPED,moving_average_7,14,0.0000,0.0000,0.0000,0.0000,0.0000,0.0000
17091B,JASMINE TEA INCENSE IN TIN,UNMAPPED,moving_average_7,14,0.0000,0.0000,0.0000,0.0000,0.0000,0.0000
17096,ASSORTED LAQUERED INCENSE HOLDERS,UNMAPPED,moving_average_7,14,0.0000,0.0000,0.0000,0.0000,0.0000,0.0000
17109D,Adjustment,UNMAPPED,moving_average_7,14,0.0000,0.0000,0.0000,0.0000,0.0000,0.0000
17129D,CLEAR COLOUR GLASS GEMS IN BAG,UNMAPPED,moving_average_7,14,0.0000,0.0000,0.0000,0.0000,0.0000,0.0000
17164B,ASS COL SMALL SAND GECKO P'WEIGHT,UNMAPPED,moving_average_7,14,0.0000,0.0000,0.0000,0.0000,0.0000,0.0000
17165B,UNKNOWN,UNMAPPED,moving_average_7,14,0.0000,0.0000,0.0000,0.0000,0.0000,0.0000
17165D,UNKNOWN,UNMAPPED,moving_average_7,14,0.0000,0.0000,0.0000,0.0000,0.0000,0.0000
17181,CIRCLE OF FRIENDS CANDLE HOLDER,UNMAPPED,moving_average_7,14,0.0000,0.0000,0.0000,0.0000,0.0000,0.0000
18007,ESSENTIAL BALM 3.5g TIN IN ENVELOPE,UNMAPPED,moving_average_7,14,0.0000,0.0000,0.0000,0.0000,0.0000,0.0000
18094C,WHITE AND BLUE CERAMIC OIL BURNER,UNMAPPED,moving_average_7,14,0.0000,0.0000,0.0000,0.0000,0.0000,0.0000
18098C,PORCELAIN BUTTERFLY OIL BURNER,UNMAPPED,moving_average_7,14,0.0000,0.0000,0.0000,0.0000,0.0000,0.0000
20621,UNKNOWN,UNMAPPED,moving_average_7,14,0.0000,0.0000,0.0000,0.0000,0.0000,0.0000
20657,TROPICAL LUGGAGE TAG,UNMAPPED,naive_lag_1,14,0.0000,0.0000,0.0000,0.0000,0.0000,0.0000
20658,RED RETROSPOT LUGGAGE TAG,UNMAPPED,moving_average_7,14,0.0000,0.0000,0.0000,0.0000,0.0000,0.0000
20662,FIRST CLASS HOLIDAY PURSE,UNMAPPED,moving_average_7,14,0.0000,0.0000,0.0000,0.0000,0.0000,0.0000
20663,QUEEN OF THE SKIES HOLIDAY PURSE,UNMAPPED,moving_average_7,14,0.0000,0.0000,0.0000,0.0000,0.0000,0.0000
20664,TROPICAL HOLIDAY PURSE,UNMAPPED,moving_average_7,14,0.0000,0.0000,0.0000,0.0000,0.0000,0.0000
20666,ECONOMY HOLIDAY PURSE,UNMAPPED,moving_average_7,14,0.0000,0.0000,0.0000,0.0000,0.0000,0.0000
20671,BLUE TEATIME PRINT BOWL,UNMAPPED,moving_average_7,14,0.0000,0.0000,0.0000,0.0000,0.0000,0.0000
20672,UNKNOWN,UNMAPPED,moving_average_7,14,0.0000,0.0000,0.0000,0.0000,0.0000,0.0000
20681,PINK POLKADOT CHILDRENS UMBRELLA,UNMAPPED,moving_average_7,14,0.0000,0.0000,0.0000,0.0000,0.0000,0.0000
20684,UNKNOWN,UNMAPPED,moving_average_7,14,0.0000,0.0000,0.0000,0.0000,0.0000,0.0000
20689,RETRO SISTERS EXPRESSO CUPS,UNMAPPED,moving_average_7,14,0.0000,0.0000,0.0000,0.0000,0.0000,0.0000
20692,UNKNOWN,UNMAPPED,moving_average_7,14,0.0000,0.0000,0.0000,0.0000,0.0000,0.0000
20695,FLORAL BLUE MONSTER,UNMAPPED,naive_lag_1,14,0.0000,0.0000,0.0000,0.0000,0.0000,0.0000
20696,FLORAL SOFT CAR TOY,UNMAPPED,naive_lag_1,14,0.0000,0.0000,0.0000,0.0000,0.0000,0.0000
20700,GREEN CAT FLORAL CUSHION COVER,UNMAPPED,moving_average_7,14,0.0000,0.0000,0.0000,0.0000,0.0000,0.0000
20701,PINK CAT FLORAL CUSHION COVER,UNMAPPED,moving_average_7,14,0.0000,0.0000,0.0000,0.0000,0.0000,0.0000
20702,PINK PADDED MOBILE,UNMAPPED,moving_average_7,14,0.0000,0.0000,0.0000,0.0000,0.0000,0.0000
20703,BLUE PADDED SOFT MOBILE,UNMAPPED,moving_average_7,14,0.0000,0.0000,0.0000,0.0000,0.0000,0.0000
20716,UNKNOWN,UNMAPPED,moving_average_7,14,0.0000,0.0000,0.0000,0.0000,0.0000,0.0000
20729,UNKNOWN,UNMAPPED,moving_average_7,14,0.0000,0.0000,0.0000,0.0000,0.0000,0.0000
20730,STRAWBERRY CANDY BAG,UNMAPPED,moving_average_7,14,0.0000,0.0000,0.0000,0.0000,0.0000,0.0000
20731,UNKNOWN,UNMAPPED,moving_average_7,14,0.0000,0.0000,0.0000,0.0000,0.0000,0.0000
20734,SILVER MINI TAPE MEASURE,UNMAPPED,moving_average_7,14,0.0000,0.0000,0.0000,0.0000,0.0000,0.0000
20738,GREEN MINI TAPE MEASURE,UNMAPPED,moving_average_7,14,0.0000,0.0000,0.0000,0.0000,0.0000,0.0000
20747,UNKNOWN,UNMAPPED,moving_average_7,14,0.0000,0.0000,0.0000,0.0000,0.0000,0.0000
20773,BLUE PAISLEY NOTEBOOK,UNMAPPED,moving_average_7,14,0.0000,0.0000,0.0000,0.0000,0.0000,0.0000
20774,GREEN FERN NOTEBOOK,UNMAPPED,moving_average_7,14,0.0000,0.0000,0.0000,0.0000,0.0000,0.0000
20776,ABSTRACT CIRCLES NOTEBOOK,UNMAPPED,moving_average_7,14,0.0000,0.0000,0.0000,0.0000,0.0000,0.0000
20778,UNKNOWN,UNMAPPED,moving_average_7,14,0.0000,0.0000,0.0000,0.0000,0.0000,0.0000
20783,HEART EAR MUFF HEADPHONES,UNMAPPED,moving_average_7,14,0.0000,0.0000,0.0000,0.0000,0.0000,0.0000
20784,RED RETRO BAR STOOL,UNMAPPED,moving_average_7,14,0.0000,0.0000,0.0000,0.0000,0.0000,0.0000
20785,FUSCHIA RETRO BAR STOOL,UNMAPPED,moving_average_7,14,0.0000,0.0000,0.0000,0.0000,0.0000,0.0000
20786,BLACK RETRO BAR STOOL,UNMAPPED,moving_average_7,14,0.0000,0.0000,0.0000,0.0000,0.0000,0.0000
20798,UNKNOWN,UNMAPPED,moving_average_7,14,0.0000,0.0000,0.0000,0.0000,0.0000,0.0000
20801,UNKNOWN,UNMAPPED,moving_average_7,14,0.0000,0.0000,0.0000,0.0000,0.0000,0.0000
20803,SMALL PINK GLASS SUNDAE DISH,UNMAPPED,moving_average_7,14,0.0000,0.0000,0.0000,0.0000,0.0000,0.0000
20804,GLASS CHICKEN BUTTER DISH,UNMAPPED,moving_average_7,14,0.0000,0.0000,0.0000,0.0000,0.0000,0.0000
20830,SILVER PHOTO FRAME,UNMAPPED,moving_average_7,14,0.0000,0.0000,0.0000,0.0000,0.0000,0.0000
20854,BLUE PATCH PURSE PINK HEART,UNMAPPED,moving_average_7,14,0.0000,0.0000,0.0000,0.0000,0.0000,0.0000
20855,PINK PATCH PURSE BLUE HEART,UNMAPPED,moving_average_7,14,0.0000,0.0000,0.0000,0.0000,0.0000,0.0000
20856,DENIM PATCH PURSE PINK BUTTERFLY,UNMAPPED,moving_average_7,14,0.0000,0.0000,0.0000,0.0000,0.0000,0.0000
20857,BLUE ROSE PATCH PURSE PINK BUTTERFL,UNMAPPED,moving_average_7,14,0.0000,0.0000,0.0000,0.0000,0.0000,0.0000
20862,PINK PATCH PENCIL CASE BLUE HEART,UNMAPPED,moving_average_7,14,0.0000,0.0000,0.0000,0.0000,0.0000,0.0000
20863,BLUE PATCH PENCIL CASE PINK HEART,UNMAPPED,moving_average_7,14,0.0000,0.0000,0.0000,0.0000,0.0000,0.0000
20865,PATCHWORK PENCIL CASE BUTTERFLY,UNMAPPED,moving_average_7,14,0.0000,0.0000,0.0000,0.0000,0.0000,0.0000
20871,OPULENT VELVET SET/3 CANDLES,UNMAPPED,moving_average_7,14,0.0000,0.0000,0.0000,0.0000,0.0000,0.0000
20878,UNKNOWN,UNMAPPED,moving_average_7,14,0.0000,0.0000,0.0000,0.0000,0.0000,0.0000
20886,BOX OF 9 PEBBLE CANDLES,UNMAPPED,naive_lag_1,14,0.0000,0.0000,0.0000,0.0000,0.0000,0.0000
20892,SET/3 TALL GLASS CANDLE HOLDER PINK,UNMAPPED,moving_average_7,14,0.0000,0.0000,0.0000,0.0000,0.0000,0.0000
20897,VINTAGE NOTEBOOK PARIS DAYS,UNMAPPED,moving_average_7,14,0.0000,0.0000,0.0000,0.0000,0.0000,0.0000
20898,VINTAGE NOTEBOOK TRAVELOGUE,UNMAPPED,moving_average_7,14,0.0000,0.0000,0.0000,0.0000,0.0000,0.0000
20901,VINTAGE KEEPSAKE BOX PINK FLOWER,UNMAPPED,naive_lag_1,14,0.0000,0.0000,0.0000,0.0000,0.0000,0.0000
20902,VINTAGE KEEPSAKE BOX PARIS DAYS,UNMAPPED,moving_average_7,14,0.0000,0.0000,0.0000,0.0000,0.0000,0.0000
20903,VINTAGE KEEPSAKE BOX TRAVELOGUE,UNMAPPED,moving_average_7,14,0.0000,0.0000,0.0000,0.0000,0.0000,0.0000
20906,VINTAGE NOTEBOOK BEAUTY GIRL,UNMAPPED,moving_average_7,14,0.0000,0.0000,0.0000,0.0000,0.0000,0.0000
20910,VINTAGE PHOTO ALBUM PARIS DAYS,UNMAPPED,moving_average_7,14,0.0000,0.0000,0.0000,0.0000,0.0000,0.0000
20934,SET/3 POT PLANT CANDLES,UNMAPPED,moving_average_7,14,0.0000,0.0000,0.0000,0.0000,0.0000,0.0000
20935,ROUND CACTUS CANDLE,UNMAPPED,naive_lag_1,14,0.0000,0.0000,0.0000,0.0000,0.0000,0.0000
20941,FROG CANDLE,UNMAPPED,moving_average_7,14,0.0000,0.0000,0.0000,0.0000,0.0000,0.0000
20943,SET/6 GINGERBREAD STAR T-LIGHTS,UNMAPPED,moving_average_7,14,0.0000,0.0000,0.0000,0.0000,0.0000,0.0000
20950,UNKNOWN,UNMAPPED,moving_average_7,14,0.0000,0.0000,0.0000,0.0000,0.0000,0.0000
20960,WATERMELON BATH SPONGE,UNMAPPED,moving_average_7,14,0.0000,0.0000,0.0000,0.0000,0.0000,0.0000
20966,SANDWICH BATH SPONGE,UNMAPPED,moving_average_7,14,0.0000,0.0000,0.0000,0.0000,0.0000,0.0000
20967,GREY FLORAL FELTCRAFT SHOULDER BAG,UNMAPPED,moving_average_7,14,0.0000,0.0000,0.0000,0.0000,0.0000,0.0000
20976,UNKNOWN,UNMAPPED,moving_average_7,14,0.0000,0.0000,0.0000,0.0000,0.0000,0.0000
20977,36 PENCILS TUBE WOODLAND,UNMAPPED,naive_lag_1,14,0.0000,0.0000,0.0000,0.0000,0.0000,0.0000
20980,36 PENCILS TUBE POSY,UNMAPPED,moving_average_7,14,0.0000,0.0000,0.0000,0.0000,0.0000,0.0000
20984,12 PENCILS TALL TUBE POSY,UNMAPPED,moving_average_7,14,0.0000,0.0000,0.0000,0.0000,0.0000,0.0000
20989,UNKNOWN,UNMAPPED,moving_average_7,14,0.0000,0.0000,0.0000,0.0000,0.0000,0.0000
20990,SPRING FLOWER CHOPSTICKS SET/5,UNMAPPED,moving_average_7,14,0.0000,0.0000,0.0000,0.0000,0.0000,0.0000
20998,ROSE DU SUD OVEN GLOVE,UNMAPPED,moving_average_7,14,0.0000,0.0000,0.0000,0.0000,0.0000,0.0000
21002,ROSE DU SUD DRAWSTRING BAG,UNMAPPED,moving_average_7,14,0.0000,0.0000,0.0000,0.0000,0.0000,0.0000
21004,ROSE DU SUD CHILDRENS APRON,UNMAPPED,moving_average_7,14,0.0000,0.0000,0.0000,0.0000,0.0000,0.0000
21007,UNKNOWN,UNMAPPED,moving_average_7,14,0.0000,0.0000,0.0000,0.0000,0.0000,0.0000
21009,UNKNOWN,UNMAPPED,moving_average_7,14,0.0000,0.0000,0.0000,0.0000,0.0000,0.0000
21010,UNKNOWN,UNMAPPED,moving_average_7,14,0.0000,0.0000,0.0000,0.0000,0.0000,0.0000
21011,GLITTER SNOW PEAR TREE DECORATION,UNMAPPED,moving_average_7,14,0.0000,0.0000,0.0000,0.0000,0.0000,0.0000
21016,LIGHT BIRD HOUSE TREE DECORATION,UNMAPPED,moving_average_7,14,0.0000,0.0000,0.0000,0.0000,0.0000,0.0000
21017,RED BIRD HOUSE TREE DECORATION,UNMAPPED,moving_average_7,14,0.0000,0.0000,0.0000,0.0000,0.0000,0.0000
21018,BIRD BOX CHRISTMAS TREE DECORATION,UNMAPPED,moving_average_7,14,0.0000,0.0000,0.0000,0.0000,0.0000,0.0000
21033,JUMBO BAG CHARLIE AND LOLA TOYS,UNMAPPED,moving_average_7,14,0.0000,0.0000,0.0000,0.0000,0.0000,0.0000
21038,SET/4 MODERN VINTAGE COTTON NAPKINS,UNMAPPED,moving_average_7,14,0.0000,0.0000,0.0000,0.0000,0.0000,0.0000
21040,MODERN VINTAGE COTTON SHOPPING BAG,UNMAPPED,moving_average_7,14,0.0000,0.0000,0.0000,0.0000,0.0000,0.0000
21043,APRON MODERN VINTAGE COTTON,UNMAPPED,moving_average_7,14,0.0000,0.0000,0.0000,0.0000,0.0000,0.0000
21067,UNKNOWN,UNMAPPED,moving_average_7,14,0.0000,0.0000,0.0000,0.0000,0.0000,0.0000
21069,VINTAGE BILLBOARD TEA MUG,UNMAPPED,moving_average_7,14,0.0000,0.0000,0.0000,0.0000,0.0000,0.0000
21071,UNKNOWN,UNMAPPED,moving_average_7,14,0.0000,0.0000,0.0000,0.0000,0.0000,0.0000
21076,SET/20 COLLAGE PAPER NAPKIN,UNMAPPED,moving_average_7,14,0.0000,0.0000,0.0000,0.0000,0.0000,0.0000
21077,SET/20 WOODLAND PAPER NAPKINS,UNMAPPED,moving_average_7,14,0.0000,0.0000,0.0000,0.0000,0.0000,0.0000
21078,SET/20 STRAWBERRY PAPER NAPKINS,UNMAPPED,moving_average_7,14,0.0000,0.0000,0.0000,0.0000,0.0000,0.0000
21082,SET/20 FRUIT SALAD PAPER NAPKINS,UNMAPPED,moving_average_7,14,0.0000,0.0000,0.0000,0.0000,0.0000,0.0000
21085,SET/6 WOODLAND PAPER CUPS,UNMAPPED,moving_average_7,14,0.0000,0.0000,0.0000,0.0000,0.0000,0.0000
21087,SET/6 POSIES PAPER CUPS,UNMAPPED,moving_average_7,14,0.0000,0.0000,0.0000,0.0000,0.0000,0.0000
21089,SET/6 GREEN SPRING PAPER CUPS,UNMAPPED,moving_average_7,14,0.0000,0.0000,0.0000,0.0000,0.0000,0.0000
21091,SET/6 WOODLAND PAPER PLATES,UNMAPPED,moving_average_7,14,0.0000,0.0000,0.0000,0.0000,0.0000,0.0000
21095,UNKNOWN,UNMAPPED,moving_average_7,14,0.0000,0.0000,0.0000,0.0000,0.0000,0.0000
21099,SET/6 STRAWBERRY PAPER CUPS,UNMAPPED,moving_average_7,14,0.0000,0.0000,0.0000,0.0000,0.0000,0.0000
21100,CHARLIE AND LOLA CHARLOTTE BAG,UNMAPPED,moving_average_7,14,0.0000,0.0000,0.0000,0.0000,0.0000,0.0000
21127,COLOURFUL FISHING GNOME,UNMAPPED,moving_average_7,14,0.0000,0.0000,0.0000,0.0000,0.0000,0.0000
21130,COLOURFUL STANDING GNOME,UNMAPPED,moving_average_7,14,0.0000,0.0000,0.0000,0.0000,0.0000,0.0000
21134,UNKNOWN,UNMAPPED,moving_average_7,14,0.0000,0.0000,0.0000,0.0000,0.0000,0.0000
21143,ANTIQUE GLASS HEART DECORATION,UNMAPPED,moving_average_7,14,0.0000,0.0000,0.0000,0.0000,0.0000,0.0000
21144,PINK POODLE HANGING DECORATION,UNMAPPED,moving_average_7,14,0.0000,0.0000,0.0000,0.0000,0.0000,0.0000
21146,ANTIQUE GLASS RIDGED HANGING BALL,UNMAPPED,moving_average_7,14,0.0000,0.0000,0.0000,0.0000,0.0000,0.0000
21153,RED SPOTTY TABLECLOTH,UNMAPPED,moving_average_7,14,0.0000,0.0000,0.0000,0.0000,0.0000,0.0000
21157,RED RETROSPOT WASHBAG,UNMAPPED,moving_average_7,14,0.0000,0.0000,0.0000,0.0000,0.0000,0.0000
21160,KEEP OUT GIRLS DOOR HANGER,UNMAPPED,moving_average_7,14,0.0000,0.0000,0.0000,0.0000,0.0000,0.0000
21161,KEEP OUT BOYS DOOR HANGER,UNMAPPED,moving_average_7,14,0.0000,0.0000,0.0000,0.0000,0.0000,0.0000
21163,DO NOT TOUCH MY STUFF DOOR HANGER,UNMAPPED,moving_average_7,14,0.0000,0.0000,0.0000,0.0000,0.0000,0.0000
21171,BATHROOM METAL SIGN,UNMAPPED,moving_average_7,14,0.0000,0.0000,0.0000,0.0000,0.0000,0.0000
21173,UNKNOWN,UNMAPPED,moving_average_7,14,0.0000,0.0000,0.0000,0.0000,0.0000,0.0000
21179,NO JUNK MAIL METAL SIGN,UNMAPPED,moving_average_7,14,0.0000,0.0000,0.0000,0.0000,0.0000,0.0000
21185,UNKNOWN,UNMAPPED,moving_average_7,14,0.0000,0.0000,0.0000,0.0000,0.0000,0.0000
21186,WHITE DOVE HONEYCOMB PAPER GARLAND,UNMAPPED,moving_average_7,14,0.0000,0.0000,0.0000,0.0000,0.0000,0.0000
21187,WHITE BELL HONEYCOMB PAPER GARLAND,UNMAPPED,moving_average_7,14,0.0000,0.0000,0.0000,0.0000,0.0000,0.0000
21188,3D HEARTS HONEYCOMB PAPER GARLAND,UNMAPPED,moving_average_7,14,0.0000,0.0000,0.0000,0.0000,0.0000,0.0000
21195,PINK HONEYCOMB PAPER BALL,UNMAPPED,moving_average_7,14,0.0000,0.0000,0.0000,0.0000,0.0000,0.0000
21203,BUTTERFLIES HONEYCOMB GARLAND,UNMAPPED,moving_average_7,14,0.0000,0.0000,0.0000,0.0000,0.0000,0.0000
21214,UNKNOWN,UNMAPPED,moving_average_7,14,0.0000,0.0000,0.0000,0.0000,0.0000,0.0000
21223,SET/4 BADGES WOODLAND ANIMAL,UNMAPPED,moving_average_7,14,0.0000,0.0000,0.0000,0.0000,0.0000,0.0000
21241,GREEN POLKADOT CUP,UNMAPPED,moving_average_7,14,0.0000,0.0000,0.0000,0.0000,0.0000,0.0000
21246,RED RETROSPOT BIG BOWL,UNMAPPED,moving_average_7,14,0.0000,0.0000,0.0000,0.0000,0.0000,0.0000
21247,SET OF RED SALAD SERVERS,UNMAPPED,moving_average_7,14,0.0000,0.0000,0.0000,0.0000,0.0000,0.0000
21255,UNKNOWN,UNMAPPED,moving_average_7,14,0.0000,0.0000,0.0000,0.0000,0.0000,0.0000
21256,UNKNOWN,UNMAPPED,moving_average_7,14,0.0000,0.0000,0.0000,0.0000,0.0000,0.0000
21268,VINTAGE BLUE TINSEL REEL,UNMAPPED,moving_average_7,14,0.0000,0.0000,0.0000,0.0000,0.0000,0.0000
21272,UNKNOWN,UNMAPPED,moving_average_7,14,0.0000,0.0000,0.0000,0.0000,0.0000,0.0000
21274,EMBOSSED HEART 3 DRAWER SHELF,UNMAPPED,moving_average_7,14,0.0000,0.0000,0.0000,0.0000,0.0000,0.0000
21275,ZINC TOP 2 DOOR WOODEN SHELF,UNMAPPED,naive_lag_1,14,0.0000,0.0000,0.0000,0.0000,0.0000,0.0000
21278,VINTAGE KITCHEN PRINT PUDDINGS,UNMAPPED,moving_average_7,14,0.0000,0.0000,0.0000,0.0000,0.0000,0.0000
21280,VINTAGE KITCHEN PRINT VEGETABLES,UNMAPPED,naive_lag_1,14,0.0000,0.0000,0.0000,0.0000,0.0000,0.0000
21281,VINTAGE KITCHEN PRINT SEAFOOD,UNMAPPED,naive_lag_1,14,0.0000,0.0000,0.0000,0.0000,0.0000,0.0000
21282,NATURAL BARK CANDLE LARGE,UNMAPPED,moving_average_7,14,0.0000,0.0000,0.0000,0.0000,0.0000,0.0000
21283,NATURAL BARK CANDLE SMALL,UNMAPPED,moving_average_7,14,0.0000,0.0000,0.0000,0.0000,0.0000,0.0000
21294,ETCHED GLASS COASTER,UNMAPPED,moving_average_7,14,0.0000,0.0000,0.0000,0.0000,0.0000,0.0000
21307,SET/4 BUTTERFLY MIRROR MAGNETS,UNMAPPED,moving_average_7,14,0.0000,0.0000,0.0000,0.0000,0.0000,0.0000
21316,SMALL CHUNKY GLASS ROMAN BOWL,UNMAPPED,moving_average_7,14,0.0000,0.0000,0.0000,0.0000,0.0000,0.0000
21318,GLASS CHALICE BLUE SMALL,UNMAPPED,moving_average_7,14,0.0000,0.0000,0.0000,0.0000,0.0000,0.0000
21319,adjustment,UNMAPPED,moving_average_7,14,0.0000,0.0000,0.0000,0.0000,0.0000,0.0000
21320,GLASS CHALICE GREEN LARGE,UNMAPPED,moving_average_7,14,0.0000,0.0000,0.0000,0.0000,0.0000,0.0000
21323,UNKNOWN,UNMAPPED,moving_average_7,14,0.0000,0.0000,0.0000,0.0000,0.0000,0.0000
21324,UNKNOWN,UNMAPPED,moving_average_7,14,0.0000,0.0000,0.0000,0.0000,0.0000,0.0000
21330,WOODLAND ANIMAL WRITING SET,UNMAPPED,moving_average_7,14,0.0000,0.0000,0.0000,0.0000,0.0000,0.0000
21332,MOROCCAN BEATEN METAL MIRROR,UNMAPPED,moving_average_7,14,0.0000,0.0000,0.0000,0.0000,0.0000,0.0000
21333,CLASSIC WHITE FRAME,UNMAPPED,moving_average_7,14,0.0000,0.0000,0.0000,0.0000,0.0000,0.0000
21336,GOLD WASHBAG,UNMAPPED,moving_average_7,14,0.0000,0.0000,0.0000,0.0000,0.0000,0.0000
21348,UNKNOWN,UNMAPPED,moving_average_7,14,0.0000,0.0000,0.0000,0.0000,0.0000,0.0000
21349,check,UNMAPPED,moving_average_7,14,0.0000,0.0000,0.0000,0.0000,0.0000,0.0000
21350,UNKNOWN,UNMAPPED,moving_average_7,14,0.0000,0.0000,0.0000,0.0000,0.0000,0.0000
21352,EUCALYPTUS & PINECONE WREATH,UNMAPPED,naive_lag_1,14,0.0000,0.0000,0.0000,0.0000,0.0000,0.0000
21357,UNKNOWN,UNMAPPED,moving_average_7,14,0.0000,0.0000,0.0000,0.0000,0.0000,0.0000
21359,UNKNOWN,UNMAPPED,moving_average_7,14,0.0000,0.0000,0.0000,0.0000,0.0000,0.0000
21360,JOY LARGE WOOD LETTERS,UNMAPPED,moving_average_7,14,0.0000,0.0000,0.0000,0.0000,0.0000,0.0000
21361,LOVE LARGE WOOD LETTERS,UNMAPPED,moving_average_7,14,0.0000,0.0000,0.0000,0.0000,0.0000,0.0000
21363,HOME SMALL WOOD LETTERS,UNMAPPED,moving_average_7,14,0.0000,0.0000,0.0000,0.0000,0.0000,0.0000
21364,PEACE SMALL WOOD LETTERS,UNMAPPED,moving_average_7,14,0.0000,0.0000,0.0000,0.0000,0.0000,0.0000
21384,UNKNOWN,UNMAPPED,moving_average_7,14,0.0000,0.0000,0.0000,0.0000,0.0000,0.0000
21392,RED POLKADOT PUDDING BOWL,UNMAPPED,moving_average_7,14,0.0000,0.0000,0.0000,0.0000,0.0000,0.0000
21393,UNKNOWN,UNMAPPED,moving_average_7,14,0.0000,0.0000,0.0000,0.0000,0.0000,0.0000
21395,BLUE POLKADOT BEAKER,UNMAPPED,moving_average_7,14,0.0000,0.0000,0.0000,0.0000,0.0000,0.0000
21396,RED SPOTTY EGG CUP,UNMAPPED,moving_average_7,14,0.0000,0.0000,0.0000,0.0000,0.0000,0.0000
21397,BLUE POLKADOT EGG CUP,UNMAPPED,moving_average_7,14,0.0000,0.0000,0.0000,0.0000,0.0000,0.0000
21398,RED POLKADOT COFFEE MUG,UNMAPPED,moving_average_7,14,0.0000,0.0000,0.0000,0.0000,0.0000,0.0000
21399,BLUE POLKADOT COFFEE MUG,UNMAPPED,moving_average_7,14,0.0000,0.0000,0.0000,0.0000,0.0000,0.0000
21410,COUNTRY COTTAGE DOORSTOP GREEN,UNMAPPED,moving_average_7,14,0.0000,0.0000,0.0000,0.0000,0.0000,0.0000
21412,VINTAGE GOLD TINSEL REEL,UNMAPPED,moving_average_7,14,0.0000,0.0000,0.0000,0.0000,0.0000,0.0000
21414,SCALLOP SHELL SOAP DISH,UNMAPPED,moving_average_7,14,0.0000,0.0000,0.0000,0.0000,0.0000,0.0000
21421,PORCELAIN ROSE LARGE,UNMAPPED,moving_average_7,14,0.0000,0.0000,0.0000,0.0000,0.0000,0.0000
21424,WOODLAND STORAGE BOX LARGE,UNMAPPED,moving_average_7,14,0.0000,0.0000,0.0000,0.0000,0.0000,0.0000
21431,GREEN GINGHAM FLOWER JEWELLERY BOX,UNMAPPED,moving_average_7,14,0.0000,0.0000,0.0000,0.0000,0.0000,0.0000
21432,SET OF 3 CASES WOODLAND DESIGN,UNMAPPED,moving_average_7,14,0.0000,0.0000,0.0000,0.0000,0.0000,0.0000
21437,24 HANGING EASTER EGGS FLORAL TUB,UNMAPPED,moving_average_7,14,0.0000,0.0000,0.0000,0.0000,0.0000,0.0000
21440,12 MINI TOADSTOOL PEGS,UNMAPPED,moving_average_7,14,0.0000,0.0000,0.0000,0.0000,0.0000,0.0000
21444,BLUE CHALET BIRDFEEDER,UNMAPPED,moving_average_7,14,0.0000,0.0000,0.0000,0.0000,0.0000,0.0000
21445,UNKNOWN,UNMAPPED,moving_average_7,14,0.0000,0.0000,0.0000,0.0000,0.0000,0.0000
21447,12 IVORY ROSE PEG PLACE SETTINGS,UNMAPPED,moving_average_7,14,0.0000,0.0000,0.0000,0.0000,0.0000,0.0000
21448,12 DAISY PEGS IN WOOD BOX,UNMAPPED,moving_average_7,14,0.0000,0.0000,0.0000,0.0000,0.0000,0.0000
21457,2 PICTURE BOOK EGGS EASTER DUCKS,UNMAPPED,naive_lag_1,14,0.0000,0.0000,0.0000,0.0000,0.0000,0.0000
21458,2 PICTURE BOOK EGGS EASTER BUNNY,UNMAPPED,naive_lag_1,14,0.0000,0.0000,0.0000,0.0000,0.0000,0.0000
21459,YELLOW EASTER EGG HUNT START POST,UNMAPPED,moving_average_7,14,0.0000,0.0000,0.0000,0.0000,0.0000,0.0000
21472,UNKNOWN,UNMAPPED,moving_average_7,14,0.0000,0.0000,0.0000,0.0000,0.0000,0.0000
21474,SWEETHEART CREAM STEEL FOLDIN BENCH,UNMAPPED,moving_average_7,14,0.0000,0.0000,0.0000,0.0000,0.0000,0.0000
21476,STEEL SWEETHEART ROUND TABLE CREAM,UNMAPPED,moving_average_7,14,0.0000,0.0000,0.0000,0.0000,0.0000,0.0000
21478,UNKNOWN,UNMAPPED,moving_average_7,14,0.0000,0.0000,0.0000,0.0000,0.0000,0.0000
21482,MUSHROOM BLUE HOT WATER BOTTLE,UNMAPPED,moving_average_7,14,0.0000,0.0000,0.0000,0.0000,0.0000,0.0000
21486,PINK HEART DOTS HOT WATER BOTTLE,UNMAPPED,moving_average_7,14,0.0000,0.0000,0.0000,0.0000,0.0000,0.0000
21488,RED WHITE SCARF HOT WATER BOTTLE,UNMAPPED,moving_average_7,14,0.0000,0.0000,0.0000,0.0000,0.0000,0.0000
21491,UNKNOWN,UNMAPPED,moving_average_7,14,0.0000,0.0000,0.0000,0.0000,0.0000,0.0000
21518,BANK ACCOUNT GREETING CARD,UNMAPPED,moving_average_7,14,0.0000,0.0000,0.0000,0.0000,0.0000,0.0000
21527,RED RETROSPOT TRADITIONAL TEAPOT,UNMAPPED,moving_average_7,14,0.0000,0.0000,0.0000,0.0000,0.0000,0.0000
21529,UNKNOWN,UNMAPPED,moving_average_7,14,0.0000,0.0000,0.0000,0.0000,0.0000,0.0000
21532,UNKNOWN,UNMAPPED,moving_average_7,14,0.0000,0.0000,0.0000,0.0000,0.0000,0.0000
21536,DAIRY MAID SMALL MILK JUG,UNMAPPED,moving_average_7,14,0.0000,0.0000,0.0000,0.0000,0.0000,0.0000
21538,DAIRY MAID PUDDING BOWL,UNMAPPED,moving_average_7,14,0.0000,0.0000,0.0000,0.0000,0.0000,0.0000
21539,check,UNMAPPED,moving_average_7,14,0.0000,0.0000,0.0000,0.0000,0.0000,0.0000
21540,DAIRY MAID BUTTER DISH,UNMAPPED,moving_average_7,14,0.0000,0.0000,0.0000,0.0000,0.0000,0.0000
21541,DINOSAURS WATER TRANSFER TATTOOS,UNMAPPED,moving_average_7,14,0.0000,0.0000,0.0000,0.0000,0.0000,0.0000
21542,UNKNOWN,UNMAPPED,moving_average_7,14,0.0000,0.0000,0.0000,0.0000,0.0000,0.0000
21545,UNKNOWN,UNMAPPED,moving_average_7,14,0.0000,0.0000,0.0000,0.0000,0.0000,0.0000
21547,CERAMIC BIRDHOUSE CRESTED TIT SMALL,UNMAPPED,moving_average_7,14,0.0000,0.0000,0.0000,0.0000,0.0000,0.0000
21548,CERAMIC BIRDHOUSE FINCH BLUE ROOF,UNMAPPED,moving_average_7,14,0.0000,0.0000,0.0000,0.0000,0.0000,0.0000
21549,CERAMIC BIRDHOUSE RED ROOF SMALL,UNMAPPED,moving_average_7,14,0.0000,0.0000,0.0000,0.0000,0.0000,0.0000
21550,CERAMIC BIRDHOUSE CRESTED TIT LARGE,UNMAPPED,moving_average_7,14,0.0000,0.0000,0.0000,0.0000,0.0000,0.0000
21586,KINGS CHOICE GIANT TUBE MATCHES,UNMAPPED,naive_lag_1,14,0.0000,0.0000,0.0000,0.0000,0.0000,0.0000
21587,COSY HOUR GIANT TUBE MATCHES,UNMAPPED,moving_average_7,14,0.0000,0.0000,0.0000,0.0000,0.0000,0.0000
21589,SWALLOW GIANT TUBE MATCHES,UNMAPPED,moving_average_7,14,0.0000,0.0000,0.0000,0.0000,0.0000,0.0000
21590,UNKNOWN,UNMAPPED,moving_average_7,14,0.0000,0.0000,0.0000,0.0000,0.0000,0.0000
21593,SWALLOW CIGAR BOX MATCHES,UNMAPPED,moving_average_7,14,0.0000,0.0000,0.0000,0.0000,0.0000,0.0000
21609,SET 12 LAVENDER BOTANICAL T-LIGHTS,UNMAPPED,moving_average_7,14,0.0000,0.0000,0.0000,0.0000,0.0000,0.0000
21610,SET 12 PEAR BOTANICAL T-LIGHTS,UNMAPPED,moving_average_7,14,0.0000,0.0000,0.0000,0.0000,0.0000,0.0000
21611,SET OF 12 LILY BOTANICAL T-LIGHTS,UNMAPPED,moving_average_7,14,0.0000,0.0000,0.0000,0.0000,0.0000,0.0000
21612,SET 12 WILDFLOWER BOTANICAL T-LIGHT,UNMAPPED,moving_average_7,14,0.0000,0.0000,0.0000,0.0000,0.0000,0.0000
21613,S/12 VANILLA BOTANICAL T-LIGHTS,UNMAPPED,moving_average_7,14,0.0000,0.0000,0.0000,0.0000,0.0000,0.0000
21614,UNKNOWN,UNMAPPED,moving_average_7,14,0.0000,0.0000,0.0000,0.0000,0.0000,0.0000
21618,4 WILDFLOWER BOTANICAL CANDLES,UNMAPPED,naive_lag_1,14,0.0000,0.0000,0.0000,0.0000,0.0000,0.0000
21627,ELEPHANT CARNIVAL POUFFE,UNMAPPED,moving_average_7,14,0.0000,0.0000,0.0000,0.0000,0.0000,0.0000
21631,HIPPY CHIC DECORATIVE PARASOL,UNMAPPED,naive_lag_1,14,0.0000,0.0000,0.0000,0.0000,0.0000,0.0000
21632,UNKNOWN,UNMAPPED,moving_average_7,14,0.0000,0.0000,0.0000,0.0000,0.0000,0.0000
21634,ASSORTED MINI MADRAS NOTEBOOK,UNMAPPED,moving_average_7,14,0.0000,0.0000,0.0000,0.0000,0.0000,0.0000
21635,UNKNOWN,UNMAPPED,moving_average_7,14,0.0000,0.0000,0.0000,0.0000,0.0000,0.0000
21637,ASSORTED SANSKRIT MINI NOTEBOOK,UNMAPPED,moving_average_7,14,0.0000,0.0000,0.0000,0.0000,0.0000,0.0000
21641,ASSORTED TUTTI FRUTTI KEYRING BALL,UNMAPPED,moving_average_7,14,0.0000,0.0000,0.0000,0.0000,0.0000,0.0000
21645,ASSORTED TUTTI FRUTTI ROUND BOX,UNMAPPED,moving_average_7,14,0.0000,0.0000,0.0000,0.0000,0.0000,0.0000
21651,HANGING GLASS ETCHED TEALIGHT,UNMAPPED,moving_average_7,14,0.0000,0.0000,0.0000,0.0000,0.0000,0.0000
21652,GLASS ETCHED T-LIGHT HOLDER MEDIUM,UNMAPPED,moving_average_7,14,0.0000,0.0000,0.0000,0.0000,0.0000,0.0000
21653,GLASS ETCHED T-LIGHT HOLDER LARGE,UNMAPPED,moving_average_7,14,0.0000,0.0000,0.0000,0.0000,0.0000,0.0000
21654,RIDGED GLASS FINGER BOWL,UNMAPPED,moving_average_7,14,0.0000,0.0000,0.0000,0.0000,0.0000,0.0000
21655,UNKNOWN,UNMAPPED,moving_average_7,14,0.0000,0.0000,0.0000,0.0000,0.0000,0.0000
21656,RIDGED GLASS POSY VASE,UNMAPPED,moving_average_7,14,0.0000,0.0000,0.0000,0.0000,0.0000,0.0000
21657,MILK BOTTLE WITH GLASS STOPPER,UNMAPPED,moving_average_7,14,0.0000,0.0000,0.0000,0.0000,0.0000,0.0000
21658,UNKNOWN,UNMAPPED,moving_average_7,14,0.0000,0.0000,0.0000,0.0000,0.0000,0.0000
21659,UNKNOWN,UNMAPPED,moving_average_7,14,0.0000,0.0000,0.0000,0.0000,0.0000,0.0000
21661,VINTAGE GLASS TEA CADDY,UNMAPPED,moving_average_7,14,0.0000,0.0000,0.0000,0.0000,0.0000,0.0000
21662,UNKNOWN,UNMAPPED,moving_average_7,14,0.0000,0.0000,0.0000,0.0000,0.0000,0.0000
21664,RIDGED GLASS STORAGE JAR CREAM LID,UNMAPPED,moving_average_7,14,0.0000,0.0000,0.0000,0.0000,0.0000,0.0000
21665,TRIANGULAR RIDGED GLASS POSY HOLDER,UNMAPPED,moving_average_7,14,0.0000,0.0000,0.0000,0.0000,0.0000,0.0000
21667,UNKNOWN,UNMAPPED,moving_average_7,14,0.0000,0.0000,0.0000,0.0000,0.0000,0.0000
21681,GIANT MEDINA STAMPED METAL BOWL,UNMAPPED,moving_average_7,14,0.0000,0.0000,0.0000,0.0000,0.0000,0.0000
21686,MEDINA STAMPED METAL STOOL,UNMAPPED,moving_average_7,14,0.0000,0.0000,0.0000,0.0000,0.0000,0.0000
21687,UNKNOWN,UNMAPPED,moving_average_7,14,0.0000,0.0000,0.0000,0.0000,0.0000,0.0000
21690,UNKNOWN,UNMAPPED,moving_average_7,14,0.0000,0.0000,0.0000,0.0000,0.0000,0.0000
21691,SILVER VANILLA FLOWER CANDLE POT,UNMAPPED,moving_average_7,14,0.0000,0.0000,0.0000,0.0000,0.0000,0.0000
21692,SILVER LATTICE VANILLA CANDLE POT,UNMAPPED,moving_average_7,14,0.0000,0.0000,0.0000,0.0000,0.0000,0.0000
21717,UNKNOWN,UNMAPPED,moving_average_7,14,0.0000,0.0000,0.0000,0.0000,0.0000,0.0000
21720,CAKE SHOP STICKER SHEET,UNMAPPED,moving_average_7,14,0.0000,0.0000,0.0000,0.0000,0.0000,0.0000
21725,SWEETIES STICKERS,UNMAPPED,naive_lag_1,14,0.0000,0.0000,0.0000,0.0000,0.0000,0.0000
21728,UNKNOWN,UNMAPPED,moving_average_7,14,0.0000,0.0000,0.0000,0.0000,0.0000,0.0000
21732,RED HANGING METAL STAR TLIGHT HLDR,UNMAPPED,moving_average_7,14,0.0000,0.0000,0.0000,0.0000,0.0000,0.0000
21735,TWO DOOR CURIO CABINET,UNMAPPED,moving_average_7,14,0.0000,0.0000,0.0000,0.0000,0.0000,0.0000
21737,SET 3 WICKER LOG BASKETS,UNMAPPED,moving_average_7,14,0.0000,0.0000,0.0000,0.0000,0.0000,0.0000
21738,COSY SLIPPER SHOES SMALL RED,UNMAPPED,moving_average_7,14,0.0000,0.0000,0.0000,0.0000,0.0000,0.0000
21741,COSY SLIPPER SHOES LARGE GREEN,UNMAPPED,naive_lag_1,14,0.0000,0.0000,0.0000,0.0000,0.0000,0.0000
21743,STAR PORTABLE TABLE LIGHT,UNMAPPED,moving_average_7,14,0.0000,0.0000,0.0000,0.0000,0.0000,0.0000
21750,LARGE SKULL WINDMILL,UNMAPPED,naive_lag_1,14,0.0000,0.0000,0.0000,0.0000,0.0000,0.0000
21752,GLASS CAKE STAND MIRRORED BASE,UNMAPPED,moving_average_7,14,0.0000,0.0000,0.0000,0.0000,0.0000,0.0000
21757,LIGHTHOUSE PRINTED METAL SIGN,UNMAPPED,moving_average_7,14,0.0000,0.0000,0.0000,0.0000,0.0000,0.0000
21765,HANGING METAL BIRD BATH,UNMAPPED,moving_average_7,14,0.0000,0.0000,0.0000,0.0000,0.0000,0.0000
21768,UNKNOWN,UNMAPPED,moving_average_7,14,0.0000,0.0000,0.0000,0.0000,0.0000,0.0000
21769,VINTAGE POST OFFICE CABINET,UNMAPPED,moving_average_7,14,0.0000,0.0000,0.0000,0.0000,0.0000,0.0000
21777,UNKNOWN,UNMAPPED,moving_average_7,14,0.0000,0.0000,0.0000,0.0000,0.0000,0.0000
21781,MA CAMPAGNE CUTLERY BOX,UNMAPPED,moving_average_7,14,0.0000,0.0000,0.0000,0.0000,0.0000,0.0000
21784,UNKNOWN,UNMAPPED,moving_average_7,14,0.0000,0.0000,0.0000,0.0000,0.0000,0.0000
21785,RAIN PONCHO,UNMAPPED,moving_average_7,14,0.0000,0.0000,0.0000,0.0000,0.0000,0.0000
21792,CLASSIC FRENCH STYLE BASKET GREEN,UNMAPPED,moving_average_7,14,0.0000,0.0000,0.0000,0.0000,0.0000,0.0000
21794,adjustment,UNMAPPED,moving_average_7,14,0.0000,0.0000,0.0000,0.0000,0.0000,0.0000
21795,UNKNOWN,UNMAPPED,moving_average_7,14,0.0000,0.0000,0.0000,0.0000,0.0000,0.0000
21796,UNKNOWN,UNMAPPED,moving_average_7,14,0.0000,0.0000,0.0000,0.0000,0.0000,0.0000
21801,CHRISTMAS TREE DECORATION WITH BELL,UNMAPPED,moving_average_7,14,0.0000,0.0000,0.0000,0.0000,0.0000,0.0000
21802,CHRISTMAS TREE HEART DECORATION,UNMAPPED,naive_lag_1,14,0.0000,0.0000,0.0000,0.0000,0.0000,0.0000
21805,WHITE CHRISTMAS TREE DECORATION,UNMAPPED,moving_average_7,14,0.0000,0.0000,0.0000,0.0000,0.0000,0.0000
21806,WHITE CHRISTMAS HEART DECORATION,UNMAPPED,moving_average_7,14,0.0000,0.0000,0.0000,0.0000,0.0000,0.0000
21817,GLITTER CHRISTMAS TREE,UNMAPPED,naive_lag_1,14,0.0000,0.0000,0.0000,0.0000,0.0000,0.0000
21824,PAINTED METAL STAR WITH HOLLY BELLS,UNMAPPED,naive_lag_1,14,0.0000,0.0000,0.0000,0.0000,0.0000,0.0000
21825,PAINTED METAL TREE WITH HOLLY BELLS,UNMAPPED,moving_average_7,14,0.0000,0.0000,0.0000,0.0000,0.0000,0.0000
21826,UNKNOWN,UNMAPPED,moving_average_7,14,0.0000,0.0000,0.0000,0.0000,0.0000,0.0000
21827,EIGHT PIECE CREEPY CRAWLIE SET,UNMAPPED,moving_average_7,14,0.0000,0.0000,0.0000,0.0000,0.0000,0.0000
21829,adjustment,UNMAPPED,moving_average_7,14,0.0000,0.0000,0.0000,0.0000,0.0000,0.0000
21836,GINGHAM OVEN GLOVE RED HEART,UNMAPPED,moving_average_7,14,0.0000,0.0000,0.0000,0.0000,0.0000,0.0000
21837,UNKNOWN,UNMAPPED,moving_average_7,14,0.0000,0.0000,0.0000,0.0000,0.0000,0.0000
21839,MUMMY MOUSE RED GINGHAM RIBBON,UNMAPPED,moving_average_7,14,0.0000,0.0000,0.0000,0.0000,0.0000,0.0000
21847,GREEN DIAMANTE PEN IN GIFT BOX,UNMAPPED,naive_lag_1,14,0.0000,0.0000,0.0000,0.0000,0.0000,0.0000
21869,UNKNOWN,UNMAPPED,moving_average_7,14,0.0000,0.0000,0.0000,0.0000,0.0000,0.0000
21870,I CAN ONLY PLEASE ONE PERSON MUG,UNMAPPED,moving_average_7,14,0.0000,0.0000,0.0000,0.0000,0.0000,0.0000
21895,POTTING SHED SOW 'N' GROW SET,UNMAPPED,moving_average_7,14,0.0000,0.0000,0.0000,0.0000,0.0000,0.0000
21897,UNKNOWN,UNMAPPED,moving_average_7,14,0.0000,0.0000,0.0000,0.0000,0.0000,0.0000
21898,UNKNOWN,UNMAPPED,moving_average_7,14,0.0000,0.0000,0.0000,0.0000,0.0000,0.0000
21904,UNKNOWN,UNMAPPED,moving_average_7,14,0.0000,0.0000,0.0000,0.0000,0.0000,0.0000
21910,WAY OUT METAL SIGN,UNMAPPED,moving_average_7,14,0.0000,0.0000,0.0000,0.0000,0.0000,0.0000
21911,UNKNOWN,UNMAPPED,moving_average_7,14,0.0000,0.0000,0.0000,0.0000,0.0000,0.0000
21923,UNKNOWN,UNMAPPED,moving_average_7,14,0.0000,0.0000,0.0000,0.0000,0.0000,0.0000
21924,UNKNOWN,UNMAPPED,moving_average_7,14,0.0000,0.0000,0.0000,0.0000,0.0000,0.0000
22021,BLUE FELT EASTER EGG BASKET,UNMAPPED,moving_average_7,14,0.0000,0.0000,0.0000,0.0000,0.0000,0.0000
22035,VINTAGE CARAVAN GREETING CARD,UNMAPPED,moving_average_7,14,0.0000,0.0000,0.0000,0.0000,0.0000,0.0000
22036,DINOSAUR BIRTHDAY CARD,UNMAPPED,moving_average_7,14,0.0000,0.0000,0.0000,0.0000,0.0000,0.0000
22044,CHRISTMAS CARD STACK OF PRESENTS,UNMAPPED,naive_lag_1,14,0.0000,0.0000,0.0000,0.0000,0.0000,0.0000
22049,WRAP CHRISTMAS SCREEN PRINT,UNMAPPED,moving_average_7,14,0.0000,0.0000,0.0000,0.0000,0.0000,0.0000
22052,VINTAGE CARAVAN GIFT WRAP,UNMAPPED,moving_average_7,14,0.0000,0.0000,0.0000,0.0000,0.0000,0.0000
22053,EMPIRE DESIGN ROSETTE,UNMAPPED,naive_lag_1,14,0.0000,0.0000,0.0000,0.0000,0.0000,0.0000
22054,MINI CAKE STAND HANGING HEARTS,UNMAPPED,moving_average_7,14,0.0000,0.0000,0.0000,0.0000,0.0000,0.0000
22056,CERAMIC PLATE LOVE HEART DESIGN,UNMAPPED,moving_average_7,14,0.0000,0.0000,0.0000,0.0000,0.0000,0.0000
22058,CERAMIC LOVE HEARTS DESIGN MUG,UNMAPPED,moving_average_7,14,0.0000,0.0000,0.0000,0.0000,0.0000,0.0000
22060,LARGE CAKE STAND HANGING HEARTS,UNMAPPED,moving_average_7,14,0.0000,0.0000,0.0000,0.0000,0.0000,0.0000
22062,UNKNOWN,UNMAPPED,moving_average_7,14,0.0000,0.0000,0.0000,0.0000,0.0000,0.0000
22073,RED RETROSPOT STORAGE JAR,UNMAPPED,moving_average_7,14,0.0000,0.0000,0.0000,0.0000,0.0000,0.0000
22088,UNKNOWN,UNMAPPED,moving_average_7,14,0.0000,0.0000,0.0000,0.0000,0.0000,0.0000
22103,MIRROR MOSAIC T-LIGHT HOLDER ROUND,UNMAPPED,moving_average_7,14,0.0000,0.0000,0.0000,0.0000,0.0000,0.0000
22122,SET OF 2 FANCY FONT TEA TOWELS,UNMAPPED,moving_average_7,14,0.0000,0.0000,0.0000,0.0000,0.0000,0.0000
22127,PARTY CONES CARNIVAL ASSORTED,UNMAPPED,moving_average_7,14,0.0000,0.0000,0.0000,0.0000,0.0000,0.0000
22137,BATHROOM SET LOVE HEART DESIGN,UNMAPPED,moving_average_7,14,0.0000,0.0000,0.0000,0.0000,0.0000,0.0000
22143,CHRISTMAS CRAFT HEART DECORATIONS,UNMAPPED,moving_average_7,14,0.0000,0.0000,0.0000,0.0000,0.0000,0.0000
22145,UNKNOWN,UNMAPPED,moving_average_7,14,0.0000,0.0000,0.0000,0.0000,0.0000,0.0000
22146,EASTER CRAFT IVY WREATH WITH CHICK,UNMAPPED,moving_average_7,14,0.0000,0.0000,0.0000,0.0000,0.0000,0.0000
22157,ANGEL DECORATION WITH LACE PADDED,UNMAPPED,moving_average_7,14,0.0000,0.0000,0.0000,0.0000,0.0000,0.0000
22168,ORGANISER WOOD ANTIQUE WHITE,UNMAPPED,moving_average_7,14,0.0000,0.0000,0.0000,0.0000,0.0000,0.0000
22172,METAL SHELF WITH RAIL,UNMAPPED,moving_average_7,14,0.0000,0.0000,0.0000,0.0000,0.0000,0.0000
22177,5 HOOK BLACKBOARD ORGANISER,UNMAPPED,moving_average_7,14,0.0000,0.0000,0.0000,0.0000,0.0000,0.0000
22180,RETROSPOT LAMP,UNMAPPED,naive_lag_1,14,0.0000,0.0000,0.0000,0.0000,0.0000,0.0000
22183,CAKE STAND VICTORIAN FILIGREE MED,UNMAPPED,naive_lag_1,14,0.0000,0.0000,0.0000,0.0000,0.0000,0.0000
22184,CAKE STAND VICTORIAN FILIGREE LARGE,UNMAPPED,moving_average_7,14,0.0000,0.0000,0.0000,0.0000,0.0000,0.0000
22194,UNKNOWN,UNMAPPED,moving_average_7,14,0.0000,0.0000,0.0000,0.0000,0.0000,0.0000
22198,LARGE POPCORN HOLDER,UNMAPPED,moving_average_7,14,0.0000,0.0000,0.0000,0.0000,0.0000,0.0000
22202,UNKNOWN,UNMAPPED,moving_average_7,14,0.0000,0.0000,0.0000,0.0000,0.0000,0.0000
22218,CAKE STAND LACE WHITE,UNMAPPED,moving_average_7,14,0.0000,0.0000,0.0000,0.0000,0.0000,0.0000
22242,5 HOOK HANGER MAGIC TOADSTOOL,UNMAPPED,moving_average_7,14,0.0000,0.0000,0.0000,0.0000,0.0000,0.0000
22244,3 HOOK HANGER MAGIC GARDEN,UNMAPPED,moving_average_7,14,0.0000,0.0000,0.0000,0.0000,0.0000,0.0000
22245,"HOOK, 1 HANGER ,MAGIC GARDEN",UNMAPPED,moving_average_7,14,0.0000,0.0000,0.0000,0.0000,0.0000,0.0000
22253,6 CROCHET STRAWBERRIES,UNMAPPED,moving_average_7,14,0.0000,0.0000,0.0000,0.0000,0.0000,0.0000
22256,FELT FARM ANIMAL CHICKEN,UNMAPPED,moving_average_7,14,0.0000,0.0000,0.0000,0.0000,0.0000,0.0000
22257,FELT FARM ANIMAL SHEEP,UNMAPPED,moving_average_7,14,0.0000,0.0000,0.0000,0.0000,0.0000,0.0000
22259,FELT FARM ANIMAL HEN,UNMAPPED,moving_average_7,14,0.0000,0.0000,0.0000,0.0000,0.0000,0.0000
22268,DECORATION SITTING BUNNY,UNMAPPED,naive_lag_1,14,0.0000,0.0000,0.0000,0.0000,0.0000,0.0000
22272,FELTCRAFT DOLL MARIA,UNMAPPED,moving_average_7,14,0.0000,0.0000,0.0000,0.0000,0.0000,0.0000
22275,WEEKEND BAG VINTAGE ROSE PAISLEY,UNMAPPED,moving_average_7,14,0.0000,0.0000,0.0000,0.0000,0.0000,0.0000
22290,UNKNOWN,UNMAPPED,moving_average_7,14,0.0000,0.0000,0.0000,0.0000,0.0000,0.0000
22322,BIRD DECORATION GREEN POLKADOT,UNMAPPED,naive_lag_1,14,0.0000,0.0000,0.0000,0.0000,0.0000,0.0000
22323,UNKNOWN,UNMAPPED,moving_average_7,14,0.0000,0.0000,0.0000,0.0000,0.0000,0.0000
22336,DOVE DECORATION PAINTED ZINC,UNMAPPED,moving_average_7,14,0.0000,0.0000,0.0000,0.0000,0.0000,0.0000
22347,UNKNOWN,UNMAPPED,moving_average_7,14,0.0000,0.0000,0.0000,0.0000,0.0000,0.0000
22353,LUNCH BOX WITH CUTLERY FAIRY CAKES,UNMAPPED,moving_average_7,14,0.0000,0.0000,0.0000,0.0000,0.0000,0.0000
22412,METAL SIGN NEIGHBOURHOOD WITCH,UNMAPPED,naive_lag_1,14,0.0000,0.0000,0.0000,0.0000,0.0000,0.0000
22415,WHITE TISSUE REAM,UNMAPPED,moving_average_7,14,0.0000,0.0000,0.0000,0.0000,0.0000,0.0000
22443,GROW YOUR OWN HERBS SET OF 3,UNMAPPED,moving_average_7,14,0.0000,0.0000,0.0000,0.0000,0.0000,0.0000
22444,UNKNOWN,UNMAPPED,moving_average_7,14,0.0000,0.0000,0.0000,0.0000,0.0000,0.0000
22451,SILK PURSE BABUSHKA RED,UNMAPPED,moving_average_7,14,0.0000,0.0000,0.0000,0.0000,0.0000,0.0000
22458,CAST IRON HOOK GARDEN FORK,UNMAPPED,moving_average_7,14,0.0000,0.0000,0.0000,0.0000,0.0000,0.0000
22459,UNKNOWN,UNMAPPED,moving_average_7,14,0.0000,0.0000,0.0000,0.0000,0.0000,0.0000
22461,SAVOY ART DECO CLOCK,UNMAPPED,moving_average_7,14,0.0000,0.0000,0.0000,0.0000,0.0000,0.0000
22480,RED TEA TOWEL CLASSIC DESIGN,UNMAPPED,moving_average_7,14,0.0000,0.0000,0.0000,0.0000,0.0000,0.0000
22482,BLUE TEA TOWEL CLASSIC DESIGN,UNMAPPED,moving_average_7,14,0.0000,0.0000,0.0000,0.0000,0.0000,0.0000
22501,PICNIC BASKET WICKER LARGE,UNMAPPED,naive_lag_1,14,0.0000,0.0000,0.0000,0.0000,0.0000,0.0000
22502,PICNIC BASKET WICKER SMALL,UNMAPPED,moving_average_7,14,0.0000,0.0000,0.0000,0.0000,0.0000,0.0000
22518,CHILDS GARDEN BRUSH BLUE,UNMAPPED,moving_average_7,14,0.0000,0.0000,0.0000,0.0000,0.0000,0.0000
22519,CHILDS GARDEN BRUSH PINK,UNMAPPED,moving_average_7,14,0.0000,0.0000,0.0000,0.0000,0.0000,0.0000
22520,CHILDS GARDEN TROWEL BLUE,UNMAPPED,moving_average_7,14,0.0000,0.0000,0.0000,0.0000,0.0000,0.0000
22521,CHILDS GARDEN TROWEL PINK,UNMAPPED,moving_average_7,14,0.0000,0.0000,0.0000,0.0000,0.0000,0.0000
22524,CHILDRENS GARDEN GLOVES BLUE,UNMAPPED,moving_average_7,14,0.0000,0.0000,0.0000,0.0000,0.0000,0.0000
22525,CHILDRENS GARDEN GLOVES PINK,UNMAPPED,moving_average_7,14,0.0000,0.0000,0.0000,0.0000,0.0000,0.0000
22528,GARDENERS KNEELING PAD,UNMAPPED,moving_average_7,14,0.0000,0.0000,0.0000,0.0000,0.0000,0.0000
22569,FELTCRAFT CUSHION BUTTERFLY,UNMAPPED,moving_average_7,14,0.0000,0.0000,0.0000,0.0000,0.0000,0.0000
22612,TEA COSY VINTAGE UNION JACK,UNMAPPED,moving_average_7,14,0.0000,0.0000,0.0000,0.0000,0.0000,0.0000
22618,COOKING SET RETROSPOT,UNMAPPED,moving_average_7,14,0.0000,0.0000,0.0000,0.0000,0.0000,0.0000
22652,TRAVEL SEWING KIT,UNMAPPED,naive_lag_1,14,0.0000,0.0000,0.0000,0.0000,0.0000,0.0000
22655,VINTAGE RED KITCHEN CABINET,UNMAPPED,moving_average_7,14,0.0000,0.0000,0.0000,0.0000,0.0000,0.0000
22656,VINTAGE BLUE KITCHEN CABINET,UNMAPPED,moving_average_7,14,0.0000,0.0000,0.0000,0.0000,0.0000,0.0000
22700,BLACK AND WHITE DOG BOWL,UNMAPPED,moving_average_7,14,0.0000,0.0000,0.0000,0.0000,0.0000,0.0000
22719,UNKNOWN,UNMAPPED,moving_average_7,14,0.0000,0.0000,0.0000,0.0000,0.0000,0.0000
22740,adjustment,UNMAPPED,moving_average_7,14,0.0000,0.0000,0.0000,0.0000,0.0000,0.0000
22760,"TRAY, BREAKFAST IN BED",UNMAPPED,moving_average_7,14,0.0000,0.0000,0.0000,0.0000,0.0000,0.0000
22765,NEWSPAPER STAND,UNMAPPED,moving_average_7,14,0.0000,0.0000,0.0000,0.0000,0.0000,0.0000
22769,CHALKBOARD KITCHEN ORGANISER,UNMAPPED,moving_average_7,14,0.0000,0.0000,0.0000,0.0000,0.0000,0.0000
22777,GLASS CLOCHE LARGE,UNMAPPED,moving_average_7,14,0.0000,0.0000,0.0000,0.0000,0.0000,0.0000
22783,UNKNOWN,UNMAPPED,moving_average_7,14,0.0000,0.0000,0.0000,0.0000,0.0000,0.0000
22788,BROCANTE COAT RACK,UNMAPPED,moving_average_7,14,0.0000,0.0000,0.0000,0.0000,0.0000,0.0000
22829,SWEETHEART WIRE WALL TIDY,UNMAPPED,naive_lag_1,14,0.0000,0.0000,0.0000,0.0000,0.0000,0.0000
22837,UNKNOWN,UNMAPPED,moving_average_7,14,0.0000,0.0000,0.0000,0.0000,0.0000,0.0000
22849,BREAD BIN DINER STYLE MINT,UNMAPPED,moving_average_7,14,0.0000,0.0000,0.0000,0.0000,0.0000,0.0000
22854,CREAM SWEETHEART EGG HOLDER,UNMAPPED,moving_average_7,14,0.0000,0.0000,0.0000,0.0000,0.0000,0.0000
22855,FINE WICKER HEART,UNMAPPED,moving_average_7,14,0.0000,0.0000,0.0000,0.0000,0.0000,0.0000
22857,ASSORTED EASTER GIFT TAGS,UNMAPPED,moving_average_7,14,0.0000,0.0000,0.0000,0.0000,0.0000,0.0000
22858,EASTER TIN KEEPSAKE,UNMAPPED,moving_average_7,14,0.0000,0.0000,0.0000,0.0000,0.0000,0.0000
22861,EASTER TIN CHICKS IN GARDEN,UNMAPPED,moving_average_7,14,0.0000,0.0000,0.0000,0.0000,0.0000,0.0000
22862,LOVE HEART NAPKIN BOX,UNMAPPED,moving_average_7,14,0.0000,0.0000,0.0000,0.0000,0.0000,0.0000
22892,SET OF SALT AND PEPPER TOADSTOOLS,UNMAPPED,naive_lag_1,14,0.0000,0.0000,0.0000,0.0000,0.0000,0.0000
22926,IVORY GIANT GARDEN THERMOMETER,UNMAPPED,moving_average_7,14,0.0000,0.0000,0.0000,0.0000,0.0000,0.0000
22934,BAKING MOULD EASTER EGG WHITE CHOC,UNMAPPED,naive_lag_1,14,0.0000,0.0000,0.0000,0.0000,0.0000,0.0000
22950,36 DOILIES VINTAGE CHRISTMAS,UNMAPPED,naive_lag_1,14,0.0000,0.0000,0.0000,0.0000,0.0000,0.0000
22957,SET 3 PAPER VINTAGE CHICK PAPER EGG,UNMAPPED,moving_average_7,14,0.0000,0.0000,0.0000,0.0000,0.0000,0.0000
23003,TRAVEL CARD WALLET VINTAGE ROSE,UNMAPPED,moving_average_7,14,0.0000,0.0000,0.0000,0.0000,0.0000,0.0000
23028,DRAWER KNOB CRACKLE GLAZE BLUE,UNMAPPED,moving_average_7,14,0.0000,0.0000,0.0000,0.0000,0.0000,0.0000
23065,LARGE DECO JEWELLERY STAND,UNMAPPED,moving_average_7,14,0.0000,0.0000,0.0000,0.0000,0.0000,0.0000
23066,SMALL DECO JEWELLERY STAND,UNMAPPED,moving_average_7,14,0.0000,0.0000,0.0000,0.0000,0.0000,0.0000
23091,ZINC HERB GARDEN CONTAINER,UNMAPPED,naive_lag_1,14,0.0000,0.0000,0.0000,0.0000,0.0000,0.0000
23124,18PC WOODEN CUTLERY SET DISPOSABLE,UNMAPPED,moving_average_7,14,0.0000,0.0000,0.0000,0.0000,0.0000,0.0000
23134,UNKNOWN,UNMAPPED,moving_average_7,14,0.0000,0.0000,0.0000,0.0000,0.0000,0.0000
23140,TRIPLE WIRE HOOK IVORY HEART,UNMAPPED,naive_lag_1,14,0.0000,0.0000,0.0000,0.0000,0.0000,0.0000
23187,FRENCH STYLE STORAGE JAR BONBONS,UNMAPPED,moving_average_7,14,0.0000,0.0000,0.0000,0.0000,0.0000,0.0000
35001W,HAND OPEN SHAPE DECO.WHITE,UNMAPPED,moving_average_7,14,0.0000,0.0000,0.0000,0.0000,0.0000,0.0000
35004C,SET OF 3 COLOURED FLYING DUCKS,UNMAPPED,moving_average_7,14,0.0000,0.0000,0.0000,0.0000,0.0000,0.0000
35004P,UNKNOWN,UNMAPPED,moving_average_7,14,0.0000,0.0000,0.0000,0.0000,0.0000,0.0000
35015,JACOBS LADDER SMALL,UNMAPPED,moving_average_7,14,0.0000,0.0000,0.0000,0.0000,0.0000,0.0000
35096A,UNKNOWN,UNMAPPED,moving_average_7,14,0.0000,0.0000,0.0000,0.0000,0.0000,0.0000
35160,UNKNOWN,UNMAPPED,moving_average_7,14,0.0000,0.0000,0.0000,0.0000,0.0000,0.0000
35240,UNKNOWN,UNMAPPED,moving_average_7,14,0.0000,0.0000,0.0000,0.0000,0.0000,0.0000
35241,ENAMEL BLUE RIM BISCUIT BIN,UNMAPPED,moving_average_7,14,0.0000,0.0000,0.0000,0.0000,0.0000,0.0000
35471A,SET OF 3 BIRD L.BLUE FEATHER,UNMAPPED,moving_average_7,14,0.0000,0.0000,0.0000,0.0000,0.0000,0.0000
35594,WOODEN CHRISTMAS TREE 3 HANGING,UNMAPPED,moving_average_7,14,0.0000,0.0000,0.0000,0.0000,0.0000,0.0000
35607A,UNKNOWN,UNMAPPED,moving_average_7,14,0.0000,0.0000,0.0000,0.0000,0.0000,0.0000
35645,VINTAGE BEAD PINK JEWEL BOX,UNMAPPED,moving_average_7,14,0.0000,0.0000,0.0000,0.0000,0.0000,0.0000
35647,VINTAGE BEAD PINK SHADE,UNMAPPED,moving_average_7,14,0.0000,0.0000,0.0000,0.0000,0.0000,0.0000
35651,VINTAGE BEAD PINK SCARF,UNMAPPED,naive_lag_1,14,0.0000,0.0000,0.0000,0.0000,0.0000,0.0000
35653,VINTAGE BEAD NOTEBOOK,UNMAPPED,moving_average_7,14,0.0000,0.0000,0.0000,0.0000,0.0000,0.0000
35809A,ENAMEL PINK TEA CONTAINER,UNMAPPED,moving_average_7,14,0.0000,0.0000,0.0000,0.0000,0.0000,0.0000
35810A,ENAMEL PINK COFFEE CONTAINER,UNMAPPED,moving_average_7,14,0.0000,0.0000,0.0000,0.0000,0.0000,0.0000
35811A,UNKNOWN,UNMAPPED,moving_average_7,14,0.0000,0.0000,0.0000,0.0000,0.0000,0.0000
35832,UNKNOWN,UNMAPPED,moving_average_7,14,0.0000,0.0000,0.0000,0.0000,0.0000,0.0000
35911A,MULTICOLOUR RABBIT EGG WARMER,UNMAPPED,moving_average_7,14,0.0000,0.0000,0.0000,0.0000,0.0000,0.0000
35914,UNKNOWN,UNMAPPED,moving_average_7,14,0.0000,0.0000,0.0000,0.0000,0.0000,0.0000
35915B,BLUE KNITTED HEN,UNMAPPED,moving_average_7,14,0.0000,0.0000,0.0000,0.0000,0.0000,0.0000
35915C,UNKNOWN,UNMAPPED,moving_average_7,14,0.0000,0.0000,0.0000,0.0000,0.0000,0.0000
35916A,YELLOW FELT HANGING HEART W FLOWER,UNMAPPED,moving_average_7,14,0.0000,0.0000,0.0000,0.0000,0.0000,0.0000
35916B,BLUE FELT HANGING HEART WITH FLOWER,UNMAPPED,moving_average_7,14,0.0000,0.0000,0.0000,0.0000,0.0000,0.0000
35916C,PINK FELT HANGING HEART W FLOWER,UNMAPPED,moving_average_7,14,0.0000,0.0000,0.0000,0.0000,0.0000,0.0000
35921,EASTER BUNNY HANGING GARLAND,UNMAPPED,moving_average_7,14,0.0000,0.0000,0.0000,0.0000,0.0000,0.0000
35922,EASTER BUNNY WREATH,UNMAPPED,moving_average_7,14,0.0000,0.0000,0.0000,0.0000,0.0000,0.0000
35951,UNKNOWN,UNMAPPED,moving_average_7,14,0.0000,0.0000,0.0000,0.0000,0.0000,0.0000
35954,check,UNMAPPED,naive_lag_1,14,0.0000,0.0000,0.0000,0.0000,0.0000,0.0000
35957,SMALLFOLKART BAUBLE CHRISTMAS DEC,UNMAPPED,moving_average_7,14,0.0000,0.0000,0.0000,0.0000,0.0000,0.0000
35958,UNKNOWN,UNMAPPED,moving_average_7,14,0.0000,0.0000,0.0000,0.0000,0.0000,0.0000
35962,UNKNOWN,UNMAPPED,moving_average_7,14,0.0000,0.0000,0.0000,0.0000,0.0000,0.0000
35968,check,UNMAPPED,moving_average_7,14,0.0000,0.0000,0.0000,0.0000,0.0000,0.0000
35969,FOLKART CROWN TABLE DECORATIONS,UNMAPPED,moving_average_7,14,0.0000,0.0000,0.0000,0.0000,0.0000,0.0000
35972,DAISY FOLKART HEART DECORATION,UNMAPPED,naive_lag_1,14,0.0000,0.0000,0.0000,0.0000,0.0000,0.0000
35981C,WHITE SNOW SCANDINAVIAN STOCKING,UNMAPPED,moving_average_7,14,0.0000,0.0000,0.0000,0.0000,0.0000,0.0000
35991,SET/6 BLACK SNOWFLAKE T-LIGHTS,UNMAPPED,moving_average_7,14,0.0000,0.0000,0.0000,0.0000,0.0000,0.0000
37333,"RETRO ""TEA FOR ONE""",UNMAPPED,moving_average_7,14,0.0000,0.0000,0.0000,0.0000,0.0000,0.0000
37342,UNKNOWN,UNMAPPED,moving_average_7,14,0.0000,0.0000,0.0000,0.0000,0.0000,0.0000
37343,POLKADOT MUG PINK,UNMAPPED,moving_average_7,14,0.0000,0.0000,0.0000,0.0000,0.0000,0.0000
37422,WHITE WITH BLACK CATS BOWL,UNMAPPED,moving_average_7,14,0.0000,0.0000,0.0000,0.0000,0.0000,0.0000
37423,WHITE WITH BLACK CATS PLATE,UNMAPPED,moving_average_7,14,0.0000,0.0000,0.0000,0.0000,0.0000,0.0000
37424,WHITE WITH BLACK CATS MUG,UNMAPPED,moving_average_7,14,0.0000,0.0000,0.0000,0.0000,0.0000,0.0000
37441,UNKNOWN,UNMAPPED,moving_average_7,14,0.0000,0.0000,0.0000,0.0000,0.0000,0.0000
37444A,UNKNOWN,UNMAPPED,moving_average_7,14,0.0000,0.0000,0.0000,0.0000,0.0000,0.0000
37444C,UNKNOWN,UNMAPPED,moving_average_7,14,0.0000,0.0000,0.0000,0.0000,0.0000,0.0000
37461,UNKNOWN,UNMAPPED,moving_average_7,14,0.0000,0.0000,0.0000,0.0000,0.0000,0.0000
37462B,"PET MUG, BUDGIE",UNMAPPED,moving_average_7,14,0.0000,0.0000,0.0000,0.0000,0.0000,0.0000
37464,ROBOT MUG IN DISPLAY BOX,UNMAPPED,moving_average_7,14,0.0000,0.0000,0.0000,0.0000,0.0000,0.0000
37467,UNKNOWN,UNMAPPED,moving_average_7,14,0.0000,0.0000,0.0000,0.0000,0.0000,0.0000
37474,UNKNOWN,UNMAPPED,moving_average_7,14,0.0000,0.0000,0.0000,0.0000,0.0000,0.0000
37476,CONDIMENT TRAY 4 BOWLS AND 4 SPOONS,UNMAPPED,moving_average_7,14,0.0000,0.0000,0.0000,0.0000,0.0000,0.0000
37479B,UNKNOWN,UNMAPPED,moving_average_7,14,0.0000,0.0000,0.0000,0.0000,0.0000,0.0000
37479P,CUBIC MUG FLOCK PINK ON BROWN,UNMAPPED,naive_lag_1,14,0.0000,0.0000,0.0000,0.0000,0.0000,0.0000
37482P,CUBIC MUG PINK POLKADOT,UNMAPPED,moving_average_7,14,0.0000,0.0000,0.0000,0.0000,0.0000,0.0000
37492B,BLUE YELLOW FLOWER PIGGY BANK,UNMAPPED,moving_average_7,14,0.0000,0.0000,0.0000,0.0000,0.0000,0.0000
37494A,FAIRY CAKE CERAMIC BUTTER DISH,UNMAPPED,moving_average_7,14,0.0000,0.0000,0.0000,0.0000,0.0000,0.0000
37501,UNKNOWN,UNMAPPED,moving_average_7,14,0.0000,0.0000,0.0000,0.0000,0.0000,0.0000
37502,TEA TIME MUG IN GIFT BOX,UNMAPPED,moving_average_7,14,0.0000,0.0000,0.0000,0.0000,0.0000,0.0000
37503,TEA TIME CAKE STAND IN GIFT BOX,UNMAPPED,moving_average_7,14,0.0000,0.0000,0.0000,0.0000,0.0000,0.0000
37508,NEW ENGLAND CERAMIC CAKE SERVER,UNMAPPED,moving_average_7,14,0.0000,0.0000,0.0000,0.0000,0.0000,0.0000
40003,WHITE BAMBOO RIBS LAMPSHADE,UNMAPPED,moving_average_7,14,0.0000,0.0000,0.0000,0.0000,0.0000,0.0000
40016,CHINESE DRAGON PAPER LANTERNS,UNMAPPED,moving_average_7,14,0.0000,0.0000,0.0000,0.0000,0.0000,0.0000
40018E,UNKNOWN,UNMAPPED,moving_average_7,14,0.0000,0.0000,0.0000,0.0000,0.0000,0.0000
40018F,CHERRY DESIGN PAPERLANTERNS,UNMAPPED,moving_average_7,14,0.0000,0.0000,0.0000,0.0000,0.0000,0.0000
40046A,RED DAISY PAPER LAMPSHADE,UNMAPPED,moving_average_7,14,0.0000,0.0000,0.0000,0.0000,0.0000,0.0000
44230,SQUARE MIRROR CURTAIN,UNMAPPED,moving_average_7,14,0.0000,0.0000,0.0000,0.0000,0.0000,0.0000
45008C,DECORATIVE NET CANOPY CREAM,UNMAPPED,moving_average_7,14,0.0000,0.0000,0.0000,0.0000,0.0000,0.0000
46000P,POLYESTER FILLER PAD 65CMx65CM,UNMAPPED,moving_average_7,14,0.0000,0.0000,0.0000,0.0000,0.0000,0.0000
46126A,ELVIS WALLHANGING / CURTAIN,UNMAPPED,moving_average_7,14,0.0000,0.0000,0.0000,0.0000,0.0000,0.0000
46775E,CANDY POP CHUNKY KNITTED THROW,UNMAPPED,moving_average_7,14,0.0000,0.0000,0.0000,0.0000,0.0000,0.0000
47021G,SET/6 BEAD COASTERS GAUZE BAG GOLD,UNMAPPED,moving_average_7,14,0.0000,0.0000,0.0000,0.0000,0.0000,0.0000
47367B,PAIR PADDED HANGERS PINK CHECK,UNMAPPED,moving_average_7,14,0.0000,0.0000,0.0000,0.0000,0.0000,0.0000
47502,POLKADOT CUTLERY 24 PCS IN TRAY,UNMAPPED,moving_average_7,14,0.0000,0.0000,0.0000,0.0000,0.0000,0.0000
47503J,SET/3 FLORAL GARDEN TOOLS IN BAG,UNMAPPED,moving_average_7,14,0.0000,0.0000,0.0000,0.0000,0.0000,0.0000
47503K,ASSORTED FLORAL SECATEURS,UNMAPPED,moving_average_7,14,0.0000,0.0000,0.0000,0.0000,0.0000,0.0000
47504E,ENGLISH ROSE SCISSORS,UNMAPPED,moving_average_7,14,0.0000,0.0000,0.0000,0.0000,0.0000,0.0000
47504G,ENGLISH ROSE TAPE MEASURE,UNMAPPED,moving_average_7,14,0.0000,0.0000,0.0000,0.0000,0.0000,0.0000
47504K,ENGLISH ROSE GARDEN SECATEURS,UNMAPPED,naive_lag_1,14,0.0000,0.0000,0.0000,0.0000,0.0000,0.0000
47505,UNKNOWN,UNMAPPED,moving_average_7,14,0.0000,0.0000,0.0000,0.0000,0.0000,0.0000
47556B,TEA TIME TEA TOWELS,UNMAPPED,moving_average_7,14,0.0000,0.0000,0.0000,0.0000,0.0000,0.0000
47562,ENGLISH ROSE IRONING BOARD COVER,UNMAPPED,moving_average_7,14,0.0000,0.0000,0.0000,0.0000,0.0000,0.0000
47568,ENGLISH ROSE DESIGN PEG BAG,UNMAPPED,moving_average_7,14,0.0000,0.0000,0.0000,0.0000,0.0000,0.0000
47570,ENGLISH ROSE TABLE CLOTH,UNMAPPED,moving_average_7,14,0.0000,0.0000,0.0000,0.0000,0.0000,0.0000
47570B,UNKNOWN,UNMAPPED,moving_average_7,14,0.0000,0.0000,0.0000,0.0000,0.0000,0.0000
47574A,ENGLISH ROSE SCENTED HANGING FLOWER,UNMAPPED,moving_average_7,14,0.0000,0.0000,0.0000,0.0000,0.0000,0.0000
47579,TEA TIME BREAKFAST BASKET,UNMAPPED,moving_average_7,14,0.0000,0.0000,0.0000,0.0000,0.0000,0.0000
47581B,FAIRY CAKE WICKER PICNIC BASKET,UNMAPPED,moving_average_7,14,0.0000,0.0000,0.0000,0.0000,0.0000,0.0000
47589,CONGRATULATIONS BUNTING,UNMAPPED,moving_average_7,14,0.0000,0.0000,0.0000,0.0000,0.0000,0.0000
47591A,CAROUSEL CHILDRENS APRON,UNMAPPED,moving_average_7,14,0.0000,0.0000,0.0000,0.0000,0.0000,0.0000
47591C,UNKNOWN,UNMAPPED,moving_average_7,14,0.0000,0.0000,0.0000,0.0000,0.0000,0.0000
47592A,CAROUSEL CHILDRENS OVERALL,UNMAPPED,moving_average_7,14,0.0000,0.0000,0.0000,0.0000,0.0000,0.0000
47593A,UNKNOWN,UNMAPPED,moving_average_7,14,0.0000,0.0000,0.0000,0.0000,0.0000,0.0000
47594B,SCOTTIES DESIGN WASHBAG,UNMAPPED,naive_lag_1,14,0.0000,0.0000,0.0000,0.0000,0.0000,0.0000
47597,NEW ENGLAND TEATOWELS,UNMAPPED,moving_average_7,14,0.0000,0.0000,0.0000,0.0000,0.0000,0.0000
48189,adjustment,UNMAPPED,moving_average_7,14,0.0000,0.0000,0.0000,0.0000,0.0000,0.0000
48195,UNKNOWN,UNMAPPED,moving_average_7,14,0.0000,0.0000,0.0000,0.0000,0.0000,0.0000
48197,DOORMAT BIRD ON THE WIRE,UNMAPPED,moving_average_7,14,0.0000,0.0000,0.0000,0.0000,0.0000,0.0000
51020A,adjustment,UNMAPPED,moving_average_7,14,0.0000,0.0000,0.0000,0.0000,0.0000,0.0000
51020B,STRIPY DESIGN SHOWER CAP,UNMAPPED,moving_average_7,14,0.0000,0.0000,0.0000,0.0000,0.0000,0.0000
62094B,TURQ ICE CREAM BUM BAG,UNMAPPED,moving_average_7,14,0.0000,0.0000,0.0000,0.0000,0.0000,0.0000
62096A,PINK/YELLOW FLOWERS HANDBAG,UNMAPPED,moving_average_7,14,0.0000,0.0000,0.0000,0.0000,0.0000,0.0000
62096B,PURPLE/TURQ FLOWERS HANDBAG,UNMAPPED,moving_average_7,14,0.0000,0.0000,0.0000,0.0000,0.0000,0.0000
71143,ANTIQUE SILVER BOOK MARK WITH BEADS,UNMAPPED,moving_average_7,14,0.0000,0.0000,0.0000,0.0000,0.0000,0.0000
71279,PINK GLASS CANDLEHOLDER,UNMAPPED,naive_lag_1,14,0.0000,0.0000,0.0000,0.0000,0.0000,0.0000
72008,UNKNOWN,UNMAPPED,moving_average_7,14,0.0000,0.0000,0.0000,0.0000,0.0000,0.0000
72023F,RED ORGANIC CANDLE IN GLASS,UNMAPPED,moving_average_7,14,0.0000,0.0000,0.0000,0.0000,0.0000,0.0000
72051S,BAG OF SILVER STONES,UNMAPPED,moving_average_7,14,0.0000,0.0000,0.0000,0.0000,0.0000,0.0000
72484,UNKNOWN,UNMAPPED,moving_average_7,14,0.0000,0.0000,0.0000,0.0000,0.0000,0.0000
72728,ROSE SCENT CANDLES IN GLASS,UNMAPPED,moving_average_7,14,0.0000,0.0000,0.0000,0.0000,0.0000,0.0000
72750B,FLOWER FAIRY SET 3 CANDLES LAVENDER,UNMAPPED,moving_average_7,14,0.0000,0.0000,0.0000,0.0000,0.0000,0.0000
72789,BASKET/8 SCENTED LOVE TOKEN CANDLES,UNMAPPED,moving_average_7,14,0.0000,0.0000,0.0000,0.0000,0.0000,0.0000
72800A,UNKNOWN,UNMAPPED,moving_average_7,14,0.0000,0.0000,0.0000,0.0000,0.0000,0.0000
72800F,4 IVORY DINNER CANDLES GOLD FLOCK,UNMAPPED,moving_average_7,14,0.0000,0.0000,0.0000,0.0000,0.0000,0.0000
72802B,OCEAN SCENT CANDLE IN JEWELLED BOX,UNMAPPED,moving_average_7,14,0.0000,0.0000,0.0000,0.0000,0.0000,0.0000
72803A,ROSE SCENT CANDLE JEWELLED DRAWER,UNMAPPED,naive_lag_1,14,0.0000,0.0000,0.0000,0.0000,0.0000,0.0000
72803B,UNKNOWN,UNMAPPED,moving_average_7,14,0.0000,0.0000,0.0000,0.0000,0.0000,0.0000
72814,UNKNOWN,UNMAPPED,moving_average_7,14,0.0000,0.0000,0.0000,0.0000,0.0000,0.0000
72815,3 WICK CHRISTMAS BRIAR CANDLE,UNMAPPED,moving_average_7,14,0.0000,0.0000,0.0000,0.0000,0.0000,0.0000
72816,SET/3 CHRISTMAS DECOUPAGE CANDLES,UNMAPPED,moving_average_7,14,0.0000,0.0000,0.0000,0.0000,0.0000,0.0000
72818,CHRISTMAS DECOUPAGE CANDLE,UNMAPPED,moving_average_7,14,0.0000,0.0000,0.0000,0.0000,0.0000,0.0000
75013B,UNKNOWN,UNMAPPED,moving_average_7,14,0.0000,0.0000,0.0000,0.0000,0.0000,0.0000
75131,METAL TUBE CHIME ON BAMBOO,UNMAPPED,moving_average_7,14,0.0000,0.0000,0.0000,0.0000,0.0000,0.0000
77101A,UNKNOWN,UNMAPPED,moving_average_7,14,0.0000,0.0000,0.0000,0.0000,0.0000,0.0000
79000,MOROCCAN TEA GLASS,UNMAPPED,moving_average_7,14,0.0000,0.0000,0.0000,0.0000,0.0000,0.0000
79026B,"S/4 ICON COASTER,ELVIS LIVES",UNMAPPED,moving_average_7,14,0.0000,0.0000,0.0000,0.0000,0.0000,0.0000
79029,UNKNOWN,UNMAPPED,moving_average_7,14,0.0000,0.0000,0.0000,0.0000,0.0000,0.0000
79030D,TUMBLER BAROQUE,UNMAPPED,naive_lag_1,14,0.0000,0.0000,0.0000,0.0000,0.0000,0.0000
79030G,TUMBLER NEW ENGLAND,UNMAPPED,moving_average_7,14,0.0000,0.0000,0.0000,0.0000,0.0000,0.0000
79067,CORONA MEXICAN TRAY,UNMAPPED,moving_average_7,14,0.0000,0.0000,0.0000,0.0000,0.0000,0.0000
79071B,ENGLISH ROSE METAL WASTE BIN,UNMAPPED,moving_average_7,14,0.0000,0.0000,0.0000,0.0000,0.0000,0.0000
79072,TEATIME CAKE TIN WITH HANDLE,UNMAPPED,moving_average_7,14,0.0000,0.0000,0.0000,0.0000,0.0000,0.0000
79163,BLACK CHAMPAGNE GLASS,UNMAPPED,moving_average_7,14,0.0000,0.0000,0.0000,0.0000,0.0000,0.0000
79164,BLACK WINE GLASS,UNMAPPED,naive_lag_1,14,0.0000,0.0000,0.0000,0.0000,0.0000,0.0000
79192A,RETRO PLASTIC 70'S TRAY,UNMAPPED,moving_average_7,14,0.0000,0.0000,0.0000,0.0000,0.0000,0.0000
79320,FLAMINGO LIGHTS,UNMAPPED,moving_average_7,14,0.0000,0.0000,0.0000,0.0000,0.0000,0.0000
79323B,BLACK CHERRY LIGHTS,UNMAPPED,moving_average_7,14,0.0000,0.0000,0.0000,0.0000,0.0000,0.0000
79323G,GOLD CHERRY LIGHTS,UNMAPPED,moving_average_7,14,0.0000,0.0000,0.0000,0.0000,0.0000,0.0000
79323GR,GREEN CHERRY LIGHTS,UNMAPPED,moving_average_7,14,0.0000,0.0000,0.0000,0.0000,0.0000,0.0000
79323LP,LIGHT PINK CHERRY LIGHTS,UNMAPPED,moving_average_7,14,0.0000,0.0000,0.0000,0.0000,0.0000,0.0000
79323P,PINK CHERRY LIGHTS,UNMAPPED,moving_average_7,14,0.0000,0.0000,0.0000,0.0000,0.0000,0.0000
79323S,SILVER CHERRY LIGHTS,UNMAPPED,moving_average_7,14,0.0000,0.0000,0.0000,0.0000,0.0000,0.0000
79323W,WHITE CHERRY LIGHTS,UNMAPPED,moving_average_7,14,0.0000,0.0000,0.0000,0.0000,0.0000,0.0000
79341,WILLOW BRANCH LIGHTS.,UNMAPPED,moving_average_7,14,0.0000,0.0000,0.0000,0.0000,0.0000,0.0000
79342B,BROWN FLOWER LIGHTS,UNMAPPED,moving_average_7,14,0.0000,0.0000,0.0000,0.0000,0.0000,0.0000
81950B,FLOWER BLUE CLOCK WITH SUCKER,UNMAPPED,moving_average_7,14,0.0000,0.0000,0.0000,0.0000,0.0000,0.0000
82095,HEART BUTTONS JEWELLERY BOX,UNMAPPED,moving_average_7,14,0.0000,0.0000,0.0000,0.0000,0.0000,0.0000
82585,UNKNOWN,UNMAPPED,moving_average_7,14,0.0000,0.0000,0.0000,0.0000,0.0000,0.0000
82587,TEXRIO TOMATOES CANDLE+CUP,UNMAPPED,moving_average_7,14,0.0000,0.0000,0.0000,0.0000,0.0000,0.0000
82597,UNKNOWN,UNMAPPED,moving_average_7,14,0.0000,0.0000,0.0000,0.0000,0.0000,0.0000
82599,UNKNOWN,UNMAPPED,moving_average_7,14,0.0000,0.0000,0.0000,0.0000,0.0000,0.0000
82605,UNKNOWN,UNMAPPED,moving_average_7,14,0.0000,0.0000,0.0000,0.0000,0.0000,0.0000
82607A,UNKNOWN,UNMAPPED,moving_average_7,14,0.0000,0.0000,0.0000,0.0000,0.0000,0.0000
82613A,Amazon,UNMAPPED,moving_average_7,14,0.0000,0.0000,0.0000,0.0000,0.0000,0.0000
82615,PINK MARSHMALLOW SCARF KNITTING KIT,UNMAPPED,moving_average_7,14,0.0000,0.0000,0.0000,0.0000,0.0000,0.0000
82616A,BUBBLE GUM SCARF KNITTING KIT,UNMAPPED,moving_average_7,14,0.0000,0.0000,0.0000,0.0000,0.0000,0.0000
84007,MAGIC GARDEN MOUNT FUJI,UNMAPPED,moving_average_7,14,0.0000,0.0000,0.0000,0.0000,0.0000,0.0000
84016,FLAG OF ST GEORGE CAR FLAG,UNMAPPED,moving_average_7,14,0.0000,0.0000,0.0000,0.0000,0.0000,0.0000
84033,FLAG OF ST GEORGE,UNMAPPED,moving_average_7,14,0.0000,0.0000,0.0000,0.0000,0.0000,0.0000
84050,check,UNMAPPED,moving_average_7,14,0.0000,0.0000,0.0000,0.0000,0.0000,0.0000
84218,BOX/12 CHICK & EGG IN BASKET,UNMAPPED,moving_average_7,14,0.0000,0.0000,0.0000,0.0000,0.0000,0.0000
84231,EASTER BUNNY WITH BASKET ON BACK,UNMAPPED,moving_average_7,14,0.0000,0.0000,0.0000,0.0000,0.0000,0.0000
84247G,"DECOUPAGE,GREETING CARD,",UNMAPPED,moving_average_7,14,0.0000,0.0000,0.0000,0.0000,0.0000,0.0000
84247L,FAWN AND MUSHROOM GREETING CARD,UNMAPPED,moving_average_7,14,0.0000,0.0000,0.0000,0.0000,0.0000,0.0000
84249D,FAIRY CAKE GREETINGS CARD,UNMAPPED,moving_average_7,14,0.0000,0.0000,0.0000,0.0000,0.0000,0.0000
84251B,"GREETING CARD, STICKY GORDON",UNMAPPED,moving_average_7,14,0.0000,0.0000,0.0000,0.0000,0.0000,0.0000
84251C,"GREETING CARD, TWO SISTERS.",UNMAPPED,moving_average_7,14,0.0000,0.0000,0.0000,0.0000,0.0000,0.0000
84251F,UNKNOWN,UNMAPPED,moving_average_7,14,0.0000,0.0000,0.0000,0.0000,0.0000,0.0000
84270,UNKNOWN,UNMAPPED,moving_average_7,14,0.0000,0.0000,0.0000,0.0000,0.0000,0.0000
84279B,CHERRY BLOSSOM DECORATIVE FLASK,UNMAPPED,moving_average_7,14,0.0000,0.0000,0.0000,0.0000,0.0000,0.0000
84313B,BLUE TV TRAY TABLE,UNMAPPED,moving_average_7,14,0.0000,0.0000,0.0000,0.0000,0.0000,0.0000
84313C,ORANGE TV TRAY TABLE,UNMAPPED,moving_average_7,14,0.0000,0.0000,0.0000,0.0000,0.0000,0.0000
84327A,PINK JUMPER LARRY THE LAMB,UNMAPPED,moving_average_7,14,0.0000,0.0000,0.0000,0.0000,0.0000,0.0000
84352,SILVER CHRISTMAS TREE BAUBLE STAND,UNMAPPED,moving_average_7,14,0.0000,0.0000,0.0000,0.0000,0.0000,0.0000
84396,6 HOOK JEWELLERY STAND BLACK DRESS,UNMAPPED,moving_average_7,14,0.0000,0.0000,0.0000,0.0000,0.0000,0.0000
84405A,S/3 PINK COL METAL BASKET W HANDLE,UNMAPPED,moving_average_7,14,0.0000,0.0000,0.0000,0.0000,0.0000,0.0000
84422,PINK/BLUE DISC/MIRROR STRING,UNMAPPED,moving_average_7,14,0.0000,0.0000,0.0000,0.0000,0.0000,0.0000
84450B,PINK/YELLOW RABBIT SAT EASTER,UNMAPPED,moving_average_7,14,0.0000,0.0000,0.0000,0.0000,0.0000,0.0000
84452,METAL RABBIT LADDER EASTER,UNMAPPED,moving_average_7,14,0.0000,0.0000,0.0000,0.0000,0.0000,0.0000
84457,SET/3 RABBITS FLOWER SKIPPPING ROPE,UNMAPPED,naive_lag_1,14,0.0000,0.0000,0.0000,0.0000,0.0000,0.0000
84459A,PINK METAL CHICKEN HEART,UNMAPPED,moving_average_7,14,0.0000,0.0000,0.0000,0.0000,0.0000,0.0000
84459B,UNKNOWN,UNMAPPED,moving_average_7,14,0.0000,0.0000,0.0000,0.0000,0.0000,0.0000
84461,12 PINK HEN+CHICKS IN BASKET,UNMAPPED,moving_average_7,14,0.0000,0.0000,0.0000,0.0000,0.0000,0.0000
84466,TOP SECRET PEN SET,UNMAPPED,moving_average_7,14,0.0000,0.0000,0.0000,0.0000,0.0000,0.0000
84467,ENGLISH ROSE DESIGN QUILTED THROW,UNMAPPED,moving_average_7,14,0.0000,0.0000,0.0000,0.0000,0.0000,0.0000
84497,BUTTONS AND STRIPES NOTEBOOK,UNMAPPED,naive_lag_1,14,0.0000,0.0000,0.0000,0.0000,0.0000,0.0000
84499,BLACK FLOWER CANDLE PLATE,UNMAPPED,moving_average_7,14,0.0000,0.0000,0.0000,0.0000,0.0000,0.0000
84507B,STRIPES DESIGN MONKEY DOLL,UNMAPPED,moving_average_7,14,0.0000,0.0000,0.0000,0.0000,0.0000,0.0000
84507C,adjustment,UNMAPPED,moving_average_7,14,0.0000,0.0000,0.0000,0.0000,0.0000,0.0000
84508A,CAMOUFLAGE DESIGN TEDDY,UNMAPPED,moving_average_7,14,0.0000,0.0000,0.0000,0.0000,0.0000,0.0000
84509F,SET OF 4 NEW ENGLAND PLACEMATS,UNMAPPED,moving_average_7,14,0.0000,0.0000,0.0000,0.0000,0.0000,0.0000
84510B,UNKNOWN,UNMAPPED,moving_average_7,14,0.0000,0.0000,0.0000,0.0000,0.0000,0.0000
84510F,SET OF 4 NEW ENGLAND COASTERS,UNMAPPED,moving_average_7,14,0.0000,0.0000,0.0000,0.0000,0.0000,0.0000
84520B,PACK 20 ENGLISH ROSE PAPER NAPKINS,UNMAPPED,moving_average_7,14,0.0000,0.0000,0.0000,0.0000,0.0000,0.0000
84520D,UNKNOWN,UNMAPPED,moving_average_7,14,0.0000,0.0000,0.0000,0.0000,0.0000,0.0000
84526,GIANT BLACK SUNGLASSES,UNMAPPED,moving_average_7,14,0.0000,0.0000,0.0000,0.0000,0.0000,0.0000
84531A,returned,UNMAPPED,moving_average_7,14,0.0000,0.0000,0.0000,0.0000,0.0000,0.0000
84531B,returned,UNMAPPED,moving_average_7,14,0.0000,0.0000,0.0000,0.0000,0.0000,0.0000
84534B,FAIRY CAKE NOTEBOOK A5 SIZE,UNMAPPED,moving_average_7,14,0.0000,0.0000,0.0000,0.0000,0.0000,0.0000
84535A,ENGLISH ROSE NOTEBOOK A6 SIZE,UNMAPPED,moving_average_7,14,0.0000,0.0000,0.0000,0.0000,0.0000,0.0000
84559B,3D SHEET OF CAT STICKERS,UNMAPPED,moving_average_7,14,0.0000,0.0000,0.0000,0.0000,0.0000,0.0000
84559D,3D SHEET OF SEA WORLD STICKERS,UNMAPPED,moving_average_7,14,0.0000,0.0000,0.0000,0.0000,0.0000,0.0000
84562A,PINK/WHITE RIBBED MELAMINE JUG,UNMAPPED,moving_average_7,14,0.0000,0.0000,0.0000,0.0000,0.0000,0.0000
84563A,PINK & WHITE BREAKFAST TRAY,UNMAPPED,moving_average_7,14,0.0000,0.0000,0.0000,0.0000,0.0000,0.0000
84563B,BLUE & WHITE BREAKFAST TRAY,UNMAPPED,moving_average_7,14,0.0000,0.0000,0.0000,0.0000,0.0000,0.0000
84569B,PACK 3 FIRE ENGINE/CAR PATCHES,UNMAPPED,moving_average_7,14,0.0000,0.0000,0.0000,0.0000,0.0000,0.0000
84569C,PACK 4 FLOWER/BUTTERFLY PATCHES,UNMAPPED,moving_average_7,14,0.0000,0.0000,0.0000,0.0000,0.0000,0.0000
84578,ELEPHANT TOY WITH BLUE T-SHIRT,UNMAPPED,moving_average_7,14,0.0000,0.0000,0.0000,0.0000,0.0000,0.0000
84584,PINK GINGHAM CAT WITH SCARF,UNMAPPED,moving_average_7,14,0.0000,0.0000,0.0000,0.0000,0.0000,0.0000
84595E,LARGE TORTILLA DESIGN RED BOWL,UNMAPPED,moving_average_7,14,0.0000,0.0000,0.0000,0.0000,0.0000,0.0000
84596E,UNKNOWN,UNMAPPED,moving_average_7,14,0.0000,0.0000,0.0000,0.0000,0.0000,0.0000
84596J,MIXED NUTS LIGHT GREEN BOWL,UNMAPPED,moving_average_7,14,0.0000,0.0000,0.0000,0.0000,0.0000,0.0000
84596K,JELLY BABIES YELLOW SMALL BOWL,UNMAPPED,moving_average_7,14,0.0000,0.0000,0.0000,0.0000,0.0000,0.0000
84596L,BISCUITS SMALL BOWL LIGHT BLUE,UNMAPPED,moving_average_7,14,0.0000,0.0000,0.0000,0.0000,0.0000,0.0000
84597C,RETRO PINK BALL ASHTRAY,UNMAPPED,moving_average_7,14,0.0000,0.0000,0.0000,0.0000,0.0000,0.0000
84620,BLUE GINGHAM ROSE CUSHION COVER,UNMAPPED,moving_average_7,14,0.0000,0.0000,0.0000,0.0000,0.0000,0.0000
84625C,BLUE NEW BAROQUE CANDLESTICK CANDLE,UNMAPPED,moving_average_7,14,0.0000,0.0000,0.0000,0.0000,0.0000,0.0000
84625D,WHITE NEWBAROQUE CANDLESTICK CANDLE,UNMAPPED,moving_average_7,14,0.0000,0.0000,0.0000,0.0000,0.0000,0.0000
84631,FRUIT TREE AND BIRDS WALL PLAQUE,UNMAPPED,moving_average_7,14,0.0000,0.0000,0.0000,0.0000,0.0000,0.0000
84637,KITCHEN FLOWER POTS WALL PLAQUE,UNMAPPED,moving_average_7,14,0.0000,0.0000,0.0000,0.0000,0.0000,0.0000
84638,SMALL KITCHEN FLOWER POTS PLAQUE,UNMAPPED,moving_average_7,14,0.0000,0.0000,0.0000,0.0000,0.0000,0.0000
84660A,WHITE STITCHED WALL CLOCK,UNMAPPED,moving_average_7,14,0.0000,0.0000,0.0000,0.0000,0.0000,0.0000
84660B,BLACK STITCHED WALL CLOCK,UNMAPPED,moving_average_7,14,0.0000,0.0000,0.0000,0.0000,0.0000,0.0000
84660C,UNKNOWN,UNMAPPED,moving_average_7,14,0.0000,0.0000,0.0000,0.0000,0.0000,0.0000
84665,SQUARE CHERRY BLOSSOM CABINET,UNMAPPED,naive_lag_1,14,0.0000,0.0000,0.0000,0.0000,0.0000,0.0000
84670,UNKNOWN,UNMAPPED,moving_average_7,14,0.0000,0.0000,0.0000,0.0000,0.0000,0.0000
84675,FROG KING WATERING CAN,UNMAPPED,moving_average_7,14,0.0000,0.0000,0.0000,0.0000,0.0000,0.0000
84676,BATH DUCK WATERING CAN,UNMAPPED,moving_average_7,14,0.0000,0.0000,0.0000,0.0000,0.0000,0.0000
84678,CLASSICAL ROSE SMALL VASE,UNMAPPED,moving_average_7,14,0.0000,0.0000,0.0000,0.0000,0.0000,0.0000
84682,CLASSICAL ROSE DISH,UNMAPPED,moving_average_7,14,0.0000,0.0000,0.0000,0.0000,0.0000,0.0000
84683,CLASSICAL ROSE CANDLESTAND,UNMAPPED,moving_average_7,14,0.0000,0.0000,0.0000,0.0000,0.0000,0.0000
84684,UNKNOWN,UNMAPPED,moving_average_7,14,0.0000,0.0000,0.0000,0.0000,0.0000,0.0000
84685,BEACH HUT KEY CABINET,UNMAPPED,moving_average_7,14,0.0000,0.0000,0.0000,0.0000,0.0000,0.0000
84686,UNKNOWN,UNMAPPED,moving_average_7,14,0.0000,0.0000,0.0000,0.0000,0.0000,0.0000
84687,BEACH HUT SHELF W 3 DRAWERS,UNMAPPED,naive_lag_1,14,0.0000,0.0000,0.0000,0.0000,0.0000,0.0000
84688,BEACH HUT DESIGN BLACKBOARD,UNMAPPED,moving_average_7,14,0.0000,0.0000,0.0000,0.0000,0.0000,0.0000
84689,S/2 BEACH HUT TREASURE CHESTS,UNMAPPED,moving_average_7,14,0.0000,0.0000,0.0000,0.0000,0.0000,0.0000
84691,PACK 20 DOLLY PEGS,UNMAPPED,moving_average_7,14,0.0000,0.0000,0.0000,0.0000,0.0000,0.0000
84709B,UNKNOWN,UNMAPPED,moving_average_7,14,0.0000,0.0000,0.0000,0.0000,0.0000,0.0000
84715,SET OF 6 ICE CREAM SKITTLES,UNMAPPED,moving_average_7,14,0.0000,0.0000,0.0000,0.0000,0.0000,0.0000
84741C,CITRUS GARLAND FELT FLOWERS,UNMAPPED,moving_average_7,14,0.0000,0.0000,0.0000,0.0000,0.0000,0.0000
84750A,PINK SMALL GLASS CAKE STAND,UNMAPPED,moving_average_7,14,0.0000,0.0000,0.0000,0.0000,0.0000,0.0000
84750B,BLACK SMALL GLASS CAKE STAND,UNMAPPED,moving_average_7,14,0.0000,0.0000,0.0000,0.0000,0.0000,0.0000
84754,S/15 SILVER GLASS BAUBLES IN BAG,UNMAPPED,moving_average_7,14,0.0000,0.0000,0.0000,0.0000,0.0000,0.0000
84760S,UNKNOWN,UNMAPPED,moving_average_7,14,0.0000,0.0000,0.0000,0.0000,0.0000,0.0000
84761,IVORY HANGING BIRD PLANTER,UNMAPPED,moving_average_7,14,0.0000,0.0000,0.0000,0.0000,0.0000,0.0000
84762B,PINK PICNIC BARBECUE BUCKET,UNMAPPED,moving_average_7,14,0.0000,0.0000,0.0000,0.0000,0.0000,0.0000
84762C,GREEN PICNIC BARBECUE BUCKET,UNMAPPED,moving_average_7,14,0.0000,0.0000,0.0000,0.0000,0.0000,0.0000
84763,ZINC FINISH 15CM PLANTER POTS,UNMAPPED,moving_average_7,14,0.0000,0.0000,0.0000,0.0000,0.0000,0.0000
84773,UNKNOWN,UNMAPPED,moving_average_7,14,0.0000,0.0000,0.0000,0.0000,0.0000,0.0000
84789,UNKNOWN,UNMAPPED,moving_average_7,14,0.0000,0.0000,0.0000,0.0000,0.0000,0.0000
84791,GINGHAM HEART DECORATION,UNMAPPED,moving_average_7,14,0.0000,0.0000,0.0000,0.0000,0.0000,0.0000
84795A,UNKNOWN,UNMAPPED,moving_average_7,14,0.0000,0.0000,0.0000,0.0000,0.0000,0.0000
84795C,UNKNOWN,UNMAPPED,moving_average_7,14,0.0000,0.0000,0.0000,0.0000,0.0000,0.0000
84795D,UNKNOWN,UNMAPPED,moving_average_7,14,0.0000,0.0000,0.0000,0.0000,0.0000,0.0000
84796B,BLUE SAVANNAH PICNIC HAMPER FOR 2,UNMAPPED,naive_lag_1,14,0.0000,0.0000,0.0000,0.0000,0.0000,0.0000
84800L,LARGE WHITE/PINK ROSE ART FLOWER,UNMAPPED,moving_average_7,14,0.0000,0.0000,0.0000,0.0000,0.0000,0.0000
84815,SET OF 3 DANISH ROSE PLANTERS,UNMAPPED,moving_average_7,14,0.0000,0.0000,0.0000,0.0000,0.0000,0.0000
84818,DANISH ROSE PHOTO FRAME,UNMAPPED,moving_average_7,14,0.0000,0.0000,0.0000,0.0000,0.0000,0.0000
84837,UNKNOWN,UNMAPPED,moving_average_7,14,0.0000,0.0000,0.0000,0.0000,0.0000,0.0000
84839,SWEETHEART KEY CABINET,UNMAPPED,moving_average_7,14,0.0000,0.0000,0.0000,0.0000,0.0000,0.0000
84840,UNKNOWN,UNMAPPED,moving_average_7,14,0.0000,0.0000,0.0000,0.0000,0.0000,0.0000
84846A,SCENTED CANDLE IN DIGITALIS TIN,UNMAPPED,moving_average_7,14,0.0000,0.0000,0.0000,0.0000,0.0000,0.0000
84847,UNKNOWN,UNMAPPED,moving_average_7,14,0.0000,0.0000,0.0000,0.0000,0.0000,0.0000
84849B,FAIRY SOAP SOAP HOLDER,UNMAPPED,moving_average_7,14,0.0000,0.0000,0.0000,0.0000,0.0000,0.0000
84854,GIRLY PINK TOOL SET,UNMAPPED,moving_average_7,14,0.0000,0.0000,0.0000,0.0000,0.0000,0.0000
84856L,LARGE TAHITI BEACH BAG,UNMAPPED,moving_average_7,14,0.0000,0.0000,0.0000,0.0000,0.0000,0.0000
84856S,SMALL TAHITI BEACH BAG,UNMAPPED,moving_average_7,14,0.0000,0.0000,0.0000,0.0000,0.0000,0.0000
84865,NEW BAROQUE BLACK PHOTO ALBUM,UNMAPPED,moving_average_7,14,0.0000,0.0000,0.0000,0.0000,0.0000,0.0000
84870C,GREEN GEISHA GIRL,UNMAPPED,moving_average_7,14,0.0000,0.0000,0.0000,0.0000,0.0000,0.0000
84872A,TEATIME FUNKY FLOWER BACKPACK FOR 2,UNMAPPED,moving_average_7,14,0.0000,0.0000,0.0000,0.0000,0.0000,0.0000
84874B,BLUE TRAVEL FIRST AID KIT,UNMAPPED,moving_average_7,14,0.0000,0.0000,0.0000,0.0000,0.0000,0.0000
84876D,BLUE HEART COMPACT MIRROR,UNMAPPED,moving_average_7,14,0.0000,0.0000,0.0000,0.0000,0.0000,0.0000
84877D,BLUE ROUND COMPACT MIRROR,UNMAPPED,moving_average_7,14,0.0000,0.0000,0.0000,0.0000,0.0000,0.0000
84898F,YELLOW FLOWERS FELT HANDBAG KIT,UNMAPPED,moving_average_7,14,0.0000,0.0000,0.0000,0.0000,0.0000,0.0000
84899F,YELLOW PURPLE DAISY FELT PURSE KIT,UNMAPPED,moving_average_7,14,0.0000,0.0000,0.0000,0.0000,0.0000,0.0000
84901,BLACK FACE LAMB WITH PANTS,UNMAPPED,moving_average_7,14,0.0000,0.0000,0.0000,0.0000,0.0000,0.0000
84902,PINK KNITTED COW STUFFED TOY,UNMAPPED,moving_average_7,14,0.0000,0.0000,0.0000,0.0000,0.0000,0.0000
84905,PINK BUTTERFLY CUSHION COVER,UNMAPPED,moving_average_7,14,0.0000,0.0000,0.0000,0.0000,0.0000,0.0000
84907,PINK YELLOW PATCH CUSHION COVER,UNMAPPED,moving_average_7,14,0.0000,0.0000,0.0000,0.0000,0.0000,0.0000
84908A,PINK 5 PATCH FLOWER CUSHION COVER,UNMAPPED,moving_average_7,14,0.0000,0.0000,0.0000,0.0000,0.0000,0.0000
84908B,BLUE 5 PATCH FLOWER CUSHION COVER,UNMAPPED,moving_average_7,14,0.0000,0.0000,0.0000,0.0000,0.0000,0.0000
84910A,PINK PAISLEY CUSHION COVER,UNMAPPED,moving_average_7,14,0.0000,0.0000,0.0000,0.0000,0.0000,0.0000
84912A,UNKNOWN,UNMAPPED,moving_average_7,14,0.0000,0.0000,0.0000,0.0000,0.0000,0.0000
84913A,SOFT PINK ROSE TOWEL,UNMAPPED,naive_lag_1,14,0.0000,0.0000,0.0000,0.0000,0.0000,0.0000
84916,HAND TOWEL PALE BLUE W FLOWERS,UNMAPPED,moving_average_7,14,0.0000,0.0000,0.0000,0.0000,0.0000,0.0000
84917,UNKNOWN,UNMAPPED,moving_average_7,14,0.0000,0.0000,0.0000,0.0000,0.0000,0.0000
84918,CREAM CUSHION COVER WITH FLOWERS,UNMAPPED,moving_average_7,14,0.0000,0.0000,0.0000,0.0000,0.0000,0.0000
84919,BLUE CUSHION COVER WITH FLOWER,UNMAPPED,moving_average_7,14,0.0000,0.0000,0.0000,0.0000,0.0000,0.0000
84925F,PSYCHEDELIC WALL THERMOMETER,UNMAPPED,moving_average_7,14,0.0000,0.0000,0.0000,0.0000,0.0000,0.0000
84927A,WAKE UP COCKEREL TILE HOOK,UNMAPPED,moving_average_7,14,0.0000,0.0000,0.0000,0.0000,0.0000,0.0000
84932C,SMALL ORIENTAL BLUE FOLDING STOOL,UNMAPPED,moving_average_7,14,0.0000,0.0000,0.0000,0.0000,0.0000,0.0000
84937,UNKNOWN,UNMAPPED,moving_average_7,14,0.0000,0.0000,0.0000,0.0000,0.0000,0.0000
84944,SET OF 6 KASHMIR FOLKART BAUBLES,UNMAPPED,moving_average_7,14,0.0000,0.0000,0.0000,0.0000,0.0000,0.0000
84952A,CLEAR LOVE BIRD T-LIGHT HOLDER,UNMAPPED,naive_lag_1,14,0.0000,0.0000,0.0000,0.0000,0.0000,0.0000
84952C,MIRROR LOVE BIRD T-LIGHT HOLDER,UNMAPPED,moving_average_7,14,0.0000,0.0000,0.0000,0.0000,0.0000,0.0000
84968B,SET OF 16 VINTAGE IVORY CUTLERY,UNMAPPED,moving_average_7,14,0.0000,0.0000,0.0000,0.0000,0.0000,0.0000
84968F,SET OF 16 VINTAGE SKY BLUE CUTLERY,UNMAPPED,naive_lag_1,14,0.0000,0.0000,0.0000,0.0000,0.0000,0.0000
84972L,GIANT PINK HEART MEMO HOLDER,UNMAPPED,moving_average_7,14,0.0000,0.0000,0.0000,0.0000,0.0000,0.0000
84974,S/2 ZINC HEART DESIGN PLANTERS,UNMAPPED,moving_average_7,14,0.0000,0.0000,0.0000,0.0000,0.0000,0.0000
84975,HEART SHAPED MIRROR,UNMAPPED,moving_average_7,14,0.0000,0.0000,0.0000,0.0000,0.0000,0.0000
84977,UNKNOWN,UNMAPPED,moving_average_7,14,0.0000,0.0000,0.0000,0.0000,0.0000,0.0000
84985A,SET OF 72 GREEN PAPER DOILIES,UNMAPPED,moving_average_7,14,0.0000,0.0000,0.0000,0.0000,0.0000,0.0000
84986B,SET OF 36 SILVER PAPER DOILIES,UNMAPPED,moving_average_7,14,0.0000,0.0000,0.0000,0.0000,0.0000,0.0000
84989B,75 BLACK FAIRY CAKE CASES,UNMAPPED,moving_average_7,14,0.0000,0.0000,0.0000,0.0000,0.0000,0.0000
84990,UNKNOWN,UNMAPPED,moving_average_7,14,0.0000,0.0000,0.0000,0.0000,0.0000,0.0000
84993B,75 BLACK PETIT FOUR CASES,UNMAPPED,moving_average_7,14,0.0000,0.0000,0.0000,0.0000,0.0000,0.0000
85006,SET 4 NURSERY DES ROUND BOXES,UNMAPPED,moving_average_7,14,0.0000,0.0000,0.0000,0.0000,0.0000,0.0000
85008,UNKNOWN,UNMAPPED,moving_average_7,14,0.0000,0.0000,0.0000,0.0000,0.0000,0.0000
85014C,BLUE/BROWN DOTS RUFFLED UMBRELLA,UNMAPPED,moving_average_7,14,0.0000,0.0000,0.0000,0.0000,0.0000,0.0000
85014D,UNKNOWN,UNMAPPED,moving_average_7,14,0.0000,0.0000,0.0000,0.0000,0.0000,0.0000
85016,SET OF 6 VINTAGE NOTELETS KIT,UNMAPPED,moving_average_7,14,0.0000,0.0000,0.0000,0.0000,0.0000,0.0000
85017A,ENVELOPE 50 ROMANTIC IMAGES,UNMAPPED,moving_average_7,14,0.0000,0.0000,0.0000,0.0000,0.0000,0.0000
85017B,ENVELOPE 50 BLOSSOM IMAGES,UNMAPPED,naive_lag_1,14,0.0000,0.0000,0.0000,0.0000,0.0000,0.0000
85017C,adjustment,UNMAPPED,moving_average_7,14,0.0000,0.0000,0.0000,0.0000,0.0000,0.0000
85018D,YULETIDE IMAGES S/6 PAPER BOXES,UNMAPPED,moving_average_7,14,0.0000,0.0000,0.0000,0.0000,0.0000,0.0000
85025C,PINK HEART SHAPE PHOTO FRAME,UNMAPPED,moving_average_7,14,0.0000,0.0000,0.0000,0.0000,0.0000,0.0000
85027L,UNKNOWN,UNMAPPED,moving_average_7,14,0.0000,0.0000,0.0000,0.0000,0.0000,0.0000
85028S,FRENCH CHATEAU SMALL FRUITBOWL,UNMAPPED,moving_average_7,14,0.0000,0.0000,0.0000,0.0000,0.0000,0.0000
85031A,ROMANTIC IMAGES SCRAP BOOK SET,UNMAPPED,moving_average_7,14,0.0000,0.0000,0.0000,0.0000,0.0000,0.0000
85031B,BLOSSOM IMAGES SCRAP BOOK SET,UNMAPPED,moving_average_7,14,0.0000,0.0000,0.0000,0.0000,0.0000,0.0000
85031C,CURIOUS IMAGES SCRAP BOOK SET,UNMAPPED,moving_average_7,14,0.0000,0.0000,0.0000,0.0000,0.0000,0.0000
85032D,YULETIDE IMAGES GIFT WRAP SET,UNMAPPED,moving_average_7,14,0.0000,0.0000,0.0000,0.0000,0.0000,0.0000
85033S,UNKNOWN,UNMAPPED,moving_average_7,14,0.0000,0.0000,0.0000,0.0000,0.0000,0.0000
85035A,GARDENIA 3 WICK MORRIS BOXED CANDLE,UNMAPPED,moving_average_7,14,0.0000,0.0000,0.0000,0.0000,0.0000,0.0000
85035B,CHOCOLATE 3 WICK MORRIS BOX CANDLE,UNMAPPED,moving_average_7,14,0.0000,0.0000,0.0000,0.0000,0.0000,0.0000
85036A,GARDENIA 1 WICK MORRIS BOXED CANDLE,UNMAPPED,moving_average_7,14,0.0000,0.0000,0.0000,0.0000,0.0000,0.0000
85040B,SET/4 BLUE FLOWER CANDLES IN BOWL,UNMAPPED,moving_average_7,14,0.0000,0.0000,0.0000,0.0000,0.0000,0.0000
85041,UNKNOWN,UNMAPPED,moving_average_7,14,0.0000,0.0000,0.0000,0.0000,0.0000,0.0000
85042,ANTIQUE LILY FAIRY LIGHTS,UNMAPPED,moving_average_7,14,0.0000,0.0000,0.0000,0.0000,0.0000,0.0000
85044,UNKNOWN,UNMAPPED,moving_average_7,14,0.0000,0.0000,0.0000,0.0000,0.0000,0.0000
85047,WHITE BEADED GARLAND STRING 20LIGHT,UNMAPPED,moving_average_7,14,0.0000,0.0000,0.0000,0.0000,0.0000,0.0000
85049B,LUSH GREENS RIBBONS,UNMAPPED,moving_average_7,14,0.0000,0.0000,0.0000,0.0000,0.0000,0.0000
85049D,UNKNOWN,UNMAPPED,moving_average_7,14,0.0000,0.0000,0.0000,0.0000,0.0000,0.0000
85049F,BABY BOOM RIBBONS,UNMAPPED,moving_average_7,14,0.0000,0.0000,0.0000,0.0000,0.0000,0.0000
85055,FRENCH ENAMEL UTENSIL HOLDER,UNMAPPED,moving_average_7,14,0.0000,0.0000,0.0000,0.0000,0.0000,0.0000
85060,WOOD FAN WITH FLOWER DESIGN,UNMAPPED,moving_average_7,14,0.0000,0.0000,0.0000,0.0000,0.0000,0.0000
85063,CREAM SWEETHEART MAGAZINE RACK,UNMAPPED,moving_average_7,14,0.0000,0.0000,0.0000,0.0000,0.0000,0.0000
85064,CREAM SWEETHEART LETTER RACK,UNMAPPED,moving_average_7,14,0.0000,0.0000,0.0000,0.0000,0.0000,0.0000
85065,UNKNOWN,UNMAPPED,moving_average_7,14,0.0000,0.0000,0.0000,0.0000,0.0000,0.0000
85067,CREAM SWEETHEART WALL CABINET,UNMAPPED,moving_average_7,14,0.0000,0.0000,0.0000,0.0000,0.0000,0.0000
85068,CREAM SWEETHEART SHELF + HOOKS,UNMAPPED,moving_average_7,14,0.0000,0.0000,0.0000,0.0000,0.0000,0.0000
85078,SCANDINAVIAN 3 HEARTS NAPKIN RING,UNMAPPED,moving_average_7,14,0.0000,0.0000,0.0000,0.0000,0.0000,0.0000
85084,HOLLY TOP CHRISTMAS STOCKING,UNMAPPED,moving_average_7,14,0.0000,0.0000,0.0000,0.0000,0.0000,0.0000
85086A,CANDY SPOT HEART DECORATION,UNMAPPED,moving_average_7,14,0.0000,0.0000,0.0000,0.0000,0.0000,0.0000
85087,CANDY SPOT CUSHION COVER,UNMAPPED,moving_average_7,14,0.0000,0.0000,0.0000,0.0000,0.0000,0.0000
85090,CANDY SPOT APRON,UNMAPPED,moving_average_7,14,0.0000,0.0000,0.0000,0.0000,0.0000,0.0000
85093,CANDY SPOT EGG WARMER HARE,UNMAPPED,moving_average_7,14,0.0000,0.0000,0.0000,0.0000,0.0000,0.0000
85097B,BLUE ROCKING SINGING CANARY,UNMAPPED,moving_average_7,14,0.0000,0.0000,0.0000,0.0000,0.0000,0.0000
85098B,BLUE FLYING SINGING CANARY,UNMAPPED,moving_average_7,14,0.0000,0.0000,0.0000,0.0000,0.0000,0.0000
85103,SILVER T-LIGHT SETTING,UNMAPPED,moving_average_7,14,0.0000,0.0000,0.0000,0.0000,0.0000,0.0000
85113,UNKNOWN,UNMAPPED,moving_average_7,14,0.0000,0.0000,0.0000,0.0000,0.0000,0.0000
85116,BLACK CANDELABRA T-LIGHT HOLDER,UNMAPPED,moving_average_7,14,0.0000,0.0000,0.0000,0.0000,0.0000,0.0000
85117,NIGHTINGALE COATHOOK WHITE,UNMAPPED,moving_average_7,14,0.0000,0.0000,0.0000,0.0000,0.0000,0.0000
85118,HEART T-LIGHT HOLDER,UNMAPPED,moving_average_7,14,0.0000,0.0000,0.0000,0.0000,0.0000,0.0000
85119,WATERING CAN SINGLE HOOK PISTACHIO,UNMAPPED,moving_average_7,14,0.0000,0.0000,0.0000,0.0000,0.0000,0.0000
85121B,UNKNOWN,UNMAPPED,moving_average_7,14,0.0000,0.0000,0.0000,0.0000,0.0000,0.0000
85121C,RETRO LAUNDRY TUB PISTACHIO,UNMAPPED,moving_average_7,14,0.0000,0.0000,0.0000,0.0000,0.0000,0.0000
85124A,UNKNOWN,UNMAPPED,moving_average_7,14,0.0000,0.0000,0.0000,0.0000,0.0000,0.0000
85124B,BLUE JUICY FRUIT PHOTO FRAME,UNMAPPED,naive_lag_1,14,0.0000,0.0000,0.0000,0.0000,0.0000,0.0000
85124C,GREEN JUICY FRUIT PHOTO FRAME,UNMAPPED,moving_average_7,14,0.0000,0.0000,0.0000,0.0000,0.0000,0.0000
85126,LARGE ROUND CUTGLASS CANDLESTICK,UNMAPPED,moving_average_7,14,0.0000,0.0000,0.0000,0.0000,0.0000,0.0000
85129A,UNKNOWN,UNMAPPED,moving_average_7,14,0.0000,0.0000,0.0000,0.0000,0.0000,0.0000
85130A,BEADED PEARL HEART WHITE LARGE,UNMAPPED,moving_average_7,14,0.0000,0.0000,0.0000,0.0000,0.0000,0.0000
85131A,BEADED PEARL HEART WHITE ON STICK,UNMAPPED,moving_average_7,14,0.0000,0.0000,0.0000,0.0000,0.0000,0.0000
85132A,CHARLIE + LOLA BISCUITS TINS,UNMAPPED,moving_average_7,14,0.0000,0.0000,0.0000,0.0000,0.0000,0.0000
85132B,CHARLIE AND LOLA TABLE TINS,UNMAPPED,moving_average_7,14,0.0000,0.0000,0.0000,0.0000,0.0000,0.0000
85132C,CHARLIE AND LOLA FIGURES TINS,UNMAPPED,moving_average_7,14,0.0000,0.0000,0.0000,0.0000,0.0000,0.0000
85136B,BLUE SHARK HELICOPTER,UNMAPPED,moving_average_7,14,0.0000,0.0000,0.0000,0.0000,0.0000,0.0000
85141,UNKNOWN,UNMAPPED,moving_average_7,14,0.0000,0.0000,0.0000,0.0000,0.0000,0.0000
85142,JARDIN ETCHED GLASS GINGER JAR,UNMAPPED,moving_average_7,14,0.0000,0.0000,0.0000,0.0000,0.0000,0.0000
85144,JARDIN ETCHED GLASS CHEESE DISH,UNMAPPED,moving_average_7,14,0.0000,0.0000,0.0000,0.0000,0.0000,0.0000
85160A,WHITE BIRD GARDEN DESIGN MUG,UNMAPPED,moving_average_7,14,0.0000,0.0000,0.0000,0.0000,0.0000,0.0000
85164B,BLACK BAROQUE CUCKOO CLOCK,UNMAPPED,moving_average_7,14,0.0000,0.0000,0.0000,0.0000,0.0000,0.0000
85165,CANDY PINK FRENCH BOUDOIR CLOCK,UNMAPPED,moving_average_7,14,0.0000,0.0000,0.0000,0.0000,0.0000,0.0000
85166B,BLACK METAL BAROQUE PHOTO FRAME,UNMAPPED,moving_average_7,14,0.0000,0.0000,0.0000,0.0000,0.0000,0.0000
85167B,BLACK GRAND BAROQUE PHOTO FRAME,UNMAPPED,moving_average_7,14,0.0000,0.0000,0.0000,0.0000,0.0000,0.0000
85170A,UNKNOWN,UNMAPPED,moving_average_7,14,0.0000,0.0000,0.0000,0.0000,0.0000,0.0000
85179B,WHITE BITTY LIGHT CHAIN,UNMAPPED,moving_average_7,14,0.0000,0.0000,0.0000,0.0000,0.0000,0.0000
85184D,S/4 BLUE ROUND DECOUPAGE BOXES,UNMAPPED,moving_average_7,14,0.0000,0.0000,0.0000,0.0000,0.0000,0.0000
85185D,UNKNOWN,UNMAPPED,moving_average_7,14,0.0000,0.0000,0.0000,0.0000,0.0000,0.0000
85186A,EASTER BUNNY GARLAND OF FLOWERS,UNMAPPED,moving_average_7,14,0.0000,0.0000,0.0000,0.0000,0.0000,0.0000
85186C,BUNNY EGG GARLAND,UNMAPPED,moving_average_7,14,0.0000,0.0000,0.0000,0.0000,0.0000,0.0000
85188A,GREEN METAL SWINGING BUNNY,UNMAPPED,moving_average_7,14,0.0000,0.0000,0.0000,0.0000,0.0000,0.0000
85188B,PINK METAL SWINGING BUNNY,UNMAPPED,moving_average_7,14,0.0000,0.0000,0.0000,0.0000,0.0000,0.0000
85189,HANGING BUTTERFLY EGG,UNMAPPED,moving_average_7,14,0.0000,0.0000,0.0000,0.0000,0.0000,0.0000
85196,UNKNOWN,UNMAPPED,moving_average_7,14,0.0000,0.0000,0.0000,0.0000,0.0000,0.0000
85197,SET OF 12 MINI BUNNIES IN A BUCKET,UNMAPPED,moving_average_7,14,0.0000,0.0000,0.0000,0.0000,0.0000,0.0000
85198,ASSORTED FARMYARD ANIMALS IN BUCKET,UNMAPPED,moving_average_7,14,0.0000,0.0000,0.0000,0.0000,0.0000,0.0000
85200,UNKNOWN,UNMAPPED,moving_average_7,14,0.0000,0.0000,0.0000,0.0000,0.0000,0.0000
85205B,PINK FELT EASTER RABBIT GARLAND,UNMAPPED,moving_average_7,14,0.0000,0.0000,0.0000,0.0000,0.0000,0.0000
85206A,UNKNOWN,UNMAPPED,moving_average_7,14,0.0000,0.0000,0.0000,0.0000,0.0000,0.0000
85206B,PINK FELT EASTER EGG BASKET,UNMAPPED,moving_average_7,14,0.0000,0.0000,0.0000,0.0000,0.0000,0.0000
85211,UNKNOWN,UNMAPPED,moving_average_7,14,0.0000,0.0000,0.0000,0.0000,0.0000,0.0000
85213,MINI ZINC GARDEN DECORATIONS,UNMAPPED,moving_average_7,14,0.0000,0.0000,0.0000,0.0000,0.0000,0.0000
85214,UNKNOWN,UNMAPPED,moving_average_7,14,0.0000,0.0000,0.0000,0.0000,0.0000,0.0000
85215,ASSORTED CHEESE FRIDGE MAGNETS,UNMAPPED,moving_average_7,14,0.0000,0.0000,0.0000,0.0000,0.0000,0.0000
85216,ASSORTED CAKES FRIDGE MAGNETS,UNMAPPED,naive_lag_1,14,0.0000,0.0000,0.0000,0.0000,0.0000,0.0000
85217,UNKNOWN,UNMAPPED,moving_average_7,14,0.0000,0.0000,0.0000,0.0000,0.0000,0.0000
85221,ASSORTED COLOUR SILK COIN PURSE,UNMAPPED,moving_average_7,14,0.0000,0.0000,0.0000,0.0000,0.0000,0.0000
85222,UNKNOWN,UNMAPPED,moving_average_7,14,0.0000,0.0000,0.0000,0.0000,0.0000,0.0000
85224,ASSORTED COLOUR SILK GLASSES CASE,UNMAPPED,moving_average_7,14,0.0000,0.0000,0.0000,0.0000,0.0000,0.0000
85226A,UNKNOWN,UNMAPPED,moving_average_7,14,0.0000,0.0000,0.0000,0.0000,0.0000,0.0000
85226C,BLUE PULL BACK RACING CAR,UNMAPPED,moving_average_7,14,0.0000,0.0000,0.0000,0.0000,0.0000,0.0000
85230E,STRAWBRY SCENTED VOTIVE CANDLE,UNMAPPED,moving_average_7,14,0.0000,0.0000,0.0000,0.0000,0.0000,0.0000
85230F,JASMINE VOTIVE CANDLE,UNMAPPED,naive_lag_1,14,0.0000,0.0000,0.0000,0.0000,0.0000,0.0000
85231E,STRAWBERRY SCENTED SET/9 T-LIGHTS,UNMAPPED,moving_average_7,14,0.0000,0.0000,0.0000,0.0000,0.0000,0.0000
85231L,UNKNOWN,UNMAPPED,moving_average_7,14,0.0000,0.0000,0.0000,0.0000,0.0000,0.0000
85232A,SET/3 POLKADOT STACKING TINS,UNMAPPED,moving_average_7,14,0.0000,0.0000,0.0000,0.0000,0.0000,0.0000
85232B,UNKNOWN,UNMAPPED,moving_average_7,14,0.0000,0.0000,0.0000,0.0000,0.0000,0.0000
90002D,FLOWER BURST SILVER RING CRYSTAL,UNMAPPED,moving_average_7,14,0.0000,0.0000,0.0000,0.0000,0.0000,0.0000
90005A,JADE GREEN ENAMEL HAIR COMB,UNMAPPED,moving_average_7,14,0.0000,0.0000,0.0000,0.0000,0.0000,0.0000
90010B,BLACK/WHITE GLASS/SILVER BRACELET,UNMAPPED,moving_average_7,14,0.0000,0.0000,0.0000,0.0000,0.0000,0.0000
90040A,MURANO STYLE GLASS BRACELET RED,UNMAPPED,moving_average_7,14,0.0000,0.0000,0.0000,0.0000,0.0000,0.0000
90040B,MURANO STYLE GLASS BRACELET BLACK,UNMAPPED,moving_average_7,14,0.0000,0.0000,0.0000,0.0000,0.0000,0.0000
90042A,FRESHWATER PEARL BRACELET GOLD,UNMAPPED,moving_average_7,14,0.0000,0.0000,0.0000,0.0000,0.0000,0.0000
90062,CARNIVAL BRACELET,UNMAPPED,moving_average_7,14,0.0000,0.0000,0.0000,0.0000,0.0000,0.0000
90070,RUBY GLASS CLUSTER BRACELET,UNMAPPED,naive_lag_1,14,0.0000,0.0000,0.0000,0.0000,0.0000,0.0000
90104,UNKNOWN,UNMAPPED,moving_average_7,14,0.0000,0.0000,0.0000,0.0000,0.0000,0.0000
90115,SUMMER BUTTERFLIES BAG CHARM,UNMAPPED,moving_average_7,14,0.0000,0.0000,0.0000,0.0000,0.0000,0.0000
90120A,PINK MURANO TWIST BRACELET,UNMAPPED,moving_average_7,14,0.0000,0.0000,0.0000,0.0000,0.0000,0.0000
90120D,WHITE MURANO TWIST BRACELET,UNMAPPED,moving_average_7,14,0.0000,0.0000,0.0000,0.0000,0.0000,0.0000
90125D,PURPLE BERTIE GLASS BEAD BAG CHARM,UNMAPPED,moving_average_7,14,0.0000,0.0000,0.0000,0.0000,0.0000,0.0000
90129A,PINK GLASS TASSLE BAG CHARM,UNMAPPED,moving_average_7,14,0.0000,0.0000,0.0000,0.0000,0.0000,0.0000
90129D,AMBER GLASS TASSLE BAG CHARM,UNMAPPED,moving_average_7,14,0.0000,0.0000,0.0000,0.0000,0.0000,0.0000
90167,UNKNOWN,UNMAPPED,moving_average_7,14,0.0000,0.0000,0.0000,0.0000,0.0000,0.0000
90173,PAIR BUTTERFLY HAIR CLIPS,UNMAPPED,moving_average_7,14,0.0000,0.0000,0.0000,0.0000,0.0000,0.0000
90185D,CRYSTAL DIAMANTE EXPANDABLE RING,UNMAPPED,moving_average_7,14,0.0000,0.0000,0.0000,0.0000,0.0000,0.0000
90200C,BLUE SWEETHEART BRACELET,UNMAPPED,moving_average_7,14,0.0000,0.0000,0.0000,0.0000,0.0000,0.0000
90203,UNKNOWN,UNMAPPED,moving_average_7,14,0.0000,0.0000,0.0000,0.0000,0.0000,0.0000
90209B,UNKNOWN,UNMAPPED,moving_average_7,14,0.0000,0.0000,0.0000,0.0000,0.0000,0.0000
90209C,PINK ENAMEL+GLASS HAIR COMB,UNMAPPED,moving_average_7,14,0.0000,0.0000,0.0000,0.0000,0.0000,0.0000
