date,sku_id,location_id,on_hand_quantity,inventory_value,on_order_quantity,reserved_quantity,lead_time_days,supplier_id,category,data_source,description
2011-12-09,10002,SIM-DC-01,1,18.91,0,0,3,SIM-SUP-05,UNMAPPED,synthetic_demo,INFLATABLE POLITICAL GLOBE
2011-12-09,10120,SIM-DC-01,3,59.65,0,0,3,SIM-SUP-02,UNMAPPED,synthetic_demo,DOGGY RUBBER
2011-12-09,10123C,SIM-DC-01,1,20.50,0,0,7,SIM-SUP-11,UNMAPPED,synthetic_demo,HEARTS WRAPPING TAPE
2011-12-09,10125,SIM-DC-01,3,50.97,0,0,14,SIM-SUP-02,UNMAPPED,synthetic_demo,MINI FUNKY DESIGN TAPES
2011-12-09,10133,SIM-DC-01,1,24.78,1,0,14,SIM-SUP-08,UNMAPPED,synthetic_demo,COLOURING PENCILS BROWN TUBE
2011-12-09,10134,SIM-DC-01,1,16.66,0,0,14,SIM-SUP-06,UNMAPPED,synthetic_demo,COLOURING PENCILS BROWN TUBE
2011-12-09,10135,SIM-DC-01,43,353.85,0,4,5,SIM-SUP-10,UNMAPPED,synthetic_demo,COLOURING PENCILS BROWN TUBE
2011-12-09,11001,SIM-DC-01,14,117.72,1,2,5,SIM-SUP-02,UNMAPPED,synthetic_demo,ASSTD DESIGN RACING CAR PEN
2011-12-09,15034,SIM-DC-01,10,117.79,0,1,3,SIM-SUP-11,UNMAPPED,synthetic_demo,PAPER POCKET TRAVELING FAN
2011-12-09,15036,SIM-DC-01,72,1130.06,0,5,5,SIM-SUP-02,UNMAPPED,synthetic_demo,ASSORTED COLOURS SILK FAN
2011-12-09,15039,SIM-DC-01,23,81.15,0,3,7,SIM-SUP-03,UNMAPPED,synthetic_demo,SANDALWOOD FAN
2011-12-09,15044A,SIM-DC-01,12,140.78,3,2,10,SIM-SUP-06,UNMAPPED,synthetic_demo,PINK PAPER PARASOL
2011-12-09,15044B,SIM-DC-01,2,5.97,0,0,14,SIM-SUP-09,UNMAPPED,synthetic_demo,BLUE PAPER PARASOL
2011-12-09,15044C,SIM-DC-01,7,14.06,1,0,10,SIM-SUP-09,UNMAPPED,synthetic_demo,PURPLE PAPER PARASOL
2011-12-09,15044D,SIM-DC-01,8,191.99,0,0,7,SIM-SUP-04,UNMAPPED,synthetic_demo,RED PAPER PARASOL
2011-12-09,15056BL,SIM-DC-01,23,531.17,2,2,3,SIM-SUP-05,UNMAPPED,synthetic_demo,EDWARDIAN PARASOL BLACK
2011-12-09,15056N,SIM-DC-01,19,107.15,0,2,7,SIM-SUP-11,UNMAPPED,synthetic_demo,EDWARDIAN PARASOL NATURAL
2011-12-09,15056P,SIM-DC-01,7,138.52,0,1,5,SIM-SUP-06,UNMAPPED,synthetic_demo,EDWARDIAN PARASOL PINK
2011-12-09,15058A,SIM-DC-01,4,39.23,1,0,10,SIM-SUP-05,UNMAPPED,synthetic_demo,BLUE POLKADOT GARDEN PARASOL
2011-12-09,15058B,SIM-DC-01,0,0.00,0,0,3,SIM-SUP-03,UNMAPPED,synthetic_demo,PINK POLKADOT GARDEN PARASOL
2011-12-09,15058C,SIM-DC-01,4,46.52,1,0,14,SIM-SUP-08,UNMAPPED,synthetic_demo,ICE CREAM DESIGN GARDEN PARASOL
2011-12-09,15060B,SIM-DC-01,1,24.57,0,0,5,SIM-SUP-11,UNMAPPED,synthetic_demo,FAIRY CAKE DESIGN UMBRELLA
2011-12-09,16008,SIM-DC-01,65,993.94,0,7,7,SIM-SUP-08,UNMAPPED,synthetic_demo,SMALL FOLDING SCISSOR(POINTED EDGE)
2011-12-09,16011,SIM-DC-01,43,720.59,5,6,7,SIM-SUP-11,UNMAPPED,synthetic_demo,ANIMAL STICKERS
2011-12-09,16012,SIM-DC-01,18,57.31,5,0,14,SIM-SUP-11,UNMAPPED,synthetic_demo,FOOD/DRINK SPONGE STICKERS
2011-12-09,16014,SIM-DC-01,10,107.20,0,0,5,SIM-SUP-10,UNMAPPED,synthetic_demo,SMALL CHINESE STYLE SCISSOR
2011-12-09,16015,SIM-DC-01,1,14.15,0,0,5,SIM-SUP-05,UNMAPPED,synthetic_demo,MEDIUM CHINESE STYLE SCISSOR
2011-12-09,16016,SIM-DC-01,10,20.13,0,1,3,SIM-SUP-04,UNMAPPED,synthetic_demo,LARGE CHINESE STYLE SCISSOR
2011-12-09,16020C,SIM-DC-01,1,12.24,0,0,3,SIM-SUP-06,UNMAPPED,synthetic_demo,CLEAR STATIONERY BOX SET
2011-12-09,16033,SIM-DC-01,0,0.00,0,0,7,SIM-SUP-04,UNMAPPED,synthetic_demo,UNKNOWN
2011-12-09,16045,SIM-DC-01,86,844.33,24,13,14,SIM-SUP-07,UNMAPPED,synthetic_demo,POPART WOODEN PENCILS ASST
2011-12-09,16046,SIM-DC-01,3,19.77,0,0,14,SIM-SUP-01,UNMAPPED,synthetic_demo,TEATIME PEN CASE & PENS
2011-12-09,16048,SIM-DC-01,21,100.19,0,2,10,SIM-SUP-04,UNMAPPED,synthetic_demo,TEATIME ROUND PENCIL SHARPENER
2011-12-09,16052,SIM-DC-01,1,17.22,0,0,5,SIM-SUP-01,UNMAPPED,synthetic_demo,TEATIME PUSH DOWN RUBBER
2011-12-09,16156L,SIM-DC-01,3,74.63,0,0,3,SIM-SUP-08,UNMAPPED,synthetic_demo,WRAP CAROUSEL
2011-12-09,16156N,SIM-DC-01,1,12.60,0,0,5,SIM-SUP-04,UNMAPPED,synthetic_demo,"WRAP, FRIENDSHIP ON GREEN"
2011-12-09,16156S,SIM-DC-01,29,414.31,25,1,10,SIM-SUP-05,UNMAPPED,synthetic_demo,WRAP PINK FAIRY CAKES
2011-12-09,16161G,SIM-DC-01,3,68.39,1,0,3,SIM-SUP-09,UNMAPPED,synthetic_demo,WRAP BAD HAIR DAY
2011-12-09,16161M,SIM-DC-01,0,0.00,0,0,3,SIM-SUP-06,UNMAPPED,synthetic_demo,WRAP PINK FLOCK
2011-12-09,16161P,SIM-DC-01,19,420.80,7,3,5,SIM-SUP-04,UNMAPPED,synthetic_demo,WRAP ENGLISH ROSE
2011-12-09,16161U,SIM-DC-01,41,249.37,0,5,7,SIM-SUP-04,UNMAPPED,synthetic_demo,WRAP SUKI AND FRIENDS
2011-12-09,16168M,SIM-DC-01,8,36.31,0,1,14,SIM-SUP-01,UNMAPPED,synthetic_demo,FUNKY MONKEY GIFT BAG MEDIUM
2011-12-09,16169C,SIM-DC-01,2,13.18,0,0,7,SIM-SUP-09,UNMAPPED,synthetic_demo,WRAP BLUE REINDEER
2011-12-09,16169E,SIM-DC-01,216,992.40,0,13,5,SIM-SUP-10,UNMAPPED,synthetic_demo,WRAP 50'S CHRISTMAS
2011-12-09,16169K,SIM-DC-01,1,14.50,0,0,3,SIM-SUP-09,UNMAPPED,synthetic_demo,WRAP FOLK ART
2011-12-09,16169M,SIM-DC-01,14,345.51,0,1,14,SIM-SUP-08,UNMAPPED,synthetic_demo,WRAP DAISY CARPET
2011-12-09,16169N,SIM-DC-01,1,22.74,0,0,3,SIM-SUP-02,UNMAPPED,synthetic_demo,WRAP BLUE RUSSIAN FOLKART
2011-12-09,16169P,SIM-DC-01,1,17.32,0,0,5,SIM-SUP-06,UNMAPPED,synthetic_demo,WRAP GREEN RUSSIAN FOLKART
2011-12-09,16207A,SIM-DC-01,1,19.93,0,0,3,SIM-SUP-11,UNMAPPED,synthetic_demo,UNKNOWN
2011-12-09,16207B,SIM-DC-01,0,0.00,0,0,7,SIM-SUP-02,UNMAPPED,synthetic_demo,PINK HEART RED HANDBAG
2011-12-09,16212,SIM-DC-01,1,11.80,0,0,7,SIM-SUP-03,UNMAPPED,synthetic_demo,UNKNOWN
2011-12-09,16216,SIM-DC-01,14,334.68,0,1,3,SIM-SUP-12,UNMAPPED,synthetic_demo,LETTER SHAPE PENCIL SHARPENER
2011-12-09,16218,SIM-DC-01,21,187.36,0,2,10,SIM-SUP-04,UNMAPPED,synthetic_demo,CARTOON PENCIL SHARPENERS
2011-12-09,16219,SIM-DC-01,29,399.34,0,1,7,SIM-SUP-01,UNMAPPED,synthetic_demo,HOUSE SHAPE PENCIL SHARPENER
2011-12-09,16225,SIM-DC-01,10,174.83,2,0,5,SIM-SUP-05,UNMAPPED,synthetic_demo,RATTLE SNAKE EGGS
2011-12-09,16235,SIM-DC-01,32,659.84,8,1,3,SIM-SUP-03,UNMAPPED,synthetic_demo,RECYCLED PENCIL WITH RABBIT ERASER
2011-12-09,16236,SIM-DC-01,18,237.95,0,1,3,SIM-SUP-04,UNMAPPED,synthetic_demo,KITTY PENCIL ERASERS
2011-12-09,16237,SIM-DC-01,50,1197.66,19,2,3,SIM-SUP-04,UNMAPPED,synthetic_demo,SLEEPING CAT ERASERS
2011-12-09,16238,SIM-DC-01,65,736.76,0,5,14,SIM-SUP-08,UNMAPPED,synthetic_demo,PARTY TIME PENCIL ERASERS
2011-12-09,16256B,SIM-DC-01,2,28.72,0,0,14,SIM-SUP-11,UNMAPPED,synthetic_demo,UNKNOWN
2011-12-09,16258A,SIM-DC-01,8,107.08,0,0,3,SIM-SUP-12,UNMAPPED,synthetic_demo,SWIRLY CIRCULAR RUBBERS IN BAG
2011-12-09,16259,SIM-DC-01,3,11.34,0,0,10,SIM-SUP-02,UNMAPPED,synthetic_demo,PIECE OF CAMO STATIONERY SET
2011-12-09,17003,SIM-DC-01,255,6087.77,0,20,14,SIM-SUP-07,UNMAPPED,synthetic_demo,BROCADE RING PURSE
2011-12-09,17012A,SIM-DC-01,2,16.20,0,0,10,SIM-SUP-05,UNMAPPED,synthetic_demo,ORIGAMI VANILLA INCENSE/CANDLE SET
2011-12-09,17012B,SIM-DC-01,1,20.75,0,0,7,SIM-SUP-11,UNMAPPED,synthetic_demo,ORIGAMI JASMINE INCENSE/CANDLE SET
2011-12-09,17012C,SIM-DC-01,21,241.25,0,0,10,SIM-SUP-03,UNMAPPED,synthetic_demo,ORIGAMI LAVENDER INCENSE/CANDL SET
2011-12-09,17012D,SIM-DC-01,39,192.74,0,1,14,SIM-SUP-01,UNMAPPED,synthetic_demo,ORIGAMI ROSE INCENSE/CANDLE SET
2011-12-09,17012F,SIM-DC-01,24,95.16,13,0,7,SIM-SUP-01,UNMAPPED,synthetic_demo,ORIGAMI SANDLEWOOD INCENSE/CAND SET
2011-12-09,17013D,SIM-DC-01,1,11.64,0,0,5,SIM-SUP-07,UNMAPPED,synthetic_demo,ORIGAMI ROSE INCENSE IN TUBE
2011-12-09,17021,SIM-DC-01,3,12.53,4,0,14,SIM-SUP-07,UNMAPPED,synthetic_demo,NAMASTE SWAGAT INCENSE
2011-12-09,17033,SIM-DC-01,1,9.44,0,0,5,SIM-SUP-01,UNMAPPED,synthetic_demo,UNKNOWN
2011-12-09,17038,SIM-DC-01,9,69.71,0,0,14,SIM-SUP-05,UNMAPPED,synthetic_demo,PORCELAIN BUDAH INCENSE HOLDER
2011-12-09,17039,SIM-DC-01,2,27.56,0,0,10,SIM-SUP-10,UNMAPPED,synthetic_demo,INLAID WOOD INCENSE HOLDER
2011-12-09,17084N,SIM-DC-01,10,133.83,1,1,10,SIM-SUP-03,UNMAPPED,synthetic_demo,FAIRY DREAMS INCENSE
2011-12-09,17084P,SIM-DC-01,6,70.66,0,1,14,SIM-SUP-09,UNMAPPED,synthetic_demo,DRAGONS BLOOD INCENSE
2011-12-09,17084R,SIM-DC-01,1,24.86,0,0,7,SIM-SUP-01,UNMAPPED,synthetic_demo,ASSORTED INCENSE PACK
2011-12-09,17091A,SIM-DC-01,0,0.00,1,0,14,SIM-SUP-10,UNMAPPED,synthetic_demo,LAVENDER INCENSE IN TIN
2011-12-09,17091B,SIM-DC-01,1,20.62,0,0,10,SIM-SUP-09,UNMAPPED,synthetic_demo,JASMINE TEA INCENSE IN TIN
2011-12-09,17091J,SIM-DC-01,24,84.87,14,1,10,SIM-SUP-05,UNMAPPED,synthetic_demo,VANILLA INCENSE IN TIN
2011-12-09,17096,SIM-DC-01,4,30.54,0,1,14,SIM-SUP-12,UNMAPPED,synthetic_demo,ASSORTED LAQUERED INCENSE HOLDERS
2011-12-09,17107D,SIM-DC-01,9,86.96,0,1,14,SIM-SUP-06,UNMAPPED,synthetic_demo,FLOWER FAIRY 5 DRAWER LINERS
2011-12-09,17109D,SIM-DC-01,1,21.14,0,0,3,SIM-SUP-06,UNMAPPED,synthetic_demo,Adjustment
2011-12-09,17129D,SIM-DC-01,2,47.55,0,0,10,SIM-SUP-03,UNMAPPED,synthetic_demo,CLEAR COLOUR GLASS GEMS IN BAG
2011-12-09,17129F,SIM-DC-01,2,26.09,0,0,7,SIM-SUP-02,UNMAPPED,synthetic_demo,BLUE GLASS GEMS IN BAG
2011-12-09,17136A,SIM-DC-01,3,25.29,1,0,10,SIM-SUP-06,UNMAPPED,synthetic_demo,check
2011-12-09,17164B,SIM-DC-01,0,0.00,0,0,5,SIM-SUP-04,UNMAPPED,synthetic_demo,ASS COL SMALL SAND GECKO P'WEIGHT
2011-12-09,17165B,SIM-DC-01,2,22.45,0,0,10,SIM-SUP-07,UNMAPPED,synthetic_demo,UNKNOWN
2011-12-09,17165D,SIM-DC-01,1,9.37,0,0,10,SIM-SUP-04,UNMAPPED,synthetic_demo,UNKNOWN
2011-12-09,17181,SIM-DC-01,3,56.65,0,0,10,SIM-SUP-12,UNMAPPED,synthetic_demo,CIRCLE OF FRIENDS CANDLE HOLDER
2011-12-09,18007,SIM-DC-01,2,23.77,0,0,7,SIM-SUP-07,UNMAPPED,synthetic_demo,ESSENTIAL BALM 3.5g TIN IN ENVELOPE
2011-12-09,18094C,SIM-DC-01,2,37.48,0,0,7,SIM-SUP-04,UNMAPPED,synthetic_demo,WHITE AND BLUE CERAMIC OIL BURNER
2011-12-09,18097C,SIM-DC-01,4,33.30,0,0,10,SIM-SUP-01,UNMAPPED,synthetic_demo,WHITE TALL PORCELAIN T-LIGHT HOLDER
2011-12-09,18098C,SIM-DC-01,2,39.28,0,0,10,SIM-SUP-12,UNMAPPED,synthetic_demo,PORCELAIN BUTTERFLY OIL BURNER
2011-12-09,20615,SIM-DC-01,8,186.01,0,0,5,SIM-SUP-03,UNMAPPED,synthetic_demo,BLUE POLKADOT PASSPORT COVER
2011-12-09,20616,SIM-DC-01,3,8.66,0,0,3,SIM-SUP-06,UNMAPPED,synthetic_demo,CHERRY BLOSSOM PASSPORT COVER
2011-12-09,20617,SIM-DC-01,3,13.99,0,0,5,SIM-SUP-02,UNMAPPED,synthetic_demo,FIRST CLASS PASSPORT COVER
2011-12-09,20618,SIM-DC-01,3,15.12,1,0,10,SIM-SUP-06,UNMAPPED,synthetic_demo,QUEEN OF THE SKIES PASSPORT COVER
2011-12-09,20619,SIM-DC-01,5,43.71,0,0,7,SIM-SUP-04,UNMAPPED,synthetic_demo,TROPICAL PASSPORT COVER
2011-12-09,20621,SIM-DC-01,1,6.38,0,0,7,SIM-SUP-07,UNMAPPED,synthetic_demo,UNKNOWN
2011-12-09,20622,SIM-DC-01,6,103.52,0,1,14,SIM-SUP-11,UNMAPPED,synthetic_demo,VIP PASSPORT COVER
2011-12-09,20652,SIM-DC-01,9,58.68,0,1,10,SIM-SUP-06,UNMAPPED,synthetic_demo,BLUE POLKADOT LUGGAGE TAG
2011-12-09,20653,SIM-DC-01,8,125.00,1,0,10,SIM-SUP-05,UNMAPPED,synthetic_demo,CHERRY BLOSSOM LUGGAGE TAG
2011-12-09,20654,SIM-DC-01,6,16.76,0,0,10,SIM-SUP-03,UNMAPPED,synthetic_demo,FIRST CLASS LUGGAGE TAG
2011-12-09,20655,SIM-DC-01,2,29.42,0,0,3,SIM-SUP-06,UNMAPPED,synthetic_demo,QUEEN OF SKIES LUGGAGE TAG
2011-12-09,20657,SIM-DC-01,2,22.16,0,0,5,SIM-SUP-08,UNMAPPED,synthetic_demo,TROPICAL LUGGAGE TAG
2011-12-09,20658,SIM-DC-01,1,15.24,0,0,3,SIM-SUP-09,UNMAPPED,synthetic_demo,RED RETROSPOT LUGGAGE TAG
2011-12-09,20659,SIM-DC-01,1,18.55,0,0,7,SIM-SUP-01,UNMAPPED,synthetic_demo,ECONOMY LUGGAGE TAG
2011-12-09,20661,SIM-DC-01,2,30.91,0,0,10,SIM-SUP-07,UNMAPPED,synthetic_demo,BLUE POLKADOT PURSE
2011-12-09,20662,SIM-DC-01,1,22.65,0,0,3,SIM-SUP-11,UNMAPPED,synthetic_demo,FIRST CLASS HOLIDAY PURSE
2011-12-09,20663,SIM-DC-01,1,22.63,0,0,5,SIM-SUP-04,UNMAPPED,synthetic_demo,QUEEN OF THE SKIES HOLIDAY PURSE
2011-12-09,20664,SIM-DC-01,1,13.10,0,0,5,SIM-SUP-10,UNMAPPED,synthetic_demo,TROPICAL HOLIDAY PURSE
2011-12-09,20665,SIM-DC-01,2,46.20,0,0,5,SIM-SUP-05,UNMAPPED,synthetic_demo,RED RETROSPOT PURSE
2011-12-09,20666,SIM-DC-01,1,10.24,0,0,10,SIM-SUP-04,UNMAPPED,synthetic_demo,ECONOMY HOLIDAY PURSE
2011-12-09,20668,SIM-DC-01,615,15192.97,0,32,14,SIM-SUP-01,UNMAPPED,synthetic_demo,DISCO BALL CHRISTMAS DECORATION
2011-12-09,20669,SIM-DC-01,6,30.26,0,1,10,SIM-SUP-01,UNMAPPED,synthetic_demo,RED HEART LUGGAGE TAG
2011-12-09,20670,SIM-DC-01,1,6.65,0,0,5,SIM-SUP-06,UNMAPPED,synthetic_demo,VIP HOLIDAY PURSE
2011-12-09,20671,SIM-DC-01,1,6.95,0,0,3,SIM-SUP-11,UNMAPPED,synthetic_demo,BLUE TEATIME PRINT BOWL
2011-12-09,20672,SIM-DC-01,4,14.47,1,0,14,SIM-SUP-06,UNMAPPED,synthetic_demo,UNKNOWN
2011-12-09,20674,SIM-DC-01,8,85.51,4,0,3,SIM-SUP-03,UNMAPPED,synthetic_demo,GREEN POLKADOT BOWL
2011-12-09,20675,SIM-DC-01,56,1053.48,0,7,10,SIM-SUP-07,UNMAPPED,synthetic_demo,BLUE POLKADOT BOWL
2011-12-09,20676,SIM-DC-01,34,820.19,0,2,5,SIM-SUP-11,UNMAPPED,synthetic_demo,RED RETROSPOT BOWL
2011-12-09,20677,SIM-DC-01,41,582.66,0,5,14,SIM-SUP-09,UNMAPPED,synthetic_demo,PINK POLKADOT BOWL
2011-12-09,20679,SIM-DC-01,13,178.55,0,1,3,SIM-SUP-07,UNMAPPED,synthetic_demo,EDWARDIAN PARASOL RED
2011-12-09,20681,SIM-DC-01,2,44.16,0,0,14,SIM-SUP-05,UNMAPPED,synthetic_demo,PINK POLKADOT CHILDRENS UMBRELLA
2011-12-09,20682,SIM-DC-01,29,316.71,0,2,14,SIM-SUP-09,UNMAPPED,synthetic_demo,RED RETROSPOT CHILDRENS UMBRELLA
2011-12-09,20684,SIM-DC-01,1,17.83,0,0,3,SIM-SUP-11,UNMAPPED,synthetic_demo,UNKNOWN
2011-12-09,20685,SIM-DC-01,28,290.66,0,1,3,SIM-SUP-08,UNMAPPED,synthetic_demo,DOORMAT RED RETROSPOT
2011-12-09,20686,SIM-DC-01,5,91.36,0,0,5,SIM-SUP-11,UNMAPPED,synthetic_demo,DOLLY MIXTURE CHILDREN'S UMBRELLA
2011-12-09,20689,SIM-DC-01,1,24.19,0,0,5,SIM-SUP-12,UNMAPPED,synthetic_demo,RETRO SISTERS EXPRESSO CUPS
2011-12-09,20692,SIM-DC-01,3,18.95,0,0,10,SIM-SUP-09,UNMAPPED,synthetic_demo,UNKNOWN
2011-12-09,20694,SIM-DC-01,1,7.31,0,0,5,SIM-SUP-03,UNMAPPED,synthetic_demo,FLORAL PINK MONSTER
2011-12-09,20695,SIM-DC-01,1,18.68,0,0,3,SIM-SUP-07,UNMAPPED,synthetic_demo,FLORAL BLUE MONSTER
2011-12-09,20696,SIM-DC-01,3,71.72,0,0,14,SIM-SUP-02,UNMAPPED,synthetic_demo,FLORAL SOFT CAR TOY
2011-12-09,20699,SIM-DC-01,2,37.33,1,0,7,SIM-SUP-07,UNMAPPED,synthetic_demo,MOUSEY LONG LEGS SOFT TOY
2011-12-09,20700,SIM-DC-01,2,39.62,0,0,7,SIM-SUP-03,UNMAPPED,synthetic_demo,GREEN CAT FLORAL CUSHION COVER
2011-12-09,20701,SIM-DC-01,1,10.75,0,0,10,SIM-SUP-08,UNMAPPED,synthetic_demo,PINK CAT FLORAL CUSHION COVER
2011-12-09,20702,SIM-DC-01,2,10.06,0,0,5,SIM-SUP-05,UNMAPPED,synthetic_demo,PINK PADDED MOBILE
2011-12-09,20703,SIM-DC-01,1,12.46,0,0,7,SIM-SUP-05,UNMAPPED,synthetic_demo,BLUE PADDED SOFT MOBILE
2011-12-09,20704,SIM-DC-01,2,19.57,0,0,3,SIM-SUP-01,UNMAPPED,synthetic_demo,MR ROBOT SOFT TOY
2011-12-09,20705,SIM-DC-01,2,13.63,0,0,7,SIM-SUP-11,UNMAPPED,synthetic_demo,MRS ROBOT SOFT TOY
2011-12-09,20707,SIM-DC-01,2,5.52,1,0,14,SIM-SUP-01,UNMAPPED,synthetic_demo,CRAZY DAISY HEART DECORATION
2011-12-09,20711,SIM-DC-01,31,752.10,8,2,3,SIM-SUP-04,UNMAPPED,synthetic_demo,JUMBO BAG TOYS
2011-12-09,20712,SIM-DC-01,183,1451.81,0,15,14,SIM-SUP-05,UNMAPPED,synthetic_demo,JUMBO BAG WOODLAND ANIMALS
2011-12-09,20713,SIM-DC-01,129,1430.45,0,5,14,SIM-SUP-05,UNMAPPED,synthetic_demo,JUMBO BAG OWLS
2011-12-09,20716,SIM-DC-01,1,22.97,0,0,10,SIM-SUP-12,UNMAPPED,synthetic_demo,UNKNOWN
2011-12-09,20717,SIM-DC-01,154,2339.81,0,6,14,SIM-SUP-10,UNMAPPED,synthetic_demo,STRAWBERRY SHOPPER BAG
2011-12-09,20718,SIM-DC-01,157,2504.11,0,17,7,SIM-SUP-04,UNMAPPED,synthetic_demo,RED RETROSPOT SHOPPER BAG
2011-12-09,20719,SIM-DC-01,54,251.79,0,3,5,SIM-SUP-05,UNMAPPED,synthetic_demo,WOODLAND CHARLOTTE BAG
2011-12-09,20723,SIM-DC-01,340,7801.46,0,36,14,SIM-SUP-10,UNMAPPED,synthetic_demo,STRAWBERRY CHARLOTTE BAG
2011-12-09,20724,SIM-DC-01,276,1202.86,0,41,7,SIM-SUP-12,UNMAPPED,synthetic_demo,RED RETROSPOT CHARLOTTE BAG
2011-12-09,20725,SIM-DC-01,60,1168.26,0,9,3,SIM-SUP-06,UNMAPPED,synthetic_demo,LUNCH BAG RED RETROSPOT
2011-12-09,20726,SIM-DC-01,78,1536.66,0,11,3,SIM-SUP-08,UNMAPPED,synthetic_demo,LUNCH BAG WOODLAND
2011-12-09,20727,SIM-DC-01,134,2859.86,0,17,7,SIM-SUP-11,UNMAPPED,synthetic_demo,LUNCH BAG BLACK SKULL.
2011-12-09,20728,SIM-DC-01,82,1461.25,0,10,3,SIM-SUP-10,UNMAPPED,synthetic_demo,LUNCH BAG CARS BLUE
2011-12-09,20729,SIM-DC-01,0,0.00,0,0,10,SIM-SUP-05,UNMAPPED,synthetic_demo,UNKNOWN
2011-12-09,20730,SIM-DC-01,1,13.96,0,0,3,SIM-SUP-05,UNMAPPED,synthetic_demo,STRAWBERRY CANDY BAG
2011-12-09,20731,SIM-DC-01,1,23.22,0,0,3,SIM-SUP-01,UNMAPPED,synthetic_demo,UNKNOWN
2011-12-09,20733,SIM-DC-01,20,432.46,0,0,7,SIM-SUP-06,UNMAPPED,synthetic_demo,GOLD MINI TAPE MEASURE
2011-12-09,20734,SIM-DC-01,1,20.96,1,0,7,SIM-SUP-09,UNMAPPED,synthetic_demo,SILVER MINI TAPE MEASURE
2011-12-09,20735,SIM-DC-01,5,124.74,0,1,7,SIM-SUP-06,UNMAPPED,synthetic_demo,BLACK MINI TAPE MEASURE
2011-12-09,20738,SIM-DC-01,2,13.71,0,0,5,SIM-SUP-02,UNMAPPED,synthetic_demo,GREEN MINI TAPE MEASURE
2011-12-09,20747,SIM-DC-01,1,20.00,0,0,14,SIM-SUP-01,UNMAPPED,synthetic_demo,UNKNOWN
2011-12-09,20748,SIM-DC-01,1,16.38,0,0,3,SIM-SUP-03,UNMAPPED,synthetic_demo,KENSINGTON COFFEE SET
2011-12-09,20749,SIM-DC-01,48,1192.33,3,5,5,SIM-SUP-04,UNMAPPED,synthetic_demo,ASSORTED COLOUR MINI CASES
2011-12-09,20750,SIM-DC-01,91,280.01,0,10,14,SIM-SUP-04,UNMAPPED,synthetic_demo,RED RETROSPOT MINI CASES
2011-12-09,20751,SIM-DC-01,12,108.02,0,0,5,SIM-SUP-02,UNMAPPED,synthetic_demo,FUNKY WASHING UP GLOVES ASSORTED
2011-12-09,20752,SIM-DC-01,4,10.50,0,1,7,SIM-SUP-08,UNMAPPED,synthetic_demo,BLUE POLKADOT WASHING UP GLOVES
2011-12-09,20754,SIM-DC-01,12,245.79,0,2,10,SIM-SUP-06,UNMAPPED,synthetic_demo,RETROSPOT RED WASHING UP GLOVES
2011-12-09,20755,SIM-DC-01,31,736.41,0,2,14,SIM-SUP-05,UNMAPPED,synthetic_demo,BLUE PAISLEY POCKET BOOK
2011-12-09,20756,SIM-DC-01,7,157.16,0,1,14,SIM-SUP-07,UNMAPPED,synthetic_demo,GREEN FERN POCKET BOOK
2011-12-09,20757,SIM-DC-01,23,359.31,0,3,14,SIM-SUP-01,UNMAPPED,synthetic_demo,RED DAISY POCKET BOOK
2011-12-09,20758,SIM-DC-01,3,27.58,0,0,3,SIM-SUP-03,UNMAPPED,synthetic_demo,ABSTRACT CIRCLES POCKET BOOK
2011-12-09,20759,SIM-DC-01,2,33.61,0,0,5,SIM-SUP-12,UNMAPPED,synthetic_demo,CHRYSANTHEMUM POCKET BOOK
2011-12-09,20760,SIM-DC-01,3,8.12,0,0,5,SIM-SUP-01,UNMAPPED,synthetic_demo,GARDEN PATH POCKET BOOK
2011-12-09,20761,SIM-DC-01,4,53.32,0,0,7,SIM-SUP-08,UNMAPPED,synthetic_demo,BLUE PAISLEY SKETCHBOOK
2011-12-09,20762,SIM-DC-01,2,10.73,0,0,10,SIM-SUP-05,UNMAPPED,synthetic_demo,GREEN FERN SKETCHBOOK
2011-12-09,20763,SIM-DC-01,10,192.36,0,1,14,SIM-SUP-06,UNMAPPED,synthetic_demo,DAISY SKETCHBOOK
2011-12-09,20764,SIM-DC-01,7,96.50,0,0,10,SIM-SUP-11,UNMAPPED,synthetic_demo,ABSTRACT CIRCLES SKETCHBOOK
2011-12-09,20765,SIM-DC-01,1,24.27,0,0,10,SIM-SUP-02,UNMAPPED,synthetic_demo,CHRYSANTHEMUM SKETCHBOOK
2011-12-09,20766,SIM-DC-01,11,123.64,0,1,14,SIM-SUP-07,UNMAPPED,synthetic_demo,GARDEN PATH SKETCHBOOK
2011-12-09,20767,SIM-DC-01,3,12.98,0,0,10,SIM-SUP-08,UNMAPPED,synthetic_demo,BLUE PAISLEY JOURNAL
2011-12-09,20768,SIM-DC-01,7,172.14,0,1,5,SIM-SUP-09,UNMAPPED,synthetic_demo,GREEN FERN JOURNAL
2011-12-09,20769,SIM-DC-01,3,22.24,0,0,7,SIM-SUP-03,UNMAPPED,synthetic_demo,DAISY JOURNAL
2011-12-09,20770,SIM-DC-01,4,13.95,1,0,10,SIM-SUP-02,UNMAPPED,synthetic_demo,ABSTRACT CIRCLE JOURNAL
2011-12-09,20771,SIM-DC-01,5,91.45,0,1,14,SIM-SUP-02,UNMAPPED,synthetic_demo,CHRYSANTHEMUM JOURNAL
2011-12-09,20772,SIM-DC-01,16,366.75,0,2,10,SIM-SUP-05,UNMAPPED,synthetic_demo,GARDEN PATH JOURNAL
2011-12-09,20773,SIM-DC-01,2,18.31,0,0,5,SIM-SUP-07,UNMAPPED,synthetic_demo,BLUE PAISLEY NOTEBOOK
2011-12-09,20774,SIM-DC-01,2,12.69,0,0,10,SIM-SUP-05,UNMAPPED,synthetic_demo,GREEN FERN NOTEBOOK
2011-12-09,20775,SIM-DC-01,4,74.97,2,0,3,SIM-SUP-04,UNMAPPED,synthetic_demo,DAISY NOTEBOOK
2011-12-09,20776,SIM-DC-01,0,0.00,0,0,3,SIM-SUP-09,UNMAPPED,synthetic_demo,ABSTRACT CIRCLES NOTEBOOK
2011-12-09,20777,SIM-DC-01,21,253.39,0,2,5,SIM-SUP-11,UNMAPPED,synthetic_demo,CHRYSANTHEMUM NOTEBOOK
2011-12-09,20778,SIM-DC-01,3,71.49,0,0,10,SIM-SUP-06,UNMAPPED,synthetic_demo,UNKNOWN
2011-12-09,20780,SIM-DC-01,6,98.10,0,1,14,SIM-SUP-04,UNMAPPED,synthetic_demo,BLACK EAR MUFF HEADPHONES
2011-12-09,20781,SIM-DC-01,3,25.98,0,0,3,SIM-SUP-07,UNMAPPED,synthetic_demo,GOLD EAR MUFF HEADPHONES
2011-12-09,20782,SIM-DC-01,2,15.33,0,0,5,SIM-SUP-01,UNMAPPED,synthetic_demo,CAMOUFLAGE EAR MUFF HEADPHONES
2011-12-09,20783,SIM-DC-01,2,38.61,0,0,10,SIM-SUP-04,UNMAPPED,synthetic_demo,HEART EAR MUFF HEADPHONES
2011-12-09,20784,SIM-DC-01,2,36.80,0,0,7,SIM-SUP-05,UNMAPPED,synthetic_demo,RED RETRO BAR STOOL
2011-12-09,20785,SIM-DC-01,1,5.18,0,0,7,SIM-SUP-03,UNMAPPED,synthetic_demo,FUSCHIA RETRO BAR STOOL
2011-12-09,20786,SIM-DC-01,2,37.01,0,0,14,SIM-SUP-05,UNMAPPED,synthetic_demo,BLACK RETRO BAR STOOL
2011-12-09,20794,SIM-DC-01,2,16.83,2,0,7,SIM-SUP-02,UNMAPPED,synthetic_demo,BLUE TILE HOOK
2011-12-09,20798,SIM-DC-01,0,0.00,0,0,5,SIM-SUP-07,UNMAPPED,synthetic_demo,UNKNOWN
2011-12-09,20801,SIM-DC-01,1,13.76,0,0,10,SIM-SUP-07,UNMAPPED,synthetic_demo,UNKNOWN
2011-12-09,20802,SIM-DC-01,3,29.34,1,0,14,SIM-SUP-05,UNMAPPED,synthetic_demo,SMALL GLASS SUNDAE DISH CLEAR
2011-12-09,20803,SIM-DC-01,0,0.00,0,0,3,SIM-SUP-04,UNMAPPED,synthetic_demo,SMALL PINK GLASS SUNDAE DISH
2011-12-09,20804,SIM-DC-01,2,46.16,0,0,14,SIM-SUP-10,UNMAPPED,synthetic_demo,GLASS CHICKEN BUTTER DISH
2011-12-09,20819,SIM-DC-01,2,17.61,0,0,3,SIM-SUP-02,UNMAPPED,synthetic_demo,SILVER TEDDY BEAR
2011-12-09,20828,SIM-DC-01,47,849.89,5,4,7,SIM-SUP-06,UNMAPPED,synthetic_demo,GLITTER BUTTERFLY CLIPS
2011-12-09,20829,SIM-DC-01,21,308.58,0,2,7,SIM-SUP-11,UNMAPPED,synthetic_demo,GLITTER HANGING BUTTERFLY STRING
2011-12-09,20830,SIM-DC-01,2,33.99,0,0,14,SIM-SUP-03,UNMAPPED,synthetic_demo,SILVER PHOTO FRAME
2011-12-09,20831,SIM-DC-01,1,3.76,0,0,3,SIM-SUP-05,UNMAPPED,synthetic_demo,GOLD PHOTO FRAME
2011-12-09,20832,SIM-DC-01,3,35.30,1,0,3,SIM-SUP-08,UNMAPPED,synthetic_demo,RED FLOCK LOVE HEART PHOTO FRAME
2011-12-09,20838,SIM-DC-01,7,156.59,1,0,5,SIM-SUP-03,UNMAPPED,synthetic_demo,FRENCH LATTICE CUSHION COVER
2011-12-09,20839,SIM-DC-01,13,70.52,4,0,10,SIM-SUP-12,UNMAPPED,synthetic_demo,FRENCH PAISLEY CUSHION COVER
2011-12-09,20840,SIM-DC-01,7,54.43,2,1,3,SIM-SUP-07,UNMAPPED,synthetic_demo,FRENCH FLORAL CUSHION COVER
2011-12-09,20846,SIM-DC-01,14,254.52,0,0,5,SIM-SUP-03,UNMAPPED,synthetic_demo,ZINC HEART LATTICE T-LIGHT HOLDER
2011-12-09,20854,SIM-DC-01,3,34.42,0,0,10,SIM-SUP-07,UNMAPPED,synthetic_demo,BLUE PATCH PURSE PINK HEART
2011-12-09,20855,SIM-DC-01,1,17.18,0,0,7,SIM-SUP-04,UNMAPPED,synthetic_demo,PINK PATCH PURSE BLUE HEART
2011-12-09,20856,SIM-DC-01,3,50.15,0,0,10,SIM-SUP-02,UNMAPPED,synthetic_demo,DENIM PATCH PURSE PINK BUTTERFLY
2011-12-09,20857,SIM-DC-01,2,15.53,0,0,10,SIM-SUP-10,UNMAPPED,synthetic_demo,BLUE ROSE PATCH PURSE PINK BUTTERFL
2011-12-09,20862,SIM-DC-01,3,34.87,0,0,10,SIM-SUP-08,UNMAPPED,synthetic_demo,PINK PATCH PENCIL CASE BLUE HEART
2011-12-09,20863,SIM-DC-01,0,0.00,0,0,3,SIM-SUP-12,UNMAPPED,synthetic_demo,BLUE PATCH PENCIL CASE PINK HEART
2011-12-09,20865,SIM-DC-01,2,29.12,0,0,7,SIM-SUP-03,UNMAPPED,synthetic_demo,PATCHWORK PENCIL CASE BUTTERFLY
2011-12-09,20866,SIM-DC-01,6,21.61,0,0,7,SIM-SUP-04,UNMAPPED,synthetic_demo,BLUE ROSE FABRIC MIRROR
2011-12-09,20867,SIM-DC-01,7,169.36,0,0,14,SIM-SUP-01,UNMAPPED,synthetic_demo,PINK ROSE FABRIC MIRROR
2011-12-09,20868,SIM-DC-01,27,104.88,0,1,7,SIM-SUP-11,UNMAPPED,synthetic_demo,SILVER FABRIC MIRROR
2011-12-09,20869,SIM-DC-01,7,103.62,0,1,3,SIM-SUP-08,UNMAPPED,synthetic_demo,GOLD FABRIC MIRROR
2011-12-09,20871,SIM-DC-01,0,0.00,0,0,3,SIM-SUP-07,UNMAPPED,synthetic_demo,OPULENT VELVET SET/3 CANDLES
2011-12-09,20878,SIM-DC-01,1,20.14,0,0,14,SIM-SUP-11,UNMAPPED,synthetic_demo,UNKNOWN
2011-12-09,20886,SIM-DC-01,1,4.91,0,0,3,SIM-SUP-08,UNMAPPED,synthetic_demo,BOX OF 9 PEBBLE CANDLES
2011-12-09,20892,SIM-DC-01,1,12.46,0,0,14,SIM-SUP-12,UNMAPPED,synthetic_demo,SET/3 TALL GLASS CANDLE HOLDER PINK
2011-12-09,20893,SIM-DC-01,6,72.12,0,1,7,SIM-SUP-08,UNMAPPED,synthetic_demo,HANGING BAUBLE T-LIGHT HOLDER SMALL
2011-12-09,20894,SIM-DC-01,3,24.52,0,0,10,SIM-SUP-08,UNMAPPED,synthetic_demo,HANGING BAUBLE T-LIGHT HOLDER LARGE
2011-12-09,20897,SIM-DC-01,2,30.78,0,0,7,SIM-SUP-04,UNMAPPED,synthetic_demo,VINTAGE NOTEBOOK PARIS DAYS
2011-12-09,20898,SIM-DC-01,1,17.03,0,0,3,SIM-SUP-02,UNMAPPED,synthetic_demo,VINTAGE NOTEBOOK TRAVELOGUE
2011-12-09,20901,SIM-DC-01,1,18.93,0,0,3,SIM-SUP-08,UNMAPPED,synthetic_demo,VINTAGE KEEPSAKE BOX PINK FLOWER
2011-12-09,20902,SIM-DC-01,1,12.76,0,0,5,SIM-SUP-03,UNMAPPED,synthetic_demo,VINTAGE KEEPSAKE BOX PARIS DAYS
2011-12-09,20903,SIM-DC-01,1,16.97,0,0,3,SIM-SUP-11,UNMAPPED,synthetic_demo,VINTAGE KEEPSAKE BOX TRAVELOGUE
2011-12-09,20906,SIM-DC-01,2,44.98,0,0,7,SIM-SUP-12,UNMAPPED,synthetic_demo,VINTAGE NOTEBOOK BEAUTY GIRL
2011-12-09,20910,SIM-DC-01,2,28.48,0,0,10,SIM-SUP-04,UNMAPPED,synthetic_demo,VINTAGE PHOTO ALBUM PARIS DAYS
2011-12-09,20914,SIM-DC-01,184,1108.23,38,24,14,SIM-SUP-09,UNMAPPED,synthetic_demo,SET/5 RED RETROSPOT LID GLASS BOWLS
2011-12-09,20931,SIM-DC-01,14,133.17,0,1,7,SIM-SUP-04,UNMAPPED,synthetic_demo,BLUE POT PLANT CANDLE
2011-12-09,20932,SIM-DC-01,8,109.62,0,1,7,SIM-SUP-08,UNMAPPED,synthetic_demo,PINK POT PLANT CANDLE
2011-12-09,20933,SIM-DC-01,1,5.60,0,0,5,SIM-SUP-03,UNMAPPED,synthetic_demo,YELLOW POT PLANT CANDLE
2011-12-09,20934,SIM-DC-01,2,48.83,0,0,5,SIM-SUP-09,UNMAPPED,synthetic_demo,SET/3 POT PLANT CANDLES
2011-12-09,20935,SIM-DC-01,1,22.17,0,0,3,SIM-SUP-03,UNMAPPED,synthetic_demo,ROUND CACTUS CANDLE
2011-12-09,20936,SIM-DC-01,5,50.47,0,0,3,SIM-SUP-09,UNMAPPED,synthetic_demo,FORKED CACTUS CANDLE
2011-12-09,20941,SIM-DC-01,2,40.64,0,0,7,SIM-SUP-04,UNMAPPED,synthetic_demo,FROG CANDLE
2011-12-09,20943,SIM-DC-01,1,23.81,0,0,14,SIM-SUP-10,UNMAPPED,synthetic_demo,SET/6 GINGERBREAD STAR T-LIGHTS
2011-12-09,20950,SIM-DC-01,3,16.48,0,0,10,SIM-SUP-01,UNMAPPED,synthetic_demo,UNKNOWN
2011-12-09,20956,SIM-DC-01,63,533.98,0,7,7,SIM-SUP-12,UNMAPPED,synthetic_demo,PORCELAIN T-LIGHT HOLDERS ASSORTED
2011-12-09,20960,SIM-DC-01,1,15.08,0,0,5,SIM-SUP-02,UNMAPPED,synthetic_demo,WATERMELON BATH SPONGE
2011-12-09,20961,SIM-DC-01,94,1751.85,0,12,7,SIM-SUP-04,UNMAPPED,synthetic_demo,STRAWBERRY BATH SPONGE
2011-12-09,20963,SIM-DC-01,88,1103.67,0,10,14,SIM-SUP-07,UNMAPPED,synthetic_demo,APPLE BATH SPONGE
2011-12-09,20966,SIM-DC-01,2,19.46,0,0,7,SIM-SUP-05,UNMAPPED,synthetic_demo,SANDWICH BATH SPONGE
2011-12-09,20967,SIM-DC-01,1,24.84,0,0,7,SIM-SUP-12,UNMAPPED,synthetic_demo,GREY FLORAL FELTCRAFT SHOULDER BAG
2011-12-09,20969,SIM-DC-01,69,1122.03,0,6,7,SIM-SUP-02,UNMAPPED,synthetic_demo,RED FLORAL FELTCRAFT SHOULDER BAG
2011-12-09,20970,SIM-DC-01,141,2244.91,0,8,14,SIM-SUP-11,UNMAPPED,synthetic_demo,PINK FLORAL FELTCRAFT SHOULDER BAG
2011-12-09,20971,SIM-DC-01,141,789.50,22,6,3,SIM-SUP-06,UNMAPPED,synthetic_demo,PINK BLUE FELT CRAFT TRINKET BOX
2011-12-09,20972,SIM-DC-01,350,3449.20,45,48,7,SIM-SUP-07,UNMAPPED,synthetic_demo,PINK CREAM FELT CRAFT TRINKET BOX
2011-12-09,20973,SIM-DC-01,445,8942.49,0,54,14,SIM-SUP-12,UNMAPPED,synthetic_demo,12 PENCIL SMALL TUBE WOODLAND
2011-12-09,20974,SIM-DC-01,12,79.51,1,1,7,SIM-SUP-10,UNMAPPED,synthetic_demo,12 PENCILS SMALL TUBE SKULL
2011-12-09,20975,SIM-DC-01,170,874.20,0,22,5,SIM-SUP-07,UNMAPPED,synthetic_demo,12 PENCILS SMALL TUBE RED RETROSPOT
2011-12-09,20976,SIM-DC-01,0,0.00,0,0,3,SIM-SUP-11,UNMAPPED,synthetic_demo,UNKNOWN
2011-12-09,20977,SIM-DC-01,1,7.38,0,0,3,SIM-SUP-04,UNMAPPED,synthetic_demo,36 PENCILS TUBE WOODLAND
2011-12-09,20978,SIM-DC-01,56,1271.39,7,3,3,SIM-SUP-08,UNMAPPED,synthetic_demo,36 PENCILS TUBE SKULLS
2011-12-09,20979,SIM-DC-01,103,1817.36,7,1,5,SIM-SUP-08,UNMAPPED,synthetic_demo,36 PENCILS TUBE RED RETROSPOT
2011-12-09,20980,SIM-DC-01,0,0.00,0,0,3,SIM-SUP-08,UNMAPPED,synthetic_demo,36 PENCILS TUBE POSY
2011-12-09,20981,SIM-DC-01,30,99.46,0,2,3,SIM-SUP-09,UNMAPPED,synthetic_demo,12 PENCILS TALL TUBE WOODLAND
2011-12-09,20982,SIM-DC-01,173,2580.98,2,13,7,SIM-SUP-05,UNMAPPED,synthetic_demo,12 PENCILS TALL TUBE SKULLS
2011-12-09,20983,SIM-DC-01,76,238.21,0,9,14,SIM-SUP-12,UNMAPPED,synthetic_demo,12 PENCILS TALL TUBE RED RETROSPOT
2011-12-09,20984,SIM-DC-01,1,7.37,0,0,5,SIM-SUP-02,UNMAPPED,synthetic_demo,12 PENCILS TALL TUBE POSY
2011-12-09,20985,SIM-DC-01,20,230.58,0,1,10,SIM-SUP-04,UNMAPPED,synthetic_demo,HEART CALCULATOR
2011-12-09,20986,SIM-DC-01,13,66.71,0,2,3,SIM-SUP-12,UNMAPPED,synthetic_demo,BLUE CALCULATOR RULER
2011-12-09,20989,SIM-DC-01,2,8.37,0,0,14,SIM-SUP-07,UNMAPPED,synthetic_demo,UNKNOWN
2011-12-09,20990,SIM-DC-01,1,20.41,0,0,10,SIM-SUP-09,UNMAPPED,synthetic_demo,SPRING FLOWER CHOPSTICKS SET/5
2011-12-09,20992,SIM-DC-01,118,706.63,0,9,5,SIM-SUP-11,UNMAPPED,synthetic_demo,JAZZ HEARTS PURSE NOTEBOOK
2011-12-09,20996,SIM-DC-01,44,852.40,14,6,7,SIM-SUP-06,UNMAPPED,synthetic_demo,JAZZ HEARTS ADDRESS BOOK
2011-12-09,20997,SIM-DC-01,9,177.30,0,1,10,SIM-SUP-05,UNMAPPED,synthetic_demo,ROSE DU SUD CUSHION COVER
2011-12-09,20998,SIM-DC-01,1,3.42,0,0,5,SIM-SUP-05,UNMAPPED,synthetic_demo,ROSE DU SUD OVEN GLOVE
2011-12-09,21000,SIM-DC-01,4,8.14,0,0,14,SIM-SUP-04,UNMAPPED,synthetic_demo,ROSE DU SUD COSMETICS BAG
2011-12-09,21001,SIM-DC-01,1,17.69,0,0,3,SIM-SUP-01,UNMAPPED,synthetic_demo,ROSE DU SUD WASHBAG
2011-12-09,21002,SIM-DC-01,1,24.52,0,0,7,SIM-SUP-02,UNMAPPED,synthetic_demo,ROSE DU SUD DRAWSTRING BAG
2011-12-09,21003,SIM-DC-01,3,29.52,0,0,5,SIM-SUP-09,UNMAPPED,synthetic_demo,ROSE DU SUD CUSHION COVER
2011-12-09,21004,SIM-DC-01,2,18.41,0,0,10,SIM-SUP-03,UNMAPPED,synthetic_demo,ROSE DU SUD CHILDRENS APRON
2011-12-09,21007,SIM-DC-01,0,0.00,1,0,10,SIM-SUP-08,UNMAPPED,synthetic_demo,UNKNOWN
2011-12-09,21009,SIM-DC-01,1,19.35,0,0,5,SIM-SUP-07,UNMAPPED,synthetic_demo,UNKNOWN
2011-12-09,21010,SIM-DC-01,1,10.70,0,0,10,SIM-SUP-01,UNMAPPED,synthetic_demo,UNKNOWN
2011-12-09,21011,SIM-DC-01,0,0.00,0,0,3,SIM-SUP-06,UNMAPPED,synthetic_demo,GLITTER SNOW PEAR TREE DECORATION
2011-12-09,21012,SIM-DC-01,41,977.38,0,2,10,SIM-SUP-02,UNMAPPED,synthetic_demo,ANTIQUE ALL GLASS CANDLESTICK
2011-12-09,21014,SIM-DC-01,40,89.07,0,2,10,SIM-SUP-09,UNMAPPED,synthetic_demo,SWISS CHALET TREE DECORATION
2011-12-09,21015,SIM-DC-01,304,7324.04,0,23,14,SIM-SUP-02,UNMAPPED,synthetic_demo,DARK BIRD HOUSE TREE DECORATION
2011-12-09,21016,SIM-DC-01,1,11.93,0,0,5,SIM-SUP-04,UNMAPPED,synthetic_demo,LIGHT BIRD HOUSE TREE DECORATION
2011-12-09,21017,SIM-DC-01,1,20.80,0,0,14,SIM-SUP-05,UNMAPPED,synthetic_demo,RED BIRD HOUSE TREE DECORATION
2011-12-09,21018,SIM-DC-01,2,46.70,0,0,7,SIM-SUP-10,UNMAPPED,synthetic_demo,BIRD BOX CHRISTMAS TREE DECORATION
2011-12-09,21025,SIM-DC-01,4,28.71,0,0,3,SIM-SUP-04,UNMAPPED,synthetic_demo,SPACE FROG
2011-12-09,21026,SIM-DC-01,14,115.19,0,0,10,SIM-SUP-05,UNMAPPED,synthetic_demo,SPACE OWL
2011-12-09,21027,SIM-DC-01,2,34.26,0,0,5,SIM-SUP-06,UNMAPPED,synthetic_demo,NINJA RABBIT PINK
2011-12-09,21028,SIM-DC-01,3,48.24,0,0,3,SIM-SUP-07,UNMAPPED,synthetic_demo,NINJA RABBIT BLACK
2011-12-09,21030,SIM-DC-01,3,67.01,0,0,7,SIM-SUP-07,UNMAPPED,synthetic_demo,SPACE CADET RED
2011-12-09,21031,SIM-DC-01,2,47.09,0,0,5,SIM-SUP-04,UNMAPPED,synthetic_demo,SPACE CADET BLACK
2011-12-09,21032,SIM-DC-01,1,13.24,0,0,3,SIM-SUP-02,UNMAPPED,synthetic_demo,SPACE CADET WHITE
2011-12-09,21033,SIM-DC-01,2,28.40,1,0,10,SIM-SUP-11,UNMAPPED,synthetic_demo,JUMBO BAG CHARLIE AND LOLA TOYS
2011-12-09,21034,SIM-DC-01,59,603.96,0,5,7,SIM-SUP-02,UNMAPPED,synthetic_demo,REX CASH+CARRY JUMBO SHOPPER
2011-12-09,21035,SIM-DC-01,61,196.55,0,2,14,SIM-SUP-08,UNMAPPED,synthetic_demo,SET/2 RED RETROSPOT TEA TOWELS
2011-12-09,21038,SIM-DC-01,1,7.45,0,0,5,SIM-SUP-10,UNMAPPED,synthetic_demo,SET/4 MODERN VINTAGE COTTON NAPKINS
2011-12-09,21039,SIM-DC-01,5,119.86,0,0,3,SIM-SUP-04,UNMAPPED,synthetic_demo,RED RETROSPOT SHOPPING BAG
2011-12-09,21040,SIM-DC-01,2,33.46,0,0,10,SIM-SUP-09,UNMAPPED,synthetic_demo,MODERN VINTAGE COTTON SHOPPING BAG
2011-12-09,21041,SIM-DC-01,0,0.00,0,0,3,SIM-SUP-09,UNMAPPED,synthetic_demo,RED RETROSPOT OVEN GLOVE DOUBLE
2011-12-09,21042,SIM-DC-01,9,154.63,1,1,5,SIM-SUP-02,UNMAPPED,synthetic_demo,RED RETROSPOT APRON
2011-12-09,21043,SIM-DC-01,0,0.00,0,0,10,SIM-SUP-05,UNMAPPED,synthetic_demo,APRON MODERN VINTAGE COTTON
2011-12-09,21051,SIM-DC-01,11,77.28,0,0,10,SIM-SUP-05,UNMAPPED,synthetic_demo,RIBBONS PURSE
2011-12-09,21054,SIM-DC-01,0,0.00,0,0,3,SIM-SUP-10,UNMAPPED,synthetic_demo,UNKNOWN
2011-12-09,21055,SIM-DC-01,15,363.66,0,2,14,SIM-SUP-09,UNMAPPED,synthetic_demo,TOOL BOX SOFT TOY
2011-12-09,21056,SIM-DC-01,15,179.31,0,0,10,SIM-SUP-07,UNMAPPED,synthetic_demo,DOCTOR'S BAG SOFT TOY
2011-12-09,21058,SIM-DC-01,7,48.03,0,1,7,SIM-SUP-11,UNMAPPED,synthetic_demo,PARTY INVITES WOODLAND
2011-12-09,21059,SIM-DC-01,6,83.40,1,0,7,SIM-SUP-09,UNMAPPED,synthetic_demo,PARTY INVITES DINOSAURS
2011-12-09,21060,SIM-DC-01,6,31.21,0,0,5,SIM-SUP-09,UNMAPPED,synthetic_demo,PARTY INVITES BALLOON GIRL
2011-12-09,21061,SIM-DC-01,13,117.58,0,1,14,SIM-SUP-07,UNMAPPED,synthetic_demo,PARTY INVITES FOOTBALL
2011-12-09,21062,SIM-DC-01,4,39.69,0,0,10,SIM-SUP-07,UNMAPPED,synthetic_demo,PARTY INVITES SPACEMAN
2011-12-09,21063,SIM-DC-01,11,106.92,0,1,10,SIM-SUP-07,UNMAPPED,synthetic_demo,PARTY INVITES JAZZ HEARTS
2011-12-09,21064,SIM-DC-01,20,63.60,3,2,3,SIM-SUP-09,UNMAPPED,synthetic_demo,BOOM BOX SPEAKER BOYS
2011-12-09,21065,SIM-DC-01,7,69.96,0,1,5,SIM-SUP-01,UNMAPPED,synthetic_demo,BOOM BOX SPEAKER GIRLS
2011-12-09,21066,SIM-DC-01,4,84.66,0,0,7,SIM-SUP-06,UNMAPPED,synthetic_demo,VINTAGE RED MUG
2011-12-09,21067,SIM-DC-01,2,15.39,0,0,7,SIM-SUP-12,UNMAPPED,synthetic_demo,UNKNOWN
2011-12-09,21068,SIM-DC-01,71,1570.16,0,3,10,SIM-SUP-02,UNMAPPED,synthetic_demo,VINTAGE BILLBOARD LOVE/HATE MUG
2011-12-09,21069,SIM-DC-01,1,24.71,0,0,7,SIM-SUP-12,UNMAPPED,synthetic_demo,VINTAGE BILLBOARD TEA MUG
2011-12-09,21070,SIM-DC-01,15,236.40,6,1,7,SIM-SUP-01,UNMAPPED,synthetic_demo,VINTAGE BILLBOARD MUG
2011-12-09,21071,SIM-DC-01,1,8.95,0,0,5,SIM-SUP-04,UNMAPPED,synthetic_demo,UNKNOWN
2011-12-09,21076,SIM-DC-01,1,5.42,0,0,7,SIM-SUP-07,UNMAPPED,synthetic_demo,SET/20 COLLAGE PAPER NAPKIN
2011-12-09,21077,SIM-DC-01,0,0.00,0,0,3,SIM-SUP-03,UNMAPPED,synthetic_demo,SET/20 WOODLAND PAPER NAPKINS
2011-12-09,21078,SIM-DC-01,1,7.39,0,0,5,SIM-SUP-07,UNMAPPED,synthetic_demo,SET/20 STRAWBERRY PAPER NAPKINS
2011-12-09,21080,SIM-DC-01,227,577.23,72,20,7,SIM-SUP-03,UNMAPPED,synthetic_demo,SET/20 RED RETROSPOT PAPER NAPKINS
2011-12-09,21082,SIM-DC-01,2,37.12,0,0,10,SIM-SUP-09,UNMAPPED,synthetic_demo,SET/20 FRUIT SALAD PAPER NAPKINS
2011-12-09,21084,SIM-DC-01,24,176.93,0,3,7,SIM-SUP-09,UNMAPPED,synthetic_demo,SET/6 COLLAGE PAPER CUPS
2011-12-09,21085,SIM-DC-01,2,43.81,0,0,7,SIM-SUP-01,UNMAPPED,synthetic_demo,SET/6 WOODLAND PAPER CUPS
2011-12-09,21086,SIM-DC-01,190,4241.59,0,22,14,SIM-SUP-10,UNMAPPED,synthetic_demo,SET/6 RED SPOTTY PAPER CUPS
2011-12-09,21087,SIM-DC-01,2,11.19,0,0,7,SIM-SUP-05,UNMAPPED,synthetic_demo,SET/6 POSIES PAPER CUPS
2011-12-09,21088,SIM-DC-01,7,135.23,0,0,5,SIM-SUP-03,UNMAPPED,synthetic_demo,SET/6 FRUIT SALAD PAPER CUPS
2011-12-09,21089,SIM-DC-01,2,37.49,0,0,10,SIM-SUP-12,UNMAPPED,synthetic_demo,SET/6 GREEN SPRING PAPER CUPS
2011-12-09,21090,SIM-DC-01,8,192.53,0,0,3,SIM-SUP-03,UNMAPPED,synthetic_demo,SET/6 COLLAGE PAPER PLATES
2011-12-09,21091,SIM-DC-01,1,10.71,0,0,7,SIM-SUP-02,UNMAPPED,synthetic_demo,SET/6 WOODLAND PAPER PLATES
2011-12-09,21094,SIM-DC-01,80,242.26,0,6,7,SIM-SUP-10,UNMAPPED,synthetic_demo,SET/6 RED SPOTTY PAPER PLATES
2011-12-09,21095,SIM-DC-01,3,52.44,0,0,14,SIM-SUP-11,UNMAPPED,synthetic_demo,UNKNOWN
2011-12-09,21096,SIM-DC-01,2,33.31,0,0,5,SIM-SUP-07,UNMAPPED,synthetic_demo,SET/6 FRUIT SALAD PAPER PLATES
2011-12-09,21098,SIM-DC-01,30,511.28,0,1,3,SIM-SUP-09,UNMAPPED,synthetic_demo,CHRISTMAS TOILET ROLL
2011-12-09,21099,SIM-DC-01,1,10.52,0,0,7,SIM-SUP-09,UNMAPPED,synthetic_demo,SET/6 STRAWBERRY PAPER CUPS
2011-12-09,21100,SIM-DC-01,1,11.73,0,0,3,SIM-SUP-01,UNMAPPED,synthetic_demo,CHARLIE AND LOLA CHARLOTTE BAG
2011-12-09,21106,SIM-DC-01,6,70.66,0,1,3,SIM-SUP-04,UNMAPPED,synthetic_demo,CREAM SLICE FLANNEL CHOCOLATE SPOT
2011-12-09,21107,SIM-DC-01,10,161.77,0,0,3,SIM-SUP-12,UNMAPPED,synthetic_demo,CREAM SLICE FLANNEL PINK SPOT
2011-12-09,21108,SIM-DC-01,309,1779.34,0,29,10,SIM-SUP-12,UNMAPPED,synthetic_demo,FAIRY CAKE FLANNEL ASSORTED COLOUR
2011-12-09,21109,SIM-DC-01,14,109.94,0,1,7,SIM-SUP-10,UNMAPPED,synthetic_demo,LARGE CAKE TOWEL CHOCOLATE SPOTS
2011-12-09,21110,SIM-DC-01,7,41.59,0,0,10,SIM-SUP-01,UNMAPPED,synthetic_demo,LARGE CAKE TOWEL PINK SPOTS
2011-12-09,21111,SIM-DC-01,10,33.46,0,1,5,SIM-SUP-05,UNMAPPED,synthetic_demo,"SWISS ROLL TOWEL, CHOCOLATE SPOTS"
2011-12-09,21112,SIM-DC-01,4,77.72,0,0,5,SIM-SUP-05,UNMAPPED,synthetic_demo,SWISS ROLL TOWEL PINK SPOTS
2011-12-09,21114,SIM-DC-01,17,178.96,0,1,14,SIM-SUP-07,UNMAPPED,synthetic_demo,LAVENDER SCENTED FABRIC HEART
2011-12-09,21115,SIM-DC-01,61,1362.09,0,4,14,SIM-SUP-03,UNMAPPED,synthetic_demo,ROSE CARAVAN DOORSTOP
2011-12-09,21116,SIM-DC-01,16,103.51,6,0,7,SIM-SUP-09,UNMAPPED,synthetic_demo,OWL DOORSTOP
2011-12-09,21121,SIM-DC-01,26,358.87,0,0,10,SIM-SUP-03,UNMAPPED,synthetic_demo,SET/10 RED POLKADOT PARTY CANDLES
2011-12-09,21122,SIM-DC-01,95,369.70,0,12,14,SIM-SUP-09,UNMAPPED,synthetic_demo,SET/10 PINK POLKADOT PARTY CANDLES
2011-12-09,21123,SIM-DC-01,13,159.71,3,1,5,SIM-SUP-05,UNMAPPED,synthetic_demo,SET/10 IVORY POLKADOT PARTY CANDLES
2011-12-09,21124,SIM-DC-01,7,149.07,0,1,7,SIM-SUP-12,UNMAPPED,synthetic_demo,SET/10 BLUE POLKADOT PARTY CANDLES
2011-12-09,21125,SIM-DC-01,4,11.31,0,0,7,SIM-SUP-09,UNMAPPED,synthetic_demo,SET 6 FOOTBALL CELEBRATION CANDLES
2011-12-09,21126,SIM-DC-01,19,286.67,0,2,7,SIM-SUP-07,UNMAPPED,synthetic_demo,SET OF 6 GIRLS CELEBRATION CANDLES
2011-12-09,21127,SIM-DC-01,2,4.78,0,0,10,SIM-SUP-11,UNMAPPED,synthetic_demo,COLOURFUL FISHING GNOME
2011-12-09,21128,SIM-DC-01,1,12.63,0,0,3,SIM-SUP-10,UNMAPPED,synthetic_demo,GOLD FISHING GNOME
2011-12-09,21129,SIM-DC-01,3,52.75,0,0,14,SIM-SUP-12,UNMAPPED,synthetic_demo,SILVER FISHING GNOME
2011-12-09,21130,SIM-DC-01,2,11.74,0,0,10,SIM-SUP-08,UNMAPPED,synthetic_demo,COLOURFUL STANDING GNOME
2011-12-09,21131,SIM-DC-01,7,174.00,0,0,14,SIM-SUP-04,UNMAPPED,synthetic_demo,GOLD STANDING GNOME
2011-12-09,21132,SIM-DC-01,1,15.21,0,0,7,SIM-SUP-04,UNMAPPED,synthetic_demo,SILVER STANDING GNOME
2011-12-09,21134,SIM-DC-01,1,11.47,0,0,5,SIM-SUP-04,UNMAPPED,synthetic_demo,UNKNOWN
2011-12-09,21135,SIM-DC-01,30,636.07,0,3,10,SIM-SUP-01,UNMAPPED,synthetic_demo,VICTORIAN METAL POSTCARD SPRING
2011-12-09,21136,SIM-DC-01,112,1695.58,0,2,5,SIM-SUP-08,UNMAPPED,synthetic_demo,PAINTED METAL PEARS ASSORTED
2011-12-09,21137,SIM-DC-01,281,5780.98,131,38,14,SIM-SUP-11,UNMAPPED,synthetic_demo,BLACK RECORD COVER FRAME
2011-12-09,21143,SIM-DC-01,1,13.14,0,0,3,SIM-SUP-12,UNMAPPED,synthetic_demo,ANTIQUE GLASS HEART DECORATION
2011-12-09,21144,SIM-DC-01,2,27.30,1,0,7,SIM-SUP-03,UNMAPPED,synthetic_demo,PINK POODLE HANGING DECORATION
2011-12-09,21145,SIM-DC-01,5,57.73,0,0,10,SIM-SUP-11,UNMAPPED,synthetic_demo,UNKNOWN
2011-12-09,21146,SIM-DC-01,2,36.26,0,0,10,SIM-SUP-11,UNMAPPED,synthetic_demo,ANTIQUE GLASS RIDGED HANGING BALL
2011-12-09,21147,SIM-DC-01,26,156.32,0,0,7,SIM-SUP-02,UNMAPPED,synthetic_demo,JINGLE BELLS TREE DECORATION
2011-12-09,21153,SIM-DC-01,1,21.55,0,0,3,SIM-SUP-11,UNMAPPED,synthetic_demo,RED SPOTTY TABLECLOTH
2011-12-09,21154,SIM-DC-01,369,1411.07,13,26,14,SIM-SUP-09,UNMAPPED,synthetic_demo,RED RETROSPOT OVEN GLOVE
2011-12-09,21155,SIM-DC-01,122,1998.81,0,4,7,SIM-SUP-07,UNMAPPED,synthetic_demo,RED RETROSPOT PEG BAG
2011-12-09,21156,SIM-DC-01,202,866.74,0,18,14,SIM-SUP-02,UNMAPPED,synthetic_demo,RETROSPOT CHILDRENS APRON
2011-12-09,21157,SIM-DC-01,2,15.84,0,0,10,SIM-SUP-02,UNMAPPED,synthetic_demo,RED RETROSPOT WASHBAG
2011-12-09,21158,SIM-DC-01,78,406.35,0,5,10,SIM-SUP-06,UNMAPPED,synthetic_demo,MOODY GIRL DOOR HANGER
2011-12-09,21159,SIM-DC-01,55,834.78,0,8,10,SIM-SUP-06,UNMAPPED,synthetic_demo,MOODY BOY DOOR HANGER
2011-12-09,21160,SIM-DC-01,1,8.72,0,0,3,SIM-SUP-08,UNMAPPED,synthetic_demo,KEEP OUT GIRLS DOOR HANGER
2011-12-09,21161,SIM-DC-01,2,41.19,0,0,10,SIM-SUP-12,UNMAPPED,synthetic_demo,KEEP OUT BOYS DOOR HANGER
2011-12-09,21162,SIM-DC-01,55,1218.76,0,2,7,SIM-SUP-07,UNMAPPED,synthetic_demo,TOXIC AREA DOOR HANGER
2011-12-09,21163,SIM-DC-01,2,27.87,0,0,7,SIM-SUP-12,UNMAPPED,synthetic_demo,DO NOT TOUCH MY STUFF DOOR HANGER
2011-12-09,21164,SIM-DC-01,47,100.82,0,6,14,SIM-SUP-11,UNMAPPED,synthetic_demo,HOME SWEET HOME METAL SIGN
2011-12-09,21165,SIM-DC-01,131,881.75,0,17,10,SIM-SUP-07,UNMAPPED,synthetic_demo,BEWARE OF THE CAT METAL SIGN
2011-12-09,21166,SIM-DC-01,69,163.81,0,5,7,SIM-SUP-03,UNMAPPED,synthetic_demo,COOK WITH WINE METAL SIGN
2011-12-09,21167,SIM-DC-01,26,207.15,0,1,10,SIM-SUP-08,UNMAPPED,synthetic_demo,WHITE SAGE INCENSE
2011-12-09,21169,SIM-DC-01,64,762.06,7,6,3,SIM-SUP-06,UNMAPPED,synthetic_demo,YOU'RE CONFUSING ME METAL SIGN
2011-12-09,21171,SIM-DC-01,1,11.51,0,0,5,SIM-SUP-10,UNMAPPED,synthetic_demo,BATHROOM METAL SIGN
2011-12-09,21172,SIM-DC-01,44,1097.55,0,5,5,SIM-SUP-01,UNMAPPED,synthetic_demo,PARTY METAL SIGN
2011-12-09,21173,SIM-DC-01,2,5.96,0,0,14,SIM-SUP-08,UNMAPPED,synthetic_demo,UNKNOWN
2011-12-09,21174,SIM-DC-01,54,1322.52,19,3,10,SIM-SUP-09,UNMAPPED,synthetic_demo,POTTERING IN THE SHED METAL SIGN
2011-12-09,21175,SIM-DC-01,196,4626.60,0,22,5,SIM-SUP-02,UNMAPPED,synthetic_demo,GIN AND TONIC DIET METAL SIGN
2011-12-09,21179,SIM-DC-01,2,5.30,0,0,7,SIM-SUP-08,UNMAPPED,synthetic_demo,NO JUNK MAIL METAL SIGN
2011-12-09,21181,SIM-DC-01,110,1164.46,0,0,5,SIM-SUP-06,UNMAPPED,synthetic_demo,PLEASE ONE PERSON METAL SIGN
2011-12-09,21185,SIM-DC-01,2,8.78,0,0,5,SIM-SUP-07,UNMAPPED,synthetic_demo,UNKNOWN
2011-12-09,21186,SIM-DC-01,2,17.17,0,0,14,SIM-SUP-05,UNMAPPED,synthetic_demo,WHITE DOVE HONEYCOMB PAPER GARLAND
2011-12-09,21187,SIM-DC-01,1,23.98,0,0,10,SIM-SUP-08,UNMAPPED,synthetic_demo,WHITE BELL HONEYCOMB PAPER GARLAND
2011-12-09,21188,SIM-DC-01,2,42.36,0,0,14,SIM-SUP-01,UNMAPPED,synthetic_demo,3D HEARTS HONEYCOMB PAPER GARLAND
2011-12-09,21189,SIM-DC-01,3,22.59,0,0,5,SIM-SUP-07,UNMAPPED,synthetic_demo,WHITE HONEYCOMB PAPER GARLAND
2011-12-09,21190,SIM-DC-01,2,8.28,0,0,5,SIM-SUP-05,UNMAPPED,synthetic_demo,PINK HEARTS PAPER GARLAND
2011-12-09,21191,SIM-DC-01,26,111.28,0,1,5,SIM-SUP-10,UNMAPPED,synthetic_demo,LARGE WHITE HONEYCOMB PAPER BELL
2011-12-09,21192,SIM-DC-01,2,19.53,0,0,3,SIM-SUP-09,UNMAPPED,synthetic_demo,WHITE BELL HONEYCOMB PAPER
2011-12-09,21194,SIM-DC-01,5,76.94,0,0,3,SIM-SUP-08,UNMAPPED,synthetic_demo,PINK HONEYCOMB PAPER FAN
2011-12-09,21195,SIM-DC-01,1,17.14,0,0,3,SIM-SUP-04,UNMAPPED,synthetic_demo,PINK HONEYCOMB PAPER BALL
2011-12-09,21197,SIM-DC-01,3,66.51,0,0,10,SIM-SUP-04,UNMAPPED,synthetic_demo,MULTICOLOUR CONFETTI IN TUBE
2011-12-09,21198,SIM-DC-01,4,35.19,0,0,5,SIM-SUP-08,UNMAPPED,synthetic_demo,WHITE HEART CONFETTI IN TUBE
2011-12-09,21199,SIM-DC-01,5,45.16,0,0,14,SIM-SUP-01,UNMAPPED,synthetic_demo,PINK HEART CONFETTI IN TUBE
2011-12-09,21200,SIM-DC-01,0,0.00,0,0,3,SIM-SUP-01,UNMAPPED,synthetic_demo,MULTICOLOUR HONEYCOMB PAPER GARLAND
2011-12-09,21201,SIM-DC-01,6,120.24,0,1,10,SIM-SUP-09,UNMAPPED,synthetic_demo,TROPICAL HONEYCOMB PAPER GARLAND
2011-12-09,21202,SIM-DC-01,1,21.93,0,0,10,SIM-SUP-08,UNMAPPED,synthetic_demo,DOLLY HONEYCOMB GARLAND
2011-12-09,21203,SIM-DC-01,1,17.65,0,0,3,SIM-SUP-04,UNMAPPED,synthetic_demo,BUTTERFLIES HONEYCOMB GARLAND
2011-12-09,21204,SIM-DC-01,10,182.75,1,0,14,SIM-SUP-11,UNMAPPED,synthetic_demo,DAISIES HONEYCOMB GARLAND
2011-12-09,21205,SIM-DC-01,2,40.51,1,0,3,SIM-SUP-05,UNMAPPED,synthetic_demo,MULTICOLOUR 3D BALLS GARLAND
2011-12-09,21206,SIM-DC-01,4,59.18,0,0,10,SIM-SUP-09,UNMAPPED,synthetic_demo,STRAWBERRY HONEYCOMB GARLAND
2011-12-09,21207,SIM-DC-01,11,233.29,0,1,7,SIM-SUP-09,UNMAPPED,synthetic_demo,SKULL AND CROSSBONES GARLAND
2011-12-09,21208,SIM-DC-01,34,689.83,0,4,10,SIM-SUP-10,UNMAPPED,synthetic_demo,PASTEL COLOUR HONEYCOMB FAN
2011-12-09,21209,SIM-DC-01,5,87.38,0,0,5,SIM-SUP-05,UNMAPPED,synthetic_demo,MULTICOLOUR HONEYCOMB FAN
2011-12-09,21210,SIM-DC-01,80,1453.50,0,7,10,SIM-SUP-12,UNMAPPED,synthetic_demo,SET OF 72 RETROSPOT PAPER DOILIES
2011-12-09,21211,SIM-DC-01,5,73.46,0,1,3,SIM-SUP-12,UNMAPPED,synthetic_demo,SET OF 72 SKULL PAPER DOILIES
2011-12-09,21212,SIM-DC-01,635,6789.07,0,55,14,SIM-SUP-09,UNMAPPED,synthetic_demo,PACK OF 72 RETROSPOT CAKE CASES
2011-12-09,21213,SIM-DC-01,88,1784.63,0,1,5,SIM-SUP-09,UNMAPPED,synthetic_demo,PACK OF 72 SKULL CAKE CASES
2011-12-09,21214,SIM-DC-01,1,17.02,0,0,7,SIM-SUP-02,UNMAPPED,synthetic_demo,UNKNOWN
2011-12-09,21215,SIM-DC-01,4,38.75,0,1,5,SIM-SUP-07,UNMAPPED,synthetic_demo,IVORY PAPER CUP CAKE CASES
2011-12-09,21216,SIM-DC-01,56,1329.15,12,5,7,SIM-SUP-10,UNMAPPED,synthetic_demo,"SET 3 RETROSPOT TEA,COFFEE,SUGAR"
2011-12-09,21217,SIM-DC-01,16,64.23,2,2,7,SIM-SUP-12,UNMAPPED,synthetic_demo,RED RETROSPOT ROUND CAKE TINS
2011-12-09,21218,SIM-DC-01,33,271.62,0,3,3,SIM-SUP-07,UNMAPPED,synthetic_demo,RED SPOTTY BISCUIT TIN
2011-12-09,21219,SIM-DC-01,13,272.91,4,1,10,SIM-SUP-10,UNMAPPED,synthetic_demo,SET/4 BADGES BALLOON GIRL
2011-12-09,21220,SIM-DC-01,5,71.94,0,1,3,SIM-SUP-07,UNMAPPED,synthetic_demo,SET/4 BADGES DOGS
2011-12-09,21221,SIM-DC-01,3,12.40,0,0,3,SIM-SUP-03,UNMAPPED,synthetic_demo,SET/4 BADGES CUTE CREATURES
2011-12-09,21222,SIM-DC-01,10,70.36,0,0,14,SIM-SUP-02,UNMAPPED,synthetic_demo,SET/4 BADGES BEETLES
2011-12-09,21223,SIM-DC-01,3,26.18,0,0,14,SIM-SUP-08,UNMAPPED,synthetic_demo,SET/4 BADGES WOODLAND ANIMAL
2011-12-09,21224,SIM-DC-01,11,42.07,0,1,5,SIM-SUP-08,UNMAPPED,synthetic_demo,SET/4 SKULL BADGES
2011-12-09,21226,SIM-DC-01,5,116.94,0,0,14,SIM-SUP-04,UNMAPPED,synthetic_demo,POCKET MIRROR WOODLAND
2011-12-09,21231,SIM-DC-01,260,820.80,0,20,10,SIM-SUP-01,UNMAPPED,synthetic_demo,SWEETHEART CERAMIC TRINKET BOX
2011-12-09,21232,SIM-DC-01,117,2337.24,0,17,10,SIM-SUP-12,UNMAPPED,synthetic_demo,STRAWBERRY CERAMIC TRINKET POT
2011-12-09,21238,SIM-DC-01,64,1281.75,0,2,7,SIM-SUP-07,UNMAPPED,synthetic_demo,RED RETROSPOT CUP
2011-12-09,21239,SIM-DC-01,19,347.98,6,1,7,SIM-SUP-12,UNMAPPED,synthetic_demo,PINK POLKADOT CUP
2011-12-09,21240,SIM-DC-01,20,400.92,0,3,3,SIM-SUP-09,UNMAPPED,synthetic_demo,BLUE POLKADOT CUP
2011-12-09,21241,SIM-DC-01,1,21.58,0,0,3,SIM-SUP-11,UNMAPPED,synthetic_demo,GREEN POLKADOT CUP
2011-12-09,21242,SIM-DC-01,12,226.46,14,0,7,SIM-SUP-04,UNMAPPED,synthetic_demo,RED RETROSPOT PLATE
2011-12-09,21243,SIM-DC-01,12,106.95,6,1,10,SIM-SUP-09,UNMAPPED,synthetic_demo,PINK POLKADOT PLATE
2011-12-09,21244,SIM-DC-01,3,52.52,0,0,5,SIM-SUP-10,UNMAPPED,synthetic_demo,BLUE POLKADOT PLATE
2011-12-09,21245,SIM-DC-01,7,122.35,0,1,5,SIM-SUP-11,UNMAPPED,synthetic_demo,GREEN POLKADOT PLATE
2011-12-09,21246,SIM-DC-01,2,7.82,0,0,7,SIM-SUP-05,UNMAPPED,synthetic_demo,RED RETROSPOT BIG BOWL
2011-12-09,21247,SIM-DC-01,2,31.67,0,0,10,SIM-SUP-01,UNMAPPED,synthetic_demo,SET OF RED SALAD SERVERS
2011-12-09,21248,SIM-DC-01,7,88.14,0,1,10,SIM-SUP-08,UNMAPPED,synthetic_demo,DOOR HANGER MUM + DADS ROOM
2011-12-09,21249,SIM-DC-01,5,67.67,1,1,3,SIM-SUP-07,UNMAPPED,synthetic_demo,WOODLAND HEIGHT CHART STICKERS
2011-12-09,21250,SIM-DC-01,4,17.93,0,0,10,SIM-SUP-03,UNMAPPED,synthetic_demo,SET OF SKULL WALL STICKERS
2011-12-09,21251,SIM-DC-01,3,38.33,0,0,5,SIM-SUP-09,UNMAPPED,synthetic_demo,DINOSAUR HEIGHT CHART STICKER SET
2011-12-09,21253,SIM-DC-01,1,14.82,0,0,10,SIM-SUP-05,UNMAPPED,synthetic_demo,SET OF PICTURE FRAME STICKERS
2011-12-09,21255,SIM-DC-01,2,28.40,0,0,10,SIM-SUP-06,UNMAPPED,synthetic_demo,UNKNOWN
2011-12-09,21256,SIM-DC-01,2,26.19,0,0,7,SIM-SUP-10,UNMAPPED,synthetic_demo,UNKNOWN
2011-12-09,21257,SIM-DC-01,98,1554.38,0,10,10,SIM-SUP-07,UNMAPPED,synthetic_demo,VICTORIAN SEWING BOX MEDIUM
2011-12-09,21258,SIM-DC-01,15,364.38,3,0,3,SIM-SUP-04,UNMAPPED,synthetic_demo,VICTORIAN SEWING BOX LARGE
2011-12-09,21259,SIM-DC-01,19,279.26,0,3,10,SIM-SUP-02,UNMAPPED,synthetic_demo,VICTORIAN SEWING BOX SMALL
2011-12-09,21260,SIM-DC-01,9,183.49,0,1,5,SIM-SUP-10,UNMAPPED,synthetic_demo,FIRST AID TIN
2011-12-09,21261,SIM-DC-01,6,72.36,0,1,7,SIM-SUP-11,UNMAPPED,synthetic_demo,GREEN GOOSE FEATHER CHRISTMAS TREE
2011-12-09,21262,SIM-DC-01,15,260.85,0,2,5,SIM-SUP-03,UNMAPPED,synthetic_demo,WHITE GOOSE FEATHER CHRISTMAS TREE
2011-12-09,21263,SIM-DC-01,13,87.37,6,1,14,SIM-SUP-02,UNMAPPED,synthetic_demo,GREEN GOOSE FEATHER TREE 60CM
2011-12-09,21264,SIM-DC-01,54,288.79,7,7,14,SIM-SUP-01,UNMAPPED,synthetic_demo,WHITE GOOSE FEATHER TREE 60CM
2011-12-09,21268,SIM-DC-01,1,4.13,0,0,3,SIM-SUP-12,UNMAPPED,synthetic_demo,VINTAGE BLUE TINSEL REEL
2011-12-09,21269,SIM-DC-01,2,13.81,0,0,5,SIM-SUP-09,UNMAPPED,synthetic_demo,ANTIQUE CREAM CUTLERY SHELF
2011-12-09,21270,SIM-DC-01,1,17.76,0,0,3,SIM-SUP-07,UNMAPPED,synthetic_demo,ANTIQUE CREAM CUTLERY CUPBOARD
2011-12-09,21272,SIM-DC-01,1,6.43,0,0,5,SIM-SUP-10,UNMAPPED,synthetic_demo,UNKNOWN
2011-12-09,21274,SIM-DC-01,2,22.55,0,0,7,SIM-SUP-07,UNMAPPED,synthetic_demo,EMBOSSED HEART 3 DRAWER SHELF
2011-12-09,21275,SIM-DC-01,1,11.85,0,0,5,SIM-SUP-11,UNMAPPED,synthetic_demo,ZINC TOP 2 DOOR WOODEN SHELF
2011-12-09,21277,SIM-DC-01,2,15.25,0,0,5,SIM-SUP-03,UNMAPPED,synthetic_demo,FRENCH STYLE EMBOSSED HEART CABINET
2011-12-09,21278,SIM-DC-01,1,2.78,0,0,3,SIM-SUP-03,UNMAPPED,synthetic_demo,VINTAGE KITCHEN PRINT PUDDINGS
2011-12-09,21279,SIM-DC-01,1,18.49,0,0,3,SIM-SUP-06,UNMAPPED,synthetic_demo,VINTAGE KITCHEN PRINT FRUITS
2011-12-09,21280,SIM-DC-01,3,12.68,0,0,10,SIM-SUP-07,UNMAPPED,synthetic_demo,VINTAGE KITCHEN PRINT VEGETABLES
2011-12-09,21281,SIM-DC-01,2,48.98,0,0,10,SIM-SUP-02,UNMAPPED,synthetic_demo,VINTAGE KITCHEN PRINT SEAFOOD
2011-12-09,21282,SIM-DC-01,2,34.54,1,0,14,SIM-SUP-06,UNMAPPED,synthetic_demo,NATURAL BARK CANDLE LARGE
2011-12-09,21283,SIM-DC-01,2,30.89,0,0,10,SIM-SUP-03,UNMAPPED,synthetic_demo,NATURAL BARK CANDLE SMALL
2011-12-09,21284,SIM-DC-01,2,9.05,0,0,3,SIM-SUP-10,UNMAPPED,synthetic_demo,RETROSPOT CANDLE SMALL
2011-12-09,21285,SIM-DC-01,14,346.61,0,2,10,SIM-SUP-11,UNMAPPED,synthetic_demo,RETROSPOT CANDLE MEDIUM
2011-12-09,21286,SIM-DC-01,4,64.92,0,0,7,SIM-SUP-11,UNMAPPED,synthetic_demo,RETROSPOT CANDLE LARGE
2011-12-09,21287,SIM-DC-01,27,606.90,7,1,5,SIM-SUP-03,UNMAPPED,synthetic_demo,SCENTED VELVET LOUNGE CANDLE
2011-12-09,21288,SIM-DC-01,23,216.94,0,3,14,SIM-SUP-11,UNMAPPED,synthetic_demo,STRIPEY CHOCOLATE NESTING BOXES
2011-12-09,21289,SIM-DC-01,1,10.61,0,0,7,SIM-SUP-02,UNMAPPED,synthetic_demo,LARGE STRIPES CHOCOLATE GIFT BAG
2011-12-09,21291,SIM-DC-01,23,197.30,0,3,14,SIM-SUP-09,UNMAPPED,synthetic_demo,SMALL POLKADOT CHOCOLATE GIFT BAG
2011-12-09,21292,SIM-DC-01,4,69.72,0,1,5,SIM-SUP-09,UNMAPPED,synthetic_demo,SMALL STRIPES CHOCOLATE GIFT BAG
2011-12-09,21293,SIM-DC-01,7,69.50,0,0,14,SIM-SUP-04,UNMAPPED,synthetic_demo,MIRRORED DOVE WALL DECORATION
2011-12-09,21294,SIM-DC-01,3,58.97,0,0,10,SIM-SUP-08,UNMAPPED,synthetic_demo,ETCHED GLASS COASTER
2011-12-09,21306,SIM-DC-01,8,150.18,0,1,3,SIM-SUP-09,UNMAPPED,synthetic_demo,SET/4 DAISY MIRROR MAGNETS
2011-12-09,21307,SIM-DC-01,1,21.63,0,0,5,SIM-SUP-02,UNMAPPED,synthetic_demo,SET/4 BUTTERFLY MIRROR MAGNETS
2011-12-09,21311,SIM-DC-01,10,157.95,3,1,10,SIM-SUP-12,UNMAPPED,synthetic_demo,SET/4 BIRD MIRROR MAGNETS
2011-12-09,21313,SIM-DC-01,88,1111.09,0,10,14,SIM-SUP-10,UNMAPPED,synthetic_demo,GLASS HEART T-LIGHT HOLDER
2011-12-09,21314,SIM-DC-01,80,510.54,0,5,3,SIM-SUP-08,UNMAPPED,synthetic_demo,SMALL GLASS HEART TRINKET POT
2011-12-09,21316,SIM-DC-01,1,21.11,0,0,7,SIM-SUP-01,UNMAPPED,synthetic_demo,SMALL CHUNKY GLASS ROMAN BOWL
2011-12-09,21317,SIM-DC-01,9,105.12,0,1,5,SIM-SUP-11,UNMAPPED,synthetic_demo,GLASS SPHERE CANDLE STAND MEDIUM
2011-12-09,21318,SIM-DC-01,1,18.36,0,0,5,SIM-SUP-07,UNMAPPED,synthetic_demo,GLASS CHALICE BLUE SMALL
2011-12-09,21319,SIM-DC-01,2,33.93,0,0,10,SIM-SUP-06,UNMAPPED,synthetic_demo,adjustment
2011-12-09,21320,SIM-DC-01,1,9.87,0,0,3,SIM-SUP-11,UNMAPPED,synthetic_demo,GLASS CHALICE GREEN LARGE
2011-12-09,21323,SIM-DC-01,1,22.39,0,0,3,SIM-SUP-06,UNMAPPED,synthetic_demo,UNKNOWN
2011-12-09,21324,SIM-DC-01,1,14.12,0,0,3,SIM-SUP-02,UNMAPPED,synthetic_demo,UNKNOWN
2011-12-09,21326,SIM-DC-01,54,544.73,0,6,5,SIM-SUP-08,UNMAPPED,synthetic_demo,AGED GLASS SILVER T-LIGHT HOLDER
2011-12-09,21327,SIM-DC-01,18,380.88,0,1,7,SIM-SUP-12,UNMAPPED,synthetic_demo,SKULLS WRITING SET
2011-12-09,21328,SIM-DC-01,36,100.72,0,5,3,SIM-SUP-12,UNMAPPED,synthetic_demo,BALLOONS WRITING SET
2011-12-09,21329,SIM-DC-01,65,641.96,0,8,10,SIM-SUP-01,UNMAPPED,synthetic_demo,DINOSAURS WRITING SET
2011-12-09,21330,SIM-DC-01,2,37.91,0,0,10,SIM-SUP-10,UNMAPPED,synthetic_demo,WOODLAND ANIMAL WRITING SET
2011-12-09,21332,SIM-DC-01,1,11.21,0,0,5,SIM-SUP-02,UNMAPPED,synthetic_demo,MOROCCAN BEATEN METAL MIRROR
2011-12-09,21333,SIM-DC-01,3,51.16,0,0,14,SIM-SUP-06,UNMAPPED,synthetic_demo,CLASSIC WHITE FRAME
2011-12-09,21336,SIM-DC-01,1,6.69,0,0,14,SIM-SUP-05,UNMAPPED,synthetic_demo,GOLD WASHBAG
2011-12-09,21340,SIM-DC-01,4,78.94,0,1,3,SIM-SUP-07,UNMAPPED,synthetic_demo,CLASSIC METAL BIRDCAGE PLANT HOLDER
2011-12-09,21348,SIM-DC-01,1,17.78,0,0,5,SIM-SUP-08,UNMAPPED,synthetic_demo,UNKNOWN
2011-12-09,21349,SIM-DC-01,0,0.00,0,0,10,SIM-SUP-02,UNMAPPED,synthetic_demo,check
2011-12-09,21350,SIM-DC-01,2,28.82,0,0,10,SIM-SUP-12,UNMAPPED,synthetic_demo,UNKNOWN
2011-12-09,21351,SIM-DC-01,5,69.73,0,0,7,SIM-SUP-08,UNMAPPED,synthetic_demo,CINAMMON & ORANGE WREATH
2011-12-09,21352,SIM-DC-01,3,71.79,0,0,10,SIM-SUP-12,UNMAPPED,synthetic_demo,EUCALYPTUS & PINECONE WREATH
2011-12-09,21354,SIM-DC-01,6,29.29,0,0,14,SIM-SUP-02,UNMAPPED,synthetic_demo,TOAST ITS - BEST MUM
2011-12-09,21355,SIM-DC-01,2,43.11,0,0,3,SIM-SUP-12,UNMAPPED,synthetic_demo,TOAST ITS - I LOVE YOU
2011-12-09,21356,SIM-DC-01,92,1002.17,0,9,14,SIM-SUP-12,UNMAPPED,synthetic_demo,TOAST ITS - FAIRY FLOWER
2011-12-09,21357,SIM-DC-01,1,6.90,0,0,3,SIM-SUP-12,UNMAPPED,synthetic_demo,UNKNOWN
2011-12-09,21358,SIM-DC-01,4,56.25,0,0,10,SIM-SUP-01,UNMAPPED,synthetic_demo,TOAST ITS - HAPPY BIRTHDAY
2011-12-09,21359,SIM-DC-01,2,23.53,0,0,14,SIM-SUP-01,UNMAPPED,synthetic_demo,UNKNOWN
2011-12-09,21360,SIM-DC-01,1,24.62,0,0,7,SIM-SUP-02,UNMAPPED,synthetic_demo,JOY LARGE WOOD LETTERS
2011-12-09,21361,SIM-DC-01,1,5.45,0,0,7,SIM-SUP-03,UNMAPPED,synthetic_demo,LOVE LARGE WOOD LETTERS
2011-12-09,21363,SIM-DC-01,1,6.59,0,0,3,SIM-SUP-08,UNMAPPED,synthetic_demo,HOME SMALL WOOD LETTERS
2011-12-09,21364,SIM-DC-01,3,74.71,0,0,14,SIM-SUP-09,UNMAPPED,synthetic_demo,PEACE SMALL WOOD LETTERS
2011-12-09,21365,SIM-DC-01,5,105.83,0,0,7,SIM-SUP-04,UNMAPPED,synthetic_demo,MIRRORED WALL ART STARS
2011-12-09,21366,SIM-DC-01,2,44.26,0,0,10,SIM-SUP-02,UNMAPPED,synthetic_demo,MIRRORED WALL ART PHOTO FRAMES
2011-12-09,21367,SIM-DC-01,3,63.26,0,0,7,SIM-SUP-12,UNMAPPED,synthetic_demo,MIRRORED WALL ART GENTS
2011-12-09,21368,SIM-DC-01,4,27.76,1,0,5,SIM-SUP-04,UNMAPPED,synthetic_demo,MIRRORED WALL ART LADIES
2011-12-09,21371,SIM-DC-01,4,59.12,0,1,3,SIM-SUP-05,UNMAPPED,synthetic_demo,MIRRORED WALL ART POPPIES
2011-12-09,21372,SIM-DC-01,1,5.02,0,0,5,SIM-SUP-05,UNMAPPED,synthetic_demo,MIRRORED WALL ART TABLE LAMP
2011-12-09,21373,SIM-DC-01,24,125.82,0,1,14,SIM-SUP-12,UNMAPPED,synthetic_demo,MIRRORED WALL ART SNOWFLAKES
2011-12-09,21374,SIM-DC-01,14,160.93,0,1,10,SIM-SUP-02,UNMAPPED,synthetic_demo,MIRRORED WALL ART SKULLS
2011-12-09,21375,SIM-DC-01,2,13.01,0,0,7,SIM-SUP-08,UNMAPPED,synthetic_demo,LARGE CAMPHOR WOOD FIELD MUSHROOM
2011-12-09,21376,SIM-DC-01,3,66.72,0,0,10,SIM-SUP-09,UNMAPPED,synthetic_demo,LARGE TALL CAMPHOR WOOD TOADSTOOL
2011-12-09,21377,SIM-DC-01,9,26.99,0,1,14,SIM-SUP-06,UNMAPPED,synthetic_demo,SMALL CAMPHOR WOOD FIELD MUSHROOM
2011-12-09,21378,SIM-DC-01,6,138.07,1,1,7,SIM-SUP-04,UNMAPPED,synthetic_demo,SMALL TALL CAMPHOR WOOD TOADSTOOL
2011-12-09,21379,SIM-DC-01,6,135.69,1,0,5,SIM-SUP-09,UNMAPPED,synthetic_demo,CAMPHOR WOOD PORTOBELLO MUSHROOM
2011-12-09,21380,SIM-DC-01,5,78.26,3,0,7,SIM-SUP-12,UNMAPPED,synthetic_demo,WOODEN HAPPY BIRTHDAY GARLAND
2011-12-09,21381,SIM-DC-01,6,52.21,0,1,7,SIM-SUP-05,UNMAPPED,synthetic_demo,MINI WOODEN HAPPY BIRTHDAY GARLAND
2011-12-09,21382,SIM-DC-01,8,198.55,0,0,5,SIM-SUP-12,UNMAPPED,synthetic_demo,SET/4 SPRING FLOWER DECORATION
2011-12-09,21383,SIM-DC-01,11,133.28,4,0,7,SIM-SUP-12,UNMAPPED,synthetic_demo,PACK OF 12 STICKY BUNNIES
2011-12-09,21384,SIM-DC-01,1,6.27,0,0,7,SIM-SUP-12,UNMAPPED,synthetic_demo,UNKNOWN
2011-12-09,21385,SIM-DC-01,19,83.50,0,2,10,SIM-SUP-01,UNMAPPED,synthetic_demo,IVORY HANGING DECORATION HEART
2011-12-09,21386,SIM-DC-01,14,200.90,0,1,10,SIM-SUP-01,UNMAPPED,synthetic_demo,IVORY HANGING DECORATION EGG
2011-12-09,21389,SIM-DC-01,3,54.50,1,0,3,SIM-SUP-10,UNMAPPED,synthetic_demo,IVORY HANGING DECORATION BIRD
2011-12-09,21390,SIM-DC-01,49,458.91,0,6,10,SIM-SUP-11,UNMAPPED,synthetic_demo,FILIGRIS HEART WITH BUTTERFLY
2011-12-09,21391,SIM-DC-01,1,17.67,0,0,3,SIM-SUP-04,UNMAPPED,synthetic_demo,FRENCH LAVENDER SCENT HEART
2011-12-09,21392,SIM-DC-01,1,13.46,0,0,5,SIM-SUP-03,UNMAPPED,synthetic_demo,RED POLKADOT PUDDING BOWL
2011-12-09,21393,SIM-DC-01,1,17.02,0,0,10,SIM-SUP-10,UNMAPPED,synthetic_demo,UNKNOWN
2011-12-09,21394,SIM-DC-01,1,17.46,0,0,10,SIM-SUP-05,UNMAPPED,synthetic_demo,UNKNOWN
2011-12-09,21395,SIM-DC-01,1,21.27,0,0,3,SIM-SUP-12,UNMAPPED,synthetic_demo,BLUE POLKADOT BEAKER
2011-12-09,21396,SIM-DC-01,1,13.50,0,0,7,SIM-SUP-12,UNMAPPED,synthetic_demo,RED SPOTTY EGG CUP
2011-12-09,21397,SIM-DC-01,1,4.90,0,0,3,SIM-SUP-12,UNMAPPED,synthetic_demo,BLUE POLKADOT EGG CUP
2011-12-09,21398,SIM-DC-01,3,72.43,1,0,14,SIM-SUP-05,UNMAPPED,synthetic_demo,RED POLKADOT COFFEE MUG
2011-12-09,21399,SIM-DC-01,3,20.27,0,0,10,SIM-SUP-11,UNMAPPED,synthetic_demo,BLUE POLKADOT COFFEE MUG
2011-12-09,21400,SIM-DC-01,6,64.75,0,1,3,SIM-SUP-12,UNMAPPED,synthetic_demo,RED PUDDING SPOON
2011-12-09,21401,SIM-DC-01,4,16.33,0,0,3,SIM-SUP-06,UNMAPPED,synthetic_demo,BLUE PUDDING SPOON
2011-12-09,21402,SIM-DC-01,13,185.50,0,0,5,SIM-SUP-10,UNMAPPED,synthetic_demo,RED EGG SPOON
2011-12-09,21403,SIM-DC-01,10,210.48,0,0,5,SIM-SUP-06,UNMAPPED,synthetic_demo,BLUE EGG SPOON
2011-12-09,21407,SIM-DC-01,2,7.16,0,0,7,SIM-SUP-06,UNMAPPED,synthetic_demo,BROWN CHECK CAT DOORSTOP
2011-12-09,21408,SIM-DC-01,12,277.55,2,1,3,SIM-SUP-11,UNMAPPED,synthetic_demo,SPOTTY PINK DUCK DOORSTOP
2011-12-09,21410,SIM-DC-01,2,17.56,0,0,10,SIM-SUP-09,UNMAPPED,synthetic_demo,COUNTRY COTTAGE DOORSTOP GREEN
2011-12-09,21411,SIM-DC-01,45,877.57,2,6,14,SIM-SUP-11,UNMAPPED,synthetic_demo,GINGHAM HEART DOORSTOP RED
2011-12-09,21412,SIM-DC-01,2,21.72,0,0,10,SIM-SUP-03,UNMAPPED,synthetic_demo,VINTAGE GOLD TINSEL REEL
2011-12-09,21413,SIM-DC-01,2,6.50,0,0,7,SIM-SUP-04,UNMAPPED,synthetic_demo,PERIWINKLE T-LIGHT HOLDER
2011-12-09,21414,SIM-DC-01,3,50.74,0,0,10,SIM-SUP-01,UNMAPPED,synthetic_demo,SCALLOP SHELL SOAP DISH
2011-12-09,21415,SIM-DC-01,3,15.42,0,0,7,SIM-SUP-11,UNMAPPED,synthetic_demo,CLAM SHELL SMALL
2011-12-09,21417,SIM-DC-01,7,46.20,3,0,10,SIM-SUP-03,UNMAPPED,synthetic_demo,COCKLE SHELL DISH
2011-12-09,21418,SIM-DC-01,3,48.91,0,0,10,SIM-SUP-04,UNMAPPED,synthetic_demo,STARFISH SOAP DISH
2011-12-09,21421,SIM-DC-01,1,6.28,0,0,5,SIM-SUP-05,UNMAPPED,synthetic_demo,PORCELAIN ROSE LARGE
2011-12-09,21422,SIM-DC-01,3,54.62,1,0,7,SIM-SUP-11,UNMAPPED,synthetic_demo,PORCELAIN ROSE SMALL
2011-12-09,21424,SIM-DC-01,3,11.33,1,0,14,SIM-SUP-10,UNMAPPED,synthetic_demo,WOODLAND STORAGE BOX LARGE
2011-12-09,21425,SIM-DC-01,1,21.70,0,0,3,SIM-SUP-11,UNMAPPED,synthetic_demo,SKULLS STORAGE BOX LARGE
2011-12-09,21426,SIM-DC-01,8,51.83,0,0,7,SIM-SUP-03,UNMAPPED,synthetic_demo,WOODLAND STORAGE BOX SMALL
2011-12-09,21427,SIM-DC-01,2,43.81,0,0,7,SIM-SUP-10,UNMAPPED,synthetic_demo,SKULLS STORAGE BOX SMALL
2011-12-09,21428,SIM-DC-01,10,23.12,0,1,3,SIM-SUP-01,UNMAPPED,synthetic_demo,SET3 BOOK BOX GREEN GINGHAM FLOWER
2011-12-09,21429,SIM-DC-01,84,1351.51,0,12,5,SIM-SUP-05,UNMAPPED,synthetic_demo,RED GINGHAM ROSE JEWELLERY BOX
2011-12-09,21430,SIM-DC-01,97,1366.78,0,13,10,SIM-SUP-10,UNMAPPED,synthetic_demo,SET/3 RED GINGHAM ROSE STORAGE BOX
2011-12-09,21431,SIM-DC-01,1,13.27,0,0,5,SIM-SUP-07,UNMAPPED,synthetic_demo,GREEN GINGHAM FLOWER JEWELLERY BOX
2011-12-09,21432,SIM-DC-01,1,17.26,0,0,10,SIM-SUP-09,UNMAPPED,synthetic_demo,SET OF 3 CASES WOODLAND DESIGN
2011-12-09,21437,SIM-DC-01,1,7.79,0,0,5,SIM-SUP-06,UNMAPPED,synthetic_demo,24 HANGING EASTER EGGS FLORAL TUB
2011-12-09,21439,SIM-DC-01,7,48.21,0,0,7,SIM-SUP-03,UNMAPPED,synthetic_demo,BASKET OF TOADSTOOLS
2011-12-09,21440,SIM-DC-01,1,10.84,0,0,7,SIM-SUP-10,UNMAPPED,synthetic_demo,12 MINI TOADSTOOL PEGS
2011-12-09,21441,SIM-DC-01,7,18.42,0,1,7,SIM-SUP-10,UNMAPPED,synthetic_demo,BLUE BIRDHOUSE DECORATION
2011-12-09,21442,SIM-DC-01,14,301.87,0,0,14,SIM-SUP-01,UNMAPPED,synthetic_demo,GREEN BIRDHOUSE DECORATION
2011-12-09,21444,SIM-DC-01,3,23.76,0,0,14,SIM-SUP-05,UNMAPPED,synthetic_demo,BLUE CHALET BIRDFEEDER
2011-12-09,21445,SIM-DC-01,2,22.08,0,0,14,SIM-SUP-06,UNMAPPED,synthetic_demo,UNKNOWN
2011-12-09,21446,SIM-DC-01,11,181.68,6,0,10,SIM-SUP-07,UNMAPPED,synthetic_demo,12 RED ROSE PEG PLACE SETTINGS
2011-12-09,21447,SIM-DC-01,1,12.29,0,0,7,SIM-SUP-07,UNMAPPED,synthetic_demo,12 IVORY ROSE PEG PLACE SETTINGS
2011-12-09,21448,SIM-DC-01,1,7.75,0,0,7,SIM-SUP-04,UNMAPPED,synthetic_demo,12 DAISY PEGS IN WOOD BOX
2011-12-09,21452,SIM-DC-01,17,239.20,0,2,5,SIM-SUP-11,UNMAPPED,synthetic_demo,TOADSTOOL MONEY BOX
2011-12-09,21454,SIM-DC-01,2,5.21,0,0,3,SIM-SUP-10,UNMAPPED,synthetic_demo,PAINTED PINK RABBIT
2011-12-09,21455,SIM-DC-01,1,12.40,0,0,3,SIM-SUP-05,UNMAPPED,synthetic_demo,PAINTED YELLOW WOODEN DAISY
2011-12-09,21456,SIM-DC-01,2,38.21,0,0,14,SIM-SUP-02,UNMAPPED,synthetic_demo,2 PICTURE BOOK EGGS EASTER CHICKS
2011-12-09,21457,SIM-DC-01,1,3.80,0,0,5,SIM-SUP-10,UNMAPPED,synthetic_demo,2 PICTURE BOOK EGGS EASTER DUCKS
2011-12-09,21458,SIM-DC-01,2,46.21,0,0,7,SIM-SUP-01,UNMAPPED,synthetic_demo,2 PICTURE BOOK EGGS EASTER BUNNY
2011-12-09,21459,SIM-DC-01,1,13.86,0,0,7,SIM-SUP-01,UNMAPPED,synthetic_demo,YELLOW EASTER EGG HUNT START POST
2011-12-09,21462,SIM-DC-01,12,57.78,0,1,14,SIM-SUP-05,UNMAPPED,synthetic_demo,"NURSERY A,B,C PAINTED LETTERS"
2011-12-09,21463,SIM-DC-01,31,716.81,0,1,10,SIM-SUP-08,UNMAPPED,synthetic_demo,MIRRORED DISCO BALL
2011-12-09,21464,SIM-DC-01,18,190.49,0,2,14,SIM-SUP-05,UNMAPPED,synthetic_demo,DISCO BALL ROTATOR BATTERY OPERATED
2011-12-09,21465,SIM-DC-01,2,4.01,0,0,3,SIM-SUP-11,UNMAPPED,synthetic_demo,PINK FLOWER CROCHET FOOD COVER
2011-12-09,21466,SIM-DC-01,5,67.64,0,0,10,SIM-SUP-02,UNMAPPED,synthetic_demo,RED FLOWER CROCHET FOOD COVER
2011-12-09,21467,SIM-DC-01,2,8.46,0,0,7,SIM-SUP-06,UNMAPPED,synthetic_demo,CHERRY CROCHET FOOD COVER
2011-12-09,21468,SIM-DC-01,3,56.70,0,0,10,SIM-SUP-07,UNMAPPED,synthetic_demo,BUTTERFLY CROCHET FOOD COVER
2011-12-09,21469,SIM-DC-01,6,103.81,0,0,14,SIM-SUP-03,UNMAPPED,synthetic_demo,POLKA DOT RAFFIA FOOD COVER
2011-12-09,21470,SIM-DC-01,2,6.35,0,0,3,SIM-SUP-12,UNMAPPED,synthetic_demo,FLOWER VINE RAFFIA FOOD COVER
2011-12-09,21471,SIM-DC-01,6,119.64,0,1,3,SIM-SUP-01,UNMAPPED,synthetic_demo,STRAWBERRY RAFFIA FOOD COVER
2011-12-09,21472,SIM-DC-01,1,23.67,0,0,5,SIM-SUP-05,UNMAPPED,synthetic_demo,UNKNOWN
2011-12-09,21473,SIM-DC-01,2,28.64,0,0,10,SIM-SUP-09,UNMAPPED,synthetic_demo,SWEETHEART CREAM STEEL TABLE RECT
2011-12-09,21474,SIM-DC-01,1,23.38,0,0,5,SIM-SUP-05,UNMAPPED,synthetic_demo,SWEETHEART CREAM STEEL FOLDIN BENCH
2011-12-09,21476,SIM-DC-01,1,12.27,0,0,5,SIM-SUP-02,UNMAPPED,synthetic_demo,STEEL SWEETHEART ROUND TABLE CREAM
2011-12-09,21478,SIM-DC-01,1,13.21,0,0,10,SIM-SUP-11,UNMAPPED,synthetic_demo,UNKNOWN
2011-12-09,21479,SIM-DC-01,250,6098.74,79,31,7,SIM-SUP-11,UNMAPPED,synthetic_demo,WHITE SKULL HOT WATER BOTTLE
2011-12-09,21481,SIM-DC-01,124,3028.39,0,6,10,SIM-SUP-09,UNMAPPED,synthetic_demo,FAWN BLUE HOT WATER BOTTLE
2011-12-09,21482,SIM-DC-01,1,10.69,0,0,5,SIM-SUP-12,UNMAPPED,synthetic_demo,MUSHROOM BLUE HOT WATER BOTTLE
2011-12-09,21484,SIM-DC-01,121,789.23,0,18,7,SIM-SUP-11,UNMAPPED,synthetic_demo,CHICK GREY HOT WATER BOTTLE
2011-12-09,21485,SIM-DC-01,509,2903.01,0,44,14,SIM-SUP-11,UNMAPPED,synthetic_demo,RETROSPOT HEART HOT WATER BOTTLE
2011-12-09,21486,SIM-DC-01,1,8.20,0,0,5,SIM-SUP-03,UNMAPPED,synthetic_demo,PINK HEART DOTS HOT WATER BOTTLE
2011-12-09,21488,SIM-DC-01,1,23.55,0,0,5,SIM-SUP-07,UNMAPPED,synthetic_demo,RED WHITE SCARF HOT WATER BOTTLE
2011-12-09,21491,SIM-DC-01,1,9.49,0,0,3,SIM-SUP-03,UNMAPPED,synthetic_demo,UNKNOWN
2011-12-09,21494,SIM-DC-01,142,3134.54,32,9,10,SIM-SUP-11,UNMAPPED,synthetic_demo,ROTATING LEAVES T-LIGHT HOLDER
2011-12-09,21495,SIM-DC-01,118,1900.81,0,3,7,SIM-SUP-01,UNMAPPED,synthetic_demo,SKULLS AND CROSSBONES WRAP
2011-12-09,21497,SIM-DC-01,105,2121.80,0,8,3,SIM-SUP-11,UNMAPPED,synthetic_demo,FANCY FONTS BIRTHDAY WRAP
2011-12-09,21498,SIM-DC-01,89,1874.41,0,12,3,SIM-SUP-04,UNMAPPED,synthetic_demo,RED RETROSPOT WRAP
2011-12-09,21499,SIM-DC-01,35,704.66,0,1,5,SIM-SUP-06,UNMAPPED,synthetic_demo,BLUE POLKADOT WRAP
2011-12-09,21500,SIM-DC-01,91,1816.51,0,8,7,SIM-SUP-03,UNMAPPED,synthetic_demo,PINK POLKADOT WRAP
2011-12-09,21503,SIM-DC-01,3,51.90,0,0,3,SIM-SUP-06,UNMAPPED,synthetic_demo,TOYBOX WRAP
2011-12-09,21504,SIM-DC-01,20,498.14,4,2,10,SIM-SUP-02,UNMAPPED,synthetic_demo,SKULLS GREETING CARD
2011-12-09,21506,SIM-DC-01,89,1398.95,0,1,7,SIM-SUP-10,UNMAPPED,synthetic_demo,"FANCY FONT BIRTHDAY CARD,"
2011-12-09,21507,SIM-DC-01,64,1317.86,0,8,5,SIM-SUP-01,UNMAPPED,synthetic_demo,ELEPHANT BIRTHDAY CARD
2011-12-09,21508,SIM-DC-01,8,147.62,0,1,3,SIM-SUP-03,UNMAPPED,synthetic_demo,VINTAGE KID DOLLY CARD
2011-12-09,21509,SIM-DC-01,50,706.93,0,6,5,SIM-SUP-03,UNMAPPED,synthetic_demo,COWBOYS AND INDIANS BIRTHDAY CARD
2011-12-09,21518,SIM-DC-01,2,16.57,0,0,7,SIM-SUP-02,UNMAPPED,synthetic_demo,BANK ACCOUNT GREETING CARD
2011-12-09,21519,SIM-DC-01,18,297.19,6,1,3,SIM-SUP-07,UNMAPPED,synthetic_demo,GIN & TONIC DIET GREETING CARD
2011-12-09,21520,SIM-DC-01,2,31.76,0,0,3,SIM-SUP-10,UNMAPPED,synthetic_demo,BOOZE & WOMEN GREETING CARD
2011-12-09,21523,SIM-DC-01,27,451.72,14,1,5,SIM-SUP-06,UNMAPPED,synthetic_demo,DOORMAT FANCY FONT HOME SWEET HOME
2011-12-09,21524,SIM-DC-01,39,228.85,0,5,7,SIM-SUP-11,UNMAPPED,synthetic_demo,DOORMAT SPOTTY HOME SWEET HOME
2011-12-09,21527,SIM-DC-01,1,5.16,1,0,14,SIM-SUP-09,UNMAPPED,synthetic_demo,RED RETROSPOT TRADITIONAL TEAPOT
2011-12-09,21528,SIM-DC-01,2,22.11,0,0,3,SIM-SUP-06,UNMAPPED,synthetic_demo,DAIRY MAID TRADITIONAL TEAPOT
2011-12-09,21529,SIM-DC-01,1,21.60,0,0,10,SIM-SUP-10,UNMAPPED,synthetic_demo,UNKNOWN
2011-12-09,21530,SIM-DC-01,4,34.80,0,0,5,SIM-SUP-02,UNMAPPED,synthetic_demo,DAIRY MAID TOASTRACK
2011-12-09,21531,SIM-DC-01,38,530.03,0,4,5,SIM-SUP-06,UNMAPPED,synthetic_demo,RED RETROSPOT SUGAR JAM BOWL
2011-12-09,21532,SIM-DC-01,4,54.19,0,0,14,SIM-SUP-08,UNMAPPED,synthetic_demo,UNKNOWN
2011-12-09,21533,SIM-DC-01,10,148.81,5,1,14,SIM-SUP-07,UNMAPPED,synthetic_demo,RETROSPOT LARGE MILK JUG
2011-12-09,21534,SIM-DC-01,7,33.33,0,1,10,SIM-SUP-12,UNMAPPED,synthetic_demo,DAIRY MAID LARGE MILK JUG
2011-12-09,21535,SIM-DC-01,53,851.45,0,3,7,SIM-SUP-10,UNMAPPED,synthetic_demo,RED RETROSPOT SMALL MILK JUG
2011-12-09,21536,SIM-DC-01,1,13.00,0,0,3,SIM-SUP-11,UNMAPPED,synthetic_demo,DAIRY MAID SMALL MILK JUG
2011-12-09,21537,SIM-DC-01,12,296.58,1,0,7,SIM-SUP-12,UNMAPPED,synthetic_demo,RED RETROSPOT PUDDING BOWL
2011-12-09,21538,SIM-DC-01,1,4.67,0,0,10,SIM-SUP-04,UNMAPPED,synthetic_demo,DAIRY MAID PUDDING BOWL
2011-12-09,21539,SIM-DC-01,1,24.45,0,0,7,SIM-SUP-02,UNMAPPED,synthetic_demo,check
2011-12-09,21540,SIM-DC-01,1,16.51,0,0,3,SIM-SUP-12,UNMAPPED,synthetic_demo,DAIRY MAID BUTTER DISH
2011-12-09,21541,SIM-DC-01,1,22.24,0,0,5,SIM-SUP-07,UNMAPPED,synthetic_demo,DINOSAURS WATER TRANSFER TATTOOS
2011-12-09,21542,SIM-DC-01,2,34.54,0,0,14,SIM-SUP-11,UNMAPPED,synthetic_demo,UNKNOWN
2011-12-09,21544,SIM-DC-01,52,916.95,0,5,7,SIM-SUP-04,UNMAPPED,synthetic_demo,SKULLS WATER TRANSFER TATTOOS
2011-12-09,21545,SIM-DC-01,0,0.00,0,0,3,SIM-SUP-02,UNMAPPED,synthetic_demo,UNKNOWN
2011-12-09,21547,SIM-DC-01,1,17.25,0,0,7,SIM-SUP-06,UNMAPPED,synthetic_demo,CERAMIC BIRDHOUSE CRESTED TIT SMALL
2011-12-09,21548,SIM-DC-01,3,40.73,0,0,14,SIM-SUP-07,UNMAPPED,synthetic_demo,CERAMIC BIRDHOUSE FINCH BLUE ROOF
2011-12-09,21549,SIM-DC-01,1,9.04,0,0,3,SIM-SUP-01,UNMAPPED,synthetic_demo,CERAMIC BIRDHOUSE RED ROOF SMALL
2011-12-09,21550,SIM-DC-01,1,7.70,0,0,14,SIM-SUP-02,UNMAPPED,synthetic_demo,CERAMIC BIRDHOUSE CRESTED TIT LARGE
2011-12-09,21555,SIM-DC-01,11,183.70,0,2,14,SIM-SUP-12,UNMAPPED,synthetic_demo,CERAMIC STRAWBERRY TRINKET TRAY
2011-12-09,21556,SIM-DC-01,4,99.39,1,0,10,SIM-SUP-08,UNMAPPED,synthetic_demo,CERAMIC STRAWBERRY MONEY BOX
2011-12-09,21557,SIM-DC-01,9,118.58,0,1,7,SIM-SUP-01,UNMAPPED,synthetic_demo,SET OF 6 FUNKY BEAKERS
2011-12-09,21558,SIM-DC-01,32,730.06,0,4,3,SIM-SUP-03,UNMAPPED,synthetic_demo,SKULL LUNCH BOX WITH CUTLERY
2011-12-09,21559,SIM-DC-01,23,384.75,1,1,3,SIM-SUP-10,UNMAPPED,synthetic_demo,STRAWBERRY LUNCH BOX WITH CUTLERY
2011-12-09,21561,SIM-DC-01,7,48.24,0,0,3,SIM-SUP-02,UNMAPPED,synthetic_demo,DINOSAUR LUNCH BOX WITH CUTLERY
2011-12-09,21562,SIM-DC-01,3,11.79,0,0,5,SIM-SUP-01,UNMAPPED,synthetic_demo,HAWAIIAN GRASS SKIRT
2011-12-09,21563,SIM-DC-01,43,654.69,9,6,10,SIM-SUP-04,UNMAPPED,synthetic_demo,RED HEART SHAPE LOVE BUCKET
2011-12-09,21564,SIM-DC-01,7,90.66,0,1,7,SIM-SUP-09,UNMAPPED,synthetic_demo,PINK HEART SHAPE LOVE BUCKET
2011-12-09,21576,SIM-DC-01,4,16.72,0,0,3,SIM-SUP-07,UNMAPPED,synthetic_demo,LETS GO SHOPPING COTTON TOTE BAG
2011-12-09,21577,SIM-DC-01,5,56.52,0,0,7,SIM-SUP-11,UNMAPPED,synthetic_demo,SAVE THE PLANET COTTON TOTE BAG
2011-12-09,21578,SIM-DC-01,2,30.88,1,0,7,SIM-SUP-03,UNMAPPED,synthetic_demo,WOODLAND DESIGN COTTON TOTE BAG
2011-12-09,21579,SIM-DC-01,2,6.16,0,0,3,SIM-SUP-11,UNMAPPED,synthetic_demo,LOLITA DESIGN COTTON TOTE BAG
2011-12-09,21580,SIM-DC-01,5,52.89,0,1,5,SIM-SUP-09,UNMAPPED,synthetic_demo,RABBIT DESIGN COTTON TOTE BAG
2011-12-09,21581,SIM-DC-01,4,71.32,0,0,3,SIM-SUP-03,UNMAPPED,synthetic_demo,SKULLS DESIGN COTTON TOTE BAG
2011-12-09,21584,SIM-DC-01,57,667.29,0,2,14,SIM-SUP-10,UNMAPPED,synthetic_demo,RETROSPOT SMALL TUBE MATCHES
2011-12-09,21586,SIM-DC-01,3,55.59,0,0,14,SIM-SUP-05,UNMAPPED,synthetic_demo,KINGS CHOICE GIANT TUBE MATCHES
2011-12-09,21587,SIM-DC-01,1,21.35,0,0,10,SIM-SUP-05,UNMAPPED,synthetic_demo,COSY HOUR GIANT TUBE MATCHES
2011-12-09,21588,SIM-DC-01,71,288.94,0,1,7,SIM-SUP-03,UNMAPPED,synthetic_demo,RETROSPOT GIANT TUBE MATCHES
2011-12-09,21589,SIM-DC-01,1,19.09,0,0,5,SIM-SUP-09,UNMAPPED,synthetic_demo,SWALLOW GIANT TUBE MATCHES
2011-12-09,21590,SIM-DC-01,2,16.92,0,0,10,SIM-SUP-07,UNMAPPED,synthetic_demo,UNKNOWN
2011-12-09,21591,SIM-DC-01,14,199.72,0,2,3,SIM-SUP-07,UNMAPPED,synthetic_demo,COSY HOUR CIGAR BOX MATCHES
2011-12-09,21592,SIM-DC-01,44,965.35,0,6,3,SIM-SUP-12,UNMAPPED,synthetic_demo,RETROSPOT CIGAR BOX MATCHES
2011-12-09,21593,SIM-DC-01,3,50.72,0,0,10,SIM-SUP-10,UNMAPPED,synthetic_demo,SWALLOW CIGAR BOX MATCHES
2011-12-09,21609,SIM-DC-01,2,12.98,0,0,7,SIM-SUP-05,UNMAPPED,synthetic_demo,SET 12 LAVENDER BOTANICAL T-LIGHTS
2011-12-09,21610,SIM-DC-01,1,11.81,0,0,3,SIM-SUP-06,UNMAPPED,synthetic_demo,SET 12 PEAR BOTANICAL T-LIGHTS
2011-12-09,21611,SIM-DC-01,2,18.52,1,0,14,SIM-SUP-07,UNMAPPED,synthetic_demo,SET OF 12 LILY BOTANICAL T-LIGHTS
2011-12-09,21612,SIM-DC-01,4,82.62,0,0,14,SIM-SUP-01,UNMAPPED,synthetic_demo,SET 12 WILDFLOWER BOTANICAL T-LIGHT
2011-12-09,21613,SIM-DC-01,1,24.08,0,0,3,SIM-SUP-02,UNMAPPED,synthetic_demo,S/12 VANILLA BOTANICAL T-LIGHTS
2011-12-09,21614,SIM-DC-01,1,18.58,0,0,3,SIM-SUP-10,UNMAPPED,synthetic_demo,UNKNOWN
2011-12-09,21615,SIM-DC-01,99,916.19,0,14,5,SIM-SUP-07,UNMAPPED,synthetic_demo,4 LAVENDER BOTANICAL DINNER CANDLES
2011-12-09,21616,SIM-DC-01,320,3678.85,0,43,14,SIM-SUP-11,UNMAPPED,synthetic_demo,4 PEAR BOTANICAL DINNER CANDLES
2011-12-09,21617,SIM-DC-01,23,286.69,0,1,10,SIM-SUP-08,UNMAPPED,synthetic_demo,4 LILY BOTANICAL DINNER CANDLES
2011-12-09,21618,SIM-DC-01,13,157.80,0,1,10,SIM-SUP-05,UNMAPPED,synthetic_demo,4 WILDFLOWER BOTANICAL CANDLES
2011-12-09,21619,SIM-DC-01,176,2524.72,0,17,7,SIM-SUP-07,UNMAPPED,synthetic_demo,4 VANILLA BOTANICAL CANDLES
2011-12-09,21620,SIM-DC-01,242,4368.22,0,25,14,SIM-SUP-03,UNMAPPED,synthetic_demo,SET OF 4 ROSE BOTANICAL CANDLES
2011-12-09,21621,SIM-DC-01,31,233.52,0,3,5,SIM-SUP-12,UNMAPPED,synthetic_demo,VINTAGE UNION JACK BUNTING
2011-12-09,21622,SIM-DC-01,4,56.69,0,0,7,SIM-SUP-06,UNMAPPED,synthetic_demo,VINTAGE UNION JACK CUSHION COVER
2011-12-09,21623,SIM-DC-01,12,85.81,0,2,5,SIM-SUP-09,UNMAPPED,synthetic_demo,VINTAGE UNION JACK MEMOBOARD
2011-12-09,21624,SIM-DC-01,9,211.16,4,1,10,SIM-SUP-05,UNMAPPED,synthetic_demo,VINTAGE UNION JACK DOORSTOP
2011-12-09,21625,SIM-DC-01,3,18.11,0,0,3,SIM-SUP-11,UNMAPPED,synthetic_demo,VINTAGE UNION JACK APRON
2011-12-09,21626,SIM-DC-01,4,10.19,0,0,10,SIM-SUP-05,UNMAPPED,synthetic_demo,VINTAGE UNION JACK PENNANT
2011-12-09,21627,SIM-DC-01,2,8.19,0,0,14,SIM-SUP-08,UNMAPPED,synthetic_demo,ELEPHANT CARNIVAL POUFFE
2011-12-09,21628,SIM-DC-01,2,25.88,0,0,7,SIM-SUP-11,UNMAPPED,synthetic_demo,TRIANGULAR POUFFE VINTAGE
2011-12-09,21629,SIM-DC-01,14,140.02,1,1,14,SIM-SUP-06,UNMAPPED,synthetic_demo,SQUARE FLOOR CUSHION VINTAGE RED
2011-12-09,21630,SIM-DC-01,2,40.13,0,0,7,SIM-SUP-11,UNMAPPED,synthetic_demo,FLOOR CUSHION ELEPHANT CARNIVAL
2011-12-09,21631,SIM-DC-01,1,2.62,0,0,10,SIM-SUP-05,UNMAPPED,synthetic_demo,HIPPY CHIC DECORATIVE PARASOL
2011-12-09,21632,SIM-DC-01,2,34.59,0,0,7,SIM-SUP-12,UNMAPPED,synthetic_demo,UNKNOWN
2011-12-09,21633,SIM-DC-01,3,69.39,0,0,7,SIM-SUP-09,UNMAPPED,synthetic_demo,SUNFLOWER DECORATIVE PARASOL
2011-12-09,21634,SIM-DC-01,2,24.82,0,0,10,SIM-SUP-07,UNMAPPED,synthetic_demo,ASSORTED MINI MADRAS NOTEBOOK
2011-12-09,21635,SIM-DC-01,1,6.58,0,0,7,SIM-SUP-02,UNMAPPED,synthetic_demo,UNKNOWN
2011-12-09,21636,SIM-DC-01,29,524.73,0,1,5,SIM-SUP-06,UNMAPPED,synthetic_demo,MADRAS NOTEBOOK MEDIUM
2011-12-09,21637,SIM-DC-01,2,10.44,1,0,14,SIM-SUP-07,UNMAPPED,synthetic_demo,ASSORTED SANSKRIT MINI NOTEBOOK
2011-12-09,21638,SIM-DC-01,7,54.76,0,0,3,SIM-SUP-08,UNMAPPED,synthetic_demo,ASSORTED TUTTI FRUTTI NOTEBOOK
2011-12-09,21640,SIM-DC-01,24,93.22,0,2,7,SIM-SUP-10,UNMAPPED,synthetic_demo,ASSORTED TUTTI FRUTTI FOB NOTEBOOK
2011-12-09,21641,SIM-DC-01,1,13.32,0,0,3,SIM-SUP-07,UNMAPPED,synthetic_demo,ASSORTED TUTTI FRUTTI KEYRING BALL
2011-12-09,21642,SIM-DC-01,137,1553.22,12,17,14,SIM-SUP-05,UNMAPPED,synthetic_demo,ASSORTED TUTTI FRUTTI PEN
2011-12-09,21643,SIM-DC-01,4,95.20,1,0,7,SIM-SUP-02,UNMAPPED,synthetic_demo,ASSORTED TUTTI FRUTTI MIRROR
2011-12-09,21644,SIM-DC-01,2,30.09,0,0,3,SIM-SUP-06,UNMAPPED,synthetic_demo,ASSORTED TUTTI FRUTTI HEART BOX
2011-12-09,21645,SIM-DC-01,3,32.10,1,0,10,SIM-SUP-06,UNMAPPED,synthetic_demo,ASSORTED TUTTI FRUTTI ROUND BOX
2011-12-09,21647,SIM-DC-01,4,89.70,0,0,14,SIM-SUP-12,UNMAPPED,synthetic_demo,ASSORTED TUTTI FRUTTI LARGE PURSE
2011-12-09,21648,SIM-DC-01,7,171.02,0,1,10,SIM-SUP-03,UNMAPPED,synthetic_demo,ASSORTED TUTTI FRUTTI SMALL PURSE
2011-12-09,21650,SIM-DC-01,123,323.62,26,7,7,SIM-SUP-01,UNMAPPED,synthetic_demo,ASSORTED TUTTI FRUTTI BRACELET
2011-12-09,21651,SIM-DC-01,1,4.79,0,0,10,SIM-SUP-08,UNMAPPED,synthetic_demo,HANGING GLASS ETCHED TEALIGHT
2011-12-09,21652,SIM-DC-01,2,5.71,0,0,10,SIM-SUP-10,UNMAPPED,synthetic_demo,GLASS ETCHED T-LIGHT HOLDER MEDIUM
2011-12-09,21653,SIM-DC-01,1,12.42,0,0,3,SIM-SUP-04,UNMAPPED,synthetic_demo,GLASS ETCHED T-LIGHT HOLDER LARGE
2011-12-09,21654,SIM-DC-01,0,0.00,0,0,3,SIM-SUP-12,UNMAPPED,synthetic_demo,RIDGED GLASS FINGER BOWL
2011-12-09,21655,SIM-DC-01,1,22.99,0,0,3,SIM-SUP-12,UNMAPPED,synthetic_demo,UNKNOWN
2011-12-09,21656,SIM-DC-01,1,9.86,0,0,7,SIM-SUP-12,UNMAPPED,synthetic_demo,RIDGED GLASS POSY VASE
2011-12-09,21657,SIM-DC-01,4,36.56,0,1,14,SIM-SUP-05,UNMAPPED,synthetic_demo,MILK BOTTLE WITH GLASS STOPPER
2011-12-09,21658,SIM-DC-01,0,0.00,0,0,3,SIM-SUP-02,UNMAPPED,synthetic_demo,UNKNOWN
2011-12-09,21659,SIM-DC-01,1,23.10,0,0,3,SIM-SUP-04,UNMAPPED,synthetic_demo,UNKNOWN
2011-12-09,21661,SIM-DC-01,1,14.87,0,0,3,SIM-SUP-04,UNMAPPED,synthetic_demo,VINTAGE GLASS TEA CADDY
2011-12-09,21662,SIM-DC-01,1,4.79,0,0,3,SIM-SUP-04,UNMAPPED,synthetic_demo,UNKNOWN
2011-12-09,21664,SIM-DC-01,2,24.95,0,0,10,SIM-SUP-02,UNMAPPED,synthetic_demo,RIDGED GLASS STORAGE JAR CREAM LID
2011-12-09,21665,SIM-DC-01,1,24.73,0,0,5,SIM-SUP-05,UNMAPPED,synthetic_demo,TRIANGULAR RIDGED GLASS POSY HOLDER
2011-12-09,21666,SIM-DC-01,6,32.86,0,0,10,SIM-SUP-08,UNMAPPED,synthetic_demo,RIDGED GLASS T-LIGHT HOLDER
2011-12-09,21667,SIM-DC-01,3,69.08,0,0,10,SIM-SUP-09,UNMAPPED,synthetic_demo,UNKNOWN
2011-12-09,21668,SIM-DC-01,49,445.63,0,5,3,SIM-SUP-01,UNMAPPED,synthetic_demo,RED STRIPE CERAMIC DRAWER KNOB
2011-12-09,21669,SIM-DC-01,120,2377.49,0,5,7,SIM-SUP-09,UNMAPPED,synthetic_demo,BLUE STRIPE CERAMIC DRAWER KNOB
2011-12-09,21670,SIM-DC-01,104,1915.71,0,2,14,SIM-SUP-09,UNMAPPED,synthetic_demo,BLUE SPOT CERAMIC DRAWER KNOB
2011-12-09,21671,SIM-DC-01,28,672.72,0,0,7,SIM-SUP-10,UNMAPPED,synthetic_demo,RED SPOT CERAMIC DRAWER KNOB
2011-12-09,21672,SIM-DC-01,43,463.64,8,4,7,SIM-SUP-11,UNMAPPED,synthetic_demo,WHITE SPOT RED CERAMIC DRAWER KNOB
2011-12-09,21673,SIM-DC-01,87,527.91,0,7,14,SIM-SUP-02,UNMAPPED,synthetic_demo,WHITE SPOT BLUE CERAMIC DRAWER KNOB
2011-12-09,21675,SIM-DC-01,27,569.69,4,1,7,SIM-SUP-08,UNMAPPED,synthetic_demo,BUTTERFLIES STICKERS
2011-12-09,21676,SIM-DC-01,15,336.04,0,2,10,SIM-SUP-03,UNMAPPED,synthetic_demo,FLOWERS STICKERS
2011-12-09,21677,SIM-DC-01,14,328.85,0,1,14,SIM-SUP-01,UNMAPPED,synthetic_demo,HEARTS STICKERS
2011-12-09,21678,SIM-DC-01,5,43.15,0,0,5,SIM-SUP-10,UNMAPPED,synthetic_demo,PAISLEY PATTERN STICKERS
2011-12-09,21679,SIM-DC-01,3,68.77,1,0,3,SIM-SUP-12,UNMAPPED,synthetic_demo,SKULLS STICKERS
2011-12-09,21680,SIM-DC-01,20,266.77,0,2,10,SIM-SUP-02,UNMAPPED,synthetic_demo,WOODLAND STICKERS
2011-12-09,21681,SIM-DC-01,3,23.04,0,0,10,SIM-SUP-04,UNMAPPED,synthetic_demo,GIANT MEDINA STAMPED METAL BOWL
2011-12-09,21682,SIM-DC-01,6,20.81,0,1,14,SIM-SUP-06,UNMAPPED,synthetic_demo,LARGE MEDINA STAMPED METAL BOWL
2011-12-09,21683,SIM-DC-01,8,22.08,2,0,14,SIM-SUP-05,UNMAPPED,synthetic_demo,MEDIUM MEDINA STAMPED METAL BOWL
2011-12-09,21684,SIM-DC-01,20,394.78,0,2,10,SIM-SUP-07,UNMAPPED,synthetic_demo,SMALL MEDINA STAMPED METAL BOWL
2011-12-09,21686,SIM-DC-01,1,19.56,0,0,10,SIM-SUP-09,UNMAPPED,synthetic_demo,MEDINA STAMPED METAL STOOL
2011-12-09,21687,SIM-DC-01,1,14.04,0,0,3,SIM-SUP-06,UNMAPPED,synthetic_demo,UNKNOWN
2011-12-09,21688,SIM-DC-01,4,89.31,0,1,7,SIM-SUP-12,UNMAPPED,synthetic_demo,SILVER PLATE CANDLE BOWL SMALL
2011-12-09,21689,SIM-DC-01,3,35.54,0,0,5,SIM-SUP-03,UNMAPPED,synthetic_demo,SILVER VANILLA FLOWER CANDLE POT
2011-12-09,21690,SIM-DC-01,1,13.67,0,0,5,SIM-SUP-04,UNMAPPED,synthetic_demo,UNKNOWN
2011-12-09,21691,SIM-DC-01,1,11.03,0,0,5,SIM-SUP-05,UNMAPPED,synthetic_demo,SILVER VANILLA FLOWER CANDLE POT
2011-12-09,21692,SIM-DC-01,1,23.52,0,0,5,SIM-SUP-05,UNMAPPED,synthetic_demo,SILVER LATTICE VANILLA CANDLE POT
2011-12-09,21693,SIM-DC-01,22,201.57,1,2,14,SIM-SUP-04,UNMAPPED,synthetic_demo,SMALL HAMMERED SILVER CANDLEPOT
2011-12-09,21694,SIM-DC-01,2,36.70,0,0,3,SIM-SUP-09,UNMAPPED,synthetic_demo,SMALL REGAL SILVER CANDLEPOT
2011-12-09,21695,SIM-DC-01,7,121.20,4,1,14,SIM-SUP-03,UNMAPPED,synthetic_demo,SMALL SILVER FLOWER CANDLE POT
2011-12-09,21696,SIM-DC-01,2,29.00,0,0,10,SIM-SUP-01,UNMAPPED,synthetic_demo,SMALL SILVER TRELLIS CANDLEPOT
2011-12-09,21698,SIM-DC-01,10,207.74,0,1,10,SIM-SUP-08,UNMAPPED,synthetic_demo,MOCK LOBSTER FRIDGE MAGNET
2011-12-09,21700,SIM-DC-01,2,5.76,0,0,5,SIM-SUP-07,UNMAPPED,synthetic_demo,BIG DOUGHNUT FRIDGE MAGNETS
2011-12-09,21703,SIM-DC-01,145,1825.81,44,19,10,SIM-SUP-04,UNMAPPED,synthetic_demo,BAG 125g SWIRLY MARBLES
2011-12-09,21704,SIM-DC-01,190,2128.96,26,26,10,SIM-SUP-12,UNMAPPED,synthetic_demo,BAG 250g SWIRLY MARBLES
2011-12-09,21705,SIM-DC-01,39,609.44,0,2,5,SIM-SUP-01,UNMAPPED,synthetic_demo,BAG 500g SWIRLY MARBLES
2011-12-09,21706,SIM-DC-01,13,26.92,2,2,14,SIM-SUP-08,UNMAPPED,synthetic_demo,FOLDING UMBRELLA RED/WHITE POLKADOT
2011-12-09,21707,SIM-DC-01,11,189.78,3,0,14,SIM-SUP-09,UNMAPPED,synthetic_demo,FOLDING UMBRELLA BLACKBLUE POLKADOT
2011-12-09,21708,SIM-DC-01,4,35.99,0,0,7,SIM-SUP-02,UNMAPPED,synthetic_demo,FOLDING UMBRELLA CREAM POLKADOT
2011-12-09,21709,SIM-DC-01,4,77.73,0,0,10,SIM-SUP-07,UNMAPPED,synthetic_demo,FOLDING UMBRELLA CHOCOLATE POLKADOT
2011-12-09,21710,SIM-DC-01,2,41.23,0,0,7,SIM-SUP-08,UNMAPPED,synthetic_demo,FOLDING UMBRELLA PINKWHITE POLKADOT
2011-12-09,21711,SIM-DC-01,2,10.01,0,0,10,SIM-SUP-09,UNMAPPED,synthetic_demo,FOLDING UMBRELLA WHITE/RED POLKADOT
2011-12-09,21713,SIM-DC-01,13,310.01,0,0,10,SIM-SUP-07,UNMAPPED,synthetic_demo,CITRONELLA CANDLE FLOWERPOT
2011-12-09,21714,SIM-DC-01,9,204.01,3,0,3,SIM-SUP-07,UNMAPPED,synthetic_demo,CITRONELLA CANDLE GARDEN POT
2011-12-09,21715,SIM-DC-01,4,75.61,0,0,3,SIM-SUP-12,UNMAPPED,synthetic_demo,GIRLS VINTAGE TIN SEASIDE BUCKET
2011-12-09,21716,SIM-DC-01,11,215.42,0,1,7,SIM-SUP-10,UNMAPPED,synthetic_demo,BOYS VINTAGE TIN SEASIDE BUCKET
2011-12-09,21717,SIM-DC-01,1,8.98,0,0,3,SIM-SUP-10,UNMAPPED,synthetic_demo,UNKNOWN
2011-12-09,21718,SIM-DC-01,10,220.13,0,1,10,SIM-SUP-11,UNMAPPED,synthetic_demo,RED METAL BEACH SPADE
2011-12-09,21719,SIM-DC-01,2,14.51,0,0,10,SIM-SUP-05,UNMAPPED,synthetic_demo,LOVELY BONBON STICKER SHEET
2011-12-09,21720,SIM-DC-01,1,9.00,0,0,3,SIM-SUP-05,UNMAPPED,synthetic_demo,CAKE SHOP STICKER SHEET
2011-12-09,21721,SIM-DC-01,1,18.30,0,0,3,SIM-SUP-07,UNMAPPED,synthetic_demo,CANDY SHOP STICKER SHEET
2011-12-09,21722,SIM-DC-01,5,97.52,0,0,10,SIM-SUP-08,UNMAPPED,synthetic_demo,SWEET PUDDING STICKER SHEET
2011-12-09,21723,SIM-DC-01,2,33.09,0,0,5,SIM-SUP-04,UNMAPPED,synthetic_demo,ALPHABET HEARTS STICKER SHEET
2011-12-09,21724,SIM-DC-01,4,92.05,0,1,10,SIM-SUP-06,UNMAPPED,synthetic_demo,PANDA AND BUNNIES STICKER SHEET
2011-12-09,21725,SIM-DC-01,1,10.76,0,0,3,SIM-SUP-11,UNMAPPED,synthetic_demo,SWEETIES STICKERS
2011-12-09,21726,SIM-DC-01,2,47.33,0,0,5,SIM-SUP-10,UNMAPPED,synthetic_demo,MULTI HEARTS STICKERS
2011-12-09,21728,SIM-DC-01,1,2.27,0,0,7,SIM-SUP-07,UNMAPPED,synthetic_demo,UNKNOWN
2011-12-09,21730,SIM-DC-01,11,70.21,0,2,7,SIM-SUP-02,UNMAPPED,synthetic_demo,GLASS STAR FROSTED T-LIGHT HOLDER
2011-12-09,21731,SIM-DC-01,26,164.06,0,3,3,SIM-SUP-03,UNMAPPED,synthetic_demo,RED TOADSTOOL LED NIGHT LIGHT
2011-12-09,21732,SIM-DC-01,2,33.39,0,0,10,SIM-SUP-02,UNMAPPED,synthetic_demo,RED HANGING METAL STAR TLIGHT HLDR
2011-12-09,21733,SIM-DC-01,396,9619.30,0,28,14,SIM-SUP-09,UNMAPPED,synthetic_demo,RED HANGING HEART T-LIGHT HOLDER
2011-12-09,21735,SIM-DC-01,2,44.66,0,0,7,SIM-SUP-10,UNMAPPED,synthetic_demo,TWO DOOR CURIO CABINET
2011-12-09,21737,SIM-DC-01,1,20.99,0,0,7,SIM-SUP-11,UNMAPPED,synthetic_demo,SET 3 WICKER LOG BASKETS
2011-12-09,21738,SIM-DC-01,1,3.13,0,0,5,SIM-SUP-07,UNMAPPED,synthetic_demo,COSY SLIPPER SHOES SMALL RED
2011-12-09,21739,SIM-DC-01,52,1105.04,0,6,14,SIM-SUP-11,UNMAPPED,synthetic_demo,COSY SLIPPER SHOES SMALL GREEN
2011-12-09,21741,SIM-DC-01,3,44.74,0,0,10,SIM-SUP-06,UNMAPPED,synthetic_demo,COSY SLIPPER SHOES LARGE GREEN
2011-12-09,21742,SIM-DC-01,8,102.90,6,0,5,SIM-SUP-02,UNMAPPED,synthetic_demo,LARGE ROUND WICKER PLATTER
2011-12-09,21743,SIM-DC-01,1,14.43,0,0,5,SIM-SUP-10,UNMAPPED,synthetic_demo,STAR PORTABLE TABLE LIGHT
2011-12-09,21744,SIM-DC-01,39,882.24,0,2,5,SIM-SUP-01,UNMAPPED,synthetic_demo,SNOWFLAKE PORTABLE TABLE LIGHT
2011-12-09,21745,SIM-DC-01,15,55.06,17,2,14,SIM-SUP-06,UNMAPPED,synthetic_demo,GAOLERS KEYS DECORATIVE GARDEN
2011-12-09,21746,SIM-DC-01,10,240.27,0,1,10,SIM-SUP-04,UNMAPPED,synthetic_demo,SMALL RED RETROSPOT WINDMILL
2011-12-09,21747,SIM-DC-01,1,17.81,0,0,5,SIM-SUP-02,UNMAPPED,synthetic_demo,SMALL SKULL WINDMILL
2011-12-09,21749,SIM-DC-01,7,37.60,0,1,14,SIM-SUP-07,UNMAPPED,synthetic_demo,LARGE RED RETROSPOT WINDMILL
2011-12-09,21750,SIM-DC-01,0,0.00,0,0,5,SIM-SUP-02,UNMAPPED,synthetic_demo,LARGE SKULL WINDMILL
2011-12-09,21752,SIM-DC-01,1,4.61,0,0,10,SIM-SUP-03,UNMAPPED,synthetic_demo,GLASS CAKE STAND MIRRORED BASE
2011-12-09,21754,SIM-DC-01,67,1528.43,14,5,5,SIM-SUP-07,UNMAPPED,synthetic_demo,HOME BUILDING BLOCK WORD
2011-12-09,21755,SIM-DC-01,38,638.38,14,2,5,SIM-SUP-03,UNMAPPED,synthetic_demo,LOVE BUILDING BLOCK WORD
2011-12-09,21756,SIM-DC-01,24,323.00,0,2,14,SIM-SUP-01,UNMAPPED,synthetic_demo,BATH BUILDING BLOCK WORD
2011-12-09,21757,SIM-DC-01,1,19.57,0,0,3,SIM-SUP-09,UNMAPPED,synthetic_demo,LIGHTHOUSE PRINTED METAL SIGN
2011-12-09,21758,SIM-DC-01,3,34.48,2,0,14,SIM-SUP-11,UNMAPPED,synthetic_demo,VINTAGE SHELLS PRINT
2011-12-09,21765,SIM-DC-01,2,38.93,1,0,7,SIM-SUP-10,UNMAPPED,synthetic_demo,HANGING METAL BIRD BATH
2011-12-09,21768,SIM-DC-01,1,19.56,0,0,3,SIM-SUP-02,UNMAPPED,synthetic_demo,UNKNOWN
2011-12-09,21769,SIM-DC-01,1,12.85,0,0,5,SIM-SUP-10,UNMAPPED,synthetic_demo,VINTAGE POST OFFICE CABINET
2011-12-09,21770,SIM-DC-01,37,672.71,0,2,10,SIM-SUP-03,UNMAPPED,synthetic_demo,OPEN CLOSED METAL SIGN
2011-12-09,21773,SIM-DC-01,8,30.28,0,1,5,SIM-SUP-08,UNMAPPED,synthetic_demo,DECORATIVE ROSE BATHROOM BOTTLE
2011-12-09,21774,SIM-DC-01,14,93.98,0,2,10,SIM-SUP-04,UNMAPPED,synthetic_demo,DECORATIVE CATS BATHROOM BOTTLE
2011-12-09,21775,SIM-DC-01,13,195.37,0,1,14,SIM-SUP-02,UNMAPPED,synthetic_demo,DECORATIVE FLORE BATHROOM BOTTLE
2011-12-09,21777,SIM-DC-01,1,2.82,0,0,7,SIM-SUP-09,UNMAPPED,synthetic_demo,UNKNOWN
2011-12-09,21781,SIM-DC-01,1,22.83,0,0,5,SIM-SUP-12,UNMAPPED,synthetic_demo,MA CAMPAGNE CUTLERY BOX
2011-12-09,21784,SIM-DC-01,1,12.28,0,0,10,SIM-SUP-12,UNMAPPED,synthetic_demo,UNKNOWN
2011-12-09,21785,SIM-DC-01,1,6.71,0,0,3,SIM-SUP-10,UNMAPPED,synthetic_demo,RAIN PONCHO
2011-12-09,21786,SIM-DC-01,42,912.19,4,3,3,SIM-SUP-01,UNMAPPED,synthetic_demo,POLKADOT RAIN HAT
2011-12-09,21787,SIM-DC-01,79,1665.10,0,5,5,SIM-SUP-03,UNMAPPED,synthetic_demo,RAIN PONCHO RETROSPOT
2011-12-09,21788,SIM-DC-01,16,166.23,0,1,10,SIM-SUP-11,UNMAPPED,synthetic_demo,KIDS RAIN MAC BLUE
2011-12-09,21789,SIM-DC-01,5,60.03,1,0,3,SIM-SUP-07,UNMAPPED,synthetic_demo,KIDS RAIN MAC PINK
2011-12-09,21790,SIM-DC-01,247,4241.57,0,36,5,SIM-SUP-10,UNMAPPED,synthetic_demo,VINTAGE SNAP CARDS
2011-12-09,21791,SIM-DC-01,64,243.56,0,0,7,SIM-SUP-09,UNMAPPED,synthetic_demo,VINTAGE HEADS AND TAILS CARD GAME
2011-12-09,21792,SIM-DC-01,3,35.23,0,0,14,SIM-SUP-08,UNMAPPED,synthetic_demo,CLASSIC FRENCH STYLE BASKET GREEN
2011-12-09,21793,SIM-DC-01,5,75.66,1,0,3,SIM-SUP-10,UNMAPPED,synthetic_demo,CLASSIC FRENCH STYLE BASKET BROWN
2011-12-09,21794,SIM-DC-01,1,22.42,0,0,10,SIM-SUP-10,UNMAPPED,synthetic_demo,adjustment
2011-12-09,21795,SIM-DC-01,2,37.39,0,0,7,SIM-SUP-11,UNMAPPED,synthetic_demo,UNKNOWN
2011-12-09,21796,SIM-DC-01,3,38.41,0,0,14,SIM-SUP-10,UNMAPPED,synthetic_demo,UNKNOWN
2011-12-09,21801,SIM-DC-01,2,49.79,0,0,7,SIM-SUP-02,UNMAPPED,synthetic_demo,CHRISTMAS TREE DECORATION WITH BELL
2011-12-09,21802,SIM-DC-01,1,21.97,0,0,5,SIM-SUP-09,UNMAPPED,synthetic_demo,CHRISTMAS TREE HEART DECORATION
2011-12-09,21803,SIM-DC-01,43,396.01,0,4,3,SIM-SUP-02,UNMAPPED,synthetic_demo,CHRISTMAS TREE STAR DECORATION
2011-12-09,21804,SIM-DC-01,12,258.37,6,1,3,SIM-SUP-05,UNMAPPED,synthetic_demo,dotcom
2011-12-09,21805,SIM-DC-01,1,9.17,0,0,5,SIM-SUP-02,UNMAPPED,synthetic_demo,WHITE CHRISTMAS TREE DECORATION
2011-12-09,21806,SIM-DC-01,1,5.30,0,0,3,SIM-SUP-11,UNMAPPED,synthetic_demo,WHITE CHRISTMAS HEART DECORATION
2011-12-09,21807,SIM-DC-01,5,43.61,0,1,7,SIM-SUP-11,UNMAPPED,synthetic_demo,WHITE CHRISTMAS STAR DECORATION
2011-12-09,21808,SIM-DC-01,9,29.83,0,1,5,SIM-SUP-09,UNMAPPED,synthetic_demo,"CHRISTMAS GARLAND STARS,TREES"
2011-12-09,21809,SIM-DC-01,13,285.84,1,1,5,SIM-SUP-01,UNMAPPED,synthetic_demo,CHRISTMAS HANGING TREE WITH BELL
2011-12-09,21810,SIM-DC-01,642,4903.83,0,47,14,SIM-SUP-05,UNMAPPED,synthetic_demo,CHRISTMAS HANGING STAR WITH BELL
2011-12-09,21811,SIM-DC-01,67,613.28,0,10,3,SIM-SUP-08,UNMAPPED,synthetic_demo,UNKNOWN
2011-12-09,21812,SIM-DC-01,16,376.80,5,2,5,SIM-SUP-01,UNMAPPED,synthetic_demo,GARLAND WITH HEARTS AND BELLS
2011-12-09,21813,SIM-DC-01,12,49.52,0,1,3,SIM-SUP-04,UNMAPPED,synthetic_demo,GARLAND WITH STARS AND BELLS
2011-12-09,21814,SIM-DC-01,4,75.09,0,0,5,SIM-SUP-03,UNMAPPED,synthetic_demo,HEART T-LIGHT HOLDER
2011-12-09,21815,SIM-DC-01,3,38.47,0,0,7,SIM-SUP-11,UNMAPPED,synthetic_demo,STAR T-LIGHT HOLDER
2011-12-09,21816,SIM-DC-01,0,0.00,1,0,3,SIM-SUP-01,UNMAPPED,synthetic_demo,CHRISTMAS TREE T-LIGHT HOLDER
2011-12-09,21817,SIM-DC-01,3,29.10,0,0,10,SIM-SUP-08,UNMAPPED,synthetic_demo,GLITTER CHRISTMAS TREE
2011-12-09,21818,SIM-DC-01,190,1756.80,0,24,10,SIM-SUP-02,UNMAPPED,synthetic_demo,GLITTER HEART DECORATION
2011-12-09,21819,SIM-DC-01,87,721.20,11,6,3,SIM-SUP-09,UNMAPPED,synthetic_demo,GLITTER CHRISTMAS STAR
2011-12-09,21820,SIM-DC-01,23,506.04,5,3,3,SIM-SUP-03,UNMAPPED,synthetic_demo,GLITTER HEART GARLAND WITH BELLS
2011-12-09,21821,SIM-DC-01,15,130.00,0,2,5,SIM-SUP-03,UNMAPPED,synthetic_demo,GLITTER STAR GARLAND WITH BELLS
2011-12-09,21822,SIM-DC-01,377,6500.41,67,12,14,SIM-SUP-06,UNMAPPED,synthetic_demo,GLITTER CHRISTMAS TREE WITH BELLS
2011-12-09,21823,SIM-DC-01,2,23.01,0,0,3,SIM-SUP-11,UNMAPPED,synthetic_demo,amazon adjust
2011-12-09,21824,SIM-DC-01,21,346.94,0,3,14,SIM-SUP-11,UNMAPPED,synthetic_demo,PAINTED METAL STAR WITH HOLLY BELLS
2011-12-09,21825,SIM-DC-01,1,9.08,0,0,5,SIM-SUP-05,UNMAPPED,synthetic_demo,PAINTED METAL TREE WITH HOLLY BELLS
2011-12-09,21826,SIM-DC-01,1,19.63,1,0,14,SIM-SUP-05,UNMAPPED,synthetic_demo,UNKNOWN
2011-12-09,21827,SIM-DC-01,1,20.35,0,0,5,SIM-SUP-04,UNMAPPED,synthetic_demo,EIGHT PIECE CREEPY CRAWLIE SET
2011-12-09,21828,SIM-DC-01,14,291.87,0,2,5,SIM-SUP-06,UNMAPPED,synthetic_demo,EIGHT PIECE SNAKE SET
2011-12-09,21829,SIM-DC-01,1,23.35,0,0,5,SIM-SUP-08,UNMAPPED,synthetic_demo,adjustment
2011-12-09,21830,SIM-DC-01,2,14.23,0,0,7,SIM-SUP-11,UNMAPPED,synthetic_demo,ASSORTED CREEPY CRAWLIES
2011-12-09,21832,SIM-DC-01,130,1152.02,0,1,14,SIM-SUP-09,UNMAPPED,synthetic_demo,CHOCOLATE CALCULATOR
2011-12-09,21833,SIM-DC-01,64,1453.77,0,5,3,SIM-SUP-05,UNMAPPED,synthetic_demo,CAMOUFLAGE LED TORCH
2011-12-09,21836,SIM-DC-01,1,24.93,0,0,7,SIM-SUP-04,UNMAPPED,synthetic_demo,GINGHAM OVEN GLOVE RED HEART
2011-12-09,21837,SIM-DC-01,2,32.32,0,0,10,SIM-SUP-07,UNMAPPED,synthetic_demo,UNKNOWN
2011-12-09,21839,SIM-DC-01,1,24.41,0,0,3,SIM-SUP-11,UNMAPPED,synthetic_demo,MUMMY MOUSE RED GINGHAM RIBBON
2011-12-09,21841,SIM-DC-01,5,78.70,1,0,7,SIM-SUP-05,UNMAPPED,synthetic_demo,BABY MOUSE RED GINGHAM DRESS
2011-12-09,21843,SIM-DC-01,115,2017.43,0,9,7,SIM-SUP-06,UNMAPPED,synthetic_demo,RED RETROSPOT CAKE STAND
2011-12-09,21844,SIM-DC-01,27,90.42,1,1,7,SIM-SUP-04,UNMAPPED,synthetic_demo,RED RETROSPOT MUG
2011-12-09,21845,SIM-DC-01,4,75.85,2,0,10,SIM-SUP-02,UNMAPPED,synthetic_demo,DAIRY MAID STRIPE MUG
2011-12-09,21846,SIM-DC-01,10,105.15,0,0,5,SIM-SUP-02,UNMAPPED,synthetic_demo,PINK DIAMANTE PEN IN GIFT BOX
2011-12-09,21847,SIM-DC-01,1,10.00,0,0,5,SIM-SUP-08,UNMAPPED,synthetic_demo,GREEN DIAMANTE PEN IN GIFT BOX
2011-12-09,21849,SIM-DC-01,2,45.96,0,0,3,SIM-SUP-12,UNMAPPED,synthetic_demo,SILVER DIAMANTE PEN IN GIFT BOX
2011-12-09,21850,SIM-DC-01,5,75.24,0,1,7,SIM-SUP-06,UNMAPPED,synthetic_demo,BLUE DIAMANTE PEN IN GIFT BOX
2011-12-09,21851,SIM-DC-01,1,20.11,0,0,10,SIM-SUP-12,UNMAPPED,synthetic_demo,LILAC DIAMANTE PEN IN GIFT BOX
2011-12-09,21864,SIM-DC-01,12,58.28,0,1,3,SIM-SUP-01,UNMAPPED,synthetic_demo,UNION JACK FLAG PASSPORT COVER
2011-12-09,21865,SIM-DC-01,3,59.40,0,0,10,SIM-SUP-04,UNMAPPED,synthetic_demo,PINK UNION JACK PASSPORT COVER
2011-12-09,21866,SIM-DC-01,12,271.49,6,1,14,SIM-SUP-01,UNMAPPED,synthetic_demo,UNION JACK FLAG LUGGAGE TAG
2011-12-09,21867,SIM-DC-01,15,224.62,6,2,10,SIM-SUP-06,UNMAPPED,synthetic_demo,PINK UNION JACK LUGGAGE TAG
2011-12-09,21868,SIM-DC-01,25,578.15,0,1,14,SIM-SUP-02,UNMAPPED,synthetic_demo,POTTING SHED TEA MUG
2011-12-09,21869,SIM-DC-01,1,9.84,0,0,3,SIM-SUP-02,UNMAPPED,synthetic_demo,UNKNOWN
2011-12-09,21870,SIM-DC-01,1,3.20,0,0,7,SIM-SUP-05,UNMAPPED,synthetic_demo,I CAN ONLY PLEASE ONE PERSON MUG
2011-12-09,21871,SIM-DC-01,86,1988.42,0,2,5,SIM-SUP-12,UNMAPPED,synthetic_demo,SAVE THE PLANET MUG
2011-12-09,21872,SIM-DC-01,15,360.38,0,1,5,SIM-SUP-08,UNMAPPED,synthetic_demo,GLAMOROUS MUG
2011-12-09,21873,SIM-DC-01,8,81.98,0,0,5,SIM-SUP-07,UNMAPPED,synthetic_demo,IF YOU CAN'T STAND THE HEAT MUG
2011-12-09,21874,SIM-DC-01,23,555.37,0,3,5,SIM-SUP-01,UNMAPPED,synthetic_demo,GIN AND TONIC MUG
2011-12-09,21875,SIM-DC-01,61,756.09,3,2,14,SIM-SUP-11,UNMAPPED,synthetic_demo,KINGS CHOICE MUG
2011-12-09,21876,SIM-DC-01,72,1160.37,0,2,5,SIM-SUP-09,UNMAPPED,synthetic_demo,POTTERING MUG
2011-12-09,21877,SIM-DC-01,33,386.06,1,2,14,SIM-SUP-10,UNMAPPED,synthetic_demo,HOME SWEET HOME MUG
2011-12-09,21878,SIM-DC-01,6,140.98,0,1,5,SIM-SUP-02,UNMAPPED,synthetic_demo,PACK OF 6 SANDCASTLE FLAGS ASSORTED
2011-12-09,21879,SIM-DC-01,3,71.91,0,0,14,SIM-SUP-04,UNMAPPED,synthetic_demo,HEARTS GIFT TAPE
2011-12-09,21880,SIM-DC-01,6,86.17,0,1,3,SIM-SUP-04,UNMAPPED,synthetic_demo,RED RETROSPOT TAPE
2011-12-09,21881,SIM-DC-01,10,29.22,0,0,10,SIM-SUP-06,UNMAPPED,synthetic_demo,CUTE CATS TAPE
2011-12-09,21882,SIM-DC-01,5,84.89,2,1,10,SIM-SUP-10,UNMAPPED,synthetic_demo,SKULLS TAPE
2011-12-09,21883,SIM-DC-01,20,304.83,0,2,7,SIM-SUP-05,UNMAPPED,synthetic_demo,STARS GIFT TAPE
2011-12-09,21884,SIM-DC-01,5,95.97,2,1,5,SIM-SUP-02,UNMAPPED,synthetic_demo,CAKES AND BOWS GIFT TAPE
2011-12-09,21888,SIM-DC-01,176,3373.77,56,9,14,SIM-SUP-03,UNMAPPED,synthetic_demo,BINGO SET
2011-12-09,21889,SIM-DC-01,121,899.79,0,11,3,SIM-SUP-12,UNMAPPED,synthetic_demo,WOODEN BOX OF DOMINOES
2011-12-09,21890,SIM-DC-01,44,383.26,8,3,7,SIM-SUP-10,UNMAPPED,synthetic_demo,S/6 WOODEN SKITTLES IN COTTON BAG
2011-12-09,21891,SIM-DC-01,182,427.23,105,6,10,SIM-SUP-09,UNMAPPED,synthetic_demo,TRADITIONAL WOODEN SKIPPING ROPE
2011-12-09,21892,SIM-DC-01,166,3357.28,0,6,14,SIM-SUP-05,UNMAPPED,synthetic_demo,TRADITIONAL WOODEN CATCH CUP GAME
2011-12-09,21894,SIM-DC-01,13,84.92,0,1,7,SIM-SUP-06,UNMAPPED,synthetic_demo,POTTING SHED SEED ENVELOPES
2011-12-09,21895,SIM-DC-01,1,22.34,0,0,3,SIM-SUP-09,UNMAPPED,synthetic_demo,POTTING SHED SOW 'N' GROW SET
2011-12-09,21896,SIM-DC-01,8,180.81,0,0,14,SIM-SUP-03,UNMAPPED,synthetic_demo,POTTING SHED TWINE
2011-12-09,21897,SIM-DC-01,1,4.80,0,0,3,SIM-SUP-10,UNMAPPED,synthetic_demo,UNKNOWN
2011-12-09,21898,SIM-DC-01,1,8.91,0,0,14,SIM-SUP-06,UNMAPPED,synthetic_demo,UNKNOWN
2011-12-09,21899,SIM-DC-01,25,359.50,0,4,5,SIM-SUP-01,UNMAPPED,synthetic_demo,GARAGE KEY FOB
2011-12-09,21900,SIM-DC-01,53,1169.17,0,4,7,SIM-SUP-02,UNMAPPED,synthetic_demo,"KEY FOB , SHED"
2011-12-09,21901,SIM-DC-01,20,412.46,0,3,10,SIM-SUP-11,UNMAPPED,synthetic_demo,"KEY FOB , BACK DOOR"
2011-12-09,21902,SIM-DC-01,19,248.60,0,1,10,SIM-SUP-03,UNMAPPED,synthetic_demo,"KEY FOB , FRONT DOOR"
2011-12-09,21903,SIM-DC-01,12,139.30,0,0,5,SIM-SUP-10,UNMAPPED,synthetic_demo,MAN FLU METAL SIGN
2011-12-09,21904,SIM-DC-01,1,24.63,0,0,5,SIM-SUP-08,UNMAPPED,synthetic_demo,UNKNOWN
2011-12-09,21905,SIM-DC-01,18,106.48,1,1,3,SIM-SUP-01,UNMAPPED,synthetic_demo,MORE BUTTER METAL SIGN
2011-12-09,21906,SIM-DC-01,9,171.61,0,1,10,SIM-SUP-06,UNMAPPED,synthetic_demo,PHARMACIE FIRST AID TIN
2011-12-09,21907,SIM-DC-01,19,435.87,0,3,3,SIM-SUP-09,UNMAPPED,synthetic_demo,I'M ON HOLIDAY METAL SIGN
2011-12-09,21908,SIM-DC-01,52,481.80,0,1,3,SIM-SUP-01,UNMAPPED,synthetic_demo,CHOCOLATE THIS WAY METAL SIGN
2011-12-09,21910,SIM-DC-01,1,12.77,0,0,5,SIM-SUP-02,UNMAPPED,synthetic_demo,WAY OUT METAL SIGN
2011-12-09,21911,SIM-DC-01,2,45.11,0,0,14,SIM-SUP-02,UNMAPPED,synthetic_demo,UNKNOWN
2011-12-09,21912,SIM-DC-01,42,234.90,20,3,7,SIM-SUP-06,UNMAPPED,synthetic_demo,VINTAGE SNAKES & LADDERS
2011-12-09,21913,SIM-DC-01,4,13.43,0,0,3,SIM-SUP-03,UNMAPPED,synthetic_demo,VINTAGE SEASIDE JIGSAW PUZZLES
2011-12-09,21914,SIM-DC-01,426,2657.53,70,11,10,SIM-SUP-01,UNMAPPED,synthetic_demo,BLUE HARMONICA IN BOX
2011-12-09,21915,SIM-DC-01,83,539.20,0,9,5,SIM-SUP-10,UNMAPPED,synthetic_demo,RED HARMONICA IN BOX
2011-12-09,21916,SIM-DC-01,38,136.89,39,1,14,SIM-SUP-11,UNMAPPED,synthetic_demo,SET 12 RETRO WHITE CHALK STICKS
2011-12-09,21917,SIM-DC-01,70,360.51,0,1,14,SIM-SUP-02,UNMAPPED,synthetic_demo,SET 12 KIDS WHITE CHALK STICKS
2011-12-09,21918,SIM-DC-01,149,2802.42,0,14,7,SIM-SUP-06,UNMAPPED,synthetic_demo,SET 12 KIDS COLOUR CHALK STICKS
2011-12-09,21922,SIM-DC-01,4,16.52,1,0,10,SIM-SUP-02,UNMAPPED,synthetic_demo,UNION STRIPE WITH FRINGE HAMMOCK
2011-12-09,21923,SIM-DC-01,1,11.65,0,0,14,SIM-SUP-09,UNMAPPED,synthetic_demo,UNKNOWN
2011-12-09,21924,SIM-DC-01,2,45.19,0,0,10,SIM-SUP-07,UNMAPPED,synthetic_demo,UNKNOWN
2011-12-09,21925,SIM-DC-01,2,42.41,0,0,7,SIM-SUP-01,UNMAPPED,synthetic_demo,UNION STRIPE CUSHION COVER
2011-12-09,21926,SIM-DC-01,3,24.65,0,0,3,SIM-SUP-01,UNMAPPED,synthetic_demo,RED/CREAM STRIPE CUSHION COVER
2011-12-09,21927,SIM-DC-01,13,80.80,0,0,7,SIM-SUP-10,UNMAPPED,synthetic_demo,BLUE/CREAM STRIPE CUSHION COVER
2011-12-09,21928,SIM-DC-01,52,391.18,0,6,3,SIM-SUP-06,UNMAPPED,synthetic_demo,JUMBO BAG SCANDINAVIAN BLUE PAISLEY
2011-12-09,21929,SIM-DC-01,120,293.28,0,3,14,SIM-SUP-11,UNMAPPED,synthetic_demo,JUMBO BAG PINK VINTAGE PAISLEY
2011-12-09,21930,SIM-DC-01,126,584.33,0,11,7,SIM-SUP-12,UNMAPPED,synthetic_demo,JUMBO STORAGE BAG SKULLS
2011-12-09,21931,SIM-DC-01,567,9492.34,0,69,14,SIM-SUP-05,UNMAPPED,synthetic_demo,JUMBO STORAGE BAG SUKI
2011-12-09,21932,SIM-DC-01,62,797.36,0,5,7,SIM-SUP-05,UNMAPPED,synthetic_demo,SCANDINAVIAN PAISLEY PICNIC BAG
2011-12-09,21933,SIM-DC-01,49,824.50,0,1,10,SIM-SUP-05,UNMAPPED,synthetic_demo,PINK VINTAGE PAISLEY PICNIC BAG
2011-12-09,21934,SIM-DC-01,104,1154.68,57,12,14,SIM-SUP-11,UNMAPPED,synthetic_demo,SKULL SHOULDER BAG
2011-12-09,21935,SIM-DC-01,125,960.10,0,7,5,SIM-SUP-11,UNMAPPED,synthetic_demo,SUKI SHOULDER BAG
2011-12-09,21936,SIM-DC-01,41,388.50,12,2,14,SIM-SUP-11,UNMAPPED,synthetic_demo,RED RETROSPOT PICNIC BAG
2011-12-09,21937,SIM-DC-01,2,37.37,0,0,3,SIM-SUP-02,UNMAPPED,synthetic_demo,STRAWBERRY PICNIC BAG
2011-12-09,21942,SIM-DC-01,9,151.03,0,1,7,SIM-SUP-07,UNMAPPED,synthetic_demo,SKULLS DESIGN FLANNEL
2011-12-09,21943,SIM-DC-01,1,18.44,0,0,3,SIM-SUP-08,UNMAPPED,synthetic_demo,CAKES AND RABBITS DESIGN FLANNEL
2011-12-09,21944,SIM-DC-01,10,176.04,0,1,3,SIM-SUP-03,UNMAPPED,synthetic_demo,KITTENS DESIGN FLANNEL
2011-12-09,21945,SIM-DC-01,8,54.12,0,1,5,SIM-SUP-07,UNMAPPED,synthetic_demo,STRAWBERRIES DESIGN FLANNEL
2011-12-09,21946,SIM-DC-01,2,43.02,0,0,5,SIM-SUP-07,UNMAPPED,synthetic_demo,PARTY TIME DESIGN FLANNEL
2011-12-09,21947,SIM-DC-01,5,108.95,0,1,3,SIM-SUP-05,UNMAPPED,synthetic_demo,SET OF 6 HEART CHOPSTICKS
2011-12-09,21948,SIM-DC-01,16,311.43,0,1,14,SIM-SUP-06,UNMAPPED,synthetic_demo,SET OF 6 CAKE CHOPSTICKS
2011-12-09,21949,SIM-DC-01,7,50.85,3,0,5,SIM-SUP-02,UNMAPPED,synthetic_demo,SET OF 6 STRAWBERRY CHOPSTICKS
2011-12-09,21955,SIM-DC-01,10,179.04,0,1,10,SIM-SUP-06,UNMAPPED,synthetic_demo,DOORMAT UNION JACK GUNS AND ROSES
2011-12-09,21967,SIM-DC-01,91,787.86,0,10,14,SIM-SUP-11,UNMAPPED,synthetic_demo,PACK OF 12 SKULL TISSUES
2011-12-09,21972,SIM-DC-01,7,72.19,0,1,5,SIM-SUP-04,UNMAPPED,synthetic_demo,SET OF 36 DINOSAUR PAPER DOILIES
2011-12-09,21973,SIM-DC-01,3,70.79,0,0,14,SIM-SUP-03,UNMAPPED,synthetic_demo,SET OF 36 MUSHROOM PAPER DOILIES
2011-12-09,21974,SIM-DC-01,61,340.31,0,8,5,SIM-SUP-06,UNMAPPED,synthetic_demo,SET OF 36 PAISLEY FLOWER DOILIES
2011-12-09,21975,SIM-DC-01,18,73.54,0,2,3,SIM-SUP-09,UNMAPPED,synthetic_demo,PACK OF 60 DINOSAUR CAKE CASES
2011-12-09,21976,SIM-DC-01,14,198.49,0,1,3,SIM-SUP-03,UNMAPPED,synthetic_demo,PACK OF 60 MUSHROOM CAKE CASES
2011-12-09,21977,SIM-DC-01,306,5175.14,64,22,10,SIM-SUP-03,UNMAPPED,synthetic_demo,PACK OF 60 PINK PAISLEY CAKE CASES
2011-12-09,21980,SIM-DC-01,11,226.24,0,0,3,SIM-SUP-04,UNMAPPED,synthetic_demo,PACK OF 12 RED RETROSPOT TISSUES
2011-12-09,21981,SIM-DC-01,113,2415.10,0,5,10,SIM-SUP-01,UNMAPPED,synthetic_demo,PACK OF 12 WOODLAND TISSUES
2011-12-09,21982,SIM-DC-01,76,918.26,0,0,3,SIM-SUP-11,UNMAPPED,synthetic_demo,PACK OF 12 SUKI TISSUES
2011-12-09,21983,SIM-DC-01,35,338.73,9,1,10,SIM-SUP-11,UNMAPPED,synthetic_demo,PACK OF 12 BLUE PAISLEY TISSUES
2011-12-09,21984,SIM-DC-01,40,213.67,0,4,7,SIM-SUP-02,UNMAPPED,synthetic_demo,PACK OF 12 PINK PAISLEY TISSUES
2011-12-09,21985,SIM-DC-01,48,1124.66,0,0,7,SIM-SUP-10,UNMAPPED,synthetic_demo,PACK OF 12 HEARTS DESIGN TISSUES
2011-12-09,21986,SIM-DC-01,22,315.25,3,1,5,SIM-SUP-11,UNMAPPED,synthetic_demo,PACK OF 12 PINK POLKADOT TISSUES
2011-12-09,21987,SIM-DC-01,64,747.79,0,5,14,SIM-SUP-03,UNMAPPED,synthetic_demo,PACK OF 6 SKULL PAPER CUPS
2011-12-09,21988,SIM-DC-01,6,61.52,0,0,3,SIM-SUP-11,UNMAPPED,synthetic_demo,PACK OF 6 SKULL PAPER PLATES
2011-12-09,21989,SIM-DC-01,45,481.75,10,6,10,SIM-SUP-08,UNMAPPED,synthetic_demo,PACK OF 20 SKULL PAPER NAPKINS
2011-12-09,21990,SIM-DC-01,21,200.24,9,1,3,SIM-SUP-02,UNMAPPED,synthetic_demo,MODERN FLORAL STATIONERY SET
2011-12-09,21991,SIM-DC-01,67,1043.52,0,4,7,SIM-SUP-02,UNMAPPED,synthetic_demo,BOHEMIAN COLLAGE STATIONERY SET
2011-12-09,21992,SIM-DC-01,8,72.07,0,0,3,SIM-SUP-09,UNMAPPED,synthetic_demo,check
2011-12-09,21993,SIM-DC-01,175,1484.00,0,24,7,SIM-SUP-09,UNMAPPED,synthetic_demo,FLORAL FOLK STATIONERY SET
2011-12-09,22021,SIM-DC-01,3,62.14,0,0,14,SIM-SUP-01,UNMAPPED,synthetic_demo,BLUE FELT EASTER EGG BASKET
2011-12-09,22023,SIM-DC-01,16,369.12,2,2,5,SIM-SUP-01,UNMAPPED,synthetic_demo,EMPIRE BIRTHDAY CARD
2011-12-09,22024,SIM-DC-01,44,130.55,0,2,7,SIM-SUP-06,UNMAPPED,synthetic_demo,RAINY LADIES BIRTHDAY CARD
2011-12-09,22025,SIM-DC-01,23,408.48,0,2,10,SIM-SUP-02,UNMAPPED,synthetic_demo,RING OF ROSES BIRTHDAY CARD
2011-12-09,22026,SIM-DC-01,14,173.05,4,2,7,SIM-SUP-03,UNMAPPED,synthetic_demo,BANQUET BIRTHDAY CARD
2011-12-09,22027,SIM-DC-01,48,732.74,0,3,3,SIM-SUP-02,UNMAPPED,synthetic_demo,TEA PARTY BIRTHDAY CARD
2011-12-09,22028,SIM-DC-01,75,1454.10,0,5,7,SIM-SUP-11,UNMAPPED,synthetic_demo,PENNY FARTHING BIRTHDAY CARD
2011-12-09,22029,SIM-DC-01,146,2147.32,0,18,10,SIM-SUP-10,UNMAPPED,synthetic_demo,SPACEBOY BIRTHDAY CARD
2011-12-09,22030,SIM-DC-01,61,659.20,0,4,3,SIM-SUP-09,UNMAPPED,synthetic_demo,SWALLOWS GREETING CARD
2011-12-09,22031,SIM-DC-01,3,15.44,0,0,10,SIM-SUP-05,UNMAPPED,synthetic_demo,BOTANICAL LAVENDER BIRTHDAY CARD
2011-12-09,22032,SIM-DC-01,3,28.58,0,0,5,SIM-SUP-03,UNMAPPED,synthetic_demo,BOTANICAL LILY GREETING CARD
2011-12-09,22033,SIM-DC-01,3,10.20,1,0,7,SIM-SUP-10,UNMAPPED,synthetic_demo,BOTANICAL ROSE GREETING CARD
2011-12-09,22034,SIM-DC-01,1,14.84,0,0,3,SIM-SUP-01,UNMAPPED,synthetic_demo,ROBIN CHRISTMAS CARD
2011-12-09,22035,SIM-DC-01,2,41.72,0,0,14,SIM-SUP-07,UNMAPPED,synthetic_demo,VINTAGE CARAVAN GREETING CARD
2011-12-09,22036,SIM-DC-01,1,17.40,0,0,3,SIM-SUP-05,UNMAPPED,synthetic_demo,DINOSAUR BIRTHDAY CARD
2011-12-09,22037,SIM-DC-01,181,1123.38,0,23,14,SIM-SUP-09,UNMAPPED,synthetic_demo,ROBOT BIRTHDAY CARD
2011-12-09,22038,SIM-DC-01,2,29.29,0,0,5,SIM-SUP-11,UNMAPPED,synthetic_demo,BOTANICAL LAVENDER GIFT WRAP
2011-12-09,22040,SIM-DC-01,2,45.90,0,0,5,SIM-SUP-08,UNMAPPED,synthetic_demo,BOTANICAL ROSE GIFT WRAP
2011-12-09,22041,SIM-DC-01,46,430.74,0,5,3,SIM-SUP-07,UNMAPPED,synthetic_demo,"RECORD FRAME 7"" SINGLE SIZE"
2011-12-09,22042,SIM-DC-01,16,253.94,0,1,7,SIM-SUP-06,UNMAPPED,synthetic_demo,CHRISTMAS CARD SINGING ANGEL
2011-12-09,22043,SIM-DC-01,77,765.28,0,2,10,SIM-SUP-11,UNMAPPED,synthetic_demo,CHRISTMAS CARD SCREEN PRINT
2011-12-09,22044,SIM-DC-01,3,11.43,1,0,14,SIM-SUP-07,UNMAPPED,synthetic_demo,CHRISTMAS CARD STACK OF PRESENTS
2011-12-09,22045,SIM-DC-01,203,3665.29,0,11,14,SIM-SUP-02,UNMAPPED,synthetic_demo,SPACEBOY GIFT WRAP
2011-12-09,22046,SIM-DC-01,15,173.44,3,0,10,SIM-SUP-11,UNMAPPED,synthetic_demo,TEA PARTY WRAPPING PAPER
2011-12-09,22047,SIM-DC-01,100,582.60,2,12,14,SIM-SUP-06,UNMAPPED,synthetic_demo,EMPIRE GIFT WRAP
2011-12-09,22048,SIM-DC-01,7,41.17,0,1,10,SIM-SUP-11,UNMAPPED,synthetic_demo,BIRTHDAY BANQUET GIFT WRAP
2011-12-09,22049,SIM-DC-01,1,19.38,0,0,10,SIM-SUP-04,UNMAPPED,synthetic_demo,WRAP CHRISTMAS SCREEN PRINT
2011-12-09,22050,SIM-DC-01,10,83.37,0,1,14,SIM-SUP-03,UNMAPPED,synthetic_demo,PINK PAISLEY ROSE GIFT WRAP
2011-12-09,22051,SIM-DC-01,5,42.46,0,1,3,SIM-SUP-09,UNMAPPED,synthetic_demo,BLUE SCANDINAVIAN PAISLEY WRAP
2011-12-09,22052,SIM-DC-01,1,21.19,0,0,14,SIM-SUP-04,UNMAPPED,synthetic_demo,VINTAGE CARAVAN GIFT WRAP
2011-12-09,22053,SIM-DC-01,1,5.31,0,0,3,SIM-SUP-02,UNMAPPED,synthetic_demo,EMPIRE DESIGN ROSETTE
2011-12-09,22054,SIM-DC-01,1,4.16,0,0,5,SIM-SUP-05,UNMAPPED,synthetic_demo,MINI CAKE STAND HANGING HEARTS
2011-12-09,22055,SIM-DC-01,12,250.59,0,1,3,SIM-SUP-03,UNMAPPED,synthetic_demo,MINI CAKE STAND HANGING STRAWBERY
2011-12-09,22056,SIM-DC-01,0,0.00,0,0,5,SIM-SUP-04,UNMAPPED,synthetic_demo,CERAMIC PLATE LOVE HEART DESIGN
2011-12-09,22057,SIM-DC-01,20,82.03,0,3,14,SIM-SUP-03,UNMAPPED,synthetic_demo,CERAMIC PLATE STRAWBERRY DESIGN
2011-12-09,22058,SIM-DC-01,1,22.67,0,0,7,SIM-SUP-07,UNMAPPED,synthetic_demo,CERAMIC LOVE HEARTS DESIGN MUG
2011-12-09,22059,SIM-DC-01,17,46.09,0,2,10,SIM-SUP-07,UNMAPPED,synthetic_demo,CERAMIC STRAWBERRY DESIGN MUG
2011-12-09,22060,SIM-DC-01,0,0.00,0,0,3,SIM-SUP-08,UNMAPPED,synthetic_demo,LARGE CAKE STAND HANGING HEARTS
2011-12-09,22061,SIM-DC-01,13,86.14,5,2,5,SIM-SUP-05,UNMAPPED,synthetic_demo,LARGE CAKE STAND HANGING STRAWBERY
2011-12-09,22062,SIM-DC-01,1,11.07,0,0,3,SIM-SUP-06,UNMAPPED,synthetic_demo,UNKNOWN
2011-12-09,22063,SIM-DC-01,16,190.83,0,0,10,SIM-SUP-01,UNMAPPED,synthetic_demo,CERAMIC BOWL WITH STRAWBERRY DESIGN
2011-12-09,22064,SIM-DC-01,55,190.08,14,4,5,SIM-SUP-01,UNMAPPED,synthetic_demo,PINK DOUGHNUT TRINKET POT
2011-12-09,22065,SIM-DC-01,51,896.82,0,1,3,SIM-SUP-09,UNMAPPED,synthetic_demo,CHRISTMAS PUDDING TRINKET POT
2011-12-09,22066,SIM-DC-01,48,1073.49,0,3,7,SIM-SUP-06,UNMAPPED,synthetic_demo,LOVE HEART TRINKET POT
2011-12-09,22067,SIM-DC-01,10,167.98,0,1,5,SIM-SUP-09,UNMAPPED,synthetic_demo,CHOC TRUFFLE GOLD TRINKET POT
2011-12-09,22068,SIM-DC-01,8,167.64,0,1,5,SIM-SUP-12,UNMAPPED,synthetic_demo,BLACK PIRATE TREASURE CHEST
2011-12-09,22069,SIM-DC-01,13,90.41,0,1,5,SIM-SUP-12,UNMAPPED,synthetic_demo,BROWN PIRATE TREASURE CHEST
2011-12-09,22070,SIM-DC-01,33,352.47,0,5,5,SIM-SUP-10,UNMAPPED,synthetic_demo,SMALL RED RETROSPOT MUG IN BOX
2011-12-09,22071,SIM-DC-01,10,191.37,0,1,7,SIM-SUP-05,UNMAPPED,synthetic_demo,SMALL WHITE RETROSPOT MUG IN BOX
2011-12-09,22072,SIM-DC-01,24,140.16,0,1,14,SIM-SUP-09,UNMAPPED,synthetic_demo,RED RETROSPOT TEA CUP AND SAUCER
2011-12-09,22073,SIM-DC-01,2,7.30,0,0,7,SIM-SUP-04,UNMAPPED,synthetic_demo,RED RETROSPOT STORAGE JAR
2011-12-09,22074,SIM-DC-01,45,404.56,0,6,7,SIM-SUP-09,UNMAPPED,synthetic_demo,6 RIBBONS SHIMMERING PINKS
2011-12-09,22075,SIM-DC-01,86,905.46,0,8,3,SIM-SUP-02,UNMAPPED,synthetic_demo,6 RIBBONS ELEGANT CHRISTMAS
2011-12-09,22076,SIM-DC-01,61,687.89,0,7,5,SIM-SUP-12,UNMAPPED,synthetic_demo,6 RIBBONS EMPIRE
2011-12-09,22077,SIM-DC-01,201,2575.46,12,18,10,SIM-SUP-04,UNMAPPED,synthetic_demo,6 RIBBONS RUSTIC CHARM
2011-12-09,22078,SIM-DC-01,14,59.76,0,2,3,SIM-SUP-02,UNMAPPED,synthetic_demo,RIBBON REEL LACE DESIGN
2011-12-09,22079,SIM-DC-01,69,849.69,0,7,7,SIM-SUP-08,UNMAPPED,synthetic_demo,RIBBON REEL HEARTS DESIGN
2011-12-09,22080,SIM-DC-01,27,568.31,0,1,7,SIM-SUP-08,UNMAPPED,synthetic_demo,RIBBON REEL POLKADOTS
2011-12-09,22081,SIM-DC-01,6,78.19,0,0,10,SIM-SUP-08,UNMAPPED,synthetic_demo,RIBBON REEL FLORA + FAUNA
2011-12-09,22082,SIM-DC-01,130,1657.79,48,16,10,SIM-SUP-06,UNMAPPED,synthetic_demo,RIBBON REEL STRIPES DESIGN
2011-12-09,22083,SIM-DC-01,76,373.09,0,7,3,SIM-SUP-04,UNMAPPED,synthetic_demo,PAPER CHAIN KIT RETROSPOT
2011-12-09,22084,SIM-DC-01,2,31.04,0,0,5,SIM-SUP-04,UNMAPPED,synthetic_demo,PAPER CHAIN KIT EMPIRE
2011-12-09,22085,SIM-DC-01,10,73.50,0,0,10,SIM-SUP-09,UNMAPPED,synthetic_demo,PAPER CHAIN KIT SKULLS
2011-12-09,22086,SIM-DC-01,189,2212.20,0,23,5,SIM-SUP-09,UNMAPPED,synthetic_demo,PAPER CHAIN KIT 50'S CHRISTMAS
2011-12-09,22087,SIM-DC-01,30,719.13,0,2,3,SIM-SUP-04,UNMAPPED,synthetic_demo,PAPER BUNTING WHITE LACE
2011-12-09,22088,SIM-DC-01,1,6.36,0,0,7,SIM-SUP-04,UNMAPPED,synthetic_demo,UNKNOWN
2011-12-09,22089,SIM-DC-01,13,218.47,0,1,3,SIM-SUP-08,UNMAPPED,synthetic_demo,PAPER BUNTING VINTAGE PAISLEY
2011-12-09,22090,SIM-DC-01,90,1568.95,0,4,7,SIM-SUP-05,UNMAPPED,synthetic_demo,PAPER BUNTING RETROSPOT
2011-12-09,22091,SIM-DC-01,46,315.37,9,1,7,SIM-SUP-06,UNMAPPED,synthetic_demo,EMPIRE TISSUE BOX
2011-12-09,22092,SIM-DC-01,7,159.89,0,1,10,SIM-SUP-11,UNMAPPED,synthetic_demo,BLUE PAISLEY TISSUE BOX
2011-12-09,22093,SIM-DC-01,35,478.27,0,1,7,SIM-SUP-02,UNMAPPED,synthetic_demo,MOTORING TISSUE BOX
2011-12-09,22094,SIM-DC-01,20,274.39,16,3,5,SIM-SUP-02,UNMAPPED,synthetic_demo,RED RETROSPOT TISSUE BOX
2011-12-09,22095,SIM-DC-01,42,592.79,0,5,5,SIM-SUP-05,UNMAPPED,synthetic_demo,LADS ONLY TISSUE BOX
2011-12-09,22096,SIM-DC-01,20,50.85,0,1,14,SIM-SUP-10,UNMAPPED,synthetic_demo,PINK PAISLEY SQUARE TISSUE BOX
2011-12-09,22097,SIM-DC-01,49,621.04,14,6,7,SIM-SUP-03,UNMAPPED,synthetic_demo,SWALLOW SQUARE TISSUE BOX
2011-12-09,22098,SIM-DC-01,14,291.74,0,0,3,SIM-SUP-03,UNMAPPED,synthetic_demo,BOUDOIR SQUARE TISSUE BOX
2011-12-09,22099,SIM-DC-01,11,230.06,0,1,10,SIM-SUP-04,UNMAPPED,synthetic_demo,CARAVAN SQUARE TISSUE BOX
2011-12-09,22100,SIM-DC-01,13,155.89,0,0,7,SIM-SUP-11,UNMAPPED,synthetic_demo,SKULLS SQUARE TISSUE BOX
2011-12-09,22101,SIM-DC-01,7,43.68,0,1,5,SIM-SUP-06,UNMAPPED,synthetic_demo,MIRROR MOSAIC VOTIVE HOLDER
2011-12-09,22102,SIM-DC-01,1,12.47,1,0,3,SIM-SUP-05,UNMAPPED,synthetic_demo,MIRROR MOSAIC T-LIGHT HOLDER
2011-12-09,22103,SIM-DC-01,1,21.16,0,0,7,SIM-SUP-02,UNMAPPED,synthetic_demo,MIRROR MOSAIC T-LIGHT HOLDER ROUND
2011-12-09,22104,SIM-DC-01,4,18.05,0,0,5,SIM-SUP-03,UNMAPPED,synthetic_demo,MIRROR MOSAIC CANDLE PLATE
2011-12-09,22105,SIM-DC-01,4,23.71,0,0,7,SIM-SUP-10,UNMAPPED,synthetic_demo,MIRROR MOSAIC GOBLET CANDLE HOLDER
2011-12-09,22106,SIM-DC-01,6,47.68,0,1,5,SIM-SUP-01,UNMAPPED,synthetic_demo,MIRROR MOSAIC HURRICANE LAMP
2011-12-09,22107,SIM-DC-01,191,950.29,0,13,14,SIM-SUP-11,UNMAPPED,synthetic_demo,PIZZA PLATE IN BOX
2011-12-09,22108,SIM-DC-01,10,116.43,0,1,10,SIM-SUP-03,UNMAPPED,synthetic_demo,PING! MICROWAVE PLATE
2011-12-09,22109,SIM-DC-01,58,390.43,26,8,10,SIM-SUP-09,UNMAPPED,synthetic_demo,FULL ENGLISH BREAKFAST PLATE
2011-12-09,22110,SIM-DC-01,131,1929.08,0,10,7,SIM-SUP-07,UNMAPPED,synthetic_demo,BIRD HOUSE HOT WATER BOTTLE
2011-12-09,22111,SIM-DC-01,101,1379.52,0,6,3,SIM-SUP-09,UNMAPPED,synthetic_demo,SCOTTIE DOG HOT WATER BOTTLE
2011-12-09,22112,SIM-DC-01,263,3771.92,0,18,5,SIM-SUP-03,UNMAPPED,synthetic_demo,CHOCOLATE HOT WATER BOTTLE
2011-12-09,22113,SIM-DC-01,212,3757.84,0,0,10,SIM-SUP-09,UNMAPPED,synthetic_demo,GREY HEART HOT WATER BOTTLE
2011-12-09,22114,SIM-DC-01,187,3292.20,0,17,7,SIM-SUP-09,UNMAPPED,synthetic_demo,HOT WATER BOTTLE TEA AND SYMPATHY
2011-12-09,22115,SIM-DC-01,112,505.70,0,6,10,SIM-SUP-05,UNMAPPED,synthetic_demo,METAL SIGN EMPIRE TEA
2011-12-09,22116,SIM-DC-01,8,187.25,0,0,7,SIM-SUP-07,UNMAPPED,synthetic_demo,METAL SIGN HIS DINNER IS SERVED
2011-12-09,22117,SIM-DC-01,3,35.60,0,0,5,SIM-SUP-02,UNMAPPED,synthetic_demo,METAL SIGN HER DINNER IS SERVED
2011-12-09,22118,SIM-DC-01,8,48.04,0,0,3,SIM-SUP-09,UNMAPPED,synthetic_demo,JOY WOODEN BLOCK LETTERS
2011-12-09,22119,SIM-DC-01,16,221.58,0,1,7,SIM-SUP-03,UNMAPPED,synthetic_demo,PEACE WOODEN BLOCK LETTERS
2011-12-09,22120,SIM-DC-01,11,164.77,0,1,7,SIM-SUP-08,UNMAPPED,synthetic_demo,WELCOME WOODEN BLOCK LETTERS
2011-12-09,22121,SIM-DC-01,17,421.76,0,1,10,SIM-SUP-12,UNMAPPED,synthetic_demo,NOEL WOODEN BLOCK LETTERS
2011-12-09,22122,SIM-DC-01,1,24.39,0,0,5,SIM-SUP-01,UNMAPPED,synthetic_demo,SET OF 2 FANCY FONT TEA TOWELS
2011-12-09,22123,SIM-DC-01,6,135.33,5,1,5,SIM-SUP-08,UNMAPPED,synthetic_demo,PING MICROWAVE APRON
2011-12-09,22124,SIM-DC-01,13,141.46,0,1,10,SIM-SUP-02,UNMAPPED,synthetic_demo,SET OF 2 TEA TOWELS PING MICROWAVE
2011-12-09,22125,SIM-DC-01,6,104.28,1,1,10,SIM-SUP-08,UNMAPPED,synthetic_demo,UNKNOWN
2011-12-09,22127,SIM-DC-01,1,16.05,0,0,10,SIM-SUP-06,UNMAPPED,synthetic_demo,PARTY CONES CARNIVAL ASSORTED
2011-12-09,22128,SIM-DC-01,3,19.37,0,0,3,SIM-SUP-10,UNMAPPED,synthetic_demo,PARTY CONES CANDY ASSORTED
2011-12-09,22129,SIM-DC-01,15,77.27,0,1,10,SIM-SUP-06,UNMAPPED,synthetic_demo,PARTY CONES CANDY DECORATION
2011-12-09,22130,SIM-DC-01,63,1569.92,24,4,5,SIM-SUP-07,UNMAPPED,synthetic_demo,PARTY CONE CHRISTMAS DECORATION
2011-12-09,22131,SIM-DC-01,45,287.69,0,3,14,SIM-SUP-12,UNMAPPED,synthetic_demo,FOOD CONTAINER SET 3 LOVE HEART
2011-12-09,22132,SIM-DC-01,18,449.93,1,2,7,SIM-SUP-06,UNMAPPED,synthetic_demo,RED LOVE HEART SHAPE CUP
2011-12-09,22133,SIM-DC-01,15,181.80,0,1,14,SIM-SUP-04,UNMAPPED,synthetic_demo,PINK LOVE HEART SHAPE CUP
2011-12-09,22134,SIM-DC-01,23,195.08,0,1,7,SIM-SUP-01,UNMAPPED,synthetic_demo,MINI LADLE LOVE HEART RED
2011-12-09,22135,SIM-DC-01,20,285.51,0,1,14,SIM-SUP-10,UNMAPPED,synthetic_demo,MINI LADLE LOVE HEART PINK
2011-12-09,22136,SIM-DC-01,1,7.58,0,0,10,SIM-SUP-02,UNMAPPED,synthetic_demo,LOVE HEART SOCK HANGER
2011-12-09,22137,SIM-DC-01,1,15.32,0,0,7,SIM-SUP-07,UNMAPPED,synthetic_demo,BATHROOM SET LOVE HEART DESIGN
2011-12-09,22138,SIM-DC-01,103,1753.32,0,7,3,SIM-SUP-01,UNMAPPED,synthetic_demo,BAKING SET 9 PIECE RETROSPOT
2011-12-09,22139,SIM-DC-01,172,1481.18,0,22,3,SIM-SUP-03,UNMAPPED,synthetic_demo,RETROSPOT TEA SET CERAMIC 11 PC
2011-12-09,22141,SIM-DC-01,498,7938.67,0,44,14,SIM-SUP-12,UNMAPPED,synthetic_demo,CHRISTMAS CRAFT TREE TOP ANGEL
2011-12-09,22142,SIM-DC-01,349,3090.99,0,35,10,SIM-SUP-07,UNMAPPED,synthetic_demo,CHRISTMAS CRAFT WHITE FAIRY
2011-12-09,22143,SIM-DC-01,1,21.48,0,0,10,SIM-SUP-07,UNMAPPED,synthetic_demo,CHRISTMAS CRAFT HEART DECORATIONS
2011-12-09,22144,SIM-DC-01,699,16073.46,0,27,14,SIM-SUP-01,UNMAPPED,synthetic_demo,CHRISTMAS CRAFT LITTLE FRIENDS
2011-12-09,22145,SIM-DC-01,1,7.24,0,0,14,SIM-SUP-02,UNMAPPED,synthetic_demo,UNKNOWN
2011-12-09,22146,SIM-DC-01,1,6.62,0,0,7,SIM-SUP-03,UNMAPPED,synthetic_demo,EASTER CRAFT IVY WREATH WITH CHICK
2011-12-09,22147,SIM-DC-01,3,53.05,0,0,3,SIM-SUP-11,UNMAPPED,synthetic_demo,FELTCRAFT BUTTERFLY HEARTS
2011-12-09,22148,SIM-DC-01,7,132.98,0,0,10,SIM-SUP-06,UNMAPPED,synthetic_demo,EASTER CRAFT 4 CHICKS
2011-12-09,22149,SIM-DC-01,3,38.77,0,0,14,SIM-SUP-05,UNMAPPED,synthetic_demo,check
2011-12-09,22150,SIM-DC-01,103,1046.25,28,4,5,SIM-SUP-06,UNMAPPED,synthetic_demo,3 STRIPEY MICE FELTCRAFT
2011-12-09,22151,SIM-DC-01,20,89.40,3,2,3,SIM-SUP-10,UNMAPPED,synthetic_demo,PLACE SETTING WHITE HEART
2011-12-09,22152,SIM-DC-01,31,696.97,26,1,14,SIM-SUP-10,UNMAPPED,synthetic_demo,PLACE SETTING WHITE STAR
2011-12-09,22153,SIM-DC-01,160,3000.76,0,14,10,SIM-SUP-08,UNMAPPED,synthetic_demo,ANGEL DECORATION STARS ON DRESS
2011-12-09,22154,SIM-DC-01,154,2969.15,0,13,5,SIM-SUP-10,UNMAPPED,synthetic_demo,ANGEL DECORATION 3 BUTTONS
2011-12-09,22155,SIM-DC-01,134,2930.54,0,17,5,SIM-SUP-08,UNMAPPED,synthetic_demo,STAR DECORATION RUSTIC
2011-12-09,22156,SIM-DC-01,29,593.62,22,3,10,SIM-SUP-11,UNMAPPED,synthetic_demo,HEART DECORATION WITH PEARLS
2011-12-09,22157,SIM-DC-01,2,45.69,0,0,7,SIM-SUP-08,UNMAPPED,synthetic_demo,ANGEL DECORATION WITH LACE PADDED
2011-12-09,22158,SIM-DC-01,259,1548.85,0,23,10,SIM-SUP-09,UNMAPPED,synthetic_demo,3 HEARTS HANGING DECORATION RUSTIC
2011-12-09,22161,SIM-DC-01,28,129.04,0,3,5,SIM-SUP-07,UNMAPPED,synthetic_demo,HEART DECORATION RUSTIC HANGING
2011-12-09,22162,SIM-DC-01,17,171.96,0,0,14,SIM-SUP-11,UNMAPPED,synthetic_demo,HEART GARLAND RUSTIC PADDED
2011-12-09,22163,SIM-DC-01,50,550.16,0,2,3,SIM-SUP-04,UNMAPPED,synthetic_demo,HEART STRING MEMO HOLDER HANGING
2011-12-09,22164,SIM-DC-01,3,30.10,0,0,3,SIM-SUP-02,UNMAPPED,synthetic_demo,STRING OF STARS CARD HOLDER
2011-12-09,22165,SIM-DC-01,5,23.98,0,1,7,SIM-SUP-09,UNMAPPED,synthetic_demo,"DIAMANTE HEART SHAPED WALL MIRROR,"
2011-12-09,22166,SIM-DC-01,10,154.22,0,1,7,SIM-SUP-06,UNMAPPED,synthetic_demo,WALL MIRROR RECTANGLE DIAMANTE PINK
2011-12-09,22167,SIM-DC-01,22,446.40,0,2,14,SIM-SUP-01,UNMAPPED,synthetic_demo,OVAL WALL MIRROR DIAMANTE
2011-12-09,22168,SIM-DC-01,1,12.15,0,0,5,SIM-SUP-11,UNMAPPED,synthetic_demo,ORGANISER WOOD ANTIQUE WHITE
2011-12-09,22169,SIM-DC-01,41,93.81,3,4,7,SIM-SUP-09,UNMAPPED,synthetic_demo,FAMILY ALBUM WHITE PICTURE FRAME
2011-12-09,22170,SIM-DC-01,27,524.37,14,4,7,SIM-SUP-08,UNMAPPED,synthetic_demo,PICTURE FRAME WOOD TRIPLE PORTRAIT
2011-12-09,22171,SIM-DC-01,22,104.16,7,0,7,SIM-SUP-03,UNMAPPED,synthetic_demo,3 HOOK PHOTO SHELF ANTIQUE WHITE
2011-12-09,22172,SIM-DC-01,1,3.95,0,0,3,SIM-SUP-08,UNMAPPED,synthetic_demo,METAL SHELF WITH RAIL
2011-12-09,22173,SIM-DC-01,18,377.42,0,1,3,SIM-SUP-06,UNMAPPED,synthetic_demo,METAL 4 HOOK HANGER FRENCH CHATEAU
2011-12-09,22174,SIM-DC-01,167,3757.20,0,18,10,SIM-SUP-05,UNMAPPED,synthetic_demo,PHOTO CUBE
2011-12-09,22175,SIM-DC-01,72,459.04,0,4,10,SIM-SUP-02,UNMAPPED,synthetic_demo,PINK OWL SOFT TOY
2011-12-09,22176,SIM-DC-01,3,28.17,0,0,10,SIM-SUP-11,UNMAPPED,synthetic_demo,amazon
2011-12-09,22177,SIM-DC-01,2,38.88,0,0,10,SIM-SUP-02,UNMAPPED,synthetic_demo,5 HOOK BLACKBOARD ORGANISER
2011-12-09,22178,SIM-DC-01,414,3148.66,32,41,10,SIM-SUP-07,UNMAPPED,synthetic_demo,VICTORIAN GLASS HANGING T-LIGHT
2011-12-09,22179,SIM-DC-01,60,882.56,11,3,7,SIM-SUP-03,UNMAPPED,synthetic_demo,SET 10 NIGHT OWL LIGHTS
2011-12-09,22180,SIM-DC-01,1,17.01,0,0,10,SIM-SUP-01,UNMAPPED,synthetic_demo,RETROSPOT LAMP
2011-12-09,22181,SIM-DC-01,13,158.93,2,0,10,SIM-SUP-08,UNMAPPED,synthetic_demo,SNOWSTORM PHOTO FRAME FRIDGE MAGNET
2011-12-09,22182,SIM-DC-01,6,111.15,3,0,7,SIM-SUP-06,UNMAPPED,synthetic_demo,CAKE STAND VICTORIAN FILIGREE SMALL
2011-12-09,22183,SIM-DC-01,1,20.61,0,0,5,SIM-SUP-05,UNMAPPED,synthetic_demo,CAKE STAND VICTORIAN FILIGREE MED
2011-12-09,22184,SIM-DC-01,2,6.63,0,0,7,SIM-SUP-03,UNMAPPED,synthetic_demo,CAKE STAND VICTORIAN FILIGREE LARGE
2011-12-09,22185,SIM-DC-01,116,377.18,12,0,14,SIM-SUP-06,UNMAPPED,synthetic_demo,SLATE TILE NATURAL HANGING
2011-12-09,22186,SIM-DC-01,128,332.51,26,0,10,SIM-SUP-03,UNMAPPED,synthetic_demo,RED STAR CARD HOLDER
2011-12-09,22187,SIM-DC-01,139,309.74,0,8,7,SIM-SUP-05,UNMAPPED,synthetic_demo,GREEN CHRISTMAS TREE CARD HOLDER
2011-12-09,22188,SIM-DC-01,10,42.98,0,0,7,SIM-SUP-09,UNMAPPED,synthetic_demo,BLACK HEART CARD HOLDER
2011-12-09,22189,SIM-DC-01,211,5142.23,0,19,14,SIM-SUP-04,UNMAPPED,synthetic_demo,CREAM HEART CARD HOLDER
2011-12-09,22190,SIM-DC-01,13,163.81,0,1,10,SIM-SUP-08,UNMAPPED,synthetic_demo,LOCAL CAFE MUG
2011-12-09,22191,SIM-DC-01,15,206.37,0,2,3,SIM-SUP-07,UNMAPPED,synthetic_demo,IVORY DINER WALL CLOCK
2011-12-09,22192,SIM-DC-01,32,753.00,0,2,10,SIM-SUP-08,UNMAPPED,synthetic_demo,BLUE DINER WALL CLOCK
2011-12-09,22193,SIM-DC-01,26,328.39,0,3,5,SIM-SUP-11,UNMAPPED,synthetic_demo,RED DINER WALL CLOCK
2011-12-09,22194,SIM-DC-01,2,21.27,0,0,14,SIM-SUP-04,UNMAPPED,synthetic_demo,UNKNOWN
2011-12-09,22195,SIM-DC-01,211,1645.72,0,16,14,SIM-SUP-09,UNMAPPED,synthetic_demo,LARGE HEART MEASURING SPOONS
2011-12-09,22196,SIM-DC-01,77,1556.41,0,4,14,SIM-SUP-11,UNMAPPED,synthetic_demo,SMALL HEART MEASURING SPOONS
2011-12-09,22197,SIM-DC-01,431,8068.18,0,45,7,SIM-SUP-12,UNMAPPED,synthetic_demo,POPCORN HOLDER
2011-12-09,22198,SIM-DC-01,2,40.86,0,0,10,SIM-SUP-06,UNMAPPED,synthetic_demo,LARGE POPCORN HOLDER
2011-12-09,22199,SIM-DC-01,22,109.03,0,2,14,SIM-SUP-07,UNMAPPED,synthetic_demo,FRYING PAN RED RETROSPOT
2011-12-09,22200,SIM-DC-01,14,177.93,0,2,7,SIM-SUP-05,UNMAPPED,synthetic_demo,FRYING PAN PINK POLKADOT
2011-12-09,22201,SIM-DC-01,10,219.64,0,1,7,SIM-SUP-05,UNMAPPED,synthetic_demo,FRYING PAN BLUE POLKADOT
2011-12-09,22202,SIM-DC-01,0,0.00,0,0,5,SIM-SUP-09,UNMAPPED,synthetic_demo,UNKNOWN
2011-12-09,22203,SIM-DC-01,34,526.92,0,5,14,SIM-SUP-01,UNMAPPED,synthetic_demo,MILK PAN RED RETROSPOT
2011-12-09,22204,SIM-DC-01,2,4.97,0,0,3,SIM-SUP-10,UNMAPPED,synthetic_demo,MILK PAN BLUE POLKADOT
2011-12-09,22207,SIM-DC-01,16,247.57,0,0,14,SIM-SUP-07,UNMAPPED,synthetic_demo,FRYING PAN UNION FLAG
2011-12-09,22208,SIM-DC-01,208,4884.95,59,25,14,SIM-SUP-09,UNMAPPED,synthetic_demo,WOOD STAMP SET THANK YOU
2011-12-09,22209,SIM-DC-01,25,448.55,9,3,14,SIM-SUP-08,UNMAPPED,synthetic_demo,WOOD STAMP SET HAPPY BIRTHDAY
2011-12-09,22210,SIM-DC-01,17,350.34,13,2,5,SIM-SUP-06,UNMAPPED,synthetic_demo,WOOD STAMP SET BEST WISHES
2011-12-09,22211,SIM-DC-01,26,640.05,20,3,14,SIM-SUP-06,UNMAPPED,synthetic_demo,WOOD STAMP SET FLOWERS
2011-12-09,22212,SIM-DC-01,23,52.97,0,3,5,SIM-SUP-09,UNMAPPED,synthetic_demo,FOUR HOOK WHITE LOVEBIRDS
2011-12-09,22214,SIM-DC-01,2,41.62,1,0,7,SIM-SUP-05,UNMAPPED,synthetic_demo,CANDLE PLATE LACE WHITE
2011-12-09,22215,SIM-DC-01,5,101.33,0,0,3,SIM-SUP-04,UNMAPPED,synthetic_demo,CAKE STAND WHITE TWO TIER LACE
2011-12-09,22216,SIM-DC-01,10,140.02,0,1,7,SIM-SUP-01,UNMAPPED,synthetic_demo,T-LIGHT HOLDER WHITE LACE
2011-12-09,22217,SIM-DC-01,15,60.66,0,0,3,SIM-SUP-08,UNMAPPED,synthetic_demo,T-LIGHT HOLDER HANGING LACE
2011-12-09,22218,SIM-DC-01,1,22.25,0,0,5,SIM-SUP-12,UNMAPPED,synthetic_demo,CAKE STAND LACE WHITE
2011-12-09,22219,SIM-DC-01,81,731.83,0,8,5,SIM-SUP-09,UNMAPPED,synthetic_demo,LOVEBIRD HANGING DECORATION WHITE
2011-12-09,22220,SIM-DC-01,3,30.92,0,0,7,SIM-SUP-05,UNMAPPED,synthetic_demo,CAKE STAND LOVEBIRD 2 TIER WHITE
2011-12-09,22221,SIM-DC-01,15,262.89,0,2,14,SIM-SUP-12,UNMAPPED,synthetic_demo,CAKE STAND LOVEBIRD 2 TIER PINK
2011-12-09,22222,SIM-DC-01,28,616.59,0,0,14,SIM-SUP-06,UNMAPPED,synthetic_demo,CAKE PLATE LOVEBIRD WHITE
2011-12-09,22223,SIM-DC-01,4,79.33,0,0,5,SIM-SUP-03,UNMAPPED,synthetic_demo,CAKE PLATE LOVEBIRD PINK
2011-12-09,22224,SIM-DC-01,5,73.30,5,1,5,SIM-SUP-08,UNMAPPED,synthetic_demo,WHITE LOVEBIRD LANTERN
2011-12-09,22227,SIM-DC-01,7,99.27,0,0,3,SIM-SUP-01,UNMAPPED,synthetic_demo,HANGING HEART MIRROR DECORATION
2011-12-09,22228,SIM-DC-01,17,287.19,0,1,10,SIM-SUP-06,UNMAPPED,synthetic_demo,BUNNY WOODEN PAINTED WITH BIRD
2011-12-09,22229,SIM-DC-01,5,104.90,0,0,7,SIM-SUP-03,UNMAPPED,synthetic_demo,BUNNY WOODEN PAINTED WITH FLOWER
2011-12-09,22230,SIM-DC-01,20,131.08,0,0,10,SIM-SUP-05,UNMAPPED,synthetic_demo,JIGSAW TREE WITH WATERING CAN
2011-12-09,22231,SIM-DC-01,3,32.32,0,0,3,SIM-SUP-07,UNMAPPED,synthetic_demo,JIGSAW TREE WITH BIRDHOUSE
2011-12-09,22232,SIM-DC-01,8,52.62,0,1,3,SIM-SUP-04,UNMAPPED,synthetic_demo,JIGSAW TOADSTOOLS 3 PIECE
2011-12-09,22233,SIM-DC-01,21,138.01,5,2,10,SIM-SUP-12,UNMAPPED,synthetic_demo,JIGSAW RABBIT AND BIRDHOUSE
2011-12-09,22236,SIM-DC-01,4,20.63,0,1,7,SIM-SUP-08,UNMAPPED,synthetic_demo,CAKE STAND 3 TIER MAGIC GARDEN
2011-12-09,22241,SIM-DC-01,4,98.98,0,0,10,SIM-SUP-12,UNMAPPED,synthetic_demo,GARLAND WOODEN HAPPY EASTER
2011-12-09,22242,SIM-DC-01,1,22.01,0,0,10,SIM-SUP-01,UNMAPPED,synthetic_demo,5 HOOK HANGER MAGIC TOADSTOOL
2011-12-09,22243,SIM-DC-01,1,9.56,0,0,10,SIM-SUP-06,UNMAPPED,synthetic_demo,5 HOOK HANGER RED MAGIC TOADSTOOL
2011-12-09,22244,SIM-DC-01,1,24.03,0,0,10,SIM-SUP-01,UNMAPPED,synthetic_demo,3 HOOK HANGER MAGIC GARDEN
2011-12-09,22245,SIM-DC-01,1,13.53,0,0,5,SIM-SUP-09,UNMAPPED,synthetic_demo,"HOOK, 1 HANGER ,MAGIC GARDEN"
2011-12-09,22246,SIM-DC-01,4,63.07,2,0,7,SIM-SUP-05,UNMAPPED,synthetic_demo,MAGIC GARDEN FELT GARLAND
2011-12-09,22247,SIM-DC-01,1,17.90,1,0,5,SIM-SUP-10,UNMAPPED,synthetic_demo,BUNNY DECORATION MAGIC GARDEN
2011-12-09,22248,SIM-DC-01,1,4.61,0,0,3,SIM-SUP-02,UNMAPPED,synthetic_demo,DECORATION PINK CHICK MAGIC GARDEN
2011-12-09,22249,SIM-DC-01,7,73.44,0,1,14,SIM-SUP-08,UNMAPPED,synthetic_demo,DECORATION WHITE CHICK MAGIC GARDEN
2011-12-09,22250,SIM-DC-01,1,5.91,0,0,5,SIM-SUP-05,UNMAPPED,synthetic_demo,DECORATION BUTTERFLY MAGIC GARDEN
2011-12-09,22251,SIM-DC-01,9,135.28,1,0,10,SIM-SUP-02,UNMAPPED,synthetic_demo,BIRDHOUSE DECORATION MAGIC GARDEN
2011-12-09,22252,SIM-DC-01,15,345.74,4,0,10,SIM-SUP-04,UNMAPPED,synthetic_demo,BIRDCAGE DECORATION TEALIGHT HOLDER
2011-12-09,22253,SIM-DC-01,1,12.41,0,0,5,SIM-SUP-12,UNMAPPED,synthetic_demo,6 CROCHET STRAWBERRIES
2011-12-09,22254,SIM-DC-01,3,7.11,0,0,7,SIM-SUP-09,UNMAPPED,synthetic_demo,FELT TOADSTOOL LARGE
2011-12-09,22255,SIM-DC-01,24,570.50,4,3,14,SIM-SUP-10,UNMAPPED,synthetic_demo,FELT TOADSTOOL SMALL
2011-12-09,22256,SIM-DC-01,1,16.77,0,0,5,SIM-SUP-04,UNMAPPED,synthetic_demo,FELT FARM ANIMAL CHICKEN
2011-12-09,22257,SIM-DC-01,1,16.21,0,0,10,SIM-SUP-10,UNMAPPED,synthetic_demo,FELT FARM ANIMAL SHEEP
2011-12-09,22258,SIM-DC-01,2,26.24,0,0,5,SIM-SUP-11,UNMAPPED,synthetic_demo,FELT FARM ANIMAL RABBIT
2011-12-09,22259,SIM-DC-01,1,17.32,0,0,5,SIM-SUP-04,UNMAPPED,synthetic_demo,FELT FARM ANIMAL HEN
2011-12-09,22260,SIM-DC-01,6,72.52,0,1,14,SIM-SUP-09,UNMAPPED,synthetic_demo,FELT EGG COSY BLUE RABBIT
2011-12-09,22261,SIM-DC-01,5,17.33,0,1,5,SIM-SUP-11,UNMAPPED,synthetic_demo,FELT EGG COSY WHITE RABBIT
2011-12-09,22262,SIM-DC-01,12,32.29,2,1,5,SIM-SUP-12,UNMAPPED,synthetic_demo,FELT EGG COSY CHICKEN
2011-12-09,22263,SIM-DC-01,9,146.67,1,0,7,SIM-SUP-05,UNMAPPED,synthetic_demo,FELT EGG COSY LADYBIRD
2011-12-09,22264,SIM-DC-01,1,4.16,0,0,5,SIM-SUP-06,UNMAPPED,synthetic_demo,FELT FARM ANIMAL WHITE BUNNY
2011-12-09,22265,SIM-DC-01,3,9.44,0,0,5,SIM-SUP-02,UNMAPPED,synthetic_demo,EASTER DECORATION NATURAL CHICK
2011-12-09,22266,SIM-DC-01,20,76.57,5,2,7,SIM-SUP-05,UNMAPPED,synthetic_demo,EASTER DECORATION HANGING BUNNY
2011-12-09,22267,SIM-DC-01,2,41.99,0,0,3,SIM-SUP-03,UNMAPPED,synthetic_demo,EASTER DECORATION EGG BUNNY
2011-12-09,22268,SIM-DC-01,1,4.76,0,0,5,SIM-SUP-12,UNMAPPED,synthetic_demo,DECORATION SITTING BUNNY
2011-12-09,22269,SIM-DC-01,34,305.49,9,4,14,SIM-SUP-07,UNMAPPED,synthetic_demo,EGG CUP NATURAL CHICKEN
2011-12-09,22270,SIM-DC-01,6,114.35,1,0,14,SIM-SUP-07,UNMAPPED,synthetic_demo,HAPPY EASTER HANGING DECORATION
2011-12-09,22271,SIM-DC-01,30,329.68,7,1,3,SIM-SUP-11,UNMAPPED,synthetic_demo,FELTCRAFT DOLL ROSIE
2011-12-09,22272,SIM-DC-01,1,8.66,0,0,5,SIM-SUP-03,UNMAPPED,synthetic_demo,FELTCRAFT DOLL MARIA
2011-12-09,22273,SIM-DC-01,72,791.51,0,8,3,SIM-SUP-03,UNMAPPED,synthetic_demo,FELTCRAFT DOLL MOLLY
2011-12-09,22274,SIM-DC-01,130,663.57,0,19,10,SIM-SUP-12,UNMAPPED,synthetic_demo,FELTCRAFT DOLL EMILY
2011-12-09,22275,SIM-DC-01,0,0.00,1,0,10,SIM-SUP-11,UNMAPPED,synthetic_demo,WEEKEND BAG VINTAGE ROSE PAISLEY
2011-12-09,22276,SIM-DC-01,1,3.50,0,0,3,SIM-SUP-10,UNMAPPED,synthetic_demo,WASH BAG VINTAGE ROSE PAISLEY
2011-12-09,22277,SIM-DC-01,5,107.06,0,1,10,SIM-SUP-05,UNMAPPED,synthetic_demo,COSMETIC BAG VINTAGE ROSE PAISLEY
2011-12-09,22278,SIM-DC-01,21,152.27,3,0,5,SIM-SUP-10,UNMAPPED,synthetic_demo,OVERNIGHT BAG VINTAGE ROSE PAISLEY
2011-12-09,22279,SIM-DC-01,32,395.08,6,3,7,SIM-SUP-06,UNMAPPED,synthetic_demo,POCKET BAG BLUE PAISLEY RED SPOT
2011-12-09,22280,SIM-DC-01,6,57.68,1,1,3,SIM-SUP-12,UNMAPPED,synthetic_demo,POCKET BAG PINK PAISELY BROWN SPOT
2011-12-09,22281,SIM-DC-01,3,50.46,0,0,7,SIM-SUP-12,UNMAPPED,synthetic_demo,EASTER TREE YELLOW BIRDS
2011-12-09,22282,SIM-DC-01,7,66.93,0,1,10,SIM-SUP-11,UNMAPPED,synthetic_demo,12 EGG HOUSE PAINTED WOOD
2011-12-09,22283,SIM-DC-01,8,77.48,0,1,7,SIM-SUP-07,UNMAPPED,synthetic_demo,6 EGG HOUSE PAINTED WOOD
2011-12-09,22284,SIM-DC-01,4,72.44,0,0,7,SIM-SUP-08,UNMAPPED,synthetic_demo,HEN HOUSE DECORATION
2011-12-09,22285,SIM-DC-01,3,29.88,0,0,3,SIM-SUP-08,UNMAPPED,synthetic_demo,HANGING HEN ON NEST DECORATION
2011-12-09,22286,SIM-DC-01,3,28.67,1,0,3,SIM-SUP-02,UNMAPPED,synthetic_demo,DECORATION WOBBLY RABBIT METAL
2011-12-09,22287,SIM-DC-01,11,239.90,0,1,14,SIM-SUP-04,UNMAPPED,synthetic_demo,DECORATION WOBBLY CHICKEN
2011-12-09,22288,SIM-DC-01,0,0.00,0,0,3,SIM-SUP-11,UNMAPPED,synthetic_demo,HANGING METAL RABBIT DECORATION
2011-12-09,22289,SIM-DC-01,1,17.23,0,0,5,SIM-SUP-03,UNMAPPED,synthetic_demo,HANGING METAL CHICKEN DECORATION
2011-12-09,22290,SIM-DC-01,1,5.77,0,0,5,SIM-SUP-05,UNMAPPED,synthetic_demo,UNKNOWN
2011-12-09,22291,SIM-DC-01,1,12.44,0,0,5,SIM-SUP-05,UNMAPPED,synthetic_demo,HANGING CHICK CREAM DECORATION
2011-12-09,22292,SIM-DC-01,2,14.20,0,0,3,SIM-SUP-10,UNMAPPED,synthetic_demo,HANGING CHICK YELLOW DECORATION
2011-12-09,22293,SIM-DC-01,5,103.97,0,0,14,SIM-SUP-09,UNMAPPED,synthetic_demo,HANGING CHICK GREEN DECORATION
2011-12-09,22294,SIM-DC-01,42,419.54,15,1,10,SIM-SUP-06,UNMAPPED,synthetic_demo,HEART FILIGREE DOVE SMALL
2011-12-09,22295,SIM-DC-01,38,347.35,0,5,10,SIM-SUP-06,UNMAPPED,synthetic_demo,HEART FILIGREE DOVE LARGE
2011-12-09,22296,SIM-DC-01,42,561.57,0,5,10,SIM-SUP-03,UNMAPPED,synthetic_demo,HEART IVORY TRELLIS LARGE
2011-12-09,22297,SIM-DC-01,17,96.90,0,1,3,SIM-SUP-12,UNMAPPED,synthetic_demo,HEART IVORY TRELLIS SMALL
2011-12-09,22299,SIM-DC-01,27,147.15,0,4,5,SIM-SUP-02,UNMAPPED,synthetic_demo,PIG KEYRING WITH LIGHT & SOUND
2011-12-09,22300,SIM-DC-01,60,1459.06,15,4,14,SIM-SUP-10,UNMAPPED,synthetic_demo,COFFEE MUG DOG + BALL DESIGN
2011-12-09,22301,SIM-DC-01,60,494.86,0,4,10,SIM-SUP-11,UNMAPPED,synthetic_demo,COFFEE MUG CAT + BIRD DESIGN
2011-12-09,22302,SIM-DC-01,82,802.31,0,12,10,SIM-SUP-08,UNMAPPED,synthetic_demo,COFFEE MUG PEARS DESIGN
2011-12-09,22303,SIM-DC-01,28,154.46,0,2,3,SIM-SUP-03,UNMAPPED,synthetic_demo,COFFEE MUG APPLES DESIGN
2011-12-09,22304,SIM-DC-01,4,73.57,1,0,14,SIM-SUP-08,UNMAPPED,synthetic_demo,COFFEE MUG BLUE PAISLEY DESIGN
2011-12-09,22305,SIM-DC-01,3,34.45,1,0,5,SIM-SUP-08,UNMAPPED,synthetic_demo,COFFEE MUG PINK PAISLEY DESIGN
2011-12-09,22306,SIM-DC-01,50,699.58,33,4,5,SIM-SUP-02,UNMAPPED,synthetic_demo,SILVER MUG BONE CHINA TREE OF LIFE
2011-12-09,22307,SIM-DC-01,89,1544.63,0,12,10,SIM-SUP-10,UNMAPPED,synthetic_demo,GOLD MUG BONE CHINA TREE OF LIFE
2011-12-09,22308,SIM-DC-01,7,169.31,7,1,10,SIM-SUP-06,UNMAPPED,synthetic_demo,TEA COSY BLUE STRIPE
2011-12-09,22309,SIM-DC-01,17,78.86,0,2,10,SIM-SUP-01,UNMAPPED,synthetic_demo,TEA COSY RED STRIPE
2011-12-09,22310,SIM-DC-01,36,527.80,0,2,14,SIM-SUP-07,UNMAPPED,synthetic_demo,IVORY KNITTED MUG COSY
2011-12-09,22311,SIM-DC-01,18,259.08,4,1,5,SIM-SUP-01,UNMAPPED,synthetic_demo,OFFICE MUG WARMER BLACK+SILVER
2011-12-09,22312,SIM-DC-01,62,131.63,17,5,10,SIM-SUP-11,UNMAPPED,synthetic_demo,OFFICE MUG WARMER POLKADOT
2011-12-09,22313,SIM-DC-01,14,103.72,3,2,5,SIM-SUP-07,UNMAPPED,synthetic_demo,OFFICE MUG WARMER PINK
2011-12-09,22314,SIM-DC-01,7,136.58,0,1,5,SIM-SUP-06,UNMAPPED,synthetic_demo,OFFICE MUG WARMER CHOC+BLUE
2011-12-09,22315,SIM-DC-01,7,51.03,0,0,3,SIM-SUP-05,UNMAPPED,synthetic_demo,200 RED + WHITE BENDY STRAWS
2011-12-09,22316,SIM-DC-01,7,32.47,1,0,10,SIM-SUP-12,UNMAPPED,synthetic_demo,200 BENDY SKULL STRAWS
2011-12-09,22317,SIM-DC-01,3,15.27,0,0,5,SIM-SUP-11,UNMAPPED,synthetic_demo,FIVE CATS HANGING DECORATION
2011-12-09,22318,SIM-DC-01,7,67.83,0,1,14,SIM-SUP-06,UNMAPPED,synthetic_demo,FIVE HEART HANGING DECORATION
2011-12-09,22319,SIM-DC-01,14,192.35,2,1,5,SIM-SUP-11,UNMAPPED,synthetic_demo,HAIRCLIPS FORTIES FABRIC ASSORTED
2011-12-09,22320,SIM-DC-01,8,21.40,1,1,7,SIM-SUP-04,UNMAPPED,synthetic_demo,BIRDS MOBILE VINTAGE DESIGN
2011-12-09,22321,SIM-DC-01,10,94.69,0,0,10,SIM-SUP-08,UNMAPPED,synthetic_demo,BIRD DECORATION RED RETROSPOT
2011-12-09,22322,SIM-DC-01,2,11.82,0,0,3,SIM-SUP-07,UNMAPPED,synthetic_demo,BIRD DECORATION GREEN POLKADOT
2011-12-09,22323,SIM-DC-01,1,22.25,0,0,3,SIM-SUP-02,UNMAPPED,synthetic_demo,UNKNOWN
2011-12-09,22324,SIM-DC-01,13,67.16,0,1,10,SIM-SUP-08,UNMAPPED,synthetic_demo,BLUE POLKADOT KIDS BAG
2011-12-09,22325,SIM-DC-01,3,47.81,3,0,10,SIM-SUP-10,UNMAPPED,synthetic_demo,MOBILE VINTAGE HEARTS
2011-12-09,22326,SIM-DC-01,43,659.00,0,1,10,SIM-SUP-12,UNMAPPED,synthetic_demo,ROUND SNACK BOXES SET OF4 WOODLAND
2011-12-09,22327,SIM-DC-01,57,723.38,15,6,10,SIM-SUP-07,UNMAPPED,synthetic_demo,ROUND SNACK BOXES SET OF 4 SKULLS
2011-12-09,22328,SIM-DC-01,122,306.76,0,13,14,SIM-SUP-03,UNMAPPED,synthetic_demo,ROUND SNACK BOXES SET OF 4 FRUITS
2011-12-09,22329,SIM-DC-01,4,62.53,0,0,7,SIM-SUP-03,UNMAPPED,synthetic_demo,ROUND CONTAINER SET OF 5 RETROSPOT
2011-12-09,22331,SIM-DC-01,25,541.22,0,4,10,SIM-SUP-08,UNMAPPED,synthetic_demo,WOODLAND PARTY BAG + STICKER SET
2011-12-09,22332,SIM-DC-01,7,95.10,0,0,3,SIM-SUP-10,UNMAPPED,synthetic_demo,SKULLS PARTY BAG + STICKER SET
2011-12-09,22333,SIM-DC-01,39,957.00,0,1,3,SIM-SUP-05,UNMAPPED,synthetic_demo,RETROSPOT PARTY BAG + STICKER SET
2011-12-09,22334,SIM-DC-01,4,85.98,0,1,5,SIM-SUP-04,UNMAPPED,synthetic_demo,DINOSAUR PARTY BAG + STICKER SET
2011-12-09,22335,SIM-DC-01,9,38.94,0,1,3,SIM-SUP-01,UNMAPPED,synthetic_demo,HEART DECORATION PAINTED ZINC
2011-12-09,22336,SIM-DC-01,2,38.93,0,0,7,SIM-SUP-04,UNMAPPED,synthetic_demo,DOVE DECORATION PAINTED ZINC
2011-12-09,22337,SIM-DC-01,46,980.40,0,2,5,SIM-SUP-01,UNMAPPED,synthetic_demo,ANGEL DECORATION PAINTED ZINC
2011-12-09,22338,SIM-DC-01,47,276.66,0,3,5,SIM-SUP-11,UNMAPPED,synthetic_demo,STAR DECORATION PAINTED ZINC
2011-12-09,22339,SIM-DC-01,19,196.50,0,3,3,SIM-SUP-07,UNMAPPED,synthetic_demo,CHRISTMAS TREE PAINTED ZINC
2011-12-09,22340,SIM-DC-01,160,2367.32,0,6,5,SIM-SUP-01,UNMAPPED,synthetic_demo,NOEL GARLAND PAINTED ZINC
2011-12-09,22341,SIM-DC-01,6,49.65,0,1,10,SIM-SUP-06,UNMAPPED,synthetic_demo,LOVE GARLAND PAINTED ZINC
2011-12-09,22342,SIM-DC-01,7,70.49,0,1,7,SIM-SUP-06,UNMAPPED,synthetic_demo,HOME GARLAND PAINTED ZINC
2011-12-09,22343,SIM-DC-01,8,62.73,0,1,3,SIM-SUP-04,UNMAPPED,synthetic_demo,PARTY PIZZA DISH RED RETROSPOT
2011-12-09,22344,SIM-DC-01,5,120.05,0,0,5,SIM-SUP-11,UNMAPPED,synthetic_demo,PARTY PIZZA DISH PINK POLKADOT
2011-12-09,22345,SIM-DC-01,10,50.73,0,1,5,SIM-SUP-06,UNMAPPED,synthetic_demo,PARTY PIZZA DISH BLUE POLKADOT
2011-12-09,22346,SIM-DC-01,7,138.64,2,0,7,SIM-SUP-12,UNMAPPED,synthetic_demo,PARTY PIZZA DISH GREEN POLKADOT
2011-12-09,22347,SIM-DC-01,1,18.17,0,0,10,SIM-SUP-04,UNMAPPED,synthetic_demo,UNKNOWN
2011-12-09,22348,SIM-DC-01,46,248.31,0,1,3,SIM-SUP-02,UNMAPPED,synthetic_demo,TEA BAG PLATE RED RETROSPOT
2011-12-09,22349,SIM-DC-01,7,34.32,0,1,14,SIM-SUP-02,UNMAPPED,synthetic_demo,DOG BOWL CHASING BALL DESIGN
2011-12-09,22350,SIM-DC-01,13,281.69,0,2,5,SIM-SUP-07,UNMAPPED,synthetic_demo,ILLUSTRATED CAT BOWL
2011-12-09,22352,SIM-DC-01,29,651.74,0,2,3,SIM-SUP-02,UNMAPPED,synthetic_demo,LUNCH BOX WITH CUTLERY RETROSPOT
2011-12-09,22353,SIM-DC-01,2,6.73,0,0,10,SIM-SUP-07,UNMAPPED,synthetic_demo,LUNCH BOX WITH CUTLERY FAIRY CAKES
2011-12-09,22354,SIM-DC-01,5,19.24,0,1,10,SIM-SUP-07,UNMAPPED,synthetic_demo,RETROSPOT PADDED SEAT CUSHION
2011-12-09,22355,SIM-DC-01,497,9480.79,0,74,14,SIM-SUP-01,UNMAPPED,synthetic_demo,CHARLOTTE BAG SUKI DESIGN
2011-12-09,22356,SIM-DC-01,489,2457.84,136,59,14,SIM-SUP-06,UNMAPPED,synthetic_demo,CHARLOTTE BAG PINK POLKADOT
2011-12-09,22357,SIM-DC-01,19,441.37,0,1,5,SIM-SUP-05,UNMAPPED,synthetic_demo,KINGS CHOICE BISCUIT TIN
2011-12-09,22358,SIM-DC-01,15,116.08,0,2,3,SIM-SUP-07,UNMAPPED,synthetic_demo,KINGS CHOICE TEA CADDY
2011-12-09,22359,SIM-DC-01,8,58.50,0,0,14,SIM-SUP-08,UNMAPPED,synthetic_demo,GLASS JAR KINGS CHOICE
2011-12-09,22360,SIM-DC-01,12,255.62,0,2,3,SIM-SUP-06,UNMAPPED,synthetic_demo,GLASS JAR ENGLISH CONFECTIONERY
2011-12-09,22361,SIM-DC-01,6,17.81,3,0,3,SIM-SUP-02,UNMAPPED,synthetic_demo,GLASS JAR DAISY FRESH COTTON WOOL
2011-12-09,22362,SIM-DC-01,5,13.06,0,0,5,SIM-SUP-10,UNMAPPED,synthetic_demo,GLASS JAR PEACOCK BATH SALTS
2011-12-09,22363,SIM-DC-01,3,68.58,1,0,7,SIM-SUP-07,UNMAPPED,synthetic_demo,GLASS JAR MARMALADE
2011-12-09,22364,SIM-DC-01,14,197.82,0,0,10,SIM-SUP-10,UNMAPPED,synthetic_demo,GLASS JAR DIGESTIVE BISCUITS
2011-12-09,22365,SIM-DC-01,8,122.59,0,1,3,SIM-SUP-07,UNMAPPED,synthetic_demo,DOORMAT RESPECTABLE HOUSE
2011-12-09,22366,SIM-DC-01,7,24.12,0,1,5,SIM-SUP-11,UNMAPPED,synthetic_demo,DOORMAT AIRMAIL
2011-12-09,22367,SIM-DC-01,71,915.61,0,8,3,SIM-SUP-07,UNMAPPED,synthetic_demo,CHILDRENS APRON SPACEBOY DESIGN
2011-12-09,22371,SIM-DC-01,59,392.99,0,1,7,SIM-SUP-01,UNMAPPED,synthetic_demo,AIRLINE BAG VINTAGE TOKYO 78
2011-12-09,22372,SIM-DC-01,9,91.87,0,1,3,SIM-SUP-02,UNMAPPED,synthetic_demo,AIRLINE BAG VINTAGE WORLD CHAMPION
2011-12-09,22374,SIM-DC-01,41,724.28,0,6,14,SIM-SUP-10,UNMAPPED,synthetic_demo,AIRLINE BAG VINTAGE JET SET RED
2011-12-09,22375,SIM-DC-01,24,210.79,0,3,7,SIM-SUP-05,UNMAPPED,synthetic_demo,AIRLINE BAG VINTAGE JET SET BROWN
2011-12-09,22376,SIM-DC-01,11,89.61,4,1,14,SIM-SUP-05,UNMAPPED,synthetic_demo,AIRLINE BAG VINTAGE JET SET WHITE
2011-12-09,22377,SIM-DC-01,8,68.03,1,0,5,SIM-SUP-06,UNMAPPED,synthetic_demo,BOTTLE BAG RETROSPOT
2011-12-09,22378,SIM-DC-01,22,179.77,0,1,5,SIM-SUP-08,UNMAPPED,synthetic_demo,WALL TIDY RETROSPOT
2011-12-09,22379,SIM-DC-01,68,547.41,0,8,3,SIM-SUP-12,UNMAPPED,synthetic_demo,RECYCLING BAG RETROSPOT
2011-12-09,22380,SIM-DC-01,20,340.22,5,1,7,SIM-SUP-11,UNMAPPED,synthetic_demo,TOY TIDY SPACEBOY
2011-12-09,22381,SIM-DC-01,95,192.89,0,6,10,SIM-SUP-05,UNMAPPED,synthetic_demo,TOY TIDY PINK POLKADOT
2011-12-09,22382,SIM-DC-01,252,5828.17,36,31,10,SIM-SUP-05,UNMAPPED,synthetic_demo,LUNCH BAG SPACEBOY DESIGN
2011-12-09,22383,SIM-DC-01,209,477.08,0,13,10,SIM-SUP-12,UNMAPPED,synthetic_demo,LUNCH BAG SUKI DESIGN
2011-12-09,22384,SIM-DC-01,131,1611.22,0,12,5,SIM-SUP-02,UNMAPPED,synthetic_demo,LUNCH BAG PINK POLKADOT
2011-12-09,22385,SIM-DC-01,22,411.92,0,1,3,SIM-SUP-01,UNMAPPED,synthetic_demo,JUMBO BAG SPACEBOY DESIGN
2011-12-09,22386,SIM-DC-01,257,1845.14,0,16,10,SIM-SUP-08,UNMAPPED,synthetic_demo,JUMBO BAG PINK POLKADOT
2011-12-09,22389,SIM-DC-01,3,31.21,1,0,7,SIM-SUP-02,UNMAPPED,synthetic_demo,PAPERWEIGHT SAVE THE PLANET
2011-12-09,22390,SIM-DC-01,2,21.09,0,0,7,SIM-SUP-08,UNMAPPED,synthetic_demo,PAPERWEIGHT CHILDHOOD MEMORIES
2011-12-09,22391,SIM-DC-01,3,32.19,0,0,3,SIM-SUP-04,UNMAPPED,synthetic_demo,PAPERWEIGHT HOME SWEET HOME
2011-12-09,22393,SIM-DC-01,9,166.07,0,0,5,SIM-SUP-03,UNMAPPED,synthetic_demo,PAPERWEIGHT VINTAGE COLLAGE
2011-12-09,22394,SIM-DC-01,5,123.66,0,0,10,SIM-SUP-07,UNMAPPED,synthetic_demo,PAPERWEIGHT KINGS CHOICE
2011-12-09,22395,SIM-DC-01,19,64.75,0,0,14,SIM-SUP-04,UNMAPPED,synthetic_demo,PAPERWEIGHT VINTAGE PAISLEY
2011-12-09,22396,SIM-DC-01,23,194.76,0,0,7,SIM-SUP-03,UNMAPPED,synthetic_demo,MAGNETS PACK OF 4 RETRO PHOTO
2011-12-09,22398,SIM-DC-01,100,1056.32,0,7,5,SIM-SUP-11,UNMAPPED,synthetic_demo,MAGNETS PACK OF 4 SWALLOWS
2011-12-09,22399,SIM-DC-01,5,49.71,0,1,7,SIM-SUP-02,UNMAPPED,synthetic_demo,MAGNETS PACK OF 4 CHILDHOOD MEMORY
2011-12-09,22400,SIM-DC-01,38,591.75,0,5,10,SIM-SUP-05,UNMAPPED,synthetic_demo,MAGNETS PACK OF 4 HOME SWEET HOME
2011-12-09,22402,SIM-DC-01,21,329.24,0,1,3,SIM-SUP-10,UNMAPPED,synthetic_demo,MAGNETS PACK OF 4 VINTAGE COLLAGE
2011-12-09,22403,SIM-DC-01,13,109.41,6,1,5,SIM-SUP-10,UNMAPPED,synthetic_demo,MAGNETS PACK OF 4 VINTAGE LABELS
2011-12-09,22405,SIM-DC-01,4,73.40,0,0,3,SIM-SUP-04,UNMAPPED,synthetic_demo,MONEY BOX POCKET MONEY DESIGN
2011-12-09,22406,SIM-DC-01,9,95.42,0,1,3,SIM-SUP-04,UNMAPPED,synthetic_demo,MONEY BOX KINGS CHOICE DESIGN
2011-12-09,22407,SIM-DC-01,3,36.41,2,0,14,SIM-SUP-04,UNMAPPED,synthetic_demo,MONEY BOX FIRST AID DESIGN
2011-12-09,22408,SIM-DC-01,2,35.53,0,0,3,SIM-SUP-07,UNMAPPED,synthetic_demo,MONEY BOX CONFECTIONERY DESIGN
2011-12-09,22409,SIM-DC-01,2,5.88,0,0,10,SIM-SUP-09,UNMAPPED,synthetic_demo,MONEY BOX BISCUITS DESIGN
2011-12-09,22410,SIM-DC-01,8,59.85,0,1,5,SIM-SUP-08,UNMAPPED,synthetic_demo,MONEY BOX HOUSEKEEPING DESIGN
2011-12-09,22411,SIM-DC-01,90,575.72,66,6,5,SIM-SUP-08,UNMAPPED,synthetic_demo,JUMBO SHOPPER VINTAGE RED PAISLEY
2011-12-09,22412,SIM-DC-01,3,69.16,0,0,10,SIM-SUP-04,UNMAPPED,synthetic_demo,METAL SIGN NEIGHBOURHOOD WITCH
2011-12-09,22413,SIM-DC-01,19,378.63,0,2,10,SIM-SUP-07,UNMAPPED,synthetic_demo,METAL SIGN TAKE IT OR LEAVE IT
2011-12-09,22414,SIM-DC-01,4,30.43,0,0,5,SIM-SUP-03,UNMAPPED,synthetic_demo,DOORMAT NEIGHBOURHOOD WITCH
2011-12-09,22415,SIM-DC-01,2,31.77,0,0,14,SIM-SUP-04,UNMAPPED,synthetic_demo,WHITE TISSUE REAM
2011-12-09,22416,SIM-DC-01,4,15.56,0,0,3,SIM-SUP-10,UNMAPPED,synthetic_demo,SET OF 36 SPACEBOY PAPER DOILIES
2011-12-09,22417,SIM-DC-01,124,2370.44,0,4,7,SIM-SUP-08,UNMAPPED,synthetic_demo,PACK OF 60 SPACEBOY CAKE CASES
2011-12-09,22418,SIM-DC-01,72,469.98,8,3,3,SIM-SUP-04,UNMAPPED,synthetic_demo,10 COLOUR SPACEBOY PEN
2011-12-09,22419,SIM-DC-01,91,1957.28,0,9,7,SIM-SUP-04,UNMAPPED,synthetic_demo,LIPSTICK PEN RED
2011-12-09,22420,SIM-DC-01,30,534.68,0,4,3,SIM-SUP-01,UNMAPPED,synthetic_demo,LIPSTICK PEN BABY PINK
2011-12-09,22421,SIM-DC-01,43,568.55,12,4,5,SIM-SUP-11,UNMAPPED,synthetic_demo,LIPSTICK PEN FUSCHIA
2011-12-09,22422,SIM-DC-01,234,668.97,0,31,14,SIM-SUP-08,UNMAPPED,synthetic_demo,TOOTHPASTE TUBE PEN
2011-12-09,22423,SIM-DC-01,111,1897.06,0,5,5,SIM-SUP-02,UNMAPPED,synthetic_demo,REGENCY CAKESTAND 3 TIER
2011-12-09,22424,SIM-DC-01,63,869.65,0,6,14,SIM-SUP-07,UNMAPPED,synthetic_demo,ENAMEL BREAD BIN CREAM
2011-12-09,22425,SIM-DC-01,13,34.57,0,1,5,SIM-SUP-07,UNMAPPED,synthetic_demo,ENAMEL COLANDER CREAM
2011-12-09,22426,SIM-DC-01,11,242.36,0,1,3,SIM-SUP-05,UNMAPPED,synthetic_demo,ENAMEL WASH BOWL CREAM
2011-12-09,22427,SIM-DC-01,3,58.62,0,0,14,SIM-SUP-05,UNMAPPED,synthetic_demo,ENAMEL FLOWER JUG CREAM
2011-12-09,22428,SIM-DC-01,3,56.36,0,0,3,SIM-SUP-01,UNMAPPED,synthetic_demo,ENAMEL FIRE BUCKET CREAM
2011-12-09,22429,SIM-DC-01,19,162.05,0,2,10,SIM-SUP-04,UNMAPPED,synthetic_demo,ENAMEL MEASURING JUG CREAM
2011-12-09,22430,SIM-DC-01,4,34.06,0,0,5,SIM-SUP-02,UNMAPPED,synthetic_demo,ENAMEL WATERING CAN CREAM
2011-12-09,22431,SIM-DC-01,9,27.68,0,1,7,SIM-SUP-05,UNMAPPED,synthetic_demo,WATERING CAN BLUE ELEPHANT
2011-12-09,22432,SIM-DC-01,4,37.73,1,0,3,SIM-SUP-01,UNMAPPED,synthetic_demo,WATERING CAN PINK BUNNY
2011-12-09,22433,SIM-DC-01,10,70.06,0,0,10,SIM-SUP-02,UNMAPPED,synthetic_demo,WATERING CAN GREEN DINOSAUR
2011-12-09,22434,SIM-DC-01,23,227.04,0,2,14,SIM-SUP-10,UNMAPPED,synthetic_demo,BALLOON PUMP WITH 10 BALLOONS
2011-12-09,22435,SIM-DC-01,59,768.26,2,2,10,SIM-SUP-08,UNMAPPED,synthetic_demo,SET OF 9 HEART SHAPED BALLOONS
2011-12-09,22436,SIM-DC-01,56,1307.11,0,5,5,SIM-SUP-04,UNMAPPED,synthetic_demo,12 COLOURED PARTY BALLOONS
2011-12-09,22437,SIM-DC-01,38,328.72,0,5,10,SIM-SUP-09,UNMAPPED,synthetic_demo,SET OF 9 BLACK SKULL BALLOONS
2011-12-09,22438,SIM-DC-01,15,88.79,0,0,3,SIM-SUP-02,UNMAPPED,synthetic_demo,BALLOON ART MAKE YOUR OWN FLOWERS
2011-12-09,22439,SIM-DC-01,32,534.55,0,2,3,SIM-SUP-06,UNMAPPED,synthetic_demo,6 ROCKET BALLOONS
2011-12-09,22440,SIM-DC-01,25,597.57,0,1,14,SIM-SUP-09,UNMAPPED,synthetic_demo,BALLOON WATER BOMB PACK OF 35
2011-12-09,22441,SIM-DC-01,11,44.38,1,0,5,SIM-SUP-12,UNMAPPED,synthetic_demo,GROW YOUR OWN BASIL IN ENAMEL MUG
2011-12-09,22442,SIM-DC-01,13,122.61,0,1,14,SIM-SUP-12,UNMAPPED,synthetic_demo,GROW YOUR OWN FLOWERS SET OF 3
2011-12-09,22443,SIM-DC-01,1,8.44,0,0,10,SIM-SUP-05,UNMAPPED,synthetic_demo,GROW YOUR OWN HERBS SET OF 3
2011-12-09,22444,SIM-DC-01,1,9.20,0,0,7,SIM-SUP-11,UNMAPPED,synthetic_demo,UNKNOWN
2011-12-09,22445,SIM-DC-01,17,386.17,0,2,5,SIM-SUP-12,UNMAPPED,synthetic_demo,PENCIL CASE LIFE IS BEAUTIFUL
2011-12-09,22446,SIM-DC-01,34,268.27,5,0,7,SIM-SUP-07,UNMAPPED,synthetic_demo,PIN CUSHION BABUSHKA PINK
2011-12-09,22447,SIM-DC-01,3,67.18,0,0,5,SIM-SUP-04,UNMAPPED,synthetic_demo,PIN CUSHION BABUSHKA BLUE
2011-12-09,22448,SIM-DC-01,9,183.43,0,0,10,SIM-SUP-06,UNMAPPED,synthetic_demo,PIN CUSHION BABUSHKA RED
2011-12-09,22449,SIM-DC-01,2,9.62,0,0,5,SIM-SUP-08,UNMAPPED,synthetic_demo,SILK PURSE BABUSHKA PINK
2011-12-09,22450,SIM-DC-01,4,61.37,0,1,5,SIM-SUP-12,UNMAPPED,synthetic_demo,SILK PURSE BABUSHKA BLUE
2011-12-09,22451,SIM-DC-01,2,20.53,0,0,5,SIM-SUP-03,UNMAPPED,synthetic_demo,SILK PURSE BABUSHKA RED
2011-12-09,22452,SIM-DC-01,3,55.94,0,0,3,SIM-SUP-11,UNMAPPED,synthetic_demo,MEASURING TAPE BABUSHKA PINK
2011-12-09,22453,SIM-DC-01,11,209.45,0,1,14,SIM-SUP-07,UNMAPPED,synthetic_demo,MEASURING TAPE BABUSHKA BLUE
2011-12-09,22454,SIM-DC-01,1,4.27,0,0,5,SIM-SUP-09,UNMAPPED,synthetic_demo,MEASURING TAPE BABUSHKA RED
2011-12-09,22456,SIM-DC-01,56,542.79,0,7,14,SIM-SUP-03,UNMAPPED,synthetic_demo,NATURAL SLATE CHALKBOARD LARGE
2011-12-09,22457,SIM-DC-01,126,1325.92,0,16,7,SIM-SUP-01,UNMAPPED,synthetic_demo,NATURAL SLATE HEART CHALKBOARD
2011-12-09,22458,SIM-DC-01,1,19.12,0,0,5,SIM-SUP-09,UNMAPPED,synthetic_demo,CAST IRON HOOK GARDEN FORK
2011-12-09,22459,SIM-DC-01,3,58.59,0,0,10,SIM-SUP-05,UNMAPPED,synthetic_demo,UNKNOWN
2011-12-09,22460,SIM-DC-01,144,2330.83,50,20,14,SIM-SUP-11,UNMAPPED,synthetic_demo,EMBOSSED GLASS TEALIGHT HOLDER
2011-12-09,22461,SIM-DC-01,1,15.41,0,0,7,SIM-SUP-07,UNMAPPED,synthetic_demo,SAVOY ART DECO CLOCK
2011-12-09,22464,SIM-DC-01,168,1887.32,15,8,14,SIM-SUP-12,UNMAPPED,synthetic_demo,HANGING METAL HEART LANTERN
2011-12-09,22465,SIM-DC-01,50,197.14,0,1,7,SIM-SUP-11,UNMAPPED,synthetic_demo,HANGING METAL STAR LANTERN
2011-12-09,22466,SIM-DC-01,38,514.36,0,5,10,SIM-SUP-05,UNMAPPED,synthetic_demo,FAIRY TALE COTTAGE NIGHT LIGHT
2011-12-09,22467,SIM-DC-01,88,1302.14,0,1,5,SIM-SUP-04,UNMAPPED,synthetic_demo,GUMBALL COAT RACK
2011-12-09,22468,SIM-DC-01,18,107.50,5,2,10,SIM-SUP-06,UNMAPPED,synthetic_demo,BABUSHKA LIGHTS STRING OF 10
2011-12-09,22469,SIM-DC-01,188,4020.36,95,11,7,SIM-SUP-07,UNMAPPED,synthetic_demo,HEART OF WICKER SMALL
2011-12-09,22470,SIM-DC-01,448,1777.98,0,20,14,SIM-SUP-01,UNMAPPED,synthetic_demo,HEART OF WICKER LARGE
2011-12-09,22471,SIM-DC-01,23,526.11,0,1,14,SIM-SUP-01,UNMAPPED,synthetic_demo,TV DINNER TRAY AIR HOSTESS
2011-12-09,22472,SIM-DC-01,7,73.57,2,0,3,SIM-SUP-02,UNMAPPED,synthetic_demo,TV DINNER TRAY DOLLY GIRL
2011-12-09,22473,SIM-DC-01,20,244.80,0,2,10,SIM-SUP-12,UNMAPPED,synthetic_demo,TV DINNER TRAY VINTAGE PAISLEY
2011-12-09,22474,SIM-DC-01,22,442.40,0,1,14,SIM-SUP-01,UNMAPPED,synthetic_demo,SPACEBOY TV DINNER TRAY
2011-12-09,22475,SIM-DC-01,4,21.19,0,0,3,SIM-SUP-12,UNMAPPED,synthetic_demo,SKULL DESIGN TV DINNER TRAY
2011-12-09,22476,SIM-DC-01,18,126.90,0,1,7,SIM-SUP-07,UNMAPPED,synthetic_demo,EMPIRE UNION JACK TV DINNER TRAY
2011-12-09,22477,SIM-DC-01,22,477.15,0,2,14,SIM-SUP-02,UNMAPPED,synthetic_demo,WATERING CAN GARDEN MARKER
2011-12-09,22478,SIM-DC-01,42,218.41,7,3,14,SIM-SUP-05,UNMAPPED,synthetic_demo,BIRDHOUSE GARDEN MARKER
2011-12-09,22479,SIM-DC-01,6,144.83,0,1,5,SIM-SUP-07,UNMAPPED,synthetic_demo,DAISY GARDEN MARKER
2011-12-09,22480,SIM-DC-01,3,19.21,0,0,14,SIM-SUP-05,UNMAPPED,synthetic_demo,RED TEA TOWEL CLASSIC DESIGN
2011-12-09,22481,SIM-DC-01,25,513.55,0,3,7,SIM-SUP-02,UNMAPPED,synthetic_demo,BLACK TEA TOWEL CLASSIC DESIGN
2011-12-09,22482,SIM-DC-01,1,18.78,0,0,5,SIM-SUP-07,UNMAPPED,synthetic_demo,BLUE TEA TOWEL CLASSIC DESIGN
2011-12-09,22483,SIM-DC-01,22,331.83,16,1,10,SIM-SUP-06,UNMAPPED,synthetic_demo,RED GINGHAM TEDDY BEAR
2011-12-09,22485,SIM-DC-01,7,103.22,5,0,10,SIM-SUP-11,UNMAPPED,synthetic_demo,SET OF 2 WOODEN MARKET CRATES
2011-12-09,22486,SIM-DC-01,4,97.32,0,0,14,SIM-SUP-04,UNMAPPED,synthetic_demo,PLASMATRONIC LAMP
2011-12-09,22487,SIM-DC-01,12,198.65,0,1,7,SIM-SUP-09,UNMAPPED,synthetic_demo,WHITE WOOD GARDEN PLANT LADDER
2011-12-09,22488,SIM-DC-01,55,454.62,9,3,5,SIM-SUP-04,UNMAPPED,synthetic_demo,NATURAL SLATE RECTANGLE CHALKBOARD
2011-12-09,22489,SIM-DC-01,445,10855.20,0,40,14,SIM-SUP-02,UNMAPPED,synthetic_demo,PACK OF 12 TRADITIONAL CRAYONS
2011-12-09,22491,SIM-DC-01,93,2058.47,0,8,7,SIM-SUP-10,UNMAPPED,synthetic_demo,PACK OF 12 COLOURED PENCILS
2011-12-09,22492,SIM-DC-01,344,7196.04,0,34,14,SIM-SUP-03,UNMAPPED,synthetic_demo,MINI PAINT SET VINTAGE
2011-12-09,22493,SIM-DC-01,43,218.98,14,3,5,SIM-SUP-08,UNMAPPED,synthetic_demo,PAINT YOUR OWN CANVAS SET
2011-12-09,22494,SIM-DC-01,39,642.37,22,3,14,SIM-SUP-06,UNMAPPED,synthetic_demo,EMERGENCY FIRST AID TIN
2011-12-09,22495,SIM-DC-01,20,353.52,8,0,14,SIM-SUP-04,UNMAPPED,synthetic_demo,SET OF 2 ROUND TINS CAMEMBERT
2011-12-09,22496,SIM-DC-01,8,55.61,0,1,14,SIM-SUP-10,UNMAPPED,synthetic_demo,SET OF 2 ROUND TINS DUTCH CHEESE
2011-12-09,22497,SIM-DC-01,4,43.55,1,0,10,SIM-SUP-10,UNMAPPED,synthetic_demo,SET OF 2 TINS VINTAGE BATHROOM
2011-12-09,22498,SIM-DC-01,2,27.18,0,0,3,SIM-SUP-12,UNMAPPED,synthetic_demo,WOODEN REGATTA BUNTING
2011-12-09,22499,SIM-DC-01,54,471.81,10,6,14,SIM-SUP-05,UNMAPPED,synthetic_demo,WOODEN UNION JACK BUNTING
2011-12-09,22500,SIM-DC-01,2,11.64,1,0,3,SIM-SUP-11,UNMAPPED,synthetic_demo,SET OF 2 TINS JARDIN DE PROVENCE
2011-12-09,22501,SIM-DC-01,1,3.93,0,0,7,SIM-SUP-06,UNMAPPED,synthetic_demo,PICNIC BASKET WICKER LARGE
2011-12-09,22502,SIM-DC-01,3,31.15,1,0,14,SIM-SUP-04,UNMAPPED,synthetic_demo,PICNIC BASKET WICKER SMALL
2011-12-09,22503,SIM-DC-01,2,46.85,0,0,5,SIM-SUP-09,UNMAPPED,synthetic_demo,CABIN BAG VINTAGE PAISLEY
2011-12-09,22504,SIM-DC-01,6,24.74,2,0,10,SIM-SUP-12,UNMAPPED,synthetic_demo,CABIN BAG VINTAGE RETROSPOT
2011-12-09,22505,SIM-DC-01,50,597.95,0,7,7,SIM-SUP-08,UNMAPPED,synthetic_demo,MEMO BOARD COTTAGE DESIGN
2011-12-09,22507,SIM-DC-01,177,2902.65,0,7,14,SIM-SUP-05,UNMAPPED,synthetic_demo,MEMO BOARD RETROSPOT DESIGN
2011-12-09,22508,SIM-DC-01,89,1662.79,5,3,14,SIM-SUP-08,UNMAPPED,synthetic_demo,DOORSTOP RETROSPOT HEART
2011-12-09,22509,SIM-DC-01,3,61.25,0,0,3,SIM-SUP-01,UNMAPPED,synthetic_demo,SEWING BOX RETROSPOT DESIGN
2011-12-09,22510,SIM-DC-01,5,12.41,0,1,5,SIM-SUP-01,UNMAPPED,synthetic_demo,GINGHAM BABUSHKA DOORSTOP
2011-12-09,22511,SIM-DC-01,13,184.21,0,1,10,SIM-SUP-11,UNMAPPED,synthetic_demo,RETROSPOT BABUSHKA DOORSTOP
2011-12-09,22512,SIM-DC-01,4,22.40,0,0,3,SIM-SUP-07,UNMAPPED,synthetic_demo,DOORSTOP RACING CAR DESIGN
2011-12-09,22513,SIM-DC-01,5,40.74,0,0,5,SIM-SUP-02,UNMAPPED,synthetic_demo,DOORSTOP FOOTBALL DESIGN
2011-12-09,22514,SIM-DC-01,4,76.01,2,0,10,SIM-SUP-05,UNMAPPED,synthetic_demo,CHILDS GARDEN SPADE BLUE
2011-12-09,22515,SIM-DC-01,18,70.75,2,1,10,SIM-SUP-11,UNMAPPED,synthetic_demo,CHILDS GARDEN SPADE PINK
2011-12-09,22516,SIM-DC-01,7,19.10,1,0,10,SIM-SUP-12,UNMAPPED,synthetic_demo,CHILDS GARDEN RAKE BLUE
2011-12-09,22517,SIM-DC-01,3,9.99,0,0,3,SIM-SUP-05,UNMAPPED,synthetic_demo,CHILDS GARDEN RAKE PINK
2011-12-09,22518,SIM-DC-01,0,0.00,0,0,3,SIM-SUP-08,UNMAPPED,synthetic_demo,CHILDS GARDEN BRUSH BLUE
2011-12-09,22519,SIM-DC-01,1,24.80,0,0,10,SIM-SUP-03,UNMAPPED,synthetic_demo,CHILDS GARDEN BRUSH PINK
2011-12-09,22520,SIM-DC-01,0,0.00,0,0,5,SIM-SUP-04,UNMAPPED,synthetic_demo,CHILDS GARDEN TROWEL BLUE
2011-12-09,22521,SIM-DC-01,3,65.91,1,0,14,SIM-SUP-10,UNMAPPED,synthetic_demo,CHILDS GARDEN TROWEL PINK
2011-12-09,22522,SIM-DC-01,1,7.72,0,0,5,SIM-SUP-09,UNMAPPED,synthetic_demo,CHILDS GARDEN FORK BLUE
2011-12-09,22523,SIM-DC-01,3,23.99,2,0,10,SIM-SUP-06,UNMAPPED,synthetic_demo,CHILDS GARDEN FORK PINK
2011-12-09,22524,SIM-DC-01,2,10.00,0,0,14,SIM-SUP-12,UNMAPPED,synthetic_demo,CHILDRENS GARDEN GLOVES BLUE
2011-12-09,22525,SIM-DC-01,1,13.36,0,0,3,SIM-SUP-12,UNMAPPED,synthetic_demo,CHILDRENS GARDEN GLOVES PINK
2011-12-09,22526,SIM-DC-01,5,63.35,0,0,7,SIM-SUP-12,UNMAPPED,synthetic_demo,WHEELBARROW FOR CHILDREN
2011-12-09,22528,SIM-DC-01,1,12.30,0,0,3,SIM-SUP-09,UNMAPPED,synthetic_demo,GARDENERS KNEELING PAD
2011-12-09,22529,SIM-DC-01,9,63.40,4,1,5,SIM-SUP-10,UNMAPPED,synthetic_demo,MAGIC DRAWING SLATE GO TO THE FAIR
2011-12-09,22530,SIM-DC-01,51,871.55,2,5,3,SIM-SUP-11,UNMAPPED,synthetic_demo,MAGIC DRAWING SLATE DOLLY GIRL
2011-12-09,22531,SIM-DC-01,78,615.57,0,6,5,SIM-SUP-10,UNMAPPED,synthetic_demo,MAGIC DRAWING SLATE CIRCUS PARADE
2011-12-09,22532,SIM-DC-01,25,99.21,0,2,10,SIM-SUP-11,UNMAPPED,synthetic_demo,MAGIC DRAWING SLATE LEAP FROG
2011-12-09,22533,SIM-DC-01,14,37.40,0,2,7,SIM-SUP-10,UNMAPPED,synthetic_demo,MAGIC DRAWING SLATE BAKE A CAKE
2011-12-09,22534,SIM-DC-01,72,1222.94,0,6,3,SIM-SUP-05,UNMAPPED,synthetic_demo,MAGIC DRAWING SLATE SPACEBOY
2011-12-09,22535,SIM-DC-01,8,180.02,0,1,3,SIM-SUP-10,UNMAPPED,synthetic_demo,MAGIC DRAWING SLATE BUNNIES
2011-12-09,22536,SIM-DC-01,15,220.32,0,1,7,SIM-SUP-06,UNMAPPED,synthetic_demo,MAGIC DRAWING SLATE PURDEY
2011-12-09,22537,SIM-DC-01,113,1689.69,0,13,10,SIM-SUP-05,UNMAPPED,synthetic_demo,MAGIC DRAWING SLATE DINOSAUR
2011-12-09,22538,SIM-DC-01,7,29.49,2,0,7,SIM-SUP-12,UNMAPPED,synthetic_demo,MINI JIGSAW GO TO THE FAIR
2011-12-09,22539,SIM-DC-01,14,65.35,1,0,5,SIM-SUP-06,UNMAPPED,synthetic_demo,MINI JIGSAW DOLLY GIRL
2011-12-09,22540,SIM-DC-01,12,28.27,0,0,5,SIM-SUP-12,UNMAPPED,synthetic_demo,MINI JIGSAW CIRCUS PARADE
2011-12-09,22541,SIM-DC-01,7,126.56,1,0,3,SIM-SUP-11,UNMAPPED,synthetic_demo,MINI JIGSAW LEAP FROG
2011-12-09,22543,SIM-DC-01,7,95.41,3,0,7,SIM-SUP-12,UNMAPPED,synthetic_demo,MINI JIGSAW BAKE A CAKE
2011-12-09,22544,SIM-DC-01,39,754.78,1,3,7,SIM-SUP-12,UNMAPPED,synthetic_demo,MINI JIGSAW SPACEBOY
2011-12-09,22545,SIM-DC-01,4,19.42,0,1,3,SIM-SUP-02,UNMAPPED,synthetic_demo,MINI JIGSAW BUNNIES
2011-12-09,22546,SIM-DC-01,16,101.20,0,2,3,SIM-SUP-10,UNMAPPED,synthetic_demo,MINI JIGSAW PURDEY
2011-12-09,22547,SIM-DC-01,12,212.57,0,0,3,SIM-SUP-06,UNMAPPED,synthetic_demo,MINI JIGSAW DINOSAUR
2011-12-09,22548,SIM-DC-01,5,36.51,0,1,10,SIM-SUP-03,UNMAPPED,synthetic_demo,adjustment
2011-12-09,22549,SIM-DC-01,83,582.41,11,5,5,SIM-SUP-08,UNMAPPED,synthetic_demo,PICTURE DOMINOES
2011-12-09,22550,SIM-DC-01,27,451.87,10,2,7,SIM-SUP-04,UNMAPPED,synthetic_demo,HOLIDAY FUN LUDO
2011-12-09,22551,SIM-DC-01,183,4037.50,0,7,14,SIM-SUP-12,UNMAPPED,synthetic_demo,PLASTERS IN TIN SPACEBOY
2011-12-09,22553,SIM-DC-01,422,4492.88,134,20,14,SIM-SUP-09,UNMAPPED,synthetic_demo,PLASTERS IN TIN SKULLS
2011-12-09,22554,SIM-DC-01,99,1313.10,0,5,5,SIM-SUP-12,UNMAPPED,synthetic_demo,PLASTERS IN TIN WOODLAND ANIMALS
2011-12-09,22555,SIM-DC-01,266,4454.43,0,17,14,SIM-SUP-05,UNMAPPED,synthetic_demo,PLASTERS IN TIN STRONGMAN
2011-12-09,22556,SIM-DC-01,120,2190.50,0,5,5,SIM-SUP-04,UNMAPPED,synthetic_demo,PLASTERS IN TIN CIRCUS PARADE
2011-12-09,22557,SIM-DC-01,92,1726.38,0,9,5,SIM-SUP-05,UNMAPPED,synthetic_demo,PLASTERS IN TIN VINTAGE PAISLEY
2011-12-09,22558,SIM-DC-01,168,4127.35,0,4,10,SIM-SUP-08,UNMAPPED,synthetic_demo,CLOTHES PEGS RETROSPOT PACK 24
2011-12-09,22559,SIM-DC-01,3,70.62,0,0,5,SIM-SUP-07,UNMAPPED,synthetic_demo,SEASIDE FLYING DISC
2011-12-09,22560,SIM-DC-01,204,4662.12,27,29,7,SIM-SUP-04,UNMAPPED,synthetic_demo,TRADITIONAL MODELLING CLAY
2011-12-09,22561,SIM-DC-01,141,964.15,0,0,3,SIM-SUP-08,UNMAPPED,synthetic_demo,WOODEN SCHOOL COLOURING SET
2011-12-09,22562,SIM-DC-01,61,1322.64,9,4,5,SIM-SUP-11,UNMAPPED,synthetic_demo,MONSTERS STENCIL CRAFT
2011-12-09,22563,SIM-DC-01,52,512.46,14,4,3,SIM-SUP-08,UNMAPPED,synthetic_demo,HAPPY STENCIL CRAFT
2011-12-09,22564,SIM-DC-01,66,1374.44,11,6,14,SIM-SUP-06,UNMAPPED,synthetic_demo,ALPHABET STENCIL CRAFT
2011-12-09,22565,SIM-DC-01,52,365.62,7,3,7,SIM-SUP-04,UNMAPPED,synthetic_demo,FELTCRAFT HAIRBANDS PINK AND WHITE
2011-12-09,22566,SIM-DC-01,106,2174.46,0,15,14,SIM-SUP-07,UNMAPPED,synthetic_demo,FELTCRAFT HAIRBAND PINK AND PURPLE
2011-12-09,22567,SIM-DC-01,66,939.21,0,4,14,SIM-SUP-05,UNMAPPED,synthetic_demo,20 DOLLY PEGS RETROSPOT
2011-12-09,22568,SIM-DC-01,53,934.26,0,5,3,SIM-SUP-10,UNMAPPED,synthetic_demo,FELTCRAFT CUSHION OWL
2011-12-09,22569,SIM-DC-01,2,17.00,0,0,7,SIM-SUP-05,UNMAPPED,synthetic_demo,FELTCRAFT CUSHION BUTTERFLY
2011-12-09,22570,SIM-DC-01,5,124.14,0,0,10,SIM-SUP-06,UNMAPPED,synthetic_demo,UNKNOWN
2011-12-09,22571,SIM-DC-01,131,1778.93,0,3,10,SIM-SUP-08,UNMAPPED,synthetic_demo,ROCKING HORSE RED CHRISTMAS
2011-12-09,22572,SIM-DC-01,41,738.11,0,3,7,SIM-SUP-08,UNMAPPED,synthetic_demo,ROCKING HORSE GREEN CHRISTMAS
2011-12-09,22573,SIM-DC-01,158,1968.07,0,14,5,SIM-SUP-12,UNMAPPED,synthetic_demo,STAR WOODEN CHRISTMAS DECORATION
2011-12-09,22574,SIM-DC-01,101,1198.48,25,4,3,SIM-SUP-04,UNMAPPED,synthetic_demo,HEART WOODEN CHRISTMAS DECORATION
2011-12-09,22575,SIM-DC-01,4,47.15,0,0,3,SIM-SUP-10,UNMAPPED,synthetic_demo,METAL MERRY CHRISTMAS WREATH
2011-12-09,22576,SIM-DC-01,99,1473.86,0,12,5,SIM-SUP-03,UNMAPPED,synthetic_demo,SWALLOW WOODEN CHRISTMAS DECORATION
2011-12-09,22577,SIM-DC-01,396,7233.93,0,45,14,SIM-SUP-07,UNMAPPED,synthetic_demo,WOODEN HEART CHRISTMAS SCANDINAVIAN
2011-12-09,22578,SIM-DC-01,173,468.28,79,5,7,SIM-SUP-02,UNMAPPED,synthetic_demo,WOODEN STAR CHRISTMAS SCANDINAVIAN
2011-12-09,22579,SIM-DC-01,101,559.77,0,0,5,SIM-SUP-05,UNMAPPED,synthetic_demo,WOODEN TREE CHRISTMAS SCANDINAVIAN
2011-12-09,22580,SIM-DC-01,233,2845.23,0,31,7,SIM-SUP-04,UNMAPPED,synthetic_demo,ADVENT CALENDAR GINGHAM SACK
2011-12-09,22581,SIM-DC-01,137,3291.81,33,12,5,SIM-SUP-07,UNMAPPED,synthetic_demo,WOOD STOCKING CHRISTMAS SCANDISPOT
2011-12-09,22582,SIM-DC-01,7,65.14,0,1,7,SIM-SUP-10,UNMAPPED,synthetic_demo,PACK OF 6 SWEETIE GIFT BOXES
2011-12-09,22583,SIM-DC-01,6,123.74,4,0,10,SIM-SUP-02,UNMAPPED,synthetic_demo,PACK OF 6 HANDBAG GIFT BOXES
2011-12-09,22584,SIM-DC-01,19,104.33,0,0,3,SIM-SUP-07,UNMAPPED,synthetic_demo,PACK OF 6 PANETTONE GIFT BOXES
2011-12-09,22585,SIM-DC-01,61,677.27,0,1,10,SIM-SUP-07,UNMAPPED,synthetic_demo,PACK OF 6 BIRDY GIFT TAGS
2011-12-09,22586,SIM-DC-01,25,75.53,0,2,3,SIM-SUP-12,UNMAPPED,synthetic_demo,FELTCRAFT HAIRBAND PINK AND BLUE
2011-12-09,22587,SIM-DC-01,48,972.04,0,6,10,SIM-SUP-09,UNMAPPED,synthetic_demo,FELTCRAFT HAIRBAND RED AND BLUE
2011-12-09,22588,SIM-DC-01,70,170.03,0,4,10,SIM-SUP-10,UNMAPPED,synthetic_demo,CARD HOLDER GINGHAM HEART
2011-12-09,22589,SIM-DC-01,44,290.08,10,1,14,SIM-SUP-07,UNMAPPED,synthetic_demo,CARDHOLDER GINGHAM STAR
2011-12-09,22591,SIM-DC-01,20,267.55,0,3,3,SIM-SUP-09,UNMAPPED,synthetic_demo,CARDHOLDER GINGHAM CHRISTMAS TREE
2011-12-09,22592,SIM-DC-01,83,1927.84,0,6,5,SIM-SUP-07,UNMAPPED,synthetic_demo,CARDHOLDER HOLLY WREATH METAL
2011-12-09,22593,SIM-DC-01,214,1184.95,0,14,10,SIM-SUP-05,UNMAPPED,synthetic_demo,CHRISTMAS GINGHAM STAR
2011-12-09,22594,SIM-DC-01,194,3027.10,0,9,7,SIM-SUP-12,UNMAPPED,synthetic_demo,CHRISTMAS GINGHAM TREE
2011-12-09,22595,SIM-DC-01,81,520.43,23,2,3,SIM-SUP-06,UNMAPPED,synthetic_demo,GINGHAM HEART DECORATION
2011-12-09,22596,SIM-DC-01,77,1566.36,0,7,3,SIM-SUP-07,UNMAPPED,synthetic_demo,CHRISTMAS STAR WISH LIST CHALKBOARD
2011-12-09,22597,SIM-DC-01,175,1409.02,35,21,7,SIM-SUP-01,UNMAPPED,synthetic_demo,MUSICAL ZINC HEART DECORATION
2011-12-09,22598,SIM-DC-01,59,154.83,24,7,5,SIM-SUP-08,UNMAPPED,synthetic_demo,CHRISTMAS MUSICAL ZINC TREE
2011-12-09,22599,SIM-DC-01,106,612.25,25,10,5,SIM-SUP-11,UNMAPPED,synthetic_demo,CHRISTMAS MUSICAL ZINC STAR
2011-12-09,22600,SIM-DC-01,219,604.79,0,27,10,SIM-SUP-09,UNMAPPED,synthetic_demo,CHRISTMAS RETROSPOT STAR WOOD
2011-12-09,22601,SIM-DC-01,115,882.69,0,12,3,SIM-SUP-04,UNMAPPED,synthetic_demo,CHRISTMAS RETROSPOT ANGEL WOOD
2011-12-09,22602,SIM-DC-01,22,330.26,0,2,3,SIM-SUP-10,UNMAPPED,synthetic_demo,RETROSPOT WOODEN HEART DECORATION
2011-12-09,22603,SIM-DC-01,55,403.57,0,4,3,SIM-SUP-01,UNMAPPED,synthetic_demo,CHRISTMAS RETROSPOT TREE WOOD
2011-12-09,22604,SIM-DC-01,40,120.01,0,1,14,SIM-SUP-06,UNMAPPED,synthetic_demo,SET OF 4 NAPKIN CHARMS CUTLERY
2011-12-09,22605,SIM-DC-01,29,148.75,0,1,10,SIM-SUP-03,UNMAPPED,synthetic_demo,WOODEN CROQUET GARDEN SET
2011-12-09,22606,SIM-DC-01,4,71.21,0,0,10,SIM-SUP-07,UNMAPPED,synthetic_demo,WOODEN SKITTLES GARDEN SET
2011-12-09,22607,SIM-DC-01,14,156.38,0,1,3,SIM-SUP-05,UNMAPPED,synthetic_demo,WOODEN ROUNDERS GARDEN SET
2011-12-09,22608,SIM-DC-01,56,1136.18,0,2,5,SIM-SUP-05,UNMAPPED,synthetic_demo,PENS ASSORTED FUNKY JEWELED
2011-12-09,22609,SIM-DC-01,167,2869.37,0,8,5,SIM-SUP-02,UNMAPPED,synthetic_demo,PENS ASSORTED SPACEBALL
2011-12-09,22610,SIM-DC-01,104,1849.86,0,3,10,SIM-SUP-04,UNMAPPED,synthetic_demo,PENS ASSORTED FUNNY FACE
2011-12-09,22611,SIM-DC-01,1,15.87,0,0,5,SIM-SUP-03,UNMAPPED,synthetic_demo,VINTAGE UNION JACK SHOPPING BAG
2011-12-09,22612,SIM-DC-01,1,3.71,0,0,7,SIM-SUP-02,UNMAPPED,synthetic_demo,TEA COSY VINTAGE UNION JACK
2011-12-09,22613,SIM-DC-01,13,200.11,5,0,7,SIM-SUP-12,UNMAPPED,synthetic_demo,PACK OF 20 SPACEBOY NAPKINS
2011-12-09,22614,SIM-DC-01,18,394.44,0,1,5,SIM-SUP-04,UNMAPPED,synthetic_demo,PACK OF 12 SPACEBOY TISSUES
2011-12-09,22615,SIM-DC-01,17,262.22,0,0,14,SIM-SUP-10,UNMAPPED,synthetic_demo,PACK OF 12 CIRCUS PARADE TISSUES
2011-12-09,22616,SIM-DC-01,101,1898.13,0,1,7,SIM-SUP-06,UNMAPPED,synthetic_demo,PACK OF 12 LONDON TISSUES
2011-12-09,22617,SIM-DC-01,71,767.15,0,6,14,SIM-SUP-07,UNMAPPED,synthetic_demo,BAKING SET SPACEBOY DESIGN
2011-12-09,22618,SIM-DC-01,1,8.01,0,0,5,SIM-SUP-04,UNMAPPED,synthetic_demo,COOKING SET RETROSPOT
2011-12-09,22619,SIM-DC-01,69,1628.25,0,8,7,SIM-SUP-03,UNMAPPED,synthetic_demo,SET OF 6 SOLDIER SKITTLES
2011-12-09,22620,SIM-DC-01,59,1421.49,16,1,7,SIM-SUP-03,UNMAPPED,synthetic_demo,4 TRADITIONAL SPINNING TOPS
2011-12-09,22621,SIM-DC-01,38,820.87,0,4,3,SIM-SUP-11,UNMAPPED,synthetic_demo,TRADITIONAL KNITTING NANCY
2011-12-09,22622,SIM-DC-01,28,144.29,0,0,7,SIM-SUP-08,UNMAPPED,synthetic_demo,BOX OF VINTAGE ALPHABET BLOCKS
2011-12-09,22623,SIM-DC-01,17,365.41,2,1,3,SIM-SUP-07,UNMAPPED,synthetic_demo,BOX OF VINTAGE JIGSAW BLOCKS
2011-12-09,22624,SIM-DC-01,108,887.06,0,14,14,SIM-SUP-04,UNMAPPED,synthetic_demo,IVORY KITCHEN SCALES
2011-12-09,22625,SIM-DC-01,12,235.90,0,1,3,SIM-SUP-11,UNMAPPED,synthetic_demo,RED KITCHEN SCALES
2011-12-09,22626,SIM-DC-01,20,120.28,0,2,14,SIM-SUP-07,UNMAPPED,synthetic_demo,BLACK KITCHEN SCALES
2011-12-09,22627,SIM-DC-01,25,504.49,0,1,5,SIM-SUP-09,UNMAPPED,synthetic_demo,MINT KITCHEN SCALES
2011-12-09,22628,SIM-DC-01,5,59.96,0,0,5,SIM-SUP-04,UNMAPPED,synthetic_demo,PICNIC BOXES SET OF 3 RETROSPOT
2011-12-09,22629,SIM-DC-01,335,4558.95,0,27,10,SIM-SUP-11,UNMAPPED,synthetic_demo,SPACEBOY LUNCH BOX
2011-12-09,22630,SIM-DC-01,473,7121.35,133,42,14,SIM-SUP-04,UNMAPPED,synthetic_demo,DOLLY GIRL LUNCH BOX
2011-12-09,22631,SIM-DC-01,37,862.87,27,4,10,SIM-SUP-07,UNMAPPED,synthetic_demo,CIRCUS PARADE LUNCH BOX
2011-12-09,22632,SIM-DC-01,483,4810.11,0,35,14,SIM-SUP-08,UNMAPPED,synthetic_demo,HAND WARMER RED RETROSPOT
2011-12-09,22633,SIM-DC-01,295,6239.53,13,0,5,SIM-SUP-06,UNMAPPED,synthetic_demo,HAND WARMER UNION JACK
2011-12-09,22634,SIM-DC-01,14,203.94,0,0,3,SIM-SUP-04,UNMAPPED,synthetic_demo,CHILDS BREAKFAST SET SPACEBOY
2011-12-09,22635,SIM-DC-01,15,49.83,0,2,7,SIM-SUP-09,UNMAPPED,synthetic_demo,CHILDS BREAKFAST SET DOLLY GIRL
2011-12-09,22636,SIM-DC-01,43,983.98,0,3,10,SIM-SUP-08,UNMAPPED,synthetic_demo,CHILDS BREAKFAST SET CIRCUS PARADE
2011-12-09,22637,SIM-DC-01,6,140.14,0,0,7,SIM-SUP-05,UNMAPPED,synthetic_demo,PIGGY BANK RETROSPOT
2011-12-09,22638,SIM-DC-01,24,561.17,1,3,14,SIM-SUP-10,UNMAPPED,synthetic_demo,SET OF 4 NAPKIN CHARMS CROWNS
2011-12-09,22639,SIM-DC-01,18,183.12,0,2,3,SIM-SUP-07,UNMAPPED,synthetic_demo,SET OF 4 NAPKIN CHARMS HEARTS
2011-12-09,22640,SIM-DC-01,7,104.47,0,1,14,SIM-SUP-08,UNMAPPED,synthetic_demo,SET OF 4 NAPKIN CHARMS 3 KEYS
2011-12-09,22641,SIM-DC-01,4,52.45,0,0,7,SIM-SUP-01,UNMAPPED,synthetic_demo,SET OF 4 NAPKIN CHARMS INSTRUMENT
2011-12-09,22642,SIM-DC-01,5,55.47,0,0,5,SIM-SUP-05,UNMAPPED,synthetic_demo,SET OF 4 NAPKIN CHARMS STARS
2011-12-09,22643,SIM-DC-01,2,28.23,0,0,3,SIM-SUP-10,UNMAPPED,synthetic_demo,SET OF 4 NAPKIN CHARMS LEAVES
2011-12-09,22644,SIM-DC-01,35,123.67,2,4,3,SIM-SUP-12,UNMAPPED,synthetic_demo,CERAMIC CHERRY CAKE MONEY BANK
2011-12-09,22645,SIM-DC-01,130,323.68,0,12,10,SIM-SUP-09,UNMAPPED,synthetic_demo,CERAMIC HEART FAIRY CAKE MONEY BANK
2011-12-09,22646,SIM-DC-01,22,350.40,0,1,7,SIM-SUP-05,UNMAPPED,synthetic_demo,CERAMIC STRAWBERRY CAKE MONEY BANK
2011-12-09,22647,SIM-DC-01,22,136.65,6,3,14,SIM-SUP-06,UNMAPPED,synthetic_demo,CERAMIC LOVE HEART MONEY BANK
2011-12-09,22649,SIM-DC-01,17,315.73,0,1,14,SIM-SUP-07,UNMAPPED,synthetic_demo,STRAWBERRY FAIRY CAKE TEAPOT
2011-12-09,22650,SIM-DC-01,21,362.96,10,1,10,SIM-SUP-09,UNMAPPED,synthetic_demo,CERAMIC PIRATE CHEST MONEY BANK
2011-12-09,22651,SIM-DC-01,58,1432.12,12,5,14,SIM-SUP-05,UNMAPPED,synthetic_demo,GENTLEMAN SHIRT REPAIR KIT
2011-12-09,22652,SIM-DC-01,2,22.69,0,0,3,SIM-SUP-08,UNMAPPED,synthetic_demo,TRAVEL SEWING KIT
2011-12-09,22653,SIM-DC-01,134,900.31,96,11,14,SIM-SUP-11,UNMAPPED,synthetic_demo,BUTTON BOX
2011-12-09,22654,SIM-DC-01,36,131.98,22,5,7,SIM-SUP-10,UNMAPPED,synthetic_demo,DELUXE SEWING KIT
2011-12-09,22655,SIM-DC-01,0,0.00,0,0,5,SIM-SUP-11,UNMAPPED,synthetic_demo,VINTAGE RED KITCHEN CABINET
2011-12-09,22656,SIM-DC-01,2,13.74,0,0,10,SIM-SUP-05,UNMAPPED,synthetic_demo,VINTAGE BLUE KITCHEN CABINET
2011-12-09,22659,SIM-DC-01,163,3736.57,0,14,7,SIM-SUP-12,UNMAPPED,synthetic_demo,LUNCH BOX I LOVE LONDON
2011-12-09,22660,SIM-DC-01,6,16.54,0,1,10,SIM-SUP-12,UNMAPPED,synthetic_demo,DOORMAT I LOVE LONDON
2011-12-09,22661,SIM-DC-01,119,1128.79,0,17,7,SIM-SUP-10,UNMAPPED,synthetic_demo,CHARLOTTE BAG DOLLY GIRL DESIGN
2011-12-09,22662,SIM-DC-01,85,505.93,0,2,3,SIM-SUP-12,UNMAPPED,synthetic_demo,LUNCH BAG DOLLY GIRL DESIGN
2011-12-09,22663,SIM-DC-01,54,139.85,0,5,5,SIM-SUP-08,UNMAPPED,synthetic_demo,JUMBO BAG DOLLY GIRL DESIGN
2011-12-09,22664,SIM-DC-01,22,358.04,0,3,10,SIM-SUP-03,UNMAPPED,synthetic_demo,TOY TIDY DOLLY GIRL DESIGN
2011-12-09,22665,SIM-DC-01,3,47.89,1,0,3,SIM-SUP-09,UNMAPPED,synthetic_demo,RECIPE BOX BLUE SKETCHBOOK DESIGN
2011-12-09,22666,SIM-DC-01,136,1630.63,0,15,5,SIM-SUP-02,UNMAPPED,synthetic_demo,RECIPE BOX PANTRY YELLOW DESIGN
2011-12-09,22667,SIM-DC-01,221,4271.36,0,25,14,SIM-SUP-05,UNMAPPED,synthetic_demo,RECIPE BOX RETROSPOT
2011-12-09,22668,SIM-DC-01,29,443.99,0,3,5,SIM-SUP-12,UNMAPPED,synthetic_demo,PINK BABY BUNTING
2011-12-09,22669,SIM-DC-01,11,118.38,0,1,7,SIM-SUP-10,UNMAPPED,synthetic_demo,RED BABY BUNTING
2011-12-09,22670,SIM-DC-01,35,816.44,0,4,5,SIM-SUP-03,UNMAPPED,synthetic_demo,FRENCH WC SIGN BLUE METAL
2011-12-09,22671,SIM-DC-01,23,226.63,0,0,10,SIM-SUP-06,UNMAPPED,synthetic_demo,FRENCH LAUNDRY SIGN BLUE METAL
2011-12-09,22672,SIM-DC-01,39,723.82,6,5,10,SIM-SUP-04,UNMAPPED,synthetic_demo,FRENCH BATHROOM SIGN BLUE METAL
2011-12-09,22673,SIM-DC-01,5,41.75,0,0,3,SIM-SUP-01,UNMAPPED,synthetic_demo,FRENCH GARDEN SIGN BLUE METAL
2011-12-09,22674,SIM-DC-01,12,243.06,0,2,3,SIM-SUP-11,UNMAPPED,synthetic_demo,FRENCH TOILET SIGN BLUE METAL
2011-12-09,22675,SIM-DC-01,10,92.16,0,0,5,SIM-SUP-09,UNMAPPED,synthetic_demo,FRENCH KITCHEN SIGN BLUE METAL
2011-12-09,22676,SIM-DC-01,8,189.52,0,0,3,SIM-SUP-02,UNMAPPED,synthetic_demo,FRENCH BLUE METAL DOOR SIGN 1
2011-12-09,22677,SIM-DC-01,15,82.26,0,0,7,SIM-SUP-04,UNMAPPED,synthetic_demo,FRENCH BLUE METAL DOOR SIGN 2
2011-12-09,22678,SIM-DC-01,11,131.16,0,0,7,SIM-SUP-10,UNMAPPED,synthetic_demo,FRENCH BLUE METAL DOOR SIGN 3
2011-12-09,22679,SIM-DC-01,18,326.91,0,1,14,SIM-SUP-02,UNMAPPED,synthetic_demo,FRENCH BLUE METAL DOOR SIGN 4
2011-12-09,22680,SIM-DC-01,15,263.80,0,1,5,SIM-SUP-07,UNMAPPED,synthetic_demo,FRENCH BLUE METAL DOOR SIGN 5
2011-12-09,22681,SIM-DC-01,15,240.81,0,0,14,SIM-SUP-08,UNMAPPED,synthetic_demo,FRENCH BLUE METAL DOOR SIGN 6
2011-12-09,22682,SIM-DC-01,7,90.34,0,0,3,SIM-SUP-09,UNMAPPED,synthetic_demo,FRENCH BLUE METAL DOOR SIGN 7
2011-12-09,22683,SIM-DC-01,3,24.04,0,0,3,SIM-SUP-08,UNMAPPED,synthetic_demo,FRENCH BLUE METAL DOOR SIGN 8
2011-12-09,22684,SIM-DC-01,11,146.83,0,1,10,SIM-SUP-05,UNMAPPED,synthetic_demo,FRENCH BLUE METAL DOOR SIGN 9
2011-12-09,22685,SIM-DC-01,7,90.43,0,1,5,SIM-SUP-08,UNMAPPED,synthetic_demo,FRENCH BLUE METAL DOOR SIGN 0
2011-12-09,22686,SIM-DC-01,13,230.53,0,0,7,SIM-SUP-08,UNMAPPED,synthetic_demo,FRENCH BLUE METAL DOOR SIGN No
2011-12-09,22687,SIM-DC-01,14,72.64,0,0,7,SIM-SUP-05,UNMAPPED,synthetic_demo,DOORMAT CHRISTMAS VILLAGE
2011-12-09,22688,SIM-DC-01,1,11.84,0,0,3,SIM-SUP-12,UNMAPPED,synthetic_demo,DOORMAT PEACE ON EARTH BLUE
2011-12-09,22689,SIM-DC-01,41,273.77,13,4,14,SIM-SUP-08,UNMAPPED,synthetic_demo,UNKNOWN
2011-12-09,22690,SIM-DC-01,9,48.39,0,1,5,SIM-SUP-02,UNMAPPED,synthetic_demo,DOORMAT HOME SWEET HOME BLUE
2011-12-09,22691,SIM-DC-01,6,146.01,0,0,5,SIM-SUP-08,UNMAPPED,synthetic_demo,DOORMAT WELCOME SUNRISE
2011-12-09,22692,SIM-DC-01,32,390.27,1,4,7,SIM-SUP-05,UNMAPPED,synthetic_demo,DOORMAT WELCOME TO OUR HOME
2011-12-09,22693,SIM-DC-01,40,772.39,0,2,10,SIM-SUP-02,UNMAPPED,synthetic_demo,GROW A FLYTRAP OR SUNFLOWER IN TIN
2011-12-09,22694,SIM-DC-01,131,1252.61,0,18,10,SIM-SUP-08,UNMAPPED,synthetic_demo,WICKER STAR
2011-12-09,22695,SIM-DC-01,22,121.02,12,1,5,SIM-SUP-12,UNMAPPED,synthetic_demo,WICKER WREATH SMALL
2011-12-09,22696,SIM-DC-01,25,438.50,0,2,5,SIM-SUP-05,UNMAPPED,synthetic_demo,WICKER WREATH LARGE
2011-12-09,22697,SIM-DC-01,198,4757.61,36,8,10,SIM-SUP-06,UNMAPPED,synthetic_demo,GREEN REGENCY TEACUP AND SAUCER
2011-12-09,22698,SIM-DC-01,72,1459.46,11,3,3,SIM-SUP-03,UNMAPPED,synthetic_demo,PINK REGENCY TEACUP AND SAUCER
2011-12-09,22699,SIM-DC-01,465,8491.22,81,33,14,SIM-SUP-12,UNMAPPED,synthetic_demo,ROSES REGENCY TEACUP AND SAUCER
2011-12-09,22700,SIM-DC-01,4,42.71,0,0,14,SIM-SUP-06,UNMAPPED,synthetic_demo,BLACK AND WHITE DOG BOWL
2011-12-09,22701,SIM-DC-01,12,242.87,13,1,14,SIM-SUP-04,UNMAPPED,synthetic_demo,PINK DOG BOWL
2011-12-09,22702,SIM-DC-01,3,13.38,0,0,3,SIM-SUP-02,UNMAPPED,synthetic_demo,BLACK AND WHITE CAT BOWL
2011-12-09,22703,SIM-DC-01,7,16.92,0,1,3,SIM-SUP-09,UNMAPPED,synthetic_demo,PINK CAT BOWL
2011-12-09,22704,SIM-DC-01,10,101.23,0,1,5,SIM-SUP-02,UNMAPPED,synthetic_demo,WRAP RED APPLES
2011-12-09,22705,SIM-DC-01,5,70.74,0,0,3,SIM-SUP-05,UNMAPPED,synthetic_demo,WRAP GREEN PEARS
2011-12-09,22706,SIM-DC-01,5,76.62,0,0,5,SIM-SUP-05,UNMAPPED,synthetic_demo,WRAP COWBOYS
2011-12-09,22707,SIM-DC-01,50,436.62,10,1,14,SIM-SUP-11,UNMAPPED,synthetic_demo,WRAP MONSTER FUN
2011-12-09,22708,SIM-DC-01,71,960.45,5,4,14,SIM-SUP-03,UNMAPPED,synthetic_demo,WRAP DOLLY GIRL
2011-12-09,22709,SIM-DC-01,1,3.99,0,0,5,SIM-SUP-04,UNMAPPED,synthetic_demo,WRAP WEDDING DAY
2011-12-09,22710,SIM-DC-01,19,472.41,0,1,10,SIM-SUP-06,UNMAPPED,synthetic_demo,WRAP I LOVE LONDON
2011-12-09,22711,SIM-DC-01,18,182.56,0,1,10,SIM-SUP-07,UNMAPPED,synthetic_demo,WRAP CIRCUS PARADE
2011-12-09,22712,SIM-DC-01,152,2374.19,0,1,10,SIM-SUP-08,UNMAPPED,synthetic_demo,CARD DOLLY GIRL
2011-12-09,22713,SIM-DC-01,5,33.74,0,0,3,SIM-SUP-03,UNMAPPED,synthetic_demo,CARD I LOVE LONDON
2011-12-09,22714,SIM-DC-01,100,1782.08,0,7,14,SIM-SUP-12,UNMAPPED,synthetic_demo,CARD BIRTHDAY COWBOY
2011-12-09,22715,SIM-DC-01,6,92.58,0,1,14,SIM-SUP-10,UNMAPPED,synthetic_demo,CARD WEDDING DAY
2011-12-09,22716,SIM-DC-01,21,320.55,0,1,5,SIM-SUP-02,UNMAPPED,synthetic_demo,CARD CIRCUS PARADE
2011-12-09,22717,SIM-DC-01,6,138.99,0,0,3,SIM-SUP-05,UNMAPPED,synthetic_demo,CARD DOG AND BALL
2011-12-09,22718,SIM-DC-01,6,20.62,2,1,5,SIM-SUP-10,UNMAPPED,synthetic_demo,CARD CAT AND TREE
2011-12-09,22719,SIM-DC-01,1,8.15,0,0,5,SIM-SUP-05,UNMAPPED,synthetic_demo,UNKNOWN
2011-12-09,22720,SIM-DC-01,153,2950.47,66,14,7,SIM-SUP-10,UNMAPPED,synthetic_demo,SET OF 3 CAKE TINS PANTRY DESIGN
2011-12-09,22721,SIM-DC-01,9,70.77,0,1,5,SIM-SUP-02,UNMAPPED,synthetic_demo,SET OF 3 CAKE TINS SKETCHBOOK
2011-12-09,22722,SIM-DC-01,295,3181.49,0,14,10,SIM-SUP-10,UNMAPPED,synthetic_demo,SET OF 6 SPICE TINS PANTRY DESIGN
2011-12-09,22723,SIM-DC-01,27,392.36,0,2,7,SIM-SUP-12,UNMAPPED,synthetic_demo,SET OF 6 HERB TINS SKETCHBOOK
2011-12-09,22725,SIM-DC-01,140,588.16,0,6,14,SIM-SUP-06,UNMAPPED,synthetic_demo,ALARM CLOCK BAKELIKE CHOCOLATE
2011-12-09,22726,SIM-DC-01,193,959.50,18,21,3,SIM-SUP-01,UNMAPPED,synthetic_demo,ALARM CLOCK BAKELIKE GREEN
2011-12-09,22727,SIM-DC-01,392,4560.16,0,32,14,SIM-SUP-02,UNMAPPED,synthetic_demo,ALARM CLOCK BAKELIKE RED
2011-12-09,22728,SIM-DC-01,112,896.68,0,15,3,SIM-SUP-09,UNMAPPED,synthetic_demo,ALARM CLOCK BAKELIKE PINK
2011-12-09,22729,SIM-DC-01,3,31.84,0,0,3,SIM-SUP-03,UNMAPPED,synthetic_demo,ALARM CLOCK BAKELIKE ORANGE
2011-12-09,22730,SIM-DC-01,77,1674.24,0,5,10,SIM-SUP-07,UNMAPPED,synthetic_demo,ALARM CLOCK BAKELIKE IVORY
2011-12-09,22731,SIM-DC-01,47,1067.62,0,5,7,SIM-SUP-12,UNMAPPED,synthetic_demo,3D CHRISTMAS STAMPS STICKERS
2011-12-09,22732,SIM-DC-01,61,673.55,0,6,3,SIM-SUP-03,UNMAPPED,synthetic_demo,3D VINTAGE CHRISTMAS STICKERS
2011-12-09,22733,SIM-DC-01,117,1923.66,0,1,7,SIM-SUP-05,UNMAPPED,synthetic_demo,3D TRADITIONAL CHRISTMAS STICKERS
2011-12-09,22734,SIM-DC-01,89,1609.27,19,7,3,SIM-SUP-03,UNMAPPED,synthetic_demo,SET OF 6 RIBBONS VINTAGE CHRISTMAS
2011-12-09,22735,SIM-DC-01,23,78.39,0,0,7,SIM-SUP-08,UNMAPPED,synthetic_demo,RIBBON REEL SOCKS AND MITTENS
2011-12-09,22736,SIM-DC-01,102,849.72,0,15,7,SIM-SUP-05,UNMAPPED,synthetic_demo,RIBBON REEL MAKING SNOWMEN
2011-12-09,22737,SIM-DC-01,73,1076.99,0,8,7,SIM-SUP-05,UNMAPPED,synthetic_demo,RIBBON REEL CHRISTMAS PRESENT
2011-12-09,22738,SIM-DC-01,40,525.70,20,4,5,SIM-SUP-07,UNMAPPED,synthetic_demo,RIBBON REEL SNOWY VILLAGE
2011-12-09,22739,SIM-DC-01,200,861.73,0,6,14,SIM-SUP-05,UNMAPPED,synthetic_demo,RIBBON REEL CHRISTMAS SOCK BAUBLE
2011-12-09,22740,SIM-DC-01,4,46.35,0,0,14,SIM-SUP-09,UNMAPPED,synthetic_demo,adjustment
2011-12-09,22741,SIM-DC-01,79,324.53,0,9,10,SIM-SUP-04,UNMAPPED,synthetic_demo,FUNKY DIVA PEN
2011-12-09,22742,SIM-DC-01,8,83.14,0,1,3,SIM-SUP-10,UNMAPPED,synthetic_demo,MAKE YOUR OWN PLAYTIME CARD KIT
2011-12-09,22743,SIM-DC-01,24,194.73,3,2,7,SIM-SUP-09,UNMAPPED,synthetic_demo,MAKE YOUR OWN FLOWERPOWER CARD KIT
2011-12-09,22744,SIM-DC-01,27,507.20,0,1,5,SIM-SUP-10,UNMAPPED,synthetic_demo,MAKE YOUR OWN MONSOON CARD KIT
2011-12-09,22745,SIM-DC-01,89,1483.18,0,2,5,SIM-SUP-02,UNMAPPED,synthetic_demo,POPPY'S PLAYHOUSE BEDROOM
2011-12-09,22746,SIM-DC-01,74,1618.24,0,1,10,SIM-SUP-12,UNMAPPED,synthetic_demo,POPPY'S PLAYHOUSE LIVINGROOM
2011-12-09,22747,SIM-DC-01,27,323.74,0,1,10,SIM-SUP-06,UNMAPPED,synthetic_demo,POPPY'S PLAYHOUSE BATHROOM
2011-12-09,22748,SIM-DC-01,127,705.11,0,11,10,SIM-SUP-05,UNMAPPED,synthetic_demo,POPPY'S PLAYHOUSE KITCHEN
2011-12-09,22749,SIM-DC-01,71,860.87,0,7,3,SIM-SUP-11,UNMAPPED,synthetic_demo,FELTCRAFT PRINCESS CHARLOTTE DOLL
2011-12-09,22750,SIM-DC-01,136,469.89,20,19,7,SIM-SUP-07,UNMAPPED,synthetic_demo,FELTCRAFT PRINCESS LOLA DOLL
2011-12-09,22751,SIM-DC-01,114,454.97,0,12,10,SIM-SUP-12,UNMAPPED,synthetic_demo,FELTCRAFT PRINCESS OLIVIA DOLL
2011-12-09,22752,SIM-DC-01,100,1322.50,0,3,7,SIM-SUP-06,UNMAPPED,synthetic_demo,SET 7 BABUSHKA NESTING BOXES
2011-12-09,22753,SIM-DC-01,144,2934.69,36,8,14,SIM-SUP-09,UNMAPPED,synthetic_demo,SMALL YELLOW BABUSHKA NOTEBOOK
2011-12-09,22754,SIM-DC-01,71,621.10,0,10,7,SIM-SUP-09,UNMAPPED,synthetic_demo,SMALL RED BABUSHKA NOTEBOOK
2011-12-09,22755,SIM-DC-01,67,1544.21,0,10,7,SIM-SUP-02,UNMAPPED,synthetic_demo,SMALL PURPLE BABUSHKA NOTEBOOK
2011-12-09,22756,SIM-DC-01,20,89.81,0,1,14,SIM-SUP-03,UNMAPPED,synthetic_demo,LARGE YELLOW BABUSHKA NOTEBOOK
2011-12-09,22757,SIM-DC-01,17,120.08,0,2,3,SIM-SUP-01,UNMAPPED,synthetic_demo,LARGE RED BABUSHKA NOTEBOOK
2011-12-09,22758,SIM-DC-01,56,1223.27,0,1,14,SIM-SUP-05,UNMAPPED,synthetic_demo,LARGE PURPLE BABUSHKA NOTEBOOK
2011-12-09,22759,SIM-DC-01,59,1093.01,0,7,10,SIM-SUP-01,UNMAPPED,synthetic_demo,check
2011-12-09,22760,SIM-DC-01,2,48.15,0,0,10,SIM-SUP-12,UNMAPPED,synthetic_demo,"TRAY, BREAKFAST IN BED"
2011-12-09,22761,SIM-DC-01,1,9.88,0,0,10,SIM-SUP-01,UNMAPPED,synthetic_demo,CHEST 7 DRAWER MA CAMPAGNE
2011-12-09,22762,SIM-DC-01,6,98.55,0,1,5,SIM-SUP-07,UNMAPPED,synthetic_demo,CUPBOARD 3 DRAWER MA CAMPAGNE
2011-12-09,22763,SIM-DC-01,13,175.69,2,2,14,SIM-SUP-09,UNMAPPED,synthetic_demo,KEY CABINET MA CAMPAGNE
2011-12-09,22765,SIM-DC-01,3,36.13,0,0,14,SIM-SUP-01,UNMAPPED,synthetic_demo,NEWSPAPER STAND
2011-12-09,22766,SIM-DC-01,108,1182.56,0,6,10,SIM-SUP-06,UNMAPPED,synthetic_demo,PHOTO FRAME CORNICE
2011-12-09,22767,SIM-DC-01,7,138.68,0,0,5,SIM-SUP-07,UNMAPPED,synthetic_demo,TRIPLE PHOTO FRAME CORNICE
2011-12-09,22768,SIM-DC-01,25,203.12,0,1,7,SIM-SUP-12,UNMAPPED,synthetic_demo,FAMILY PHOTO FRAME CORNICE
2011-12-09,22769,SIM-DC-01,1,7.62,0,0,3,SIM-SUP-11,UNMAPPED,synthetic_demo,CHALKBOARD KITCHEN ORGANISER
2011-12-09,22770,SIM-DC-01,3,32.49,0,0,14,SIM-SUP-01,UNMAPPED,synthetic_demo,MIRROR CORNICE
2011-12-09,22771,SIM-DC-01,293,5971.33,0,43,14,SIM-SUP-05,UNMAPPED,synthetic_demo,CLEAR DRAWER KNOB ACRYLIC EDWARDIAN
2011-12-09,22772,SIM-DC-01,54,434.49,0,0,14,SIM-SUP-10,UNMAPPED,synthetic_demo,PINK DRAWER KNOB ACRYLIC EDWARDIAN
2011-12-09,22773,SIM-DC-01,10,49.95,0,0,7,SIM-SUP-08,UNMAPPED,synthetic_demo,GREEN DRAWER KNOB ACRYLIC EDWARDIAN
2011-12-09,22774,SIM-DC-01,39,632.90,0,5,10,SIM-SUP-12,UNMAPPED,synthetic_demo,RED DRAWER KNOB ACRYLIC EDWARDIAN
2011-12-09,22775,SIM-DC-01,40,867.46,34,5,14,SIM-SUP-05,UNMAPPED,synthetic_demo,PURPLE DRAWERKNOB ACRYLIC EDWARDIAN
2011-12-09,22776,SIM-DC-01,26,369.27,0,3,14,SIM-SUP-03,UNMAPPED,synthetic_demo,SWEETHEART 3 TIER CAKE STAND
2011-12-09,22777,SIM-DC-01,1,22.76,0,0,5,SIM-SUP-04,UNMAPPED,synthetic_demo,GLASS CLOCHE LARGE
2011-12-09,22778,SIM-DC-01,4,49.52,0,0,3,SIM-SUP-09,UNMAPPED,synthetic_demo,GLASS CLOCHE SMALL
2011-12-09,22779,SIM-DC-01,17,84.79,0,2,14,SIM-SUP-04,UNMAPPED,synthetic_demo,WOODEN OWLS LIGHT GARLAND
2011-12-09,22780,SIM-DC-01,12,122.67,0,1,3,SIM-SUP-05,UNMAPPED,synthetic_demo,LIGHT GARLAND BUTTERFILES PINK
2011-12-09,22781,SIM-DC-01,30,655.77,0,0,10,SIM-SUP-11,UNMAPPED,synthetic_demo,GUMBALL MAGAZINE RACK
2011-12-09,22782,SIM-DC-01,2,41.93,1,0,3,SIM-SUP-06,UNMAPPED,synthetic_demo,SET 3 WICKER STORAGE BASKETS
2011-12-09,22783,SIM-DC-01,1,4.20,0,0,7,SIM-SUP-05,UNMAPPED,synthetic_demo,UNKNOWN
2011-12-09,22784,SIM-DC-01,21,448.39,0,2,5,SIM-SUP-01,UNMAPPED,synthetic_demo,LANTERN CREAM GAZEBO
2011-12-09,22785,SIM-DC-01,3,19.67,0,0,3,SIM-SUP-11,UNMAPPED,synthetic_demo,SQUARECUSHION COVER PINK UNION JACK
2011-12-09,22786,SIM-DC-01,9,198.14,0,0,10,SIM-SUP-05,UNMAPPED,synthetic_demo,CUSHION COVER PINK UNION JACK
2011-12-09,22788,SIM-DC-01,2,21.53,0,0,5,SIM-SUP-04,UNMAPPED,synthetic_demo,BROCANTE COAT RACK
2011-12-09,22789,SIM-DC-01,7,145.30,0,1,5,SIM-SUP-08,UNMAPPED,synthetic_demo,T-LIGHT HOLDER SWEETHEART HANGING
2011-12-09,22791,SIM-DC-01,94,2048.51,0,12,5,SIM-SUP-10,UNMAPPED,synthetic_demo,T-LIGHT GLASS FLUTED ANTIQUE
2011-12-09,22792,SIM-DC-01,62,1128.44,0,3,10,SIM-SUP-11,UNMAPPED,synthetic_demo,FLUTED ANTIQUE CANDLE HOLDER
2011-12-09,22794,SIM-DC-01,8,129.38,1,1,7,SIM-SUP-08,UNMAPPED,synthetic_demo,SWEETHEART WIRE MAGAZINE RACK
2011-12-09,22795,SIM-DC-01,31,249.10,17,5,10,SIM-SUP-03,UNMAPPED,synthetic_demo,SWEETHEART RECIPE BOOK STAND
2011-12-09,22796,SIM-DC-01,9,70.52,1,0,3,SIM-SUP-05,UNMAPPED,synthetic_demo,PHOTO FRAME 3 CLASSIC HANGING
2011-12-09,22797,SIM-DC-01,5,113.52,0,0,3,SIM-SUP-08,UNMAPPED,synthetic_demo,CHEST OF DRAWERS GINGHAM HEART
2011-12-09,22798,SIM-DC-01,45,960.83,36,0,14,SIM-SUP-09,UNMAPPED,synthetic_demo,ANTIQUE GLASS DRESSING TABLE POT
2011-12-09,22799,SIM-DC-01,8,145.30,0,1,14,SIM-SUP-04,UNMAPPED,synthetic_demo,SWEETHEART WIRE FRUIT BOWL
2011-12-09,22800,SIM-DC-01,21,268.65,10,1,7,SIM-SUP-01,UNMAPPED,synthetic_demo,ANTIQUE TALL SWIRLGLASS TRINKET POT
2011-12-09,22801,SIM-DC-01,65,224.99,0,7,14,SIM-SUP-10,UNMAPPED,synthetic_demo,ANTIQUE GLASS PEDESTAL BOWL
2011-12-09,22802,SIM-DC-01,4,23.93,0,0,7,SIM-SUP-09,UNMAPPED,synthetic_demo,FAUX FUR CHOCOLATE THROW
2011-12-09,22804,SIM-DC-01,46,911.54,37,2,10,SIM-SUP-04,UNMAPPED,synthetic_demo,PINK HANGING HEART T-LIGHT HOLDER
2011-12-09,22805,SIM-DC-01,18,235.83,0,3,5,SIM-SUP-01,UNMAPPED,synthetic_demo,BLUE DRAWER KNOB ACRYLIC EDWARDIAN
2011-12-09,22806,SIM-DC-01,9,21.52,4,1,14,SIM-SUP-07,UNMAPPED,synthetic_demo,SET OF 6 T-LIGHTS WEDDING CAKE
2011-12-09,22807,SIM-DC-01,8,146.67,0,0,5,SIM-SUP-09,UNMAPPED,synthetic_demo,SET OF 6 T-LIGHTS TOADSTOOLS
2011-12-09,22808,SIM-DC-01,2,10.11,1,0,14,SIM-SUP-10,UNMAPPED,synthetic_demo,SET OF 6 T-LIGHTS EASTER CHICKS
2011-12-09,22809,SIM-DC-01,81,190.11,0,5,7,SIM-SUP-12,UNMAPPED,synthetic_demo,SET OF 6 T-LIGHTS SANTA
2011-12-09,22810,SIM-DC-01,55,592.83,0,2,7,SIM-SUP-02,UNMAPPED,synthetic_demo,SET OF 6 T-LIGHTS SNOWMEN
2011-12-09,22811,SIM-DC-01,27,132.68,0,0,7,SIM-SUP-02,UNMAPPED,synthetic_demo,SET OF 6 T-LIGHTS CACTI
2011-12-09,22812,SIM-DC-01,15,54.74,0,1,5,SIM-SUP-07,UNMAPPED,synthetic_demo,PACK 3 BOXES CHRISTMAS PANETTONE
2011-12-09,22813,SIM-DC-01,21,267.86,0,3,3,SIM-SUP-01,UNMAPPED,synthetic_demo,PACK 3 BOXES BIRD PANETTONE
2011-12-09,22814,SIM-DC-01,31,398.90,0,5,3,SIM-SUP-07,UNMAPPED,synthetic_demo,CARD PARTY GAMES
2011-12-09,22815,SIM-DC-01,18,384.31,7,3,3,SIM-SUP-11,UNMAPPED,synthetic_demo,CARD PSYCHEDELIC APPLES
2011-12-09,22816,SIM-DC-01,117,2381.62,36,13,3,SIM-SUP-01,UNMAPPED,synthetic_demo,CARD MOTORBIKE SANTA
2011-12-09,22817,SIM-DC-01,33,496.09,0,2,7,SIM-SUP-12,UNMAPPED,synthetic_demo,CARD SUKI BIRTHDAY
2011-12-09,22818,SIM-DC-01,93,339.82,0,0,3,SIM-SUP-03,UNMAPPED,synthetic_demo,CARD CHRISTMAS VILLAGE
2011-12-09,22819,SIM-DC-01,57,693.82,5,1,5,SIM-SUP-03,UNMAPPED,synthetic_demo,"BIRTHDAY CARD, RETRO SPOT"
2011-12-09,22820,SIM-DC-01,5,32.83,0,0,7,SIM-SUP-01,UNMAPPED,synthetic_demo,GIFT BAG BIRTHDAY
2011-12-09,22821,SIM-DC-01,18,447.88,2,0,5,SIM-SUP-06,UNMAPPED,synthetic_demo,GIFT BAG PSYCHEDELIC APPLES
2011-12-09,22822,SIM-DC-01,3,63.37,0,0,5,SIM-SUP-09,UNMAPPED,synthetic_demo,CREAM WALL PLANTER HEART SHAPED
2011-12-09,22824,SIM-DC-01,2,21.75,0,0,14,SIM-SUP-01,UNMAPPED,synthetic_demo,3 TIER SWEETHEART GARDEN SHELF
2011-12-09,22825,SIM-DC-01,2,8.56,0,0,5,SIM-SUP-11,UNMAPPED,synthetic_demo,DECORATIVE PLANT POT WITH FRIEZE
2011-12-09,22826,SIM-DC-01,8,26.82,0,0,10,SIM-SUP-02,UNMAPPED,synthetic_demo,LOVE SEAT ANTIQUE WHITE METAL
2011-12-09,22827,SIM-DC-01,3,38.41,0,0,10,SIM-SUP-01,UNMAPPED,synthetic_demo,RUSTIC SEVENTEEN DRAWER SIDEBOARD
2011-12-09,22829,SIM-DC-01,3,7.85,0,0,10,SIM-SUP-10,UNMAPPED,synthetic_demo,SWEETHEART WIRE WALL TIDY
2011-12-09,22831,SIM-DC-01,16,292.31,0,2,14,SIM-SUP-01,UNMAPPED,synthetic_demo,WHITE BROCANTE SOAP DISH
2011-12-09,22832,SIM-DC-01,5,115.34,0,0,5,SIM-SUP-08,UNMAPPED,synthetic_demo,BROCANTE SHELF WITH HOOKS
2011-12-09,22834,SIM-DC-01,54,529.54,0,1,5,SIM-SUP-11,UNMAPPED,synthetic_demo,HAND WARMER BABUSHKA DESIGN
2011-12-09,22835,SIM-DC-01,311,2665.79,0,25,10,SIM-SUP-02,UNMAPPED,synthetic_demo,HOT WATER BOTTLE I AM SO POORLY
2011-12-09,22837,SIM-DC-01,1,3.84,0,0,3,SIM-SUP-02,UNMAPPED,synthetic_demo,UNKNOWN
2011-12-09,22838,SIM-DC-01,19,421.34,0,2,7,SIM-SUP-07,UNMAPPED,synthetic_demo,3 TIER CAKE TIN RED AND CREAM
2011-12-09,22839,SIM-DC-01,6,80.79,0,0,10,SIM-SUP-03,UNMAPPED,synthetic_demo,3 TIER CAKE TIN GREEN AND CREAM
2011-12-09,22840,SIM-DC-01,51,670.09,0,2,14,SIM-SUP-10,UNMAPPED,synthetic_demo,ROUND CAKE TIN VINTAGE RED
2011-12-09,22841,SIM-DC-01,6,20.23,1,0,3,SIM-SUP-04,UNMAPPED,synthetic_demo,ROUND CAKE TIN VINTAGE GREEN
2011-12-09,22842,SIM-DC-01,7,50.70,0,0,7,SIM-SUP-03,UNMAPPED,synthetic_demo,BISCUIT TIN VINTAGE RED
2011-12-09,22843,SIM-DC-01,4,84.93,0,0,14,SIM-SUP-04,UNMAPPED,synthetic_demo,BISCUIT TIN VINTAGE GREEN
2011-12-09,22844,SIM-DC-01,16,320.46,0,2,7,SIM-SUP-10,UNMAPPED,synthetic_demo,VINTAGE CREAM DOG FOOD CONTAINER
2011-12-09,22845,SIM-DC-01,22,324.89,0,3,5,SIM-SUP-02,UNMAPPED,synthetic_demo,VINTAGE CREAM CAT FOOD CONTAINER
2011-12-09,22846,SIM-DC-01,11,162.77,0,1,7,SIM-SUP-07,UNMAPPED,synthetic_demo,BREAD BIN DINER STYLE RED
2011-12-09,22847,SIM-DC-01,81,578.85,0,8,14,SIM-SUP-11,UNMAPPED,synthetic_demo,BREAD BIN DINER STYLE IVORY
2011-12-09,22848,SIM-DC-01,1,10.42,0,0,3,SIM-SUP-12,UNMAPPED,synthetic_demo,AMAZON
2011-12-09,22849,SIM-DC-01,1,24.71,0,0,7,SIM-SUP-04,UNMAPPED,synthetic_demo,BREAD BIN DINER STYLE MINT
2011-12-09,22851,SIM-DC-01,35,481.74,1,3,3,SIM-SUP-05,UNMAPPED,synthetic_demo,SET 20 NAPKINS FAIRY CAKES DESIGN
2011-12-09,22852,SIM-DC-01,7,23.30,0,1,7,SIM-SUP-06,UNMAPPED,synthetic_demo,DOG BOWL VINTAGE CREAM
2011-12-09,22853,SIM-DC-01,10,235.38,0,0,5,SIM-SUP-09,UNMAPPED,synthetic_demo,CAT BOWL VINTAGE CREAM
2011-12-09,22854,SIM-DC-01,0,0.00,0,0,5,SIM-SUP-12,UNMAPPED,synthetic_demo,CREAM SWEETHEART EGG HOLDER
2011-12-09,22855,SIM-DC-01,1,3.00,0,0,3,SIM-SUP-11,UNMAPPED,synthetic_demo,FINE WICKER HEART
2011-12-09,22857,SIM-DC-01,1,9.99,0,0,5,SIM-SUP-02,UNMAPPED,synthetic_demo,ASSORTED EASTER GIFT TAGS
2011-12-09,22858,SIM-DC-01,1,13.81,0,0,3,SIM-SUP-05,UNMAPPED,synthetic_demo,EASTER TIN KEEPSAKE
2011-12-09,22859,SIM-DC-01,1,13.94,0,0,7,SIM-SUP-06,UNMAPPED,synthetic_demo,EASTER TIN BUNNY BOUQUET
2011-12-09,22860,SIM-DC-01,1,22.17,0,0,3,SIM-SUP-08,UNMAPPED,synthetic_demo,EASTER TIN CHICKS PINK DAISY
2011-12-09,22861,SIM-DC-01,4,41.92,0,0,14,SIM-SUP-01,UNMAPPED,synthetic_demo,EASTER TIN CHICKS IN GARDEN
2011-12-09,22862,SIM-DC-01,1,21.76,0,0,7,SIM-SUP-04,UNMAPPED,synthetic_demo,LOVE HEART NAPKIN BOX
2011-12-09,22863,SIM-DC-01,7,75.02,0,0,7,SIM-SUP-11,UNMAPPED,synthetic_demo,SOAP DISH BROCANTE
2011-12-09,22865,SIM-DC-01,235,876.70,0,7,5,SIM-SUP-03,UNMAPPED,synthetic_demo,HAND WARMER OWL DESIGN
2011-12-09,22866,SIM-DC-01,361,2305.83,0,52,10,SIM-SUP-02,UNMAPPED,synthetic_demo,HAND WARMER SCOTTY DOG DESIGN
2011-12-09,22867,SIM-DC-01,266,3155.43,0,10,7,SIM-SUP-02,UNMAPPED,synthetic_demo,HAND WARMER BIRD DESIGN
2011-12-09,22869,SIM-DC-01,2,21.24,1,0,10,SIM-SUP-03,UNMAPPED,synthetic_demo,NUMBER TILE COTTAGE GARDEN 1
2011-12-09,22870,SIM-DC-01,5,106.65,1,0,14,SIM-SUP-05,UNMAPPED,synthetic_demo,NUMBER TILE COTTAGE GARDEN 2
2011-12-09,22872,SIM-DC-01,2,39.90,0,0,7,SIM-SUP-12,UNMAPPED,synthetic_demo,NUMBER TILE COTTAGE GARDEN 4
2011-12-09,22873,SIM-DC-01,1,16.84,0,0,3,SIM-SUP-06,UNMAPPED,synthetic_demo,NUMBER TILE COTTAGE GARDEN 5
2011-12-09,22878,SIM-DC-01,1,3.84,0,0,10,SIM-SUP-03,UNMAPPED,synthetic_demo,NUMBER TILE COTTAGE GARDEN No
2011-12-09,22880,SIM-DC-01,0,0.00,0,0,3,SIM-SUP-07,UNMAPPED,synthetic_demo,NUMBER TILE VINTAGE FONT 1
2011-12-09,22881,SIM-DC-01,1,2.89,0,0,7,SIM-SUP-05,UNMAPPED,synthetic_demo,NUMBER TILE VINTAGE FONT 2
2011-12-09,22882,SIM-DC-01,1,11.48,0,0,5,SIM-SUP-05,UNMAPPED,synthetic_demo,NUMBER TILE VINTAGE FONT 3
2011-12-09,22884,SIM-DC-01,2,16.88,0,0,3,SIM-SUP-08,UNMAPPED,synthetic_demo,NUMBER TILE VINTAGE FONT 5
2011-12-09,22890,SIM-DC-01,2,30.33,0,0,7,SIM-SUP-12,UNMAPPED,synthetic_demo,NOVELTY BISCUITS CAKE STAND 3 TIER
2011-12-09,22891,SIM-DC-01,11,244.49,8,2,14,SIM-SUP-05,UNMAPPED,synthetic_demo,TEA FOR ONE POLKADOT
2011-12-09,22892,SIM-DC-01,4,81.39,1,0,5,SIM-SUP-11,UNMAPPED,synthetic_demo,SET OF SALT AND PEPPER TOADSTOOLS
2011-12-09,22893,SIM-DC-01,3,67.71,0,0,7,SIM-SUP-12,UNMAPPED,synthetic_demo,MINI CAKE STAND T-LIGHT HOLDER
2011-12-09,22894,SIM-DC-01,5,21.05,0,1,7,SIM-SUP-06,UNMAPPED,synthetic_demo,TABLECLOTH RED APPLES DESIGN
2011-12-09,22895,SIM-DC-01,78,416.11,0,6,10,SIM-SUP-01,UNMAPPED,synthetic_demo,SET OF 2 TEA TOWELS APPLE AND PEARS
2011-12-09,22896,SIM-DC-01,7,31.40,0,0,7,SIM-SUP-11,UNMAPPED,synthetic_demo,PEG BAG APPLES DESIGN
2011-12-09,22897,SIM-DC-01,24,160.82,0,4,7,SIM-SUP-03,UNMAPPED,synthetic_demo,OVEN MITT APPLES DESIGN
2011-12-09,22898,SIM-DC-01,152,3193.23,0,21,10,SIM-SUP-05,UNMAPPED,synthetic_demo,CHILDRENS APRON APPLES DESIGN
2011-12-09,22899,SIM-DC-01,113,1104.63,5,15,7,SIM-SUP-07,UNMAPPED,synthetic_demo,CHILDREN'S APRON DOLLY GIRL
2011-12-09,22900,SIM-DC-01,123,768.71,0,13,10,SIM-SUP-11,UNMAPPED,synthetic_demo,SET 2 TEA TOWELS I LOVE LONDON
2011-12-09,22902,SIM-DC-01,10,163.44,6,0,10,SIM-SUP-12,UNMAPPED,synthetic_demo,TOTE BAG I LOVE LONDON
2011-12-09,22903,SIM-DC-01,7,122.75,0,1,14,SIM-SUP-06,UNMAPPED,synthetic_demo,CALENDAR FAMILY FAVOURITES
2011-12-09,22904,SIM-DC-01,5,49.10,0,0,3,SIM-SUP-10,UNMAPPED,synthetic_demo,CALENDAR PAPER CUT DESIGN
2011-12-09,22905,SIM-DC-01,21,291.80,0,1,5,SIM-SUP-01,UNMAPPED,synthetic_demo,CALENDAR IN SEASON DESIGN
2011-12-09,22906,SIM-DC-01,21,71.36,0,3,7,SIM-SUP-02,UNMAPPED,synthetic_demo,12 MESSAGE CARDS WITH ENVELOPES
2011-12-09,22907,SIM-DC-01,48,1186.33,21,4,14,SIM-SUP-01,UNMAPPED,synthetic_demo,PACK OF 20 NAPKINS PANTRY DESIGN
2011-12-09,22908,SIM-DC-01,33,755.48,0,1,5,SIM-SUP-09,UNMAPPED,synthetic_demo,PACK OF 20 NAPKINS RED APPLES
2011-12-09,22909,SIM-DC-01,160,3924.49,0,2,3,SIM-SUP-10,UNMAPPED,synthetic_demo,SET OF 20 VINTAGE CHRISTMAS NAPKINS
2011-12-09,22910,SIM-DC-01,344,904.37,0,37,10,SIM-SUP-01,UNMAPPED,synthetic_demo,PAPER CHAIN KIT VINTAGE CHRISTMAS
2011-12-09,22911,SIM-DC-01,7,152.46,0,0,3,SIM-SUP-01,UNMAPPED,synthetic_demo,PAPER CHAIN KIT LONDON
2011-12-09,22912,SIM-DC-01,2,17.49,0,0,3,SIM-SUP-08,UNMAPPED,synthetic_demo,YELLOW COAT RACK PARIS FASHION
2011-12-09,22913,SIM-DC-01,4,20.29,0,0,7,SIM-SUP-10,UNMAPPED,synthetic_demo,RED COAT RACK PARIS FASHION
2011-12-09,22914,SIM-DC-01,11,227.81,0,0,7,SIM-SUP-03,UNMAPPED,synthetic_demo,BLUE COAT RACK PARIS FASHION
2011-12-09,22915,SIM-DC-01,64,1584.65,22,4,7,SIM-SUP-06,UNMAPPED,synthetic_demo,ASSORTED BOTTLE TOP MAGNETS
2011-12-09,22916,SIM-DC-01,28,647.61,0,2,7,SIM-SUP-09,UNMAPPED,synthetic_demo,HERB MARKER THYME
2011-12-09,22917,SIM-DC-01,24,62.20,0,1,7,SIM-SUP-04,UNMAPPED,synthetic_demo,HERB MARKER ROSEMARY
2011-12-09,22918,SIM-DC-01,23,563.88,0,2,7,SIM-SUP-07,UNMAPPED,synthetic_demo,HERB MARKER PARSLEY
2011-12-09,22919,SIM-DC-01,13,85.30,0,1,3,SIM-SUP-10,UNMAPPED,synthetic_demo,HERB MARKER MINT
2011-12-09,22920,SIM-DC-01,23,377.85,0,1,7,SIM-SUP-10,UNMAPPED,synthetic_demo,HERB MARKER BASIL
2011-12-09,22921,SIM-DC-01,8,49.03,0,1,5,SIM-SUP-05,UNMAPPED,synthetic_demo,HERB MARKER CHIVES
2011-12-09,22922,SIM-DC-01,5,100.92,0,1,7,SIM-SUP-02,UNMAPPED,synthetic_demo,FRIDGE MAGNETS US DINER ASSORTED
2011-12-09,22923,SIM-DC-01,11,113.78,0,1,3,SIM-SUP-08,UNMAPPED,synthetic_demo,FRIDGE MAGNETS LES ENFANTS ASSORTED
2011-12-09,22924,SIM-DC-01,34,476.26,0,2,10,SIM-SUP-04,UNMAPPED,synthetic_demo,FRIDGE MAGNETS LA VIE EN ROSE
2011-12-09,22925,SIM-DC-01,1,15.68,0,0,14,SIM-SUP-09,UNMAPPED,synthetic_demo,AMAZON
2011-12-09,22926,SIM-DC-01,4,14.16,1,0,14,SIM-SUP-11,UNMAPPED,synthetic_demo,IVORY GIANT GARDEN THERMOMETER
2011-12-09,22927,SIM-DC-01,2,5.79,0,0,10,SIM-SUP-01,UNMAPPED,synthetic_demo,GREEN GIANT GARDEN THERMOMETER
2011-12-09,22928,SIM-DC-01,45,954.17,0,2,14,SIM-SUP-09,UNMAPPED,synthetic_demo,YELLOW GIANT GARDEN THERMOMETER
2011-12-09,22930,SIM-DC-01,2,14.26,0,0,7,SIM-SUP-02,UNMAPPED,synthetic_demo,BAKING MOULD HEART MILK CHOCOLATE
2011-12-09,22931,SIM-DC-01,3,72.33,1,0,3,SIM-SUP-04,UNMAPPED,synthetic_demo,BAKING MOULD HEART WHITE CHOCOLATE
2011-12-09,22932,SIM-DC-01,1,18.09,0,0,7,SIM-SUP-04,UNMAPPED,synthetic_demo,BAKING MOULD TOFFEE CUP CHOCOLATE
2011-12-09,22933,SIM-DC-01,1,4.53,0,0,14,SIM-SUP-12,UNMAPPED,synthetic_demo,BAKING MOULD EASTER EGG MILK CHOC
2011-12-09,22934,SIM-DC-01,1,15.91,0,0,5,SIM-SUP-03,UNMAPPED,synthetic_demo,BAKING MOULD EASTER EGG WHITE CHOC
2011-12-09,22935,SIM-DC-01,8,26.35,0,1,10,SIM-SUP-09,UNMAPPED,synthetic_demo,BAKING MOULD ROSE MILK CHOCOLATE
2011-12-09,22936,SIM-DC-01,6,117.86,0,0,7,SIM-SUP-04,UNMAPPED,synthetic_demo,BAKING MOULD ROSE WHITE CHOCOLATE
2011-12-09,22937,SIM-DC-01,10,214.79,0,1,14,SIM-SUP-04,UNMAPPED,synthetic_demo,BAKING MOULD CHOCOLATE CUPCAKES
2011-12-09,22938,SIM-DC-01,48,947.56,0,7,14,SIM-SUP-09,UNMAPPED,synthetic_demo,CUPCAKE LACE PAPER SET 6
2011-12-09,22939,SIM-DC-01,6,26.09,0,1,3,SIM-SUP-05,UNMAPPED,synthetic_demo,ADULT APRON APPLE DELIGHT
2011-12-09,22940,SIM-DC-01,85,407.62,0,10,7,SIM-SUP-02,UNMAPPED,synthetic_demo,FELTCRAFT CHRISTMAS FAIRY
2011-12-09,22941,SIM-DC-01,183,1601.39,0,16,10,SIM-SUP-04,UNMAPPED,synthetic_demo,CHRISTMAS LIGHTS 10 REINDEER
2011-12-09,22942,SIM-DC-01,57,1412.14,0,5,5,SIM-SUP-05,UNMAPPED,synthetic_demo,CHRISTMAS LIGHTS 10 SANTAS
2011-12-09,22943,SIM-DC-01,24,221.18,0,3,3,SIM-SUP-03,UNMAPPED,synthetic_demo,CHRISTMAS LIGHTS 10 VINTAGE BAUBLES
2011-12-09,22944,SIM-DC-01,187,3535.86,32,3,10,SIM-SUP-12,UNMAPPED,synthetic_demo,CHRISTMAS METAL POSTCARD WITH BELLS
2011-12-09,22945,SIM-DC-01,150,3283.95,0,22,14,SIM-SUP-01,UNMAPPED,synthetic_demo,CHRISTMAS METAL TAGS ASSORTED
2011-12-09,22946,SIM-DC-01,14,347.87,1,2,5,SIM-SUP-11,UNMAPPED,synthetic_demo,WOODEN ADVENT CALENDAR CREAM
2011-12-09,22947,SIM-DC-01,113,2778.49,0,1,7,SIM-SUP-12,UNMAPPED,synthetic_demo,UNKNOWN
2011-12-09,22948,SIM-DC-01,11,118.21,0,1,7,SIM-SUP-08,UNMAPPED,synthetic_demo,METAL DECORATION NAUGHTY CHILDREN
2011-12-09,22949,SIM-DC-01,4,92.69,2,0,14,SIM-SUP-08,UNMAPPED,synthetic_demo,SET OF 36 DOLLY GIRL PAPER DOILIES
2011-12-09,22950,SIM-DC-01,3,10.92,0,0,10,SIM-SUP-03,UNMAPPED,synthetic_demo,36 DOILIES VINTAGE CHRISTMAS
2011-12-09,22951,SIM-DC-01,131,2553.22,0,12,5,SIM-SUP-12,UNMAPPED,synthetic_demo,60 CAKE CASES DOLLY GIRL DESIGN
2011-12-09,22952,SIM-DC-01,194,4167.21,0,14,3,SIM-SUP-07,UNMAPPED,synthetic_demo,60 CAKE CASES VINTAGE CHRISTMAS
2011-12-09,22953,SIM-DC-01,18,259.01,0,1,14,SIM-SUP-09,UNMAPPED,synthetic_demo,BIRTHDAY PARTY CORDON BARRIER TAPE
2011-12-09,22954,SIM-DC-01,4,44.89,0,0,10,SIM-SUP-01,UNMAPPED,synthetic_demo,HEN PARTY CORDON BARRIER TAPE
2011-12-09,22955,SIM-DC-01,36,420.27,0,5,7,SIM-SUP-01,UNMAPPED,synthetic_demo,36 FOIL STAR CAKE CASES
2011-12-09,22956,SIM-DC-01,27,492.18,5,3,14,SIM-SUP-09,UNMAPPED,synthetic_demo,36 FOIL HEART CAKE CASES
2011-12-09,22957,SIM-DC-01,2,22.36,0,0,7,SIM-SUP-09,UNMAPPED,synthetic_demo,SET 3 PAPER VINTAGE CHICK PAPER EGG
2011-12-09,22959,SIM-DC-01,373,758.61,0,9,14,SIM-SUP-06,UNMAPPED,synthetic_demo,WRAP CHRISTMAS VILLAGE
2011-12-09,22960,SIM-DC-01,37,499.42,0,4,7,SIM-SUP-04,UNMAPPED,synthetic_demo,JAM MAKING SET WITH JARS
2011-12-09,22961,SIM-DC-01,138,2995.28,0,4,3,SIM-SUP-10,UNMAPPED,synthetic_demo,JAM MAKING SET PRINTED
2011-12-09,22962,SIM-DC-01,89,1629.13,0,12,14,SIM-SUP-01,UNMAPPED,synthetic_demo,JAM JAR WITH PINK LID
2011-12-09,22963,SIM-DC-01,14,45.75,2,2,3,SIM-SUP-07,UNMAPPED,synthetic_demo,JAM JAR WITH GREEN LID
2011-12-09,22964,SIM-DC-01,91,1330.87,0,1,10,SIM-SUP-09,UNMAPPED,synthetic_demo,3 PIECE SPACEBOY COOKIE CUTTER SET
2011-12-09,22965,SIM-DC-01,11,127.74,0,0,5,SIM-SUP-12,UNMAPPED,synthetic_demo,3 TRADITIONAl BISCUIT CUTTERS SET
2011-12-09,22966,SIM-DC-01,437,1101.36,0,1,14,SIM-SUP-12,UNMAPPED,synthetic_demo,GINGERBREAD MAN COOKIE CUTTER
2011-12-09,22967,SIM-DC-01,1,23.36,0,0,10,SIM-SUP-05,UNMAPPED,synthetic_demo,SET 3 SONG BIRD PAPER EGGS ASSORTED
2011-12-09,22968,SIM-DC-01,7,171.35,0,0,7,SIM-SUP-02,UNMAPPED,synthetic_demo,ROSE COTTAGE KEEPSAKE BOX
2011-12-09,22969,SIM-DC-01,59,501.59,43,4,7,SIM-SUP-06,UNMAPPED,synthetic_demo,HOMEMADE JAM SCENTED CANDLES
2011-12-09,22970,SIM-DC-01,22,308.05,0,3,5,SIM-SUP-09,UNMAPPED,synthetic_demo,LONDON BUS COFFEE MUG
2011-12-09,22971,SIM-DC-01,35,661.72,0,5,7,SIM-SUP-11,UNMAPPED,synthetic_demo,QUEENS GUARD COFFEE MUG
2011-12-09,22972,SIM-DC-01,56,251.98,0,6,14,SIM-SUP-08,UNMAPPED,synthetic_demo,CHILDREN'S SPACEBOY MUG
2011-12-09,22973,SIM-DC-01,14,289.53,0,2,10,SIM-SUP-11,UNMAPPED,synthetic_demo,CHILDREN'S CIRCUS PARADE MUG
2011-12-09,22974,SIM-DC-01,25,116.21,16,0,10,SIM-SUP-08,UNMAPPED,synthetic_demo,CHILDRENS DOLLY GIRL MUG
2011-12-09,22975,SIM-DC-01,20,262.24,0,1,10,SIM-SUP-07,UNMAPPED,synthetic_demo,SPACEBOY CHILDRENS EGG CUP
2011-12-09,22976,SIM-DC-01,8,144.80,3,1,5,SIM-SUP-08,UNMAPPED,synthetic_demo,CIRCUS PARADE CHILDRENS EGG CUP
2011-12-09,22977,SIM-DC-01,3,12.21,0,0,3,SIM-SUP-03,UNMAPPED,synthetic_demo,DOLLY GIRL CHILDRENS EGG CUP
2011-12-09,22978,SIM-DC-01,11,79.26,0,1,3,SIM-SUP-03,UNMAPPED,synthetic_demo,PANTRY ROLLING PIN
2011-12-09,22979,SIM-DC-01,61,1387.33,0,1,3,SIM-SUP-08,UNMAPPED,synthetic_demo,PANTRY WASHING UP BRUSH
2011-12-09,22980,SIM-DC-01,30,634.29,7,4,10,SIM-SUP-06,UNMAPPED,synthetic_demo,PANTRY SCRUBBING BRUSH
2011-12-09,22981,SIM-DC-01,15,323.83,0,0,5,SIM-SUP-11,UNMAPPED,synthetic_demo,PANTRY APPLE CORER
2011-12-09,22982,SIM-DC-01,28,255.72,0,0,5,SIM-SUP-10,UNMAPPED,synthetic_demo,PANTRY PASTRY BRUSH
2011-12-09,22983,SIM-DC-01,85,507.59,0,9,10,SIM-SUP-06,UNMAPPED,synthetic_demo,CARD BILLBOARD FONT
2011-12-09,22984,SIM-DC-01,10,224.84,0,1,3,SIM-SUP-11,UNMAPPED,synthetic_demo,CARD GINGHAM ROSE
2011-12-09,22985,SIM-DC-01,22,526.51,0,2,10,SIM-SUP-07,UNMAPPED,synthetic_demo,WRAP BILLBOARD FONTS DESIGN
2011-12-09,22986,SIM-DC-01,13,49.21,1,2,5,SIM-SUP-08,UNMAPPED,synthetic_demo,WRAP GINGHAM ROSE
2011-12-09,22988,SIM-DC-01,49,694.11,0,5,7,SIM-SUP-09,UNMAPPED,synthetic_demo,SOLDIERS EGG CUP
2011-12-09,22989,SIM-DC-01,20,125.61,0,0,7,SIM-SUP-11,UNMAPPED,synthetic_demo,SET 2 PANTRY DESIGN TEA TOWELS
2011-12-09,22990,SIM-DC-01,7,135.17,0,0,7,SIM-SUP-09,UNMAPPED,synthetic_demo,COTTON APRON PANTRY DESIGN
2011-12-09,22991,SIM-DC-01,38,379.57,5,1,3,SIM-SUP-11,UNMAPPED,synthetic_demo,GIRAFFE WOODEN RULER
2011-12-09,22992,SIM-DC-01,354,8379.47,0,37,14,SIM-SUP-04,UNMAPPED,synthetic_demo,REVOLVER WOODEN RULER
2011-12-09,22993,SIM-DC-01,216,3781.87,0,5,7,SIM-SUP-08,UNMAPPED,synthetic_demo,SET OF 4 PANTRY JELLY MOULDS
2011-12-09,22994,SIM-DC-01,73,1554.01,0,8,7,SIM-SUP-03,UNMAPPED,synthetic_demo,TRAVEL CARD WALLET RETROSPOT
2011-12-09,22995,SIM-DC-01,59,952.17,0,5,7,SIM-SUP-08,UNMAPPED,synthetic_demo,TRAVEL CARD WALLET SUKI
2011-12-09,22996,SIM-DC-01,95,1596.08,0,2,5,SIM-SUP-08,UNMAPPED,synthetic_demo,TRAVEL CARD WALLET VINTAGE TICKET
2011-12-09,22997,SIM-DC-01,87,1355.32,0,12,7,SIM-SUP-11,UNMAPPED,synthetic_demo,TRAVEL CARD WALLET UNION JACK
2011-12-09,22998,SIM-DC-01,151,2824.16,0,6,3,SIM-SUP-08,UNMAPPED,synthetic_demo,TRAVEL CARD WALLET KEEP CALM
2011-12-09,22999,SIM-DC-01,90,1050.06,0,4,14,SIM-SUP-10,UNMAPPED,synthetic_demo,TRAVEL CARD WALLET VINTAGE LEAF
2011-12-09,23000,SIM-DC-01,35,598.27,17,5,5,SIM-SUP-09,UNMAPPED,synthetic_demo,TRAVEL CARD WALLET TRANSPORT
2011-12-09,23002,SIM-DC-01,16,70.33,0,1,3,SIM-SUP-12,UNMAPPED,synthetic_demo,TRAVEL CARD WALLET SKULLS
2011-12-09,23003,SIM-DC-01,2,8.21,0,0,10,SIM-SUP-11,UNMAPPED,synthetic_demo,TRAVEL CARD WALLET VINTAGE ROSE
2011-12-09,23004,SIM-DC-01,76,927.02,0,3,7,SIM-SUP-09,UNMAPPED,synthetic_demo,TRAVEL CARD WALLET PANTRY
2011-12-09,23005,SIM-DC-01,47,329.09,0,1,3,SIM-SUP-07,UNMAPPED,synthetic_demo,TRAVEL CARD WALLET I LOVE LONDON
2011-12-09,23006,SIM-DC-01,12,250.93,0,1,7,SIM-SUP-02,UNMAPPED,synthetic_demo,TRAVEL CARD WALLET FLOWER MEADOW
2011-12-09,23007,SIM-DC-01,12,28.88,5,0,14,SIM-SUP-08,UNMAPPED,synthetic_demo,SPACEBOY BABY GIFT SET
2011-12-09,23008,SIM-DC-01,8,84.72,0,1,5,SIM-SUP-12,UNMAPPED,synthetic_demo,DOLLY GIRL BABY GIFT SET
2011-12-09,23009,SIM-DC-01,9,77.36,0,1,3,SIM-SUP-06,UNMAPPED,synthetic_demo,I LOVE LONDON BABY GIFT SET
2011-12-09,23010,SIM-DC-01,11,92.49,1,1,5,SIM-SUP-08,UNMAPPED,synthetic_demo,CIRCUS PARADE BABY GIFT SET
2011-12-09,23012,SIM-DC-01,45,1103.87,0,3,7,SIM-SUP-09,UNMAPPED,synthetic_demo,GLASS APOTHECARY BOTTLE PERFUME
2011-12-09,23013,SIM-DC-01,58,836.63,0,6,7,SIM-SUP-09,UNMAPPED,synthetic_demo,GLASS APOTHECARY BOTTLE TONIC
2011-12-09,23014,SIM-DC-01,41,522.63,0,5,5,SIM-SUP-11,UNMAPPED,synthetic_demo,GLASS APOTHECARY BOTTLE ELIXIR
2011-12-09,23020,SIM-DC-01,8,92.57,0,0,7,SIM-SUP-04,UNMAPPED,synthetic_demo,GLASS SONGBIRD STORAGE JAR
2011-12-09,23025,SIM-DC-01,10,167.81,0,1,5,SIM-SUP-07,UNMAPPED,synthetic_demo,DRAWER KNOB VINTAGE GLASS BALL
2011-12-09,23026,SIM-DC-01,8,20.24,0,1,3,SIM-SUP-05,UNMAPPED,synthetic_demo,DRAWER KNOB VINTAGE GLASS STAR
2011-12-09,23028,SIM-DC-01,2,10.38,0,0,10,SIM-SUP-08,UNMAPPED,synthetic_demo,DRAWER KNOB CRACKLE GLAZE BLUE
2011-12-09,23029,SIM-DC-01,13,255.74,2,1,3,SIM-SUP-12,UNMAPPED,synthetic_demo,DRAWER KNOB CRACKLE GLAZE GREEN
2011-12-09,23031,SIM-DC-01,34,621.60,8,4,7,SIM-SUP-09,UNMAPPED,synthetic_demo,DRAWER KNOB CRACKLE GLAZE PINK
2011-12-09,23032,SIM-DC-01,9,116.19,0,1,7,SIM-SUP-09,UNMAPPED,synthetic_demo,DRAWER KNOB CRACKLE GLAZE IVORY
2011-12-09,23033,SIM-DC-01,27,239.69,0,4,10,SIM-SUP-07,UNMAPPED,synthetic_demo,DRAWER KNOB CERAMIC RED
2011-12-09,23034,SIM-DC-01,17,165.09,0,1,5,SIM-SUP-10,UNMAPPED,synthetic_demo,DRAWER KNOB CERAMIC BLACK
2011-12-09,23035,SIM-DC-01,98,494.95,0,12,14,SIM-SUP-01,UNMAPPED,synthetic_demo,DRAWER KNOB CERAMIC IVORY
2011-12-09,23041,SIM-DC-01,11,49.34,0,0,5,SIM-SUP-06,UNMAPPED,synthetic_demo,PAPER LANTERN 9 POINT SNOW STAR
2011-12-09,23048,SIM-DC-01,7,120.63,2,1,3,SIM-SUP-03,UNMAPPED,synthetic_demo,SET OF 10 LANTERNS FAIRY LIGHT STAR
2011-12-09,23049,SIM-DC-01,10,56.30,3,1,14,SIM-SUP-05,UNMAPPED,synthetic_demo,RECYCLED ACAPULCO MAT RED
2011-12-09,23050,SIM-DC-01,5,85.72,0,0,5,SIM-SUP-09,UNMAPPED,synthetic_demo,RECYCLED ACAPULCO MAT GREEN
2011-12-09,23051,SIM-DC-01,3,44.65,0,0,14,SIM-SUP-09,UNMAPPED,synthetic_demo,RECYCLED ACAPULCO MAT BLUE
2011-12-09,23052,SIM-DC-01,17,54.02,0,2,14,SIM-SUP-07,UNMAPPED,synthetic_demo,RECYCLED ACAPULCO MAT TURQUOISE
2011-12-09,23053,SIM-DC-01,7,92.43,0,0,10,SIM-SUP-07,UNMAPPED,synthetic_demo,RECYCLED ACAPULCO MAT PINK
2011-12-09,23054,SIM-DC-01,2,23.56,0,0,5,SIM-SUP-04,UNMAPPED,synthetic_demo,RECYCLED ACAPULCO MAT LAVENDER
2011-12-09,23055,SIM-DC-01,4,63.96,4,1,14,SIM-SUP-07,UNMAPPED,synthetic_demo,IVORY CHANDELIER T-LIGHT HOLDER
2011-12-09,23056,SIM-DC-01,10,99.38,2,1,10,SIM-SUP-06,UNMAPPED,synthetic_demo,FLOWERS CHANDELIER T-LIGHT HOLDER
2011-12-09,23057,SIM-DC-01,4,93.36,2,0,7,SIM-SUP-02,UNMAPPED,synthetic_demo,BEADED CHANDELIER T-LIGHT HOLDER
2011-12-09,23060,SIM-DC-01,7,28.04,1,1,10,SIM-SUP-09,UNMAPPED,synthetic_demo,HEART BEADED TRELLIS DECORATION
2011-12-09,23061,SIM-DC-01,55,797.67,0,3,14,SIM-SUP-12,UNMAPPED,synthetic_demo,VINTAGE EMBOSSED HEART
2011-12-09,23065,SIM-DC-01,1,15.02,0,0,3,SIM-SUP-07,UNMAPPED,synthetic_demo,LARGE DECO JEWELLERY STAND
2011-12-09,23066,SIM-DC-01,1,11.61,0,0,5,SIM-SUP-09,UNMAPPED,synthetic_demo,SMALL DECO JEWELLERY STAND
2011-12-09,23067,SIM-DC-01,11,214.63,3,1,7,SIM-SUP-06,UNMAPPED,synthetic_demo,HANGING ENGRAVED METAL HEART
2011-12-09,23068,SIM-DC-01,17,118.26,0,0,5,SIM-SUP-07,UNMAPPED,synthetic_demo,ALUMINIUM STAMPED HEART
2011-12-09,23070,SIM-DC-01,1,16.83,0,0,5,SIM-SUP-09,UNMAPPED,synthetic_demo,EDWARDIAN HEART PHOTO FRAME
2011-12-09,23073,SIM-DC-01,4,59.15,0,0,3,SIM-SUP-07,UNMAPPED,synthetic_demo,GEORGIAN TRINKET BOX
2011-12-09,23075,SIM-DC-01,11,150.41,0,1,14,SIM-SUP-04,UNMAPPED,synthetic_demo,PARLOUR CERAMIC WALL HOOK
2011-12-09,23076,SIM-DC-01,108,2213.08,73,4,10,SIM-SUP-05,UNMAPPED,synthetic_demo,ICE CREAM SUNDAE LIP GLOSS
2011-12-09,23077,SIM-DC-01,95,2010.64,0,1,3,SIM-SUP-04,UNMAPPED,synthetic_demo,DOUGHNUT LIP GLOSS
2011-12-09,23078,SIM-DC-01,193,836.65,23,11,10,SIM-SUP-10,UNMAPPED,synthetic_demo,ICE CREAM PEN LIP GLOSS
2011-12-09,23079,SIM-DC-01,31,290.32,7,4,14,SIM-SUP-10,UNMAPPED,synthetic_demo,TOADSTOOL BEDSIDE LIGHT
2011-12-09,23080,SIM-DC-01,33,335.76,0,1,3,SIM-SUP-02,UNMAPPED,synthetic_demo,RED METAL BOX TOP SECRET
2011-12-09,23081,SIM-DC-01,23,420.81,0,2,14,SIM-SUP-07,UNMAPPED,synthetic_demo,GREEN METAL BOX ARMY SUPPLIES
2011-12-09,23082,SIM-DC-01,35,143.20,0,0,3,SIM-SUP-11,UNMAPPED,synthetic_demo,SET 6 PAPER TABLE LANTERN HEARTS
2011-12-09,23083,SIM-DC-01,106,1138.17,0,9,5,SIM-SUP-11,UNMAPPED,synthetic_demo,SET 6 PAPER TABLE LANTERN STARS
2011-12-09,23084,SIM-DC-01,246,967.46,54,16,3,SIM-SUP-09,UNMAPPED,synthetic_demo,RABBIT NIGHT LIGHT
2011-12-09,23085,SIM-DC-01,8,23.69,0,0,5,SIM-SUP-11,UNMAPPED,synthetic_demo,ANTIQUE SILVER BAUBLE LAMP
2011-12-09,23086,SIM-DC-01,36,749.82,13,2,14,SIM-SUP-12,UNMAPPED,synthetic_demo,ZINC STAR T-LIGHT HOLDER
2011-12-09,23087,SIM-DC-01,11,176.88,3,1,5,SIM-SUP-08,UNMAPPED,synthetic_demo,ZINC HEART T-LIGHT HOLDER
2011-12-09,23088,SIM-DC-01,5,93.09,0,0,5,SIM-SUP-01,UNMAPPED,synthetic_demo,ZINC HEART FLOWER T-LIGHT HOLDER
2011-12-09,23089,SIM-DC-01,29,521.54,0,0,7,SIM-SUP-12,UNMAPPED,synthetic_demo,GLASS BON BON JAR
2011-12-09,23090,SIM-DC-01,50,1118.60,0,5,3,SIM-SUP-08,UNMAPPED,synthetic_demo,VINTAGE GLASS T-LIGHT HOLDER
2011-12-09,23091,SIM-DC-01,1,18.87,0,0,3,SIM-SUP-06,UNMAPPED,synthetic_demo,ZINC HERB GARDEN CONTAINER
2011-12-09,23092,SIM-DC-01,2,41.34,0,0,7,SIM-SUP-09,UNMAPPED,synthetic_demo,LARGE ANTIQUE WHITE PHOTO FRAME
2011-12-09,23093,SIM-DC-01,12,69.52,0,2,3,SIM-SUP-06,UNMAPPED,synthetic_demo,SMALL PARISIENNE HEART PHOTO FRAME
2011-12-09,23094,SIM-DC-01,1,11.95,0,0,5,SIM-SUP-07,UNMAPPED,synthetic_demo,LE GRAND TRAY CHIC SET
2011-12-09,23096,SIM-DC-01,20,323.50,15,3,10,SIM-SUP-06,UNMAPPED,synthetic_demo,PETIT TRAY CHIC
2011-12-09,23099,SIM-DC-01,6,57.31,0,1,5,SIM-SUP-02,UNMAPPED,synthetic_demo,FRENCH CARRIAGE LANTERN
2011-12-09,23100,SIM-DC-01,233,1541.70,0,7,10,SIM-SUP-03,UNMAPPED,synthetic_demo,SILVER BELLS TABLE DECORATION
2011-12-09,23101,SIM-DC-01,53,967.87,6,1,3,SIM-SUP-10,UNMAPPED,synthetic_demo,SILVER STARS TABLE DECORATION
2011-12-09,23102,SIM-DC-01,15,227.61,19,2,10,SIM-SUP-01,UNMAPPED,synthetic_demo,SILVER HEARTS TABLE DECORATION
2011-12-09,23103,SIM-DC-01,90,457.88,0,4,10,SIM-SUP-02,UNMAPPED,synthetic_demo,JINGLE BELL HEART DECORATION
2011-12-09,23106,SIM-DC-01,7,142.78,0,0,10,SIM-SUP-01,UNMAPPED,synthetic_demo,ZINC HEARTS PLANT POT HOLDER
2011-12-09,23107,SIM-DC-01,23,171.53,0,1,14,SIM-SUP-07,UNMAPPED,synthetic_demo,WHITE HEARTS WIRE PLANT POT HOLDER
2011-12-09,23108,SIM-DC-01,36,198.59,0,4,3,SIM-SUP-07,UNMAPPED,synthetic_demo,SET OF 10 LED DOLLY LIGHTS
2011-12-09,23109,SIM-DC-01,98,2117.16,0,6,3,SIM-SUP-10,UNMAPPED,synthetic_demo,PACK OF SIX LED TEA LIGHTS
2011-12-09,23110,SIM-DC-01,12,204.20,0,1,3,SIM-SUP-04,UNMAPPED,synthetic_demo,PARISIENNE KEY CABINET
2011-12-09,23111,SIM-DC-01,9,130.79,0,1,14,SIM-SUP-05,UNMAPPED,synthetic_demo,PARISIENNE SEWING BOX
2011-12-09,23112,SIM-DC-01,10,74.90,0,0,3,SIM-SUP-10,UNMAPPED,synthetic_demo,PARISIENNE CURIO CABINET
2011-12-09,23118,SIM-DC-01,20,490.77,0,1,3,SIM-SUP-09,UNMAPPED,synthetic_demo,PARISIENNE JEWELLERY DRAWER
2011-12-09,23119,SIM-DC-01,17,324.30,0,1,14,SIM-SUP-04,UNMAPPED,synthetic_demo,PACK OF 6 LARGE FRUIT STRAWS
2011-12-09,23120,SIM-DC-01,21,311.45,3,0,14,SIM-SUP-02,UNMAPPED,synthetic_demo,PACK OF 6 SMALL FRUIT STRAWS
2011-12-09,23121,SIM-DC-01,29,673.13,0,3,5,SIM-SUP-07,UNMAPPED,synthetic_demo,PACK OF 6 COCKTAIL PARASOL STRAWS
2011-12-09,23122,SIM-DC-01,46,1051.54,0,1,7,SIM-SUP-12,UNMAPPED,synthetic_demo,PARTY CHARMS 50 PIECES
2011-12-09,23123,SIM-DC-01,29,685.01,0,2,10,SIM-SUP-05,UNMAPPED,synthetic_demo,COCKTAIL SWORDS 50 PIECES
2011-12-09,23124,SIM-DC-01,1,11.62,0,0,5,SIM-SUP-03,UNMAPPED,synthetic_demo,18PC WOODEN CUTLERY SET DISPOSABLE
2011-12-09,23126,SIM-DC-01,99,2140.61,0,10,14,SIM-SUP-07,UNMAPPED,synthetic_demo,FELTCRAFT GIRL AMELIE KIT
2011-12-09,23127,SIM-DC-01,101,1817.04,0,10,14,SIM-SUP-05,UNMAPPED,synthetic_demo,FELTCRAFT GIRL NICOLE KIT
2011-12-09,23128,SIM-DC-01,10,84.28,0,1,3,SIM-SUP-12,UNMAPPED,synthetic_demo,FELTCRAFT BOY JEAN-PAUL KIT
2011-12-09,23129,SIM-DC-01,65,148.26,0,6,10,SIM-SUP-04,UNMAPPED,synthetic_demo,HEART SHAPED HOLLY WREATH
2011-12-09,23130,SIM-DC-01,135,1624.11,22,16,10,SIM-SUP-09,UNMAPPED,synthetic_demo,MISTLETOE HEART WREATH GREEN
2011-12-09,23131,SIM-DC-01,20,457.89,0,3,14,SIM-SUP-06,UNMAPPED,synthetic_demo,MISTLETOE HEART WREATH CREAM
2011-12-09,23132,SIM-DC-01,8,123.98,0,1,3,SIM-SUP-10,UNMAPPED,synthetic_demo,SMALL IVORY HEART WALL ORGANISER
2011-12-09,23133,SIM-DC-01,19,401.32,6,0,10,SIM-SUP-07,UNMAPPED,synthetic_demo,LARGE IVORY HEART WALL ORGANISER
2011-12-09,23134,SIM-DC-01,1,4.43,0,0,5,SIM-SUP-08,UNMAPPED,synthetic_demo,UNKNOWN
2011-12-09,23135,SIM-DC-01,6,97.82,0,0,14,SIM-SUP-06,UNMAPPED,synthetic_demo,SMALL ZINC HEART WALL ORGANISER
2011-12-09,23136,SIM-DC-01,10,196.26,0,1,14,SIM-SUP-06,UNMAPPED,synthetic_demo,IVORY WIRE SWEETHEART LETTER TRAY
2011-12-09,23138,SIM-DC-01,3,52.99,0,0,14,SIM-SUP-09,UNMAPPED,synthetic_demo,SINGLE WIRE HOOK IVORY HEART
2011-12-09,23140,SIM-DC-01,1,3.72,0,0,10,SIM-SUP-02,UNMAPPED,synthetic_demo,TRIPLE WIRE HOOK IVORY HEART
2011-12-09,23144,SIM-DC-01,80,1286.53,1,4,5,SIM-SUP-12,UNMAPPED,synthetic_demo,ZINC T-LIGHT HOLDER STARS SMALL
2011-12-09,23145,SIM-DC-01,20,279.67,0,2,5,SIM-SUP-08,UNMAPPED,synthetic_demo,ZINC T-LIGHT HOLDER STAR LARGE
2011-12-09,23146,SIM-DC-01,54,1326.53,0,4,14,SIM-SUP-07,UNMAPPED,synthetic_demo,TRIPLE HOOK ANTIQUE IVORY ROSE
2011-12-09,23147,SIM-DC-01,72,1376.61,0,5,14,SIM-SUP-04,UNMAPPED,synthetic_demo,SINGLE ANTIQUE ROSE HOOK IVORY
2011-12-09,23148,SIM-DC-01,20,84.39,15,3,14,SIM-SUP-10,UNMAPPED,synthetic_demo,MINIATURE ANTIQUE ROSE HOOK IVORY
2011-12-09,23150,SIM-DC-01,8,125.93,0,1,7,SIM-SUP-02,UNMAPPED,synthetic_demo,IVORY SWEETHEART SOAP DISH
2011-12-09,23152,SIM-DC-01,15,153.16,2,1,10,SIM-SUP-09,UNMAPPED,synthetic_demo,IVORY SWEETHEART WIRE LETTER RACK
2011-12-09,23153,SIM-DC-01,5,120.41,0,0,5,SIM-SUP-03,UNMAPPED,synthetic_demo,ZINC SWEETHEART WIRE LETTER RACK
2011-12-09,23154,SIM-DC-01,54,512.30,15,1,10,SIM-SUP-09,UNMAPPED,synthetic_demo,SET OF 4 JAM JAR MAGNETS
2011-12-09,23155,SIM-DC-01,34,220.29,9,3,10,SIM-SUP-05,UNMAPPED,synthetic_demo,KNICKERBOCKERGLORY MAGNET ASSORTED
2011-12-09,23156,SIM-DC-01,59,198.97,14,3,7,SIM-SUP-08,UNMAPPED,synthetic_demo,SET OF 5 MINI GROCERY MAGNETS
2011-12-09,23157,SIM-DC-01,176,2593.65,54,5,10,SIM-SUP-10,UNMAPPED,synthetic_demo,SET OF 6 NATIVITY MAGNETS
2011-12-09,23158,SIM-DC-01,45,595.45,0,4,7,SIM-SUP-07,UNMAPPED,synthetic_demo,SET OF 5 LUCKY CAT MAGNETS
2011-12-09,23159,SIM-DC-01,31,382.42,0,4,3,SIM-SUP-06,UNMAPPED,synthetic_demo,SET OF 5 PANCAKE DAY MAGNETS
2011-12-09,23160,SIM-DC-01,8,39.40,0,1,14,SIM-SUP-01,UNMAPPED,synthetic_demo,REGENCY TEA SPOON
2011-12-09,23161,SIM-DC-01,23,91.75,2,3,14,SIM-SUP-04,UNMAPPED,synthetic_demo,REGENCY CAKE FORK
2011-12-09,23162,SIM-DC-01,36,697.52,13,5,14,SIM-SUP-12,UNMAPPED,synthetic_demo,REGENCY TEA STRAINER
2011-12-09,23163,SIM-DC-01,20,125.84,0,2,3,SIM-SUP-08,UNMAPPED,synthetic_demo,REGENCY SUGAR TONGS
2011-12-09,23164,SIM-DC-01,5,16.56,0,0,5,SIM-SUP-05,UNMAPPED,synthetic_demo,REGENCY CAKE SLICE
2011-12-09,23165,SIM-DC-01,91,2151.32,11,3,7,SIM-SUP-07,UNMAPPED,synthetic_demo,LARGE CERAMIC TOP STORAGE JAR
2011-12-09,23166,SIM-DC-01,107,2150.31,0,10,5,SIM-SUP-08,UNMAPPED,synthetic_demo,MEDIUM CERAMIC TOP STORAGE JAR
2011-12-09,23167,SIM-DC-01,197,985.14,0,24,14,SIM-SUP-03,UNMAPPED,synthetic_demo,SMALL CERAMIC TOP STORAGE JAR
2011-12-09,23168,SIM-DC-01,34,339.38,0,4,3,SIM-SUP-12,UNMAPPED,synthetic_demo,CLASSIC CAFE SUGAR DISPENSER
2011-12-09,23169,SIM-DC-01,106,2475.66,82,7,14,SIM-SUP-01,UNMAPPED,synthetic_demo,CLASSIC GLASS COOKIE JAR
2011-12-09,23170,SIM-DC-01,54,292.21,0,3,5,SIM-SUP-06,UNMAPPED,synthetic_demo,REGENCY TEA PLATE ROSES
2011-12-09,23171,SIM-DC-01,58,925.73,10,7,5,SIM-SUP-04,UNMAPPED,synthetic_demo,REGENCY TEA PLATE GREEN
2011-12-09,23172,SIM-DC-01,53,1068.36,0,2,14,SIM-SUP-04,UNMAPPED,synthetic_demo,REGENCY TEA PLATE PINK
2011-12-09,23173,SIM-DC-01,38,699.38,0,3,14,SIM-SUP-11,UNMAPPED,synthetic_demo,REGENCY TEAPOT ROSES
2011-12-09,23174,SIM-DC-01,61,957.51,0,5,10,SIM-SUP-01,UNMAPPED,synthetic_demo,REGENCY SUGAR BOWL GREEN
2011-12-09,23175,SIM-DC-01,15,119.51,0,1,14,SIM-SUP-11,UNMAPPED,synthetic_demo,REGENCY MILK JUG PINK
2011-12-09,23176,SIM-DC-01,34,684.76,0,2,3,SIM-SUP-10,UNMAPPED,synthetic_demo,ABC TREASURE BOOK BOX
2011-12-09,23177,SIM-DC-01,165,4087.17,0,6,14,SIM-SUP-09,UNMAPPED,synthetic_demo,TREASURE ISLAND BOOK BOX
2011-12-09,23178,SIM-DC-01,7,108.67,0,1,3,SIM-SUP-07,UNMAPPED,synthetic_demo,JAM CLOCK MAGNET
2011-12-09,23179,SIM-DC-01,5,56.06,0,1,5,SIM-SUP-02,UNMAPPED,synthetic_demo,CLOCK MAGNET MUM'S KITCHEN
2011-12-09,23180,SIM-DC-01,6,29.13,2,0,10,SIM-SUP-02,UNMAPPED,synthetic_demo,MUM'S KITCHEN CLOCK
2011-12-09,23181,SIM-DC-01,12,97.86,4,1,14,SIM-SUP-03,UNMAPPED,synthetic_demo,BULL DOG BOTTLE TOP WALL CLOCK
2011-12-09,23182,SIM-DC-01,102,2161.01,0,11,7,SIM-SUP-04,UNMAPPED,synthetic_demo,TOILET SIGN OCCUPIED OR VACANT
2011-12-09,23183,SIM-DC-01,11,206.33,0,2,14,SIM-SUP-06,UNMAPPED,synthetic_demo,MOTHER'S KITCHEN SPOON REST
2011-12-09,23184,SIM-DC-01,14,194.46,5,0,3,SIM-SUP-07,UNMAPPED,synthetic_demo,BULL DOG BOTTLE OPENER
2011-12-09,23186,SIM-DC-01,14,118.39,0,2,3,SIM-SUP-10,UNMAPPED,synthetic_demo,FRENCH STYLE STORAGE JAR CAFE
2011-12-09,23187,SIM-DC-01,2,34.08,0,0,5,SIM-SUP-01,UNMAPPED,synthetic_demo,FRENCH STYLE STORAGE JAR BONBONS
2011-12-09,23188,SIM-DC-01,43,850.79,0,1,7,SIM-SUP-12,UNMAPPED,synthetic_demo,VINTAGE 2 METRE FOLDING RULER
2011-12-09,23189,SIM-DC-01,92,1427.30,33,3,10,SIM-SUP-07,UNMAPPED,synthetic_demo,SET OF 12 FORK CANDLES
2011-12-09,23190,SIM-DC-01,22,363.69,0,0,5,SIM-SUP-02,UNMAPPED,synthetic_demo,BUNDLE OF 3 SCHOOL EXERCISE BOOKS
2011-12-09,23191,SIM-DC-01,139,765.37,0,12,10,SIM-SUP-07,UNMAPPED,synthetic_demo,BUNDLE OF 3 RETRO NOTE BOOKS
2011-12-09,23192,SIM-DC-01,151,3303.11,37,12,10,SIM-SUP-11,UNMAPPED,synthetic_demo,BUNDLE OF 3 ALPHABET EXERCISE BOOKS
2011-12-09,23193,SIM-DC-01,76,1030.81,0,6,10,SIM-SUP-01,UNMAPPED,synthetic_demo,BUFFALO BILL TREASURE BOOK BOX
2011-12-09,23194,SIM-DC-01,28,264.03,14,3,7,SIM-SUP-06,UNMAPPED,synthetic_demo,GYMKHANA TREASURE BOOK BOX
2011-12-09,23196,SIM-DC-01,42,890.02,25,0,7,SIM-SUP-11,UNMAPPED,synthetic_demo,VINTAGE LEAF MAGNETIC NOTEPAD
2011-12-09,23197,SIM-DC-01,106,1758.75,5,1,5,SIM-SUP-09,UNMAPPED,synthetic_demo,SKETCHBOOK MAGNETIC SHOPPING LIST
2011-12-09,23198,SIM-DC-01,53,507.55,0,4,3,SIM-SUP-07,UNMAPPED,synthetic_demo,PANTRY MAGNETIC SHOPPING LIST
2011-12-09,23199,SIM-DC-01,165,4087.54,8,14,3,SIM-SUP-10,UNMAPPED,synthetic_demo,JUMBO BAG APPLES
2011-12-09,23200,SIM-DC-01,161,2945.24,0,13,14,SIM-SUP-06,UNMAPPED,synthetic_demo,JUMBO BAG PEARS
2011-12-09,23201,SIM-DC-01,552,5288.75,0,76,14,SIM-SUP-10,UNMAPPED,synthetic_demo,JUMBO BAG ALPHABET
2011-12-09,23202,SIM-DC-01,134,743.06,0,11,3,SIM-SUP-09,UNMAPPED,synthetic_demo,JUMBO BAG VINTAGE LEAF
2011-12-09,23203,SIM-DC-01,236,3901.93,0,17,7,SIM-SUP-10,UNMAPPED,synthetic_demo,JUMBO BAG VINTAGE DOILY
2011-12-09,23204,SIM-DC-01,136,2344.31,0,12,3,SIM-SUP-10,UNMAPPED,synthetic_demo,CHARLOTTE BAG APPLES DESIGN
2011-12-09,23205,SIM-DC-01,200,3158.18,0,3,14,SIM-SUP-01,UNMAPPED,synthetic_demo,CHARLOTTE BAG VINTAGE ALPHABET
2011-12-09,23206,SIM-DC-01,230,894.38,0,14,7,SIM-SUP-06,UNMAPPED,synthetic_demo,LUNCH BAG APPLE DESIGN
2011-12-09,23207,SIM-DC-01,199,3183.12,36,3,5,SIM-SUP-02,UNMAPPED,synthetic_demo,LUNCH BAG ALPHABET DESIGN
2011-12-09,23208,SIM-DC-01,71,742.14,0,2,5,SIM-SUP-11,UNMAPPED,synthetic_demo,LUNCH BAG VINTAGE LEAF DESIGN
2011-12-09,23209,SIM-DC-01,331,7235.76,0,4,7,SIM-SUP-09,UNMAPPED,synthetic_demo,LUNCH BAG VINTAGE DOILY
2011-12-09,23210,SIM-DC-01,107,1672.74,0,8,14,SIM-SUP-05,UNMAPPED,synthetic_demo,WHITE ROCKING HORSE HAND PAINTED
2011-12-09,23211,SIM-DC-01,66,1122.06,48,8,7,SIM-SUP-03,UNMAPPED,synthetic_demo,RED ROCKING HORSE HAND PAINTED
2011-12-09,23212,SIM-DC-01,56,573.27,0,8,3,SIM-SUP-04,UNMAPPED,synthetic_demo,HEART WREATH DECORATION WITH BELL
2011-12-09,23213,SIM-DC-01,73,1702.63,0,4,3,SIM-SUP-07,UNMAPPED,synthetic_demo,STAR WREATH DECORATION WITH BELL
2011-12-09,23214,SIM-DC-01,18,402.26,0,1,3,SIM-SUP-07,UNMAPPED,synthetic_demo,JINGLE BELL HEART ANTIQUE GOLD
2011-12-09,23215,SIM-DC-01,264,3357.81,0,25,7,SIM-SUP-05,UNMAPPED,synthetic_demo,JINGLE BELL HEART ANTIQUE SILVER
2011-12-09,23217,SIM-DC-01,44,1037.08,23,4,10,SIM-SUP-01,UNMAPPED,synthetic_demo,LAUREL HEART ANTIQUE SILVER
2011-12-09,23220,SIM-DC-01,62,1032.67,8,9,7,SIM-SUP-01,UNMAPPED,synthetic_demo,REINDEER HEART DECORATION GOLD
2011-12-09,23221,SIM-DC-01,33,256.02,0,3,5,SIM-SUP-02,UNMAPPED,synthetic_demo,REINDEER HEART DECORATION SILVER
2011-12-09,23222,SIM-DC-01,79,1700.87,4,10,10,SIM-SUP-09,UNMAPPED,synthetic_demo,CHRISTMAS TREE HANGING GOLD
2011-12-09,23223,SIM-DC-01,40,461.45,0,2,7,SIM-SUP-04,UNMAPPED,synthetic_demo,CHRISTMAS TREE HANGING SILVER
2011-12-09,23224,SIM-DC-01,104,803.11,5,6,14,SIM-SUP-01,UNMAPPED,synthetic_demo,CHERUB HEART DECORATION GOLD
2011-12-09,23225,SIM-DC-01,44,326.51,4,0,3,SIM-SUP-11,UNMAPPED,synthetic_demo,CHERUB HEART DECORATION SILVER
2011-12-09,23226,SIM-DC-01,27,119.80,0,2,14,SIM-SUP-08,UNMAPPED,synthetic_demo,FILIGREE HEART DAISY WHITE
2011-12-09,23227,SIM-DC-01,14,66.86,0,2,5,SIM-SUP-11,UNMAPPED,synthetic_demo,FILIGREE HEART BUTTERFLY WHITE
2011-12-09,23228,SIM-DC-01,70,1729.86,13,3,7,SIM-SUP-12,UNMAPPED,synthetic_demo,FILIGREE HEART BIRD WHITE
2011-12-09,23229,SIM-DC-01,115,1004.21,29,4,7,SIM-SUP-08,UNMAPPED,synthetic_demo,VINTAGE DONKEY TAIL GAME
2011-12-09,23230,SIM-DC-01,40,630.18,0,1,3,SIM-SUP-12,UNMAPPED,synthetic_demo,WRAP ALPHABET DESIGN
2011-12-09,23231,SIM-DC-01,169,2777.51,0,9,7,SIM-SUP-02,UNMAPPED,synthetic_demo,WRAP VINTAGE DOILY
2011-12-09,23232,SIM-DC-01,70,311.84,0,8,5,SIM-SUP-07,UNMAPPED,synthetic_demo,WRAP VINTAGE LEAF DESIGN
2011-12-09,23233,SIM-DC-01,21,308.10,0,3,14,SIM-SUP-11,UNMAPPED,synthetic_demo,WRAP POPPIES DESIGN
2011-12-09,23234,SIM-DC-01,303,1113.17,45,9,14,SIM-SUP-03,UNMAPPED,synthetic_demo,BISCUIT TIN VINTAGE CHRISTMAS
2011-12-09,23235,SIM-DC-01,11,229.40,4,1,7,SIM-SUP-06,UNMAPPED,synthetic_demo,STORAGE TIN VINTAGE LEAF
2011-12-09,23236,SIM-DC-01,35,825.41,0,3,7,SIM-SUP-01,UNMAPPED,synthetic_demo,STORAGE TIN VINTAGE DOILY
2011-12-09,23237,SIM-DC-01,31,587.98,0,3,14,SIM-SUP-03,UNMAPPED,synthetic_demo,SET OF 4 KNICK KNACK TINS LEAF
2011-12-09,23238,SIM-DC-01,46,261.22,4,2,3,SIM-SUP-06,UNMAPPED,synthetic_demo,SET OF 4 KNICK KNACK TINS LONDON
2011-12-09,23239,SIM-DC-01,42,227.98,0,3,10,SIM-SUP-11,UNMAPPED,synthetic_demo,SET OF 4 KNICK KNACK TINS POPPIES
2011-12-09,23240,SIM-DC-01,63,448.72,34,4,5,SIM-SUP-02,UNMAPPED,synthetic_demo,SET OF 4 KNICK KNACK TINS DOILY
2011-12-09,23241,SIM-DC-01,64,1070.35,14,5,3,SIM-SUP-08,UNMAPPED,synthetic_demo,TREASURE TIN GYMKHANA DESIGN
2011-12-09,23242,SIM-DC-01,77,1530.59,9,11,7,SIM-SUP-11,UNMAPPED,synthetic_demo,TREASURE TIN BUFFALO BILL
2011-12-09,23243,SIM-DC-01,124,2702.54,23,14,5,SIM-SUP-12,UNMAPPED,synthetic_demo,SET OF TEA COFFEE SUGAR TINS PANTRY
2011-12-09,23244,SIM-DC-01,9,41.77,0,1,5,SIM-SUP-09,UNMAPPED,synthetic_demo,ROUND STORAGE TIN VINTAGE LEAF
2011-12-09,23245,SIM-DC-01,220,892.92,122,20,10,SIM-SUP-12,UNMAPPED,synthetic_demo,SET OF 3 REGENCY CAKE TINS
2011-12-09,23247,SIM-DC-01,168,2647.70,0,12,7,SIM-SUP-05,UNMAPPED,synthetic_demo,BISCUIT TIN 50'S CHRISTMAS
2011-12-09,23249,SIM-DC-01,7,32.64,4,1,10,SIM-SUP-07,UNMAPPED,synthetic_demo,VINTAGE RED ENAMEL TRIM PLATE
2011-12-09,23250,SIM-DC-01,37,445.67,0,4,3,SIM-SUP-08,UNMAPPED,synthetic_demo,VINTAGE RED TRIM ENAMEL BOWL
2011-12-09,23251,SIM-DC-01,33,722.87,3,4,5,SIM-SUP-11,UNMAPPED,synthetic_demo,VINTAGE RED ENAMEL TRIM MUG
2011-12-09,23252,SIM-DC-01,11,248.48,0,2,14,SIM-SUP-04,UNMAPPED,synthetic_demo,VINTAGE RED ENAMEL TRIM JUG
2011-12-09,23253,SIM-DC-01,5,45.67,0,0,5,SIM-SUP-07,UNMAPPED,synthetic_demo,16 PIECE CUTLERY SET PANTRY DESIGN
2011-12-09,23254,SIM-DC-01,153,1525.60,0,8,14,SIM-SUP-12,UNMAPPED,synthetic_demo,CHILDRENS CUTLERY DOLLY GIRL
2011-12-09,23255,SIM-DC-01,24,264.92,0,1,10,SIM-SUP-03,UNMAPPED,synthetic_demo,CHILDRENS CUTLERY CIRCUS PARADE
2011-12-09,23256,SIM-DC-01,184,3059.07,37,3,14,SIM-SUP-03,UNMAPPED,synthetic_demo,CHILDRENS CUTLERY SPACEBOY
2011-12-09,23263,SIM-DC-01,329,879.98,0,47,7,SIM-SUP-11,UNMAPPED,synthetic_demo,SET OF 3 WOODEN HEART DECORATIONS
2011-12-09,23264,SIM-DC-01,120,973.24,0,12,3,SIM-SUP-10,UNMAPPED,synthetic_demo,SET OF 3 WOODEN SLEIGH DECORATIONS
2011-12-09,23265,SIM-DC-01,356,7573.78,0,2,10,SIM-SUP-08,UNMAPPED,synthetic_demo,SET OF 3 WOODEN TREE DECORATIONS
2011-12-09,23266,SIM-DC-01,59,123.58,0,3,3,SIM-SUP-11,UNMAPPED,synthetic_demo,SET OF 3 WOODEN STOCKING DECORATION
2011-12-09,23267,SIM-DC-01,124,1748.35,28,14,10,SIM-SUP-10,UNMAPPED,synthetic_demo,SET OF 4 SANTA PLACE SETTINGS
2011-12-09,23268,SIM-DC-01,2,20.28,0,0,7,SIM-SUP-07,UNMAPPED,synthetic_demo,UNKNOWN
2011-12-09,23269,SIM-DC-01,33,584.47,0,0,5,SIM-SUP-07,UNMAPPED,synthetic_demo,SET OF 2 CERAMIC CHRISTMAS TREES
2011-12-09,23270,SIM-DC-01,7,106.79,0,0,5,SIM-SUP-12,UNMAPPED,synthetic_demo,SET OF 2 CERAMIC PAINTED HEARTS
2011-12-09,23271,SIM-DC-01,92,439.88,15,10,14,SIM-SUP-12,UNMAPPED,synthetic_demo,CHRISTMAS TABLE SILVER CANDLE SPIKE
2011-12-09,23273,SIM-DC-01,49,480.42,36,3,14,SIM-SUP-04,UNMAPPED,synthetic_demo,HEART T-LIGHT HOLDER WILLIE WINKIE
2011-12-09,23274,SIM-DC-01,41,466.14,0,3,3,SIM-SUP-12,UNMAPPED,synthetic_demo,STAR T-LIGHT HOLDER WILLIE WINKIE
2011-12-09,23275,SIM-DC-01,110,1183.45,0,3,5,SIM-SUP-05,UNMAPPED,synthetic_demo,SET OF 3 HANGING OWLS OLLIE BEAK
2011-12-09,23280,SIM-DC-01,128,3044.12,19,10,10,SIM-SUP-07,UNMAPPED,synthetic_demo,FOLDING BUTTERFLY MIRROR HOT PINK
2011-12-09,23281,SIM-DC-01,16,247.84,0,2,3,SIM-SUP-06,UNMAPPED,synthetic_demo,FOLDING BUTTERFLY MIRROR RED
2011-12-09,23282,SIM-DC-01,16,135.16,7,0,14,SIM-SUP-10,UNMAPPED,synthetic_demo,FOLDING BUTTERFLY MIRROR IVORY
2011-12-09,23283,SIM-DC-01,28,383.85,7,1,5,SIM-SUP-01,UNMAPPED,synthetic_demo,DOORMAT VINTAGE LEAF
2011-12-09,23284,SIM-DC-01,120,823.65,0,16,3,SIM-SUP-10,UNMAPPED,synthetic_demo,DOORMAT KEEP CALM AND COME IN
2011-12-09,23285,SIM-DC-01,10,218.53,5,0,7,SIM-SUP-04,UNMAPPED,synthetic_demo,PINK VINTAGE SPOT BEAKER
2011-12-09,23286,SIM-DC-01,41,682.80,21,2,14,SIM-SUP-09,UNMAPPED,synthetic_demo,BLUE VINTAGE SPOT BEAKER
2011-12-09,23287,SIM-DC-01,22,102.53,0,1,7,SIM-SUP-01,UNMAPPED,synthetic_demo,RED VINTAGE SPOT BEAKER
2011-12-09,23288,SIM-DC-01,46,776.32,15,5,10,SIM-SUP-12,UNMAPPED,synthetic_demo,GREEN VINTAGE SPOT BEAKER
2011-12-09,23289,SIM-DC-01,55,1156.86,0,3,5,SIM-SUP-01,UNMAPPED,synthetic_demo,DOLLY GIRL CHILDRENS BOWL
2011-12-09,23290,SIM-DC-01,139,3401.04,0,7,10,SIM-SUP-04,UNMAPPED,synthetic_demo,SPACEBOY CHILDRENS BOWL
2011-12-09,23291,SIM-DC-01,24,555.01,2,1,3,SIM-SUP-11,UNMAPPED,synthetic_demo,DOLLY GIRL CHILDRENS CUP
2011-12-09,23292,SIM-DC-01,65,1079.78,9,8,3,SIM-SUP-06,UNMAPPED,synthetic_demo,SPACEBOY CHILDRENS CUP
2011-12-09,23293,SIM-DC-01,492,10829.64,0,5,10,SIM-SUP-12,UNMAPPED,synthetic_demo,SET OF 12 FAIRY CAKE BAKING CASES
2011-12-09,23294,SIM-DC-01,221,2316.46,0,9,14,SIM-SUP-05,UNMAPPED,synthetic_demo,SET OF 6 SNACK LOAF BAKING CASES
2011-12-09,23295,SIM-DC-01,73,1095.13,0,10,3,SIM-SUP-07,UNMAPPED,synthetic_demo,SET OF 12 MINI LOAF BAKING CASES
2011-12-09,23296,SIM-DC-01,485,4988.71,0,15,14,SIM-SUP-04,UNMAPPED,synthetic_demo,SET OF 6 TEA TIME BAKING CASES
2011-12-09,23297,SIM-DC-01,4,35.36,0,1,10,SIM-SUP-08,UNMAPPED,synthetic_demo,SET 40 HEART SHAPE PETIT FOUR CASES
2011-12-09,23298,SIM-DC-01,181,3267.59,0,8,14,SIM-SUP-08,UNMAPPED,synthetic_demo,SPOTTY BUNTING
2011-12-09,23299,SIM-DC-01,6,134.85,1,1,3,SIM-SUP-09,UNMAPPED,synthetic_demo,FOOD COVER WITH BEADS SET 2
2011-12-09,23300,SIM-DC-01,194,3842.06,0,9,5,SIM-SUP-06,UNMAPPED,synthetic_demo,GARDENERS KNEELING PAD CUP OF TEA
2011-12-09,23301,SIM-DC-01,435,9389.74,81,11,10,SIM-SUP-05,UNMAPPED,synthetic_demo,GARDENERS KNEELING PAD KEEP CALM
2011-12-09,23302,SIM-DC-01,26,365.69,0,2,7,SIM-SUP-11,UNMAPPED,synthetic_demo,KNEELING MAT HOUSEWORK DESIGN
2011-12-09,23306,SIM-DC-01,18,145.41,3,2,7,SIM-SUP-09,UNMAPPED,synthetic_demo,SET OF 36 PANTRY PAPER DOILIES
2011-12-09,23307,SIM-DC-01,81,1392.84,28,5,3,SIM-SUP-11,UNMAPPED,synthetic_demo,SET OF 60 PANTRY DESIGN CAKE CASES
2011-12-09,23308,SIM-DC-01,39,567.04,0,4,3,SIM-SUP-08,UNMAPPED,synthetic_demo,SET OF 60 VINTAGE LEAF CAKE CASES
2011-12-09,23309,SIM-DC-01,151,3771.72,6,14,3,SIM-SUP-11,UNMAPPED,synthetic_demo,SET OF 60 I LOVE LONDON CAKE CASES
2011-12-09,23310,SIM-DC-01,164,1974.43,0,23,7,SIM-SUP-03,UNMAPPED,synthetic_demo,BUBBLEGUM RING ASSORTED
2011-12-09,23311,SIM-DC-01,508,1101.19,164,10,14,SIM-SUP-11,UNMAPPED,synthetic_demo,VINTAGE CHRISTMAS STOCKING
2011-12-09,23312,SIM-DC-01,125,2625.75,0,12,3,SIM-SUP-08,UNMAPPED,synthetic_demo,VINTAGE CHRISTMAS GIFT SACK
2011-12-09,23313,SIM-DC-01,365,6917.05,30,12,14,SIM-SUP-02,UNMAPPED,synthetic_demo,VINTAGE CHRISTMAS BUNTING
2011-12-09,23314,SIM-DC-01,18,59.30,0,1,14,SIM-SUP-10,UNMAPPED,synthetic_demo,VINTAGE CHRISTMAS TABLECLOTH
2011-12-09,23315,SIM-DC-01,6,131.20,1,1,5,SIM-SUP-08,UNMAPPED,synthetic_demo,IVORY REFECTORY CLOCK
2011-12-09,23316,SIM-DC-01,14,182.17,3,2,5,SIM-SUP-05,UNMAPPED,synthetic_demo,RED REFECTORY CLOCK
2011-12-09,23317,SIM-DC-01,18,77.92,0,3,14,SIM-SUP-07,UNMAPPED,synthetic_demo,BLUE REFECTORY CLOCK
2011-12-09,23318,SIM-DC-01,367,2045.80,0,50,14,SIM-SUP-02,UNMAPPED,synthetic_demo,BOX OF 6 MINI VINTAGE CRACKERS
2011-12-09,23319,SIM-DC-01,131,1837.18,28,7,3,SIM-SUP-06,UNMAPPED,synthetic_demo,BOX OF 6 MINI 50'S CRACKERS
2011-12-09,23320,SIM-DC-01,146,1074.40,0,5,10,SIM-SUP-06,UNMAPPED,synthetic_demo,GIANT 50'S CHRISTMAS CRACKER
2011-12-09,23321,SIM-DC-01,161,1829.60,0,21,7,SIM-SUP-08,UNMAPPED,synthetic_demo,SMALL WHITE HEART OF WICKER
2011-12-09,23322,SIM-DC-01,339,2939.70,0,35,14,SIM-SUP-01,UNMAPPED,synthetic_demo,LARGE WHITE HEART OF WICKER
2011-12-09,23323,SIM-DC-01,173,1483.24,0,13,10,SIM-SUP-11,UNMAPPED,synthetic_demo,WHITE WICKER STAR
2011-12-09,23324,SIM-DC-01,6,132.26,0,1,10,SIM-SUP-02,UNMAPPED,synthetic_demo,RUSTIC STRAWBERRY JAM POT LARGE
2011-12-09,23326,SIM-DC-01,21,280.80,0,3,5,SIM-SUP-12,UNMAPPED,synthetic_demo,HANGING MINI COLOURED BOTTLES
2011-12-09,23328,SIM-DC-01,134,990.47,35,0,3,SIM-SUP-04,UNMAPPED,synthetic_demo,SET 6 SCHOOL MILK BOTTLES IN CRATE
2011-12-09,23329,SIM-DC-01,79,1109.82,15,8,3,SIM-SUP-02,UNMAPPED,synthetic_demo,DECORATIVE WICKER HEART LARGE
2011-12-09,23330,SIM-DC-01,155,1277.96,0,7,5,SIM-SUP-10,UNMAPPED,synthetic_demo,DECORATIVE WICKER HEART MEDIUM
2011-12-09,23331,SIM-DC-01,64,767.08,2,3,5,SIM-SUP-08,UNMAPPED,synthetic_demo,DECORATIVE WICKER HEART SMALL
2011-12-09,23332,SIM-DC-01,285,1664.63,0,37,10,SIM-SUP-07,UNMAPPED,synthetic_demo,IVORY WICKER HEART LARGE
2011-12-09,23333,SIM-DC-01,231,2089.34,0,7,14,SIM-SUP-11,UNMAPPED,synthetic_demo,IVORY WICKER HEART MEDIUM
2011-12-09,23334,SIM-DC-01,80,1258.87,0,3,10,SIM-SUP-07,UNMAPPED,synthetic_demo,IVORY WICKER HEART SMALL
2011-12-09,23335,SIM-DC-01,28,517.67,0,1,5,SIM-SUP-08,UNMAPPED,synthetic_demo,EGG FRYING PAN IVORY
2011-12-09,23336,SIM-DC-01,28,510.70,0,2,10,SIM-SUP-09,UNMAPPED,synthetic_demo,EGG FRYING PAN PINK
2011-12-09,23337,SIM-DC-01,11,187.38,0,0,5,SIM-SUP-07,UNMAPPED,synthetic_demo,EGG FRYING PAN MINT
2011-12-09,23338,SIM-DC-01,22,83.35,0,2,10,SIM-SUP-02,UNMAPPED,synthetic_demo,EGG FRYING PAN RED
2011-12-09,23339,SIM-DC-01,5,87.29,0,0,3,SIM-SUP-09,UNMAPPED,synthetic_demo,EGG FRYING PAN BLUE
2011-12-09,23340,SIM-DC-01,57,1399.17,0,0,10,SIM-SUP-09,UNMAPPED,synthetic_demo,VINTAGE CHRISTMAS CAKE FRILL
2011-12-09,23341,SIM-DC-01,26,400.06,0,2,10,SIM-SUP-09,UNMAPPED,synthetic_demo,PINK DINER WALL CLOCK
2011-12-09,23342,SIM-DC-01,14,266.85,0,0,14,SIM-SUP-08,UNMAPPED,synthetic_demo,MINT DINER WALL CLOCK
2011-12-09,23343,SIM-DC-01,349,1164.74,39,47,7,SIM-SUP-08,UNMAPPED,synthetic_demo,JUMBO BAG VINTAGE CHRISTMAS
2011-12-09,23344,SIM-DC-01,518,11968.47,0,69,10,SIM-SUP-03,UNMAPPED,synthetic_demo,JUMBO BAG 50'S CHRISTMAS
2011-12-09,23345,SIM-DC-01,48,469.79,0,5,3,SIM-SUP-12,UNMAPPED,synthetic_demo,DOLLY GIRL BEAKER
2011-12-09,23346,SIM-DC-01,135,646.78,0,12,14,SIM-SUP-02,UNMAPPED,synthetic_demo,SPACEBOY BEAKER
2011-12-09,23347,SIM-DC-01,15,145.84,0,0,7,SIM-SUP-06,UNMAPPED,synthetic_demo,I LOVE LONDON BEAKER
2011-12-09,23348,SIM-DC-01,56,1180.77,0,0,10,SIM-SUP-06,UNMAPPED,synthetic_demo,UNKNOWN
2011-12-09,23349,SIM-DC-01,110,992.15,0,15,3,SIM-SUP-08,UNMAPPED,synthetic_demo,ROLL WRAP VINTAGE CHRISTMAS
2011-12-09,23350,SIM-DC-01,226,679.01,63,16,7,SIM-SUP-07,UNMAPPED,synthetic_demo,ROLL WRAP VINTAGE SPOT
2011-12-09,23351,SIM-DC-01,253,4290.63,8,30,14,SIM-SUP-07,UNMAPPED,synthetic_demo,ROLL WRAP 50'S CHRISTMAS
2011-12-09,23352,SIM-DC-01,61,604.72,18,5,3,SIM-SUP-10,UNMAPPED,synthetic_demo,ROLL WRAP 50'S RED CHRISTMAS
2011-12-09,23353,SIM-DC-01,117,2296.78,39,1,3,SIM-SUP-03,UNMAPPED,synthetic_demo,6 GIFT TAGS VINTAGE CHRISTMAS
2011-12-09,23354,SIM-DC-01,85,1373.71,0,4,3,SIM-SUP-10,UNMAPPED,synthetic_demo,6 GIFT TAGS 50'S CHRISTMAS
2011-12-09,23355,SIM-DC-01,375,8156.94,0,4,7,SIM-SUP-03,UNMAPPED,synthetic_demo,HOT WATER BOTTLE KEEP CALM
2011-12-09,23356,SIM-DC-01,150,2083.44,0,12,3,SIM-SUP-01,UNMAPPED,synthetic_demo,LOVE HOT WATER BOTTLE
2011-12-09,23357,SIM-DC-01,53,661.85,0,6,5,SIM-SUP-04,UNMAPPED,synthetic_demo,HOT WATER BOTTLE SEX BOMB
2011-12-09,23358,SIM-DC-01,85,451.73,0,12,14,SIM-SUP-01,UNMAPPED,synthetic_demo,HOT STUFF HOT WATER BOTTLE
2011-12-09,23359,SIM-DC-01,54,1285.82,0,2,7,SIM-SUP-11,UNMAPPED,synthetic_demo,SET OF 12 T-LIGHTS VINTAGE DOILY
2011-12-09,23360,SIM-DC-01,57,549.60,18,8,14,SIM-SUP-02,UNMAPPED,synthetic_demo,SET 8 CANDLES VINTAGE DOILY
2011-12-09,23365,SIM-DC-01,173,3404.72,0,2,7,SIM-SUP-07,UNMAPPED,synthetic_demo,SET 12 COLOUR PENCILS LOVE LONDON
2011-12-09,23366,SIM-DC-01,53,1298.68,0,6,5,SIM-SUP-03,UNMAPPED,synthetic_demo,SET 12 COLOURING PENCILS DOILY
2011-12-09,23367,SIM-DC-01,387,8880.37,126,18,10,SIM-SUP-02,UNMAPPED,synthetic_demo,SET 12 COLOUR PENCILS SPACEBOY
2011-12-09,23368,SIM-DC-01,112,940.06,24,3,5,SIM-SUP-12,UNMAPPED,synthetic_demo,SET 12 COLOUR PENCILS DOLLY GIRL
2011-12-09,23369,SIM-DC-01,148,1298.14,28,1,14,SIM-SUP-06,UNMAPPED,synthetic_demo,SET 36 COLOUR PENCILS LOVE LONDON
2011-12-09,23370,SIM-DC-01,126,1618.33,51,8,14,SIM-SUP-04,UNMAPPED,synthetic_demo,SET 36 COLOURING PENCILS DOILY
2011-12-09,23371,SIM-DC-01,418,8232.76,0,13,14,SIM-SUP-12,UNMAPPED,synthetic_demo,SET 36 COLOUR PENCILS SPACEBOY
2011-12-09,23372,SIM-DC-01,100,1948.33,0,14,14,SIM-SUP-11,UNMAPPED,synthetic_demo,SET 36 COLOUR PENCILS DOLLY GIRL
2011-12-09,23373,SIM-DC-01,45,677.72,19,1,14,SIM-SUP-03,UNMAPPED,synthetic_demo,VINTAGE CHRISTMAS PAPER GIFT BAG
2011-12-09,23374,SIM-DC-01,66,150.62,0,4,10,SIM-SUP-01,UNMAPPED,synthetic_demo,RED SPOT PAPER GIFT BAG
2011-12-09,23375,SIM-DC-01,51,647.43,0,6,10,SIM-SUP-02,UNMAPPED,synthetic_demo,50'S CHRISTMAS PAPER GIFT BAG
2011-12-09,23376,SIM-DC-01,472,11113.98,0,18,14,SIM-SUP-09,UNMAPPED,synthetic_demo,PACK OF 12 VINTAGE CHRISTMAS TISSUE
2011-12-09,23377,SIM-DC-01,25,165.45,0,2,7,SIM-SUP-12,UNMAPPED,synthetic_demo,PACK OF 12 DOLLY GIRL TISSUES
2011-12-09,23378,SIM-DC-01,106,2190.36,0,6,3,SIM-SUP-01,UNMAPPED,synthetic_demo,PACK OF 12 50'S CHRISTMAS TISSUES
2011-12-09,23379,SIM-DC-01,32,483.29,10,3,7,SIM-SUP-04,UNMAPPED,synthetic_demo,PACK OF 12 RED APPLE TISSUES
2011-12-09,23380,SIM-DC-01,41,384.18,0,2,7,SIM-SUP-06,UNMAPPED,synthetic_demo,PACK OF 12 VINTAGE DOILY TISSUES
2011-12-09,23381,SIM-DC-01,16,112.99,0,2,3,SIM-SUP-04,UNMAPPED,synthetic_demo,PACK OF 12 VINTAGE LEAF TISSUES
2011-12-09,23388,SIM-DC-01,49,298.57,0,4,7,SIM-SUP-03,UNMAPPED,synthetic_demo,WOODLAND MINI BACKPACK
2011-12-09,23389,SIM-DC-01,50,138.37,0,5,5,SIM-SUP-05,UNMAPPED,synthetic_demo,SPACEBOY MINI BACKPACK
2011-12-09,23390,SIM-DC-01,57,1377.43,7,4,7,SIM-SUP-10,UNMAPPED,synthetic_demo,DOLLY GIRL MINI BACKPACK
2011-12-09,23391,SIM-DC-01,17,88.79,3,1,5,SIM-SUP-10,UNMAPPED,synthetic_demo,I LOVE LONDON MINI BACKPACK
2011-12-09,23392,SIM-DC-01,141,979.09,0,16,14,SIM-SUP-04,UNMAPPED,synthetic_demo,SPACEBOY ROCKET LOLLY MAKERS
2011-12-09,23393,SIM-DC-01,158,1889.43,0,13,10,SIM-SUP-07,UNMAPPED,synthetic_demo,HOME SWEET HOME CUSHION COVER
2011-12-09,23394,SIM-DC-01,51,1072.30,0,2,7,SIM-SUP-09,UNMAPPED,synthetic_demo,POSTE FRANCE CUSHION COVER
2011-12-09,23395,SIM-DC-01,83,1722.78,0,9,10,SIM-SUP-04,UNMAPPED,synthetic_demo,BELLE JARDINIERE CUSHION COVER
2011-12-09,23396,SIM-DC-01,57,692.71,14,3,14,SIM-SUP-09,UNMAPPED,synthetic_demo,LE JARDIN BOTANIQUE CUSHION COVER
2011-12-09,23397,SIM-DC-01,53,540.66,0,4,7,SIM-SUP-08,UNMAPPED,synthetic_demo,FOOT STOOL HOME SWEET HOME
2011-12-09,23398,SIM-DC-01,17,161.99,6,0,5,SIM-SUP-05,UNMAPPED,synthetic_demo,HANGING HEART BONHEUR
2011-12-09,23399,SIM-DC-01,352,8463.25,0,46,14,SIM-SUP-09,UNMAPPED,synthetic_demo,HOME SWEET HOME HANGING HEART
2011-12-09,23400,SIM-DC-01,6,130.40,2,1,3,SIM-SUP-05,UNMAPPED,synthetic_demo,SHELF WITH 4 HOOKS HOME SWEET HOME
2011-12-09,23401,SIM-DC-01,25,343.80,0,3,10,SIM-SUP-09,UNMAPPED,synthetic_demo,RUSTIC MIRROR WITH LACE HEART
2011-12-09,23402,SIM-DC-01,14,264.64,1,1,10,SIM-SUP-06,UNMAPPED,synthetic_demo,HOME SWEET HOME 3 PEG HANGER
2011-12-09,23403,SIM-DC-01,35,410.03,0,3,7,SIM-SUP-08,UNMAPPED,synthetic_demo,LETTER HOLDER HOME SWEET HOME
2011-12-09,23404,SIM-DC-01,35,631.38,17,2,7,SIM-SUP-09,UNMAPPED,synthetic_demo,HOME SWEET HOME BLACKBOARD
2011-12-09,23405,SIM-DC-01,7,133.60,0,0,10,SIM-SUP-11,UNMAPPED,synthetic_demo,HOME SWEET HOME 2 DRAWER CABINET
2011-12-09,23406,SIM-DC-01,23,302.20,0,3,7,SIM-SUP-10,UNMAPPED,synthetic_demo,UNKNOWN
2011-12-09,23407,SIM-DC-01,18,333.26,0,2,14,SIM-SUP-07,UNMAPPED,synthetic_demo,SET OF 2 TRAYS HOME SWEET HOME
2011-12-09,23408,SIM-DC-01,23,289.06,0,3,14,SIM-SUP-02,UNMAPPED,synthetic_demo,PHOTO FRAME LINEN AND LACE SMALL
2011-12-09,23411,SIM-DC-01,9,120.82,0,0,5,SIM-SUP-07,UNMAPPED,synthetic_demo,TRELLIS COAT RACK
2011-12-09,23414,SIM-DC-01,4,25.18,0,0,10,SIM-SUP-10,UNMAPPED,synthetic_demo,ZINC BOX SIGN HOME
2011-12-09,23418,SIM-DC-01,8,176.82,4,0,5,SIM-SUP-02,UNMAPPED,synthetic_demo,LAVENDER TOILETTE BOTTLE
2011-12-09,23419,SIM-DC-01,69,1026.78,0,3,14,SIM-SUP-09,UNMAPPED,synthetic_demo,HOME SWEET HOME BOTTLE
2011-12-09,23423,SIM-DC-01,10,200.00,10,0,14,SIM-SUP-08,UNMAPPED,synthetic_demo,PANTRY 3 HOOK ROLLING PIN HANGER
2011-12-09,23424,SIM-DC-01,73,792.08,26,2,10,SIM-SUP-11,UNMAPPED,synthetic_demo,GINGHAM RECIPE BOOK BOX
2011-12-09,23426,SIM-DC-01,135,1349.73,0,17,7,SIM-SUP-10,UNMAPPED,synthetic_demo,METAL SIGN DROP YOUR PANTS
2011-12-09,23427,SIM-DC-01,2,4.39,0,0,3,SIM-SUP-03,UNMAPPED,synthetic_demo,STOOL HOME SWEET HOME
2011-12-09,23431,SIM-DC-01,15,224.54,10,2,14,SIM-SUP-12,UNMAPPED,synthetic_demo,NATURAL HANGING QUILTED HEARTS
2011-12-09,23432,SIM-DC-01,18,64.83,0,1,7,SIM-SUP-08,UNMAPPED,synthetic_demo,PRETTY HANGING QUILTED HEARTS
2011-12-09,23433,SIM-DC-01,30,679.60,0,2,5,SIM-SUP-07,UNMAPPED,synthetic_demo,HANGING QUILTED PATCHWORK APPLES
2011-12-09,23434,SIM-DC-01,81,1765.06,0,3,3,SIM-SUP-04,UNMAPPED,synthetic_demo,3 RAFFIA RIBBONS 50'S CHRISTMAS
2011-12-09,23435,SIM-DC-01,60,177.85,0,1,5,SIM-SUP-05,UNMAPPED,synthetic_demo,3 RAFFIA RIBBONS VINTAGE CHRISTMAS
2011-12-09,23436,SIM-DC-01,50,163.68,0,3,3,SIM-SUP-08,UNMAPPED,synthetic_demo,VINTAGE CHRISTMAS GIFT BAG LARGE
2011-12-09,23437,SIM-DC-01,143,730.00,9,7,14,SIM-SUP-08,UNMAPPED,synthetic_demo,50'S CHRISTMAS GIFT BAG LARGE
2011-12-09,23438,SIM-DC-01,18,194.11,8,2,3,SIM-SUP-10,UNMAPPED,synthetic_demo,RED SPOT GIFT BAG LARGE
2011-12-09,23439,SIM-DC-01,449,6916.56,94,26,10,SIM-SUP-12,UNMAPPED,synthetic_demo,HAND WARMER RED LOVE HEART
2011-12-09,23444,SIM-DC-01,24,190.51,3,1,14,SIM-SUP-01,UNMAPPED,synthetic_demo,Next Day Carriage
2011-12-09,23445,SIM-DC-01,145,3574.50,0,12,7,SIM-SUP-05,UNMAPPED,synthetic_demo,ICE CREAM BUBBLES
2011-12-09,23461,SIM-DC-01,9,29.14,6,1,3,SIM-SUP-07,UNMAPPED,synthetic_demo,SWEETHEART BIRD HOUSE
2011-12-09,23493,SIM-DC-01,175,3715.00,0,5,3,SIM-SUP-01,UNMAPPED,synthetic_demo,VINTAGE DOILY TRAVEL SEWING KIT
2011-12-09,23494,SIM-DC-01,102,2139.44,0,3,10,SIM-SUP-12,UNMAPPED,synthetic_demo,VINTAGE DOILY DELUXE SEWING KIT
2011-12-09,23502,SIM-DC-01,89,1703.46,0,12,14,SIM-SUP-09,UNMAPPED,synthetic_demo,PLAYING CARDS VINTAGE DOILY
2011-12-09,23503,SIM-DC-01,178,2696.16,0,19,3,SIM-SUP-02,UNMAPPED,synthetic_demo,PLAYING CARDS KEEP CALM & CARRY ON
2011-12-09,23504,SIM-DC-01,95,1908.70,0,13,5,SIM-SUP-09,UNMAPPED,synthetic_demo,PLAYING CARDS JUBILEE UNION JACK
2011-12-09,23505,SIM-DC-01,52,698.47,0,1,5,SIM-SUP-05,UNMAPPED,synthetic_demo,PLAYING CARDS I LOVE LONDON
2011-12-09,23506,SIM-DC-01,246,4328.04,0,29,14,SIM-SUP-08,UNMAPPED,synthetic_demo,MINI PLAYING CARDS SPACEBOY
2011-12-09,23507,SIM-DC-01,86,2055.14,0,9,7,SIM-SUP-11,UNMAPPED,synthetic_demo,MINI PLAYING CARDS BUFFALO BILL
2011-12-09,23508,SIM-DC-01,66,784.47,0,6,7,SIM-SUP-08,UNMAPPED,synthetic_demo,MINI PLAYING CARDS DOLLY GIRL
2011-12-09,23510,SIM-DC-01,112,615.48,0,9,10,SIM-SUP-07,UNMAPPED,synthetic_demo,MINI PLAYING CARDS GYMKHANA
2011-12-09,23511,SIM-DC-01,16,39.10,0,0,3,SIM-SUP-07,UNMAPPED,synthetic_demo,EMBROIDERED RIBBON REEL EMILY
2011-12-09,23513,SIM-DC-01,31,148.33,7,4,14,SIM-SUP-07,UNMAPPED,synthetic_demo,EMBROIDERED RIBBON REEL SUSIE
2011-12-09,23514,SIM-DC-01,22,286.20,0,3,5,SIM-SUP-12,UNMAPPED,synthetic_demo,EMBROIDERED RIBBON REEL SALLY
2011-12-09,23515,SIM-DC-01,2,39.99,0,0,3,SIM-SUP-09,UNMAPPED,synthetic_demo,EMBROIDERED RIBBON REEL DAISY
2011-12-09,23517,SIM-DC-01,28,301.89,0,4,14,SIM-SUP-08,UNMAPPED,synthetic_demo,EMBROIDERED RIBBON REEL REBECCA
2011-12-09,23526,SIM-DC-01,181,489.38,0,18,14,SIM-SUP-06,UNMAPPED,synthetic_demo,WALL ART DOG LICENCE
2011-12-09,23531,SIM-DC-01,35,500.56,0,4,7,SIM-SUP-12,UNMAPPED,synthetic_demo,WALL ART BIG LOVE
2011-12-09,23534,SIM-DC-01,71,418.85,0,10,5,SIM-SUP-08,UNMAPPED,synthetic_demo,WALL ART STOP FOR TEA
2011-12-09,23535,SIM-DC-01,384,4302.64,0,9,14,SIM-SUP-04,UNMAPPED,synthetic_demo,WALL ART BICYCLE SAFETY
2011-12-09,23541,SIM-DC-01,85,1691.19,0,12,10,SIM-SUP-12,UNMAPPED,synthetic_demo,WALL ART CLASSIC PUDDINGS
2011-12-09,23545,SIM-DC-01,65,893.40,0,8,7,SIM-SUP-01,UNMAPPED,synthetic_demo,WRAP RED VINTAGE DOILY
2011-12-09,23546,SIM-DC-01,111,581.09,0,6,7,SIM-SUP-09,UNMAPPED,synthetic_demo,WRAP PAISLEY PARK
2011-12-09,23547,SIM-DC-01,11,232.54,0,1,10,SIM-SUP-01,UNMAPPED,synthetic_demo,WRAP FLOWER SHOP
2011-12-09,23549,SIM-DC-01,23,144.92,8,0,10,SIM-SUP-01,UNMAPPED,synthetic_demo,WRAP BIRD GARDEN
2011-12-09,23550,SIM-DC-01,8,18.62,0,1,14,SIM-SUP-03,UNMAPPED,synthetic_demo,WRAP ALPHABET POSTER
2011-12-09,23551,SIM-DC-01,156,2698.76,29,12,14,SIM-SUP-06,UNMAPPED,synthetic_demo,PACK OF 12 PAISLEY PARK TISSUES
2011-12-09,23559,SIM-DC-01,29,101.36,0,3,3,SIM-SUP-12,UNMAPPED,synthetic_demo,WOODLAND BUNNIES LOLLY MAKERS
2011-12-09,35001G,SIM-DC-01,5,50.22,0,0,10,SIM-SUP-04,UNMAPPED,synthetic_demo,HAND OPEN SHAPE GOLD
2011-12-09,35001W,SIM-DC-01,2,41.64,0,0,10,SIM-SUP-12,UNMAPPED,synthetic_demo,HAND OPEN SHAPE DECO.WHITE
2011-12-09,35004B,SIM-DC-01,7,61.05,2,1,14,SIM-SUP-12,UNMAPPED,synthetic_demo,SET OF 3 BLACK FLYING DUCKS
2011-12-09,35004C,SIM-DC-01,1,9.28,0,0,5,SIM-SUP-02,UNMAPPED,synthetic_demo,SET OF 3 COLOURED FLYING DUCKS
2011-12-09,35004G,SIM-DC-01,4,9.42,1,0,5,SIM-SUP-09,UNMAPPED,synthetic_demo,SET OF 3 GOLD FLYING DUCKS
2011-12-09,35004P,SIM-DC-01,1,8.06,0,0,7,SIM-SUP-02,UNMAPPED,synthetic_demo,UNKNOWN
2011-12-09,35015,SIM-DC-01,1,19.75,0,0,5,SIM-SUP-10,UNMAPPED,synthetic_demo,JACOBS LADDER SMALL
2011-12-09,35095A,SIM-DC-01,16,331.27,0,0,3,SIM-SUP-07,UNMAPPED,synthetic_demo,BLUE VICTORIAN FABRIC OVAL BOX
2011-12-09,35095B,SIM-DC-01,10,132.48,0,0,5,SIM-SUP-11,UNMAPPED,synthetic_demo,RED VICTORIAN FABRIC OVAL BOX
2011-12-09,35096A,SIM-DC-01,1,9.34,0,0,5,SIM-SUP-08,UNMAPPED,synthetic_demo,UNKNOWN
2011-12-09,35160,SIM-DC-01,2,31.91,0,0,7,SIM-SUP-10,UNMAPPED,synthetic_demo,UNKNOWN
2011-12-09,35240,SIM-DC-01,0,0.00,0,0,5,SIM-SUP-07,UNMAPPED,synthetic_demo,UNKNOWN
2011-12-09,35241,SIM-DC-01,1,4.29,0,0,3,SIM-SUP-05,UNMAPPED,synthetic_demo,ENAMEL BLUE RIM BISCUIT BIN
2011-12-09,35400,SIM-DC-01,2,30.67,0,0,3,SIM-SUP-12,UNMAPPED,synthetic_demo,WOODEN BOX ADVENT CALENDAR
2011-12-09,35471A,SIM-DC-01,4,10.63,0,0,14,SIM-SUP-08,UNMAPPED,synthetic_demo,SET OF 3 BIRD L.BLUE FEATHER
2011-12-09,35471D,SIM-DC-01,80,587.30,0,1,10,SIM-SUP-04,UNMAPPED,synthetic_demo,SET OF 3 BIRD LIGHT PINK FEATHER
2011-12-09,35594,SIM-DC-01,1,13.06,0,0,5,SIM-SUP-10,UNMAPPED,synthetic_demo,WOODEN CHRISTMAS TREE 3 HANGING
2011-12-09,35598B,SIM-DC-01,7,127.74,0,1,14,SIM-SUP-09,UNMAPPED,synthetic_demo,BLACK CHRISTMAS TREE 60CM
2011-12-09,35598D,SIM-DC-01,19,148.95,0,1,14,SIM-SUP-05,UNMAPPED,synthetic_demo,PINK/WHITE CHRISTMAS TREE 60CM
2011-12-09,35599B,SIM-DC-01,14,47.14,2,0,5,SIM-SUP-12,UNMAPPED,synthetic_demo,BLACK CHRISTMAS TREE 120CM
2011-12-09,35599D,SIM-DC-01,7,160.26,3,0,7,SIM-SUP-08,UNMAPPED,synthetic_demo,PINK AND WHITE CHRISTMAS TREE 120CM
2011-12-09,35607A,SIM-DC-01,1,18.06,0,0,5,SIM-SUP-06,UNMAPPED,synthetic_demo,UNKNOWN
2011-12-09,35637A,SIM-DC-01,3,66.12,0,0,7,SIM-SUP-09,UNMAPPED,synthetic_demo,IVORY STRING CURTAIN WITH POLE
2011-12-09,35645,SIM-DC-01,2,9.86,0,0,14,SIM-SUP-06,UNMAPPED,synthetic_demo,VINTAGE BEAD PINK JEWEL BOX
2011-12-09,35646,SIM-DC-01,68,929.37,0,10,10,SIM-SUP-09,UNMAPPED,synthetic_demo,VINTAGE BEAD PINK EVENING BAG
2011-12-09,35647,SIM-DC-01,1,3.50,0,0,10,SIM-SUP-10,UNMAPPED,synthetic_demo,VINTAGE BEAD PINK SHADE
2011-12-09,35648,SIM-DC-01,37,452.60,0,1,14,SIM-SUP-04,UNMAPPED,synthetic_demo,VINTAGE BEAD PINK PURSE
2011-12-09,35649,SIM-DC-01,3,62.84,0,0,5,SIM-SUP-04,UNMAPPED,synthetic_demo,VINTAGE BEAD COSMETIC BAG
2011-12-09,35651,SIM-DC-01,2,19.75,0,0,10,SIM-SUP-03,UNMAPPED,synthetic_demo,VINTAGE BEAD PINK SCARF
2011-12-09,35653,SIM-DC-01,1,18.44,0,0,5,SIM-SUP-11,UNMAPPED,synthetic_demo,VINTAGE BEAD NOTEBOOK
2011-12-09,35809A,SIM-DC-01,4,10.48,0,1,14,SIM-SUP-06,UNMAPPED,synthetic_demo,ENAMEL PINK TEA CONTAINER
2011-12-09,35810A,SIM-DC-01,1,8.08,0,0,5,SIM-SUP-04,UNMAPPED,synthetic_demo,ENAMEL PINK COFFEE CONTAINER
2011-12-09,35810B,SIM-DC-01,5,36.75,0,1,14,SIM-SUP-07,UNMAPPED,synthetic_demo,ENAMEL BLUE RIM COFFEE CONTAINER
2011-12-09,35811A,SIM-DC-01,2,12.30,0,0,7,SIM-SUP-08,UNMAPPED,synthetic_demo,UNKNOWN
2011-12-09,35832,SIM-DC-01,2,47.16,0,0,10,SIM-SUP-04,UNMAPPED,synthetic_demo,UNKNOWN
2011-12-09,35833P,SIM-DC-01,2,43.18,0,0,3,SIM-SUP-02,UNMAPPED,synthetic_demo,4 PINK FLOCK CHRISTMAS BALLS
2011-12-09,35911A,SIM-DC-01,2,13.65,0,0,5,SIM-SUP-05,UNMAPPED,synthetic_demo,MULTICOLOUR RABBIT EGG WARMER
2011-12-09,35914,SIM-DC-01,1,13.47,0,0,5,SIM-SUP-07,UNMAPPED,synthetic_demo,UNKNOWN
2011-12-09,35915B,SIM-DC-01,1,19.77,0,0,10,SIM-SUP-08,UNMAPPED,synthetic_demo,BLUE KNITTED HEN
2011-12-09,35915C,SIM-DC-01,1,4.20,0,0,3,SIM-SUP-03,UNMAPPED,synthetic_demo,UNKNOWN
2011-12-09,35916A,SIM-DC-01,2,10.48,0,0,14,SIM-SUP-01,UNMAPPED,synthetic_demo,YELLOW FELT HANGING HEART W FLOWER
2011-12-09,35916B,SIM-DC-01,1,7.21,0,0,3,SIM-SUP-08,UNMAPPED,synthetic_demo,BLUE FELT HANGING HEART WITH FLOWER
2011-12-09,35916C,SIM-DC-01,0,0.00,0,0,7,SIM-SUP-04,UNMAPPED,synthetic_demo,PINK FELT HANGING HEART W FLOWER
2011-12-09,35921,SIM-DC-01,2,47.21,0,0,5,SIM-SUP-06,UNMAPPED,synthetic_demo,EASTER BUNNY HANGING GARLAND
2011-12-09,35922,SIM-DC-01,2,44.97,0,0,5,SIM-SUP-08,UNMAPPED,synthetic_demo,EASTER BUNNY WREATH
2011-12-09,35923,SIM-DC-01,4,71.90,0,0,5,SIM-SUP-03,UNMAPPED,synthetic_demo,CANDY HEART HANGING DECORATION
2011-12-09,35924,SIM-DC-01,3,60.12,0,0,5,SIM-SUP-10,UNMAPPED,synthetic_demo,HANGING FAIRY CAKE DECORATION
2011-12-09,35951,SIM-DC-01,1,14.04,0,0,7,SIM-SUP-11,UNMAPPED,synthetic_demo,UNKNOWN
2011-12-09,35953,SIM-DC-01,140,593.03,39,8,3,SIM-SUP-02,UNMAPPED,synthetic_demo,FOLKART STAR CHRISTMAS DECORATIONS
2011-12-09,35954,SIM-DC-01,10,201.09,0,0,10,SIM-SUP-11,UNMAPPED,synthetic_demo,check
2011-12-09,35957,SIM-DC-01,2,5.75,0,0,10,SIM-SUP-03,UNMAPPED,synthetic_demo,SMALLFOLKART BAUBLE CHRISTMAS DEC
2011-12-09,35958,SIM-DC-01,1,7.10,0,0,3,SIM-SUP-09,UNMAPPED,synthetic_demo,UNKNOWN
2011-12-09,35961,SIM-DC-01,8,49.02,0,1,7,SIM-SUP-02,UNMAPPED,synthetic_demo,FOLKART ZINC HEART CHRISTMAS DEC
2011-12-09,35962,SIM-DC-01,1,2.37,0,0,7,SIM-SUP-10,UNMAPPED,synthetic_demo,UNKNOWN
2011-12-09,35964,SIM-DC-01,42,731.84,0,3,10,SIM-SUP-06,UNMAPPED,synthetic_demo,FOLKART CLIP ON STARS
2011-12-09,35965,SIM-DC-01,2,49.99,0,0,5,SIM-SUP-12,UNMAPPED,synthetic_demo,FOLKART HEART NAPKIN RINGS
2011-12-09,35967,SIM-DC-01,24,482.74,0,4,14,SIM-SUP-11,UNMAPPED,synthetic_demo,FOLK ART METAL STAR T-LIGHT HOLDER
2011-12-09,35968,SIM-DC-01,3,45.29,0,0,10,SIM-SUP-09,UNMAPPED,synthetic_demo,check
2011-12-09,35969,SIM-DC-01,2,47.62,0,0,5,SIM-SUP-10,UNMAPPED,synthetic_demo,FOLKART CROWN TABLE DECORATIONS
2011-12-09,35970,SIM-DC-01,180,1319.73,7,13,3,SIM-SUP-10,UNMAPPED,synthetic_demo,ZINC FOLKART SLEIGH BELLS
2011-12-09,35971,SIM-DC-01,5,33.94,0,0,5,SIM-SUP-11,UNMAPPED,synthetic_demo,ROSE FOLKART HEART DECORATIONS
2011-12-09,35972,SIM-DC-01,4,20.18,0,0,14,SIM-SUP-11,UNMAPPED,synthetic_demo,DAISY FOLKART HEART DECORATION
2011-12-09,35981C,SIM-DC-01,3,50.82,0,0,14,SIM-SUP-11,UNMAPPED,synthetic_demo,WHITE SNOW SCANDINAVIAN STOCKING
2011-12-09,35991,SIM-DC-01,2,18.16,0,0,7,SIM-SUP-09,UNMAPPED,synthetic_demo,SET/6 BLACK SNOWFLAKE T-LIGHTS
2011-12-09,37327,SIM-DC-01,2,36.25,0,0,14,SIM-SUP-04,UNMAPPED,synthetic_demo,adjustment
2011-12-09,37333,SIM-DC-01,3,6.87,0,0,14,SIM-SUP-01,UNMAPPED,synthetic_demo,"RETRO ""TEA FOR ONE"""
2011-12-09,37340,SIM-DC-01,36,599.67,0,0,10,SIM-SUP-01,UNMAPPED,synthetic_demo,MULTICOLOUR SPRING FLOWER MUG
2011-12-09,37342,SIM-DC-01,1,7.87,0,0,10,SIM-SUP-06,UNMAPPED,synthetic_demo,UNKNOWN
2011-12-09,37343,SIM-DC-01,2,19.11,0,0,14,SIM-SUP-10,UNMAPPED,synthetic_demo,POLKADOT MUG PINK
2011-12-09,37370,SIM-DC-01,1,5.15,1,0,5,SIM-SUP-06,UNMAPPED,synthetic_demo,RETRO COFFEE MUGS ASSORTED
2011-12-09,37413,SIM-DC-01,28,263.27,0,3,7,SIM-SUP-11,UNMAPPED,synthetic_demo,ICON MUG REVOLUTIONARY
2011-12-09,37422,SIM-DC-01,3,69.65,0,0,10,SIM-SUP-11,UNMAPPED,synthetic_demo,WHITE WITH BLACK CATS BOWL
2011-12-09,37423,SIM-DC-01,4,92.61,0,0,14,SIM-SUP-11,UNMAPPED,synthetic_demo,WHITE WITH BLACK CATS PLATE
2011-12-09,37424,SIM-DC-01,0,0.00,0,0,5,SIM-SUP-01,UNMAPPED,synthetic_demo,WHITE WITH BLACK CATS MUG
2011-12-09,37441,SIM-DC-01,4,43.25,0,0,14,SIM-SUP-12,UNMAPPED,synthetic_demo,UNKNOWN
2011-12-09,37444A,SIM-DC-01,1,24.13,0,0,5,SIM-SUP-01,UNMAPPED,synthetic_demo,UNKNOWN
2011-12-09,37444C,SIM-DC-01,3,46.60,0,0,10,SIM-SUP-07,UNMAPPED,synthetic_demo,UNKNOWN
2011-12-09,37446,SIM-DC-01,4,89.10,0,1,5,SIM-SUP-04,UNMAPPED,synthetic_demo,MINI CAKE STAND WITH HANGING CAKES
2011-12-09,37447,SIM-DC-01,18,252.33,0,2,10,SIM-SUP-02,UNMAPPED,synthetic_demo,CERAMIC CAKE DESIGN SPOTTED PLATE
2011-12-09,37448,SIM-DC-01,3,42.29,6,0,5,SIM-SUP-10,UNMAPPED,synthetic_demo,CERAMIC CAKE DESIGN SPOTTED MUG
2011-12-09,37449,SIM-DC-01,17,188.85,0,2,10,SIM-SUP-01,UNMAPPED,synthetic_demo,CERAMIC CAKE STAND + HANGING CAKES
2011-12-09,37450,SIM-DC-01,1,2.11,0,0,3,SIM-SUP-03,UNMAPPED,synthetic_demo,CERAMIC CAKE BOWL + HANGING CAKES
2011-12-09,37461,SIM-DC-01,3,52.01,0,0,14,SIM-SUP-10,UNMAPPED,synthetic_demo,UNKNOWN
2011-12-09,37462B,SIM-DC-01,1,9.93,0,0,7,SIM-SUP-08,UNMAPPED,synthetic_demo,"PET MUG, BUDGIE"
2011-12-09,37464,SIM-DC-01,2,7.65,0,0,7,SIM-SUP-08,UNMAPPED,synthetic_demo,ROBOT MUG IN DISPLAY BOX
2011-12-09,37467,SIM-DC-01,1,16.35,0,0,7,SIM-SUP-04,UNMAPPED,synthetic_demo,UNKNOWN
2011-12-09,37474,SIM-DC-01,0,0.00,0,0,5,SIM-SUP-08,UNMAPPED,synthetic_demo,UNKNOWN
2011-12-09,37475,SIM-DC-01,7,98.26,0,0,14,SIM-SUP-07,UNMAPPED,synthetic_demo,SET/4 COLOURFUL MIXING BOWLS
2011-12-09,37476,SIM-DC-01,1,12.76,0,0,10,SIM-SUP-10,UNMAPPED,synthetic_demo,CONDIMENT TRAY 4 BOWLS AND 4 SPOONS
2011-12-09,37479B,SIM-DC-01,1,8.88,0,0,7,SIM-SUP-05,UNMAPPED,synthetic_demo,UNKNOWN
2011-12-09,37479P,SIM-DC-01,1,8.32,0,0,3,SIM-SUP-10,UNMAPPED,synthetic_demo,CUBIC MUG FLOCK PINK ON BROWN
2011-12-09,37482P,SIM-DC-01,3,55.64,0,0,14,SIM-SUP-03,UNMAPPED,synthetic_demo,CUBIC MUG PINK POLKADOT
2011-12-09,37492B,SIM-DC-01,1,19.26,0,0,5,SIM-SUP-11,UNMAPPED,synthetic_demo,BLUE YELLOW FLOWER PIGGY BANK
2011-12-09,37494A,SIM-DC-01,1,17.19,0,0,7,SIM-SUP-10,UNMAPPED,synthetic_demo,FAIRY CAKE CERAMIC BUTTER DISH
2011-12-09,37495,SIM-DC-01,5,34.32,0,0,7,SIM-SUP-08,UNMAPPED,synthetic_demo,FAIRY CAKE BIRTHDAY CANDLE SET
2011-12-09,37500,SIM-DC-01,11,54.10,1,1,3,SIM-SUP-12,UNMAPPED,synthetic_demo,TEA TIME TEAPOT IN GIFT BOX
2011-12-09,37501,SIM-DC-01,1,9.64,0,0,5,SIM-SUP-03,UNMAPPED,synthetic_demo,UNKNOWN
2011-12-09,37502,SIM-DC-01,2,19.47,0,0,14,SIM-SUP-11,UNMAPPED,synthetic_demo,TEA TIME MUG IN GIFT BOX
2011-12-09,37503,SIM-DC-01,2,15.39,0,0,14,SIM-SUP-05,UNMAPPED,synthetic_demo,TEA TIME CAKE STAND IN GIFT BOX
2011-12-09,37508,SIM-DC-01,2,4.37,0,0,10,SIM-SUP-08,UNMAPPED,synthetic_demo,NEW ENGLAND CERAMIC CAKE SERVER
2011-12-09,40001,SIM-DC-01,1,4.61,0,0,10,SIM-SUP-01,UNMAPPED,synthetic_demo,WHITE BAMBOO RIBS LAMPSHADE
2011-12-09,40003,SIM-DC-01,0,0.00,0,0,3,SIM-SUP-05,UNMAPPED,synthetic_demo,WHITE BAMBOO RIBS LAMPSHADE
2011-12-09,40016,SIM-DC-01,1,5.28,0,0,5,SIM-SUP-07,UNMAPPED,synthetic_demo,CHINESE DRAGON PAPER LANTERNS
2011-12-09,40018E,SIM-DC-01,2,12.48,0,0,10,SIM-SUP-07,UNMAPPED,synthetic_demo,UNKNOWN
2011-12-09,40018F,SIM-DC-01,2,21.93,0,0,5,SIM-SUP-08,UNMAPPED,synthetic_demo,CHERRY DESIGN PAPERLANTERNS
2011-12-09,40046A,SIM-DC-01,1,23.13,0,0,5,SIM-SUP-10,UNMAPPED,synthetic_demo,RED DAISY PAPER LAMPSHADE
2011-12-09,44230,SIM-DC-01,2,29.79,0,0,7,SIM-SUP-05,UNMAPPED,synthetic_demo,SQUARE MIRROR CURTAIN
2011-12-09,44234,SIM-DC-01,13,173.73,3,1,14,SIM-SUP-09,UNMAPPED,synthetic_demo,ASSORTED CIRCULAR MOBILE
2011-12-09,45008C,SIM-DC-01,2,22.65,0,0,10,SIM-SUP-03,UNMAPPED,synthetic_demo,DECORATIVE NET CANOPY CREAM
2011-12-09,46000M,SIM-DC-01,28,539.67,0,2,5,SIM-SUP-02,UNMAPPED,synthetic_demo,POLYESTER FILLER PAD 45x45cm
2011-12-09,46000P,SIM-DC-01,1,6.22,0,0,5,SIM-SUP-01,UNMAPPED,synthetic_demo,POLYESTER FILLER PAD 65CMx65CM
2011-12-09,46000R,SIM-DC-01,4,38.28,0,0,14,SIM-SUP-08,UNMAPPED,synthetic_demo,POLYESTER FILLER PAD 45x30cm
2011-12-09,46000S,SIM-DC-01,66,220.99,0,5,7,SIM-SUP-06,UNMAPPED,synthetic_demo,POLYESTER FILLER PAD 40x40cm
2011-12-09,46000U,SIM-DC-01,4,32.66,0,0,7,SIM-SUP-06,UNMAPPED,synthetic_demo,POLYESTER FILLER PAD 30CMx30CM
2011-12-09,46118,SIM-DC-01,4,33.47,2,0,7,SIM-SUP-01,UNMAPPED,synthetic_demo,FUNKY MONKEY CUSHION COVER
2011-12-09,46126A,SIM-DC-01,1,23.70,1,0,14,SIM-SUP-04,UNMAPPED,synthetic_demo,ELVIS WALLHANGING / CURTAIN
2011-12-09,46775D,SIM-DC-01,4,99.61,0,1,14,SIM-SUP-03,UNMAPPED,synthetic_demo,SUNSET COLOUR CHUNKY KNITTED THROW
2011-12-09,46775E,SIM-DC-01,1,16.77,0,0,3,SIM-SUP-09,UNMAPPED,synthetic_demo,CANDY POP CHUNKY KNITTED THROW
2011-12-09,46776A,SIM-DC-01,11,165.08,3,1,7,SIM-SUP-03,UNMAPPED,synthetic_demo,WOVEN BUBBLE GUM CUSHION COVER
2011-12-09,46776B,SIM-DC-01,8,133.56,0,0,5,SIM-SUP-12,UNMAPPED,synthetic_demo,WOVEN BERRIES CUSHION COVER
2011-12-09,46776C,SIM-DC-01,27,462.48,0,0,14,SIM-SUP-02,UNMAPPED,synthetic_demo,WOVEN FROST CUSHION COVER
2011-12-09,46776D,SIM-DC-01,9,131.12,1,1,5,SIM-SUP-12,UNMAPPED,synthetic_demo,WOVEN SUNSET CUSHION COVER
2011-12-09,46776E,SIM-DC-01,14,341.85,0,1,14,SIM-SUP-11,UNMAPPED,synthetic_demo,WOVEN CANDY CUSHION COVER
2011-12-09,46776F,SIM-DC-01,13,116.00,0,0,3,SIM-SUP-09,UNMAPPED,synthetic_demo,WOVEN ROSE GARDEN CUSHION COVER
2011-12-09,47021G,SIM-DC-01,2,16.91,0,0,14,SIM-SUP-10,UNMAPPED,synthetic_demo,SET/6 BEAD COASTERS GAUZE BAG GOLD
2011-12-09,47310M,SIM-DC-01,44,773.54,20,5,14,SIM-SUP-01,UNMAPPED,synthetic_demo,SMALL POP BOX FUNKY MONKEY
2011-12-09,47367B,SIM-DC-01,4,68.62,1,1,14,SIM-SUP-10,UNMAPPED,synthetic_demo,PAIR PADDED HANGERS PINK CHECK
2011-12-09,47421,SIM-DC-01,7,30.35,0,0,7,SIM-SUP-01,UNMAPPED,synthetic_demo,ASSORTED COLOUR LIZARD SUCTION HOOK
2011-12-09,47422,SIM-DC-01,9,158.26,0,0,10,SIM-SUP-11,UNMAPPED,synthetic_demo,ASSORTED MONKEY SUCTION CUP HOOK
2011-12-09,47471,SIM-DC-01,2,17.12,1,0,5,SIM-SUP-01,UNMAPPED,synthetic_demo,RAINBOW PEGS PHOTO CLIP STRING
2011-12-09,47480,SIM-DC-01,32,498.85,0,4,14,SIM-SUP-06,UNMAPPED,synthetic_demo,HANGING PHOTO CLIP ROPE LADDER
2011-12-09,47481,SIM-DC-01,6,99.14,0,1,14,SIM-SUP-03,UNMAPPED,synthetic_demo,50CM METAL STRING WITH 7 CLIPS
2011-12-09,47502,SIM-DC-01,2,24.52,0,0,14,SIM-SUP-02,UNMAPPED,synthetic_demo,POLKADOT CUTLERY 24 PCS IN TRAY
2011-12-09,47503A,SIM-DC-01,63,139.13,13,3,5,SIM-SUP-04,UNMAPPED,synthetic_demo,ASS FLORAL PRINT MULTI SCREWDRIVER
2011-12-09,47503H,SIM-DC-01,3,38.82,1,0,3,SIM-SUP-01,UNMAPPED,synthetic_demo,ASS FLORAL PRINT SPIRIT LEVEL
2011-12-09,47503J,SIM-DC-01,1,4.83,0,0,3,SIM-SUP-11,UNMAPPED,synthetic_demo,SET/3 FLORAL GARDEN TOOLS IN BAG
2011-12-09,47503K,SIM-DC-01,2,8.25,0,0,5,SIM-SUP-10,UNMAPPED,synthetic_demo,ASSORTED FLORAL SECATEURS
2011-12-09,47504E,SIM-DC-01,0,0.00,0,0,7,SIM-SUP-11,UNMAPPED,synthetic_demo,ENGLISH ROSE SCISSORS
2011-12-09,47504G,SIM-DC-01,1,13.59,0,0,3,SIM-SUP-03,UNMAPPED,synthetic_demo,ENGLISH ROSE TAPE MEASURE
2011-12-09,47504H,SIM-DC-01,28,417.99,5,0,5,SIM-SUP-03,UNMAPPED,synthetic_demo,ENGLISH ROSE SPIRIT LEVEL
2011-12-09,47504K,SIM-DC-01,4,99.48,1,0,14,SIM-SUP-11,UNMAPPED,synthetic_demo,ENGLISH ROSE GARDEN SECATEURS
2011-12-09,47505,SIM-DC-01,1,20.46,0,0,14,SIM-SUP-05,UNMAPPED,synthetic_demo,UNKNOWN
2011-12-09,47518F,SIM-DC-01,3,27.91,0,0,7,SIM-SUP-06,UNMAPPED,synthetic_demo,ICON PLACEMAT POP ART ELVIS
2011-12-09,47556B,SIM-DC-01,1,23.76,0,0,7,SIM-SUP-09,UNMAPPED,synthetic_demo,TEA TIME TEA TOWELS
2011-12-09,47559B,SIM-DC-01,53,1000.38,0,7,5,SIM-SUP-04,UNMAPPED,synthetic_demo,TEA TIME OVEN GLOVE
2011-12-09,47562,SIM-DC-01,3,18.45,0,0,14,SIM-SUP-10,UNMAPPED,synthetic_demo,ENGLISH ROSE IRONING BOARD COVER
2011-12-09,47563A,SIM-DC-01,12,288.08,2,1,7,SIM-SUP-07,UNMAPPED,synthetic_demo,RETRO LONGBOARD IRONING BOARD COVER
2011-12-09,47566,SIM-DC-01,140,638.09,0,17,7,SIM-SUP-11,UNMAPPED,synthetic_demo,PARTY BUNTING
2011-12-09,47566B,SIM-DC-01,1,13.70,0,0,3,SIM-SUP-12,UNMAPPED,synthetic_demo,TEA TIME PARTY BUNTING
2011-12-09,47567B,SIM-DC-01,12,74.12,0,0,3,SIM-SUP-12,UNMAPPED,synthetic_demo,TEA TIME KITCHEN APRON
2011-12-09,47568,SIM-DC-01,1,4.97,0,0,7,SIM-SUP-03,UNMAPPED,synthetic_demo,ENGLISH ROSE DESIGN PEG BAG
2011-12-09,47570,SIM-DC-01,1,7.87,0,0,3,SIM-SUP-04,UNMAPPED,synthetic_demo,ENGLISH ROSE TABLE CLOTH
2011-12-09,47570B,SIM-DC-01,1,8.85,0,0,3,SIM-SUP-12,UNMAPPED,synthetic_demo,UNKNOWN
2011-12-09,47574A,SIM-DC-01,2,46.91,0,0,10,SIM-SUP-06,UNMAPPED,synthetic_demo,ENGLISH ROSE SCENTED HANGING FLOWER
2011-12-09,47578A,SIM-DC-01,10,240.60,0,1,5,SIM-SUP-08,UNMAPPED,synthetic_demo,ENGLISH ROSE SMALL SCENTED FLOWER
2011-12-09,47579,SIM-DC-01,1,18.62,0,0,5,SIM-SUP-03,UNMAPPED,synthetic_demo,TEA TIME BREAKFAST BASKET
2011-12-09,47580,SIM-DC-01,3,72.83,0,0,14,SIM-SUP-03,UNMAPPED,synthetic_demo,TEA TIME DES TEA COSY
2011-12-09,47581B,SIM-DC-01,2,42.07,0,0,5,SIM-SUP-10,UNMAPPED,synthetic_demo,FAIRY CAKE WICKER PICNIC BASKET
2011-12-09,47585A,SIM-DC-01,2,29.81,1,0,10,SIM-SUP-11,UNMAPPED,synthetic_demo,PINK FAIRY CAKE CUSHION COVER
2011-12-09,47589,SIM-DC-01,2,35.03,0,0,7,SIM-SUP-05,UNMAPPED,synthetic_demo,CONGRATULATIONS BUNTING
2011-12-09,47590A,SIM-DC-01,4,78.23,5,0,5,SIM-SUP-09,UNMAPPED,synthetic_demo,BLUE HAPPY BIRTHDAY BUNTING
2011-12-09,47590B,SIM-DC-01,24,575.85,0,3,5,SIM-SUP-11,UNMAPPED,synthetic_demo,PINK HAPPY BIRTHDAY BUNTING
2011-12-09,47591A,SIM-DC-01,2,14.60,0,0,5,SIM-SUP-02,UNMAPPED,synthetic_demo,CAROUSEL CHILDRENS APRON
2011-12-09,47591B,SIM-DC-01,1,12.99,0,0,3,SIM-SUP-04,UNMAPPED,synthetic_demo,SCOTTIES CHILDRENS APRON
2011-12-09,47591C,SIM-DC-01,2,39.79,0,0,10,SIM-SUP-06,UNMAPPED,synthetic_demo,UNKNOWN
2011-12-09,47591D,SIM-DC-01,140,1096.91,14,19,14,SIM-SUP-04,UNMAPPED,synthetic_demo,PINK FAIRY CAKE CHILDRENS APRON
2011-12-09,47592A,SIM-DC-01,2,42.75,0,0,5,SIM-SUP-08,UNMAPPED,synthetic_demo,CAROUSEL CHILDRENS OVERALL
2011-12-09,47593A,SIM-DC-01,2,6.42,0,0,5,SIM-SUP-07,UNMAPPED,synthetic_demo,UNKNOWN
2011-12-09,47593B,SIM-DC-01,36,779.70,0,1,10,SIM-SUP-04,UNMAPPED,synthetic_demo,SCOTTIE DOGS BABY BIB
2011-12-09,47594A,SIM-DC-01,3,61.76,0,0,10,SIM-SUP-08,UNMAPPED,synthetic_demo,CAROUSEL DESIGN WASHBAG
2011-12-09,47594B,SIM-DC-01,1,18.81,0,0,7,SIM-SUP-02,UNMAPPED,synthetic_demo,SCOTTIES DESIGN WASHBAG
2011-12-09,47597,SIM-DC-01,1,5.22,0,0,3,SIM-SUP-10,UNMAPPED,synthetic_demo,NEW ENGLAND TEATOWELS
2011-12-09,47599A,SIM-DC-01,13,197.13,0,2,14,SIM-SUP-02,UNMAPPED,synthetic_demo,PINK PARTY BAGS
2011-12-09,47599B,SIM-DC-01,15,314.10,0,1,14,SIM-SUP-02,UNMAPPED,synthetic_demo,BLUE PARTY BAGS
2011-12-09,48111,SIM-DC-01,9,108.19,2,1,3,SIM-SUP-08,UNMAPPED,synthetic_demo,DOORMAT 3 SMILEY CATS
2011-12-09,48116,SIM-DC-01,15,196.97,0,2,7,SIM-SUP-06,UNMAPPED,synthetic_demo,DOORMAT MULTICOLOUR STRIPE
2011-12-09,48129,SIM-DC-01,10,91.80,4,1,5,SIM-SUP-01,UNMAPPED,synthetic_demo,DOORMAT TOPIARY
2011-12-09,48138,SIM-DC-01,33,339.73,0,3,3,SIM-SUP-12,UNMAPPED,synthetic_demo,DOORMAT UNION FLAG
2011-12-09,48173C,SIM-DC-01,16,38.80,0,2,3,SIM-SUP-12,UNMAPPED,synthetic_demo,DOORMAT BLACK FLOCK
2011-12-09,48184,SIM-DC-01,24,348.30,0,2,5,SIM-SUP-11,UNMAPPED,synthetic_demo,DOORMAT ENGLISH ROSE
2011-12-09,48185,SIM-DC-01,50,620.21,0,5,14,SIM-SUP-08,UNMAPPED,synthetic_demo,DOORMAT FAIRY CAKE
2011-12-09,48187,SIM-DC-01,89,1629.84,9,8,7,SIM-SUP-05,UNMAPPED,synthetic_demo,DOORMAT NEW ENGLAND
2011-12-09,48188,SIM-DC-01,8,155.47,0,0,7,SIM-SUP-06,UNMAPPED,synthetic_demo,DOORMAT WELCOME PUPPIES
2011-12-09,48189,SIM-DC-01,3,37.03,0,0,14,SIM-SUP-03,UNMAPPED,synthetic_demo,adjustment
2011-12-09,48194,SIM-DC-01,74,1451.66,0,10,14,SIM-SUP-04,UNMAPPED,synthetic_demo,DOORMAT HEARTS
2011-12-09,48195,SIM-DC-01,2,20.17,1,0,10,SIM-SUP-01,UNMAPPED,synthetic_demo,UNKNOWN
2011-12-09,48197,SIM-DC-01,2,18.84,0,0,7,SIM-SUP-10,UNMAPPED,synthetic_demo,DOORMAT BIRD ON THE WIRE
2011-12-09,51008,SIM-DC-01,4,15.38,1,0,14,SIM-SUP-10,UNMAPPED,synthetic_demo,AFGHAN SLIPPER SOCK PAIR
2011-12-09,51014A,SIM-DC-01,100,2357.20,69,2,14,SIM-SUP-05,UNMAPPED,synthetic_demo,"FEATHER PEN,HOT PINK"
2011-12-09,51014C,SIM-DC-01,220,4287.73,0,24,14,SIM-SUP-01,UNMAPPED,synthetic_demo,"FEATHER PEN,COAL BLACK"
2011-12-09,51014L,SIM-DC-01,56,480.09,0,0,3,SIM-SUP-01,UNMAPPED,synthetic_demo,"FEATHER PEN,LIGHT PINK"
2011-12-09,51020A,SIM-DC-01,1,23.87,0,0,7,SIM-SUP-07,UNMAPPED,synthetic_demo,adjustment
2011-12-09,51020B,SIM-DC-01,1,19.41,0,0,7,SIM-SUP-02,UNMAPPED,synthetic_demo,STRIPY DESIGN SHOWER CAP
2011-12-09,62018,SIM-DC-01,8,180.35,0,0,5,SIM-SUP-04,UNMAPPED,synthetic_demo,SOMBRERO
2011-12-09,62094B,SIM-DC-01,1,2.56,0,0,3,SIM-SUP-09,UNMAPPED,synthetic_demo,TURQ ICE CREAM BUM BAG
2011-12-09,62096A,SIM-DC-01,1,23.33,0,0,10,SIM-SUP-09,UNMAPPED,synthetic_demo,PINK/YELLOW FLOWERS HANDBAG
2011-12-09,62096B,SIM-DC-01,1,13.62,0,0,7,SIM-SUP-07,UNMAPPED,synthetic_demo,PURPLE/TURQ FLOWERS HANDBAG
2011-12-09,70006,SIM-DC-01,6,23.26,3,0,14,SIM-SUP-09,UNMAPPED,synthetic_demo,LOVE HEART POCKET WARMER
2011-12-09,70007,SIM-DC-01,39,131.74,22,1,14,SIM-SUP-10,UNMAPPED,synthetic_demo,HI TEC ALPINE HAND WARMER
2011-12-09,71038,SIM-DC-01,3,46.79,0,0,14,SIM-SUP-11,UNMAPPED,synthetic_demo,WHITE HANGING BEADS CANDLE HOLDER
2011-12-09,71053,SIM-DC-01,18,181.59,5,2,10,SIM-SUP-02,UNMAPPED,synthetic_demo,WHITE MOROCCAN METAL LANTERN
2011-12-09,71101E,SIM-DC-01,2,31.59,0,0,3,SIM-SUP-11,UNMAPPED,synthetic_demo,STANDING FAIRY POLE SUPPORT
2011-12-09,71143,SIM-DC-01,2,28.00,0,0,14,SIM-SUP-03,UNMAPPED,synthetic_demo,ANTIQUE SILVER BOOK MARK WITH BEADS
2011-12-09,71270,SIM-DC-01,9,91.16,0,0,7,SIM-SUP-02,UNMAPPED,synthetic_demo,PHOTO CLIP LINE
2011-12-09,71279,SIM-DC-01,1,16.39,0,0,3,SIM-SUP-09,UNMAPPED,synthetic_demo,PINK GLASS CANDLEHOLDER
2011-12-09,71403,SIM-DC-01,1,3.70,0,0,3,SIM-SUP-01,UNMAPPED,synthetic_demo,"PINK/WHITE ""KEEP CLEAN"" BULLET BIN"
2011-12-09,71406C,SIM-DC-01,3,69.66,0,0,3,SIM-SUP-02,UNMAPPED,synthetic_demo,BLACK ORANGE SQUEEZER
2011-12-09,71459,SIM-DC-01,75,858.76,0,3,3,SIM-SUP-12,UNMAPPED,synthetic_demo,HANGING JAM JAR T-LIGHT HOLDERS
2011-12-09,71477,SIM-DC-01,58,520.18,0,8,3,SIM-SUP-02,UNMAPPED,synthetic_demo,COLOURED GLASS STAR T-LIGHT HOLDER
2011-12-09,72008,SIM-DC-01,1,15.72,0,0,3,SIM-SUP-04,UNMAPPED,synthetic_demo,UNKNOWN
2011-12-09,72023F,SIM-DC-01,2,45.77,0,0,10,SIM-SUP-07,UNMAPPED,synthetic_demo,RED ORGANIC CANDLE IN GLASS
2011-12-09,72051S,SIM-DC-01,1,24.65,0,0,5,SIM-SUP-08,UNMAPPED,synthetic_demo,BAG OF SILVER STONES
2011-12-09,72122,SIM-DC-01,12,267.47,0,1,5,SIM-SUP-05,UNMAPPED,synthetic_demo,COFFEE SCENT PILLAR CANDLE
2011-12-09,72127,SIM-DC-01,4,72.49,1,1,10,SIM-SUP-11,UNMAPPED,synthetic_demo,COLUMBIAN CANDLE ROUND
2011-12-09,72128,SIM-DC-01,9,175.89,2,1,10,SIM-SUP-04,UNMAPPED,synthetic_demo,COLUMBIAN CANDLE ROUND
2011-12-09,72130,SIM-DC-01,3,65.74,0,0,3,SIM-SUP-03,UNMAPPED,synthetic_demo,COLUMBIAN CANDLE ROUND
2011-12-09,72131,SIM-DC-01,1,16.71,0,0,5,SIM-SUP-05,UNMAPPED,synthetic_demo,COLUMBIAN CANDLE RECTANGLE
2011-12-09,72225C,SIM-DC-01,4,98.78,0,1,3,SIM-SUP-01,UNMAPPED,synthetic_demo,LAVENDER SCENT CAKE CANDLE
2011-12-09,72232,SIM-DC-01,17,362.79,0,1,5,SIM-SUP-01,UNMAPPED,synthetic_demo,FENG SHUI PILLAR CANDLE
2011-12-09,72349B,SIM-DC-01,26,125.06,0,0,7,SIM-SUP-07,UNMAPPED,synthetic_demo,SET/6 PURPLE BUTTERFLY T-LIGHTS
2011-12-09,72351A,SIM-DC-01,14,235.87,5,0,7,SIM-SUP-07,UNMAPPED,synthetic_demo,SET/6 TURQUOISE BUTTERFLY T-LIGHTS
2011-12-09,72351B,SIM-DC-01,15,67.27,1,0,5,SIM-SUP-10,UNMAPPED,synthetic_demo,SET/6 PINK BUTTERFLY T-LIGHTS
2011-12-09,72484,SIM-DC-01,1,2.53,0,0,5,SIM-SUP-07,UNMAPPED,synthetic_demo,UNKNOWN
2011-12-09,72586,SIM-DC-01,1,21.36,0,0,10,SIM-SUP-04,UNMAPPED,synthetic_demo,SET OF 6 HALLOWEEN GHOST T-LIGHTS
2011-12-09,72598,SIM-DC-01,9,20.07,0,1,3,SIM-SUP-11,UNMAPPED,synthetic_demo,SET/12 TAPER CANDLES
2011-12-09,72728,SIM-DC-01,1,17.80,0,0,3,SIM-SUP-07,UNMAPPED,synthetic_demo,ROSE SCENT CANDLES IN GLASS
2011-12-09,72741,SIM-DC-01,298,3398.40,0,7,10,SIM-SUP-04,UNMAPPED,synthetic_demo,GRAND CHOCOLATECANDLE
2011-12-09,72750B,SIM-DC-01,1,13.91,0,0,3,SIM-SUP-03,UNMAPPED,synthetic_demo,FLOWER FAIRY SET 3 CANDLES LAVENDER
2011-12-09,72760B,SIM-DC-01,1,21.44,0,0,7,SIM-SUP-10,UNMAPPED,synthetic_demo,VINTAGE CREAM 3 BASKET CAKE STAND
2011-12-09,72780,SIM-DC-01,4,37.21,1,0,10,SIM-SUP-06,UNMAPPED,synthetic_demo,BLACK SILOUETTE CANDLE PLATE
2011-12-09,72789,SIM-DC-01,2,40.71,0,0,14,SIM-SUP-11,UNMAPPED,synthetic_demo,BASKET/8 SCENTED LOVE TOKEN CANDLES
2011-12-09,72799C,SIM-DC-01,8,128.68,0,1,3,SIM-SUP-04,UNMAPPED,synthetic_demo,PINK PILLAR CANDLE SILVER FLOCK
2011-12-09,72799E,SIM-DC-01,19,289.89,0,1,5,SIM-SUP-11,UNMAPPED,synthetic_demo,IVORY PILLAR CANDLE SILVER FLOCK
2011-12-09,72799F,SIM-DC-01,2,16.06,0,0,5,SIM-SUP-03,UNMAPPED,synthetic_demo,IVORY PILLAR CANDLE GOLD FLOCK
2011-12-09,72800A,SIM-DC-01,1,3.78,0,0,10,SIM-SUP-09,UNMAPPED,synthetic_demo,UNKNOWN
2011-12-09,72800B,SIM-DC-01,3,8.38,0,0,3,SIM-SUP-02,UNMAPPED,synthetic_demo,4 PURPLE FLOCK DINNER CANDLES
2011-12-09,72800C,SIM-DC-01,8,72.52,0,0,10,SIM-SUP-04,UNMAPPED,synthetic_demo,4 PINK DINNER CANDLE SILVER FLOCK
2011-12-09,72800D,SIM-DC-01,1,11.12,0,0,7,SIM-SUP-08,UNMAPPED,synthetic_demo,4 BLUE DINNER CANDLES SILVER FLOCK
2011-12-09,72800E,SIM-DC-01,33,741.27,10,3,10,SIM-SUP-02,UNMAPPED,synthetic_demo,4 IVORY DINNER CANDLES SILVER FLOCK
2011-12-09,72800F,SIM-DC-01,0,0.00,0,0,7,SIM-SUP-04,UNMAPPED,synthetic_demo,4 IVORY DINNER CANDLES GOLD FLOCK
2011-12-09,72801C,SIM-DC-01,0,0.00,0,0,5,SIM-SUP-04,UNMAPPED,synthetic_demo,4 ROSE PINK DINNER CANDLES
2011-12-09,72801D,SIM-DC-01,3,49.22,0,0,3,SIM-SUP-02,UNMAPPED,synthetic_demo,4 SKY BLUE DINNER CANDLES
2011-12-09,72801G,SIM-DC-01,2,36.65,0,0,14,SIM-SUP-07,UNMAPPED,synthetic_demo,4 BURGUNDY WINE DINNER CANDLES
2011-12-09,72802A,SIM-DC-01,2,32.24,0,0,5,SIM-SUP-12,UNMAPPED,synthetic_demo,ROSE SCENT CANDLE IN JEWELLED BOX
2011-12-09,72802B,SIM-DC-01,4,81.32,0,1,14,SIM-SUP-10,UNMAPPED,synthetic_demo,OCEAN SCENT CANDLE IN JEWELLED BOX
2011-12-09,72802C,SIM-DC-01,1,14.47,0,0,3,SIM-SUP-08,UNMAPPED,synthetic_demo,VANILLA SCENT CANDLE JEWELLED BOX
2011-12-09,72803A,SIM-DC-01,1,11.90,0,0,3,SIM-SUP-03,UNMAPPED,synthetic_demo,ROSE SCENT CANDLE JEWELLED DRAWER
2011-12-09,72803B,SIM-DC-01,1,7.57,0,0,5,SIM-SUP-01,UNMAPPED,synthetic_demo,UNKNOWN
2011-12-09,72807A,SIM-DC-01,12,86.24,0,1,7,SIM-SUP-06,UNMAPPED,synthetic_demo,SET/3 ROSE CANDLE IN JEWELLED BOX
2011-12-09,72807B,SIM-DC-01,4,72.60,0,1,3,SIM-SUP-01,UNMAPPED,synthetic_demo,SET/3 OCEAN SCENT CANDLE JEWEL BOX
2011-12-09,72807C,SIM-DC-01,11,172.61,0,1,14,SIM-SUP-12,UNMAPPED,synthetic_demo,SET/3 VANILLA SCENTED CANDLE IN BOX
2011-12-09,72814,SIM-DC-01,2,29.59,0,0,10,SIM-SUP-12,UNMAPPED,synthetic_demo,UNKNOWN
2011-12-09,72815,SIM-DC-01,2,45.98,0,0,7,SIM-SUP-12,UNMAPPED,synthetic_demo,3 WICK CHRISTMAS BRIAR CANDLE
2011-12-09,72816,SIM-DC-01,2,7.90,0,0,10,SIM-SUP-12,UNMAPPED,synthetic_demo,SET/3 CHRISTMAS DECOUPAGE CANDLES
2011-12-09,72817,SIM-DC-01,29,293.52,0,3,3,SIM-SUP-02,UNMAPPED,synthetic_demo,UNKNOWN
2011-12-09,72818,SIM-DC-01,1,3.00,0,0,3,SIM-SUP-10,UNMAPPED,synthetic_demo,CHRISTMAS DECOUPAGE CANDLE
2011-12-09,72819,SIM-DC-01,3,70.96,0,0,3,SIM-SUP-12,UNMAPPED,synthetic_demo,CUPID DESIGN SCENTED CANDLES
2011-12-09,75013B,SIM-DC-01,2,13.90,0,0,14,SIM-SUP-12,UNMAPPED,synthetic_demo,UNKNOWN
2011-12-09,75049L,SIM-DC-01,53,525.25,0,5,10,SIM-SUP-12,UNMAPPED,synthetic_demo,LARGE CIRCULAR MIRROR MOBILE
2011-12-09,75131,SIM-DC-01,1,21.23,0,0,10,SIM-SUP-12,UNMAPPED,synthetic_demo,METAL TUBE CHIME ON BAMBOO
2011-12-09,77101A,SIM-DC-01,2,10.28,0,0,5,SIM-SUP-07,UNMAPPED,synthetic_demo,UNKNOWN
2011-12-09,79000,SIM-DC-01,1,7.76,0,0,10,SIM-SUP-04,UNMAPPED,synthetic_demo,MOROCCAN TEA GLASS
2011-12-09,79026B,SIM-DC-01,1,15.31,0,0,14,SIM-SUP-04,UNMAPPED,synthetic_demo,"S/4 ICON COASTER,ELVIS LIVES"
2011-12-09,79029,SIM-DC-01,1,2.47,0,0,3,SIM-SUP-08,UNMAPPED,synthetic_demo,UNKNOWN
2011-12-09,79030D,SIM-DC-01,2,35.06,0,0,7,SIM-SUP-04,UNMAPPED,synthetic_demo,TUMBLER BAROQUE
2011-12-09,79030G,SIM-DC-01,2,8.39,1,0,10,SIM-SUP-06,UNMAPPED,synthetic_demo,TUMBLER NEW ENGLAND
2011-12-09,79051A,SIM-DC-01,12,201.55,2,2,3,SIM-SUP-02,UNMAPPED,synthetic_demo,SMOKEY GREY COLOUR GLASS
2011-12-09,79066K,SIM-DC-01,97,826.48,0,6,14,SIM-SUP-11,UNMAPPED,synthetic_demo,RETRO MOD TRAY
2011-12-09,79067,SIM-DC-01,2,25.58,0,0,14,SIM-SUP-04,UNMAPPED,synthetic_demo,CORONA MEXICAN TRAY
2011-12-09,79071B,SIM-DC-01,2,4.07,0,0,14,SIM-SUP-04,UNMAPPED,synthetic_demo,ENGLISH ROSE METAL WASTE BIN
2011-12-09,79072,SIM-DC-01,2,36.84,0,0,10,SIM-SUP-04,UNMAPPED,synthetic_demo,TEATIME CAKE TIN WITH HANDLE
2011-12-09,79144B,SIM-DC-01,4,92.89,0,0,7,SIM-SUP-11,UNMAPPED,synthetic_demo,PAINTED LIGHTBULB STAR+ MOON
2011-12-09,79144C,SIM-DC-01,4,66.27,0,0,5,SIM-SUP-12,UNMAPPED,synthetic_demo,PAINTED LIGHTBULB RAINBOW DESIGN
2011-12-09,79160,SIM-DC-01,8,149.31,0,0,10,SIM-SUP-02,UNMAPPED,synthetic_demo,HEART SHAPE WIRELESS DOORBELL
2011-12-09,79163,SIM-DC-01,1,5.77,0,0,10,SIM-SUP-04,UNMAPPED,synthetic_demo,BLACK CHAMPAGNE GLASS
2011-12-09,79164,SIM-DC-01,1,2.47,0,0,3,SIM-SUP-02,UNMAPPED,synthetic_demo,BLACK WINE GLASS
2011-12-09,79190A,SIM-DC-01,8,71.63,0,0,7,SIM-SUP-06,UNMAPPED,synthetic_demo,RETRO PLASTIC 70'S TRAY
2011-12-09,79190B,SIM-DC-01,19,449.41,0,2,7,SIM-SUP-04,UNMAPPED,synthetic_demo,RETRO PLASTIC POLKA TRAY
2011-12-09,79190D,SIM-DC-01,12,226.91,0,2,14,SIM-SUP-12,UNMAPPED,synthetic_demo,RETRO PLASTIC DAISY TRAY
2011-12-09,79191B,SIM-DC-01,9,202.72,0,0,14,SIM-SUP-12,UNMAPPED,synthetic_demo,RETRO PLASTIC POLKA TRAY
2011-12-09,79191C,SIM-DC-01,12,147.53,0,1,14,SIM-SUP-04,UNMAPPED,synthetic_demo,RETRO PLASTIC ELEPHANT TRAY
2011-12-09,79191D,SIM-DC-01,2,23.60,0,0,14,SIM-SUP-11,UNMAPPED,synthetic_demo,RETRO PLASTIC DAISY TRAY
2011-12-09,79192A,SIM-DC-01,1,21.09,0,0,3,SIM-SUP-03,UNMAPPED,synthetic_demo,RETRO PLASTIC 70'S TRAY
2011-12-09,79302M,SIM-DC-01,11,83.02,3,0,7,SIM-SUP-12,UNMAPPED,synthetic_demo,"ART LIGHTS,FUNK MONKEY"
2011-12-09,79320,SIM-DC-01,1,2.51,0,0,7,SIM-SUP-02,UNMAPPED,synthetic_demo,FLAMINGO LIGHTS
2011-12-09,79321,SIM-DC-01,89,252.17,0,1,10,SIM-SUP-12,UNMAPPED,synthetic_demo,CHILLI LIGHTS
2011-12-09,79323B,SIM-DC-01,2,29.79,0,0,14,SIM-SUP-11,UNMAPPED,synthetic_demo,BLACK CHERRY LIGHTS
2011-12-09,79323G,SIM-DC-01,1,20.74,0,0,10,SIM-SUP-05,UNMAPPED,synthetic_demo,GOLD CHERRY LIGHTS
2011-12-09,79323GR,SIM-DC-01,2,37.07,0,0,7,SIM-SUP-08,UNMAPPED,synthetic_demo,GREEN CHERRY LIGHTS
2011-12-09,79323LP,SIM-DC-01,1,8.51,0,0,5,SIM-SUP-04,UNMAPPED,synthetic_demo,LIGHT PINK CHERRY LIGHTS
2011-12-09,79323P,SIM-DC-01,2,14.36,0,0,7,SIM-SUP-08,UNMAPPED,synthetic_demo,PINK CHERRY LIGHTS
2011-12-09,79323S,SIM-DC-01,1,12.19,0,0,3,SIM-SUP-11,UNMAPPED,synthetic_demo,SILVER CHERRY LIGHTS
2011-12-09,79323W,SIM-DC-01,1,12.53,0,0,5,SIM-SUP-09,UNMAPPED,synthetic_demo,WHITE CHERRY LIGHTS
2011-12-09,79341,SIM-DC-01,1,7.19,0,0,3,SIM-SUP-02,UNMAPPED,synthetic_demo,WILLOW BRANCH LIGHTS.
2011-12-09,79342B,SIM-DC-01,1,19.24,0,0,7,SIM-SUP-05,UNMAPPED,synthetic_demo,BROWN FLOWER LIGHTS
2011-12-09,79403,SIM-DC-01,1,14.68,0,0,3,SIM-SUP-03,UNMAPPED,synthetic_demo,FROSTED WHITE BASE
2011-12-09,81950B,SIM-DC-01,0,0.00,0,0,3,SIM-SUP-05,UNMAPPED,synthetic_demo,FLOWER BLUE CLOCK WITH SUCKER
2011-12-09,81952V,SIM-DC-01,3,22.76,0,0,5,SIM-SUP-08,UNMAPPED,synthetic_demo,ROUND PURPLE CLOCK WITH SUCKER
2011-12-09,82001S,SIM-DC-01,35,862.19,0,1,10,SIM-SUP-10,UNMAPPED,synthetic_demo,SILVER RECORD COVER FRAME
2011-12-09,82011A,SIM-DC-01,1,16.74,0,0,3,SIM-SUP-08,UNMAPPED,synthetic_demo,"BATHROOM SCALES, TROPICAL BEACH"
2011-12-09,82011B,SIM-DC-01,5,17.45,0,1,7,SIM-SUP-03,UNMAPPED,synthetic_demo,BATHROOM SCALES RUBBER DUCKS
2011-12-09,82011C,SIM-DC-01,4,71.36,0,1,10,SIM-SUP-12,UNMAPPED,synthetic_demo,BATHROOM SCALES FOOTPRINTS IN SAND
2011-12-09,82095,SIM-DC-01,1,14.40,0,0,5,SIM-SUP-08,UNMAPPED,synthetic_demo,HEART BUTTONS JEWELLERY BOX
2011-12-09,82482,SIM-DC-01,159,3511.37,0,11,14,SIM-SUP-09,UNMAPPED,synthetic_demo,WOODEN PICTURE FRAME WHITE FINISH
2011-12-09,82483,SIM-DC-01,212,3277.02,0,13,10,SIM-SUP-11,UNMAPPED,synthetic_demo,WOOD 2 DRAWER CABINET WHITE FINISH
2011-12-09,82484,SIM-DC-01,41,285.51,78,1,14,SIM-SUP-04,UNMAPPED,synthetic_demo,WOOD BLACK BOARD ANT WHITE FINISH
2011-12-09,82486,SIM-DC-01,86,2082.88,0,10,5,SIM-SUP-12,UNMAPPED,synthetic_demo,3 DRAWER ANTIQUE WHITE WOOD CABINET
2011-12-09,82494L,SIM-DC-01,175,1075.30,0,7,14,SIM-SUP-12,UNMAPPED,synthetic_demo,WOODEN FRAME ANTIQUE WHITE
2011-12-09,82551,SIM-DC-01,176,4089.63,68,2,14,SIM-SUP-11,UNMAPPED,synthetic_demo,LAUNDRY 15C METAL SIGN
2011-12-09,82552,SIM-DC-01,54,349.14,0,4,7,SIM-SUP-08,UNMAPPED,synthetic_demo,WASHROOM METAL SIGN
2011-12-09,82567,SIM-DC-01,41,486.82,0,5,7,SIM-SUP-02,UNMAPPED,synthetic_demo,"AIRLINE LOUNGE,METAL SIGN"
2011-12-09,82578,SIM-DC-01,16,84.33,0,2,10,SIM-SUP-07,UNMAPPED,synthetic_demo,KITCHEN METAL SIGN
2011-12-09,82580,SIM-DC-01,24,418.70,10,3,3,SIM-SUP-10,UNMAPPED,synthetic_demo,BATHROOM METAL SIGN
2011-12-09,82581,SIM-DC-01,89,383.25,0,11,10,SIM-SUP-01,UNMAPPED,synthetic_demo,TOILET METAL SIGN
2011-12-09,82582,SIM-DC-01,61,1497.16,22,8,7,SIM-SUP-04,UNMAPPED,synthetic_demo,AREA PATROLLED METAL SIGN
2011-12-09,82583,SIM-DC-01,70,437.42,0,7,7,SIM-SUP-02,UNMAPPED,synthetic_demo,HOT BATHS METAL SIGN
2011-12-09,82585,SIM-DC-01,2,26.82,0,0,7,SIM-SUP-05,UNMAPPED,synthetic_demo,UNKNOWN
2011-12-09,82587,SIM-DC-01,1,22.58,0,0,3,SIM-SUP-01,UNMAPPED,synthetic_demo,TEXRIO TOMATOES CANDLE+CUP
2011-12-09,82597,SIM-DC-01,1,7.70,0,0,3,SIM-SUP-05,UNMAPPED,synthetic_demo,UNKNOWN
2011-12-09,82599,SIM-DC-01,3,63.17,0,0,10,SIM-SUP-02,UNMAPPED,synthetic_demo,UNKNOWN
2011-12-09,82600,SIM-DC-01,39,355.65,0,0,3,SIM-SUP-02,UNMAPPED,synthetic_demo,N0 SINGING METAL SIGN
2011-12-09,82605,SIM-DC-01,2,25.68,0,0,7,SIM-SUP-02,UNMAPPED,synthetic_demo,UNKNOWN
2011-12-09,82607A,SIM-DC-01,1,4.55,1,0,10,SIM-SUP-10,UNMAPPED,synthetic_demo,UNKNOWN
2011-12-09,82613A,SIM-DC-01,1,19.87,0,0,7,SIM-SUP-01,UNMAPPED,synthetic_demo,Amazon
2011-12-09,82613B,SIM-DC-01,3,20.05,0,0,7,SIM-SUP-03,UNMAPPED,synthetic_demo,"METAL SIGN,CUPCAKE SINGLE HOOK"
2011-12-09,82613C,SIM-DC-01,4,96.24,2,0,10,SIM-SUP-02,UNMAPPED,synthetic_demo,"METAL SIGN,CUPCAKE SINGLE HOOK"
2011-12-09,82613D,SIM-DC-01,1,9.18,0,0,3,SIM-SUP-08,UNMAPPED,synthetic_demo,METAL SIGN CUPCAKE SINGLE HOOK
2011-12-09,82615,SIM-DC-01,1,4.94,0,0,3,SIM-SUP-12,UNMAPPED,synthetic_demo,PINK MARSHMALLOW SCARF KNITTING KIT
2011-12-09,82616A,SIM-DC-01,1,23.61,0,0,3,SIM-SUP-05,UNMAPPED,synthetic_demo,BUBBLE GUM SCARF KNITTING KIT
2011-12-09,82616B,SIM-DC-01,9,65.44,3,1,3,SIM-SUP-04,UNMAPPED,synthetic_demo,FRAPPUCINO SCARF KNITTING KIT
2011-12-09,82616C,SIM-DC-01,16,105.89,0,2,5,SIM-SUP-09,UNMAPPED,synthetic_demo,MIDNIGHT GLAMOUR SCARF KNITTING KIT
2011-12-09,84006,SIM-DC-01,34,607.14,0,4,7,SIM-SUP-08,UNMAPPED,synthetic_demo,MAGIC TREE -PAPER FLOWERS
2011-12-09,84007,SIM-DC-01,1,7.18,0,0,3,SIM-SUP-07,UNMAPPED,synthetic_demo,MAGIC GARDEN MOUNT FUJI
2011-12-09,84012,SIM-DC-01,27,179.25,0,4,14,SIM-SUP-02,UNMAPPED,synthetic_demo,MAGIC SHEEP WOOL GROWING FROM PAPER
2011-12-09,84016,SIM-DC-01,1,4.71,0,0,5,SIM-SUP-10,UNMAPPED,synthetic_demo,FLAG OF ST GEORGE CAR FLAG
2011-12-09,84029E,SIM-DC-01,210,1023.42,0,15,7,SIM-SUP-11,UNMAPPED,synthetic_demo,RED WOOLLY HOTTIE WHITE HEART.
2011-12-09,84029G,SIM-DC-01,87,883.60,0,7,3,SIM-SUP-05,UNMAPPED,synthetic_demo,KNITTED UNION FLAG HOT WATER BOTTLE
2011-12-09,84030E,SIM-DC-01,83,1121.76,36,8,14,SIM-SUP-10,UNMAPPED,synthetic_demo,ENGLISH ROSE HOT WATER BOTTLE
2011-12-09,84031A,SIM-DC-01,32,157.60,0,3,7,SIM-SUP-11,UNMAPPED,synthetic_demo,CHARLIE+LOLA RED HOT WATER BOTTLE
2011-12-09,84031B,SIM-DC-01,9,63.59,0,1,7,SIM-SUP-07,UNMAPPED,synthetic_demo,CHARLIE LOLA BLUE HOT WATER BOTTLE
2011-12-09,84032A,SIM-DC-01,72,452.55,0,2,7,SIM-SUP-10,UNMAPPED,synthetic_demo,CHARLIE+LOLA PINK HOT WATER BOTTLE
2011-12-09,84032B,SIM-DC-01,65,274.87,0,3,7,SIM-SUP-08,UNMAPPED,synthetic_demo,CHARLIE + LOLA RED HOT WATER BOTTLE
2011-12-09,84033,SIM-DC-01,2,26.01,0,0,10,SIM-SUP-02,UNMAPPED,synthetic_demo,FLAG OF ST GEORGE
2011-12-09,84050,SIM-DC-01,1,3.33,0,0,14,SIM-SUP-09,UNMAPPED,synthetic_demo,check
2011-12-09,84051,SIM-DC-01,11,77.11,0,0,10,SIM-SUP-08,UNMAPPED,synthetic_demo,ASS COLOUR GLOWING TIARAS
2011-12-09,84077,SIM-DC-01,324,4835.67,0,10,7,SIM-SUP-01,UNMAPPED,synthetic_demo,WORLD WAR 2 GLIDERS ASSTD DESIGNS
2011-12-09,84078A,SIM-DC-01,2,42.02,1,0,3,SIM-SUP-06,UNMAPPED,synthetic_demo,SET/4 WHITE RETRO STORAGE CUBES
2011-12-09,84086C,SIM-DC-01,10,249.02,0,1,10,SIM-SUP-10,UNMAPPED,synthetic_demo,PINK/PURPLE RETRO RADIO
2011-12-09,84192,SIM-DC-01,4,90.49,0,0,10,SIM-SUP-11,UNMAPPED,synthetic_demo,ASSORTED COLOUR METAL CAT
2011-12-09,84199,SIM-DC-01,4,92.28,0,0,3,SIM-SUP-10,UNMAPPED,synthetic_demo,GLOW IN DARK DOLPHINS
2011-12-09,84212,SIM-DC-01,13,160.27,0,2,14,SIM-SUP-01,UNMAPPED,synthetic_demo,"ASSORTED FLOWER COLOUR ""LEIS"""
2011-12-09,84218,SIM-DC-01,1,14.57,0,0,10,SIM-SUP-02,UNMAPPED,synthetic_demo,BOX/12 CHICK & EGG IN BASKET
2011-12-09,84228,SIM-DC-01,1,13.15,0,0,3,SIM-SUP-04,UNMAPPED,synthetic_demo,HEN HOUSE WITH CHICK STANDING
2011-12-09,84231,SIM-DC-01,4,59.93,0,0,14,SIM-SUP-01,UNMAPPED,synthetic_demo,EASTER BUNNY WITH BASKET ON BACK
2011-12-09,84247E,SIM-DC-01,4,47.19,0,0,3,SIM-SUP-01,UNMAPPED,synthetic_demo,PACK OF 12 CHRISTMAS FUN CARDS
2011-12-09,84247G,SIM-DC-01,1,7.03,1,0,7,SIM-SUP-01,UNMAPPED,synthetic_demo,"DECOUPAGE,GREETING CARD,"
2011-12-09,84247L,SIM-DC-01,1,4.62,0,0,10,SIM-SUP-11,UNMAPPED,synthetic_demo,FAWN AND MUSHROOM GREETING CARD
2011-12-09,84247N,SIM-DC-01,3,30.63,0,0,7,SIM-SUP-03,UNMAPPED,synthetic_demo,PACK/12 BLUE FOLKART CARDS
2011-12-09,84249A,SIM-DC-01,3,11.04,0,0,10,SIM-SUP-02,UNMAPPED,synthetic_demo,"GREETING CARD,SQUARE, DOUGHNUTS"
2011-12-09,84249D,SIM-DC-01,2,38.01,0,0,10,SIM-SUP-08,UNMAPPED,synthetic_demo,FAIRY CAKE GREETINGS CARD
2011-12-09,84251B,SIM-DC-01,2,14.20,0,0,14,SIM-SUP-12,UNMAPPED,synthetic_demo,"GREETING CARD, STICKY GORDON"
2011-12-09,84251C,SIM-DC-01,2,29.25,0,0,10,SIM-SUP-12,UNMAPPED,synthetic_demo,"GREETING CARD, TWO SISTERS."
2011-12-09,84251F,SIM-DC-01,1,5.41,0,0,5,SIM-SUP-03,UNMAPPED,synthetic_demo,UNKNOWN
2011-12-09,84251G,SIM-DC-01,5,119.04,0,1,7,SIM-SUP-05,UNMAPPED,synthetic_demo,"GREETING CARD, OVERCROWDED POOL."
2011-12-09,84270,SIM-DC-01,1,13.17,0,0,3,SIM-SUP-06,UNMAPPED,synthetic_demo,UNKNOWN
2011-12-09,84279B,SIM-DC-01,1,7.81,0,0,3,SIM-SUP-07,UNMAPPED,synthetic_demo,CHERRY BLOSSOM DECORATIVE FLASK
2011-12-09,84279P,SIM-DC-01,20,142.54,0,0,14,SIM-SUP-01,UNMAPPED,synthetic_demo,CHERRY BLOSSOM DECORATIVE FLASK
2011-12-09,84313B,SIM-DC-01,1,25.00,0,0,3,SIM-SUP-02,UNMAPPED,synthetic_demo,BLUE TV TRAY TABLE
2011-12-09,84313C,SIM-DC-01,1,8.42,0,0,3,SIM-SUP-07,UNMAPPED,synthetic_demo,ORANGE TV TRAY TABLE
2011-12-09,84327A,SIM-DC-01,1,18.56,0,0,7,SIM-SUP-03,UNMAPPED,synthetic_demo,PINK JUMPER LARRY THE LAMB
2011-12-09,84341B,SIM-DC-01,2,48.66,0,0,14,SIM-SUP-07,UNMAPPED,synthetic_demo,SMALL PINK MAGIC CHRISTMAS TREE
2011-12-09,84347,SIM-DC-01,123,1324.02,84,5,5,SIM-SUP-12,UNMAPPED,synthetic_demo,ROTATING SILVER ANGELS T-LIGHT HLDR
2011-12-09,84352,SIM-DC-01,3,6.78,0,0,10,SIM-SUP-07,UNMAPPED,synthetic_demo,SILVER CHRISTMAS TREE BAUBLE STAND
2011-12-09,84356,SIM-DC-01,3,28.10,0,0,7,SIM-SUP-09,UNMAPPED,synthetic_demo,POMPOM CURTAIN
2011-12-09,84360,SIM-DC-01,2,14.76,0,0,3,SIM-SUP-11,UNMAPPED,synthetic_demo,TABLE LAMP WHITE SHADE WOOD BASE
2011-12-09,84375,SIM-DC-01,152,3178.00,0,3,5,SIM-SUP-01,UNMAPPED,synthetic_demo,SET OF 20 KIDS COOKIE CUTTERS
2011-12-09,84378,SIM-DC-01,164,1319.05,0,8,14,SIM-SUP-03,UNMAPPED,synthetic_demo,SET OF 3 HEART COOKIE CUTTERS
2011-12-09,84380,SIM-DC-01,206,635.56,0,1,14,SIM-SUP-02,UNMAPPED,synthetic_demo,SET OF 3 BUTTERFLY COOKIE CUTTERS
2011-12-09,84396,SIM-DC-01,1,15.42,0,0,3,SIM-SUP-08,UNMAPPED,synthetic_demo,6 HOOK JEWELLERY STAND BLACK DRESS
2011-12-09,84405A,SIM-DC-01,1,7.44,0,0,3,SIM-SUP-07,UNMAPPED,synthetic_demo,S/3 PINK COL METAL BASKET W HANDLE
2011-12-09,84406B,SIM-DC-01,21,412.01,0,3,7,SIM-SUP-12,UNMAPPED,synthetic_demo,CREAM CUPID HEARTS COAT HANGER
2011-12-09,84422,SIM-DC-01,1,12.11,0,0,5,SIM-SUP-12,UNMAPPED,synthetic_demo,PINK/BLUE DISC/MIRROR STRING
2011-12-09,84429A,SIM-DC-01,2,14.69,0,0,10,SIM-SUP-03,UNMAPPED,synthetic_demo,MEDIUM PINK BUDDHA HEAD
2011-12-09,84450B,SIM-DC-01,1,6.54,0,0,7,SIM-SUP-09,UNMAPPED,synthetic_demo,PINK/YELLOW RABBIT SAT EASTER
2011-12-09,84452,SIM-DC-01,3,57.32,0,0,14,SIM-SUP-10,UNMAPPED,synthetic_demo,METAL RABBIT LADDER EASTER
2011-12-09,84457,SIM-DC-01,0,0.00,0,0,5,SIM-SUP-11,UNMAPPED,synthetic_demo,SET/3 RABBITS FLOWER SKIPPPING ROPE
2011-12-09,84459A,SIM-DC-01,3,63.77,0,0,14,SIM-SUP-07,UNMAPPED,synthetic_demo,PINK METAL CHICKEN HEART
2011-12-09,84459B,SIM-DC-01,1,8.09,0,0,10,SIM-SUP-02,UNMAPPED,synthetic_demo,UNKNOWN
2011-12-09,84461,SIM-DC-01,1,11.72,0,0,3,SIM-SUP-03,UNMAPPED,synthetic_demo,12 PINK HEN+CHICKS IN BASKET
2011-12-09,84466,SIM-DC-01,1,7.90,0,0,7,SIM-SUP-08,UNMAPPED,synthetic_demo,TOP SECRET PEN SET
2011-12-09,84467,SIM-DC-01,1,15.50,0,0,5,SIM-SUP-07,UNMAPPED,synthetic_demo,ENGLISH ROSE DESIGN QUILTED THROW
2011-12-09,84497,SIM-DC-01,2,23.82,0,0,14,SIM-SUP-12,UNMAPPED,synthetic_demo,BUTTONS AND STRIPES NOTEBOOK
2011-12-09,84499,SIM-DC-01,2,46.25,0,0,14,SIM-SUP-04,UNMAPPED,synthetic_demo,BLACK FLOWER CANDLE PLATE
2011-12-09,84507B,SIM-DC-01,1,22.09,0,0,5,SIM-SUP-11,UNMAPPED,synthetic_demo,STRIPES DESIGN MONKEY DOLL
2011-12-09,84507C,SIM-DC-01,1,21.28,0,0,5,SIM-SUP-02,UNMAPPED,synthetic_demo,adjustment
2011-12-09,84508A,SIM-DC-01,0,0.00,0,0,3,SIM-SUP-11,UNMAPPED,synthetic_demo,CAMOUFLAGE DESIGN TEDDY
2011-12-09,84508B,SIM-DC-01,2,35.60,0,0,5,SIM-SUP-10,UNMAPPED,synthetic_demo,STRIPES DESIGN TEDDY
2011-12-09,84508C,SIM-DC-01,1,9.36,0,0,7,SIM-SUP-09,UNMAPPED,synthetic_demo,BLUE CIRCLES DESIGN TEDDY
2011-12-09,84509A,SIM-DC-01,40,907.59,0,5,10,SIM-SUP-08,UNMAPPED,synthetic_demo,SET OF 4 ENGLISH ROSE PLACEMATS
2011-12-09,84509B,SIM-DC-01,7,157.14,0,1,7,SIM-SUP-01,UNMAPPED,synthetic_demo,SET OF 4 FAIRY CAKE PLACEMATS
2011-12-09,84509C,SIM-DC-01,3,38.91,0,0,3,SIM-SUP-08,UNMAPPED,synthetic_demo,SET OF 4 POLKADOT PLACEMATS
2011-12-09,84509E,SIM-DC-01,3,60.72,0,0,10,SIM-SUP-12,UNMAPPED,synthetic_demo,SET OF 4 CAROUSEL PLACEMATS
2011-12-09,84509F,SIM-DC-01,1,18.51,0,0,14,SIM-SUP-09,UNMAPPED,synthetic_demo,SET OF 4 NEW ENGLAND PLACEMATS
2011-12-09,84509G,SIM-DC-01,6,56.59,0,0,10,SIM-SUP-02,UNMAPPED,synthetic_demo,SET OF 4 FAIRY CAKE PLACEMATS
2011-12-09,84510A,SIM-DC-01,40,449.01,0,3,7,SIM-SUP-06,UNMAPPED,synthetic_demo,SET OF 4 ENGLISH ROSE COASTERS
2011-12-09,84510B,SIM-DC-01,1,4.12,0,0,7,SIM-SUP-08,UNMAPPED,synthetic_demo,UNKNOWN
2011-12-09,84510C,SIM-DC-01,4,81.22,0,0,14,SIM-SUP-01,UNMAPPED,synthetic_demo,SET OF 4 POLKADOT COASTERS
2011-12-09,84510E,SIM-DC-01,4,31.72,0,0,10,SIM-SUP-09,UNMAPPED,synthetic_demo,SET OF 4 GREEN CAROUSEL COASTERS
2011-12-09,84510F,SIM-DC-01,1,13.43,0,0,7,SIM-SUP-03,UNMAPPED,synthetic_demo,SET OF 4 NEW ENGLAND COASTERS
2011-12-09,84519A,SIM-DC-01,19,318.61,2,0,10,SIM-SUP-02,UNMAPPED,synthetic_demo,TOMATO CHARLIE+LOLA COASTER SET
2011-12-09,84519B,SIM-DC-01,10,193.29,0,1,7,SIM-SUP-02,UNMAPPED,synthetic_demo,CARROT CHARLIE+LOLA COASTER SET
2011-12-09,84520B,SIM-DC-01,0,0.00,0,0,5,SIM-SUP-08,UNMAPPED,synthetic_demo,PACK 20 ENGLISH ROSE PAPER NAPKINS
2011-12-09,84520D,SIM-DC-01,2,23.70,1,0,14,SIM-SUP-09,UNMAPPED,synthetic_demo,UNKNOWN
2011-12-09,84526,SIM-DC-01,0,0.00,0,0,7,SIM-SUP-05,UNMAPPED,synthetic_demo,GIANT BLACK SUNGLASSES
2011-12-09,84531A,SIM-DC-01,1,12.28,0,0,10,SIM-SUP-02,UNMAPPED,synthetic_demo,returned
2011-12-09,84531B,SIM-DC-01,4,97.02,0,0,14,SIM-SUP-08,UNMAPPED,synthetic_demo,returned
2011-12-09,84534B,SIM-DC-01,2,22.10,0,0,14,SIM-SUP-02,UNMAPPED,synthetic_demo,FAIRY CAKE NOTEBOOK A5 SIZE
2011-12-09,84535A,SIM-DC-01,2,34.79,0,0,10,SIM-SUP-06,UNMAPPED,synthetic_demo,ENGLISH ROSE NOTEBOOK A6 SIZE
2011-12-09,84535B,SIM-DC-01,8,20.58,4,0,3,SIM-SUP-04,UNMAPPED,synthetic_demo,FAIRY CAKES NOTEBOOK A6 SIZE
2011-12-09,84536A,SIM-DC-01,36,329.31,0,4,3,SIM-SUP-04,UNMAPPED,synthetic_demo,ENGLISH ROSE NOTEBOOK A7 SIZE
2011-12-09,84536B,SIM-DC-01,23,132.54,8,3,7,SIM-SUP-09,UNMAPPED,synthetic_demo,FAIRY CAKES NOTEBOOK A7 SIZE
2011-12-09,84558A,SIM-DC-01,12,146.36,0,0,7,SIM-SUP-10,UNMAPPED,synthetic_demo,3D DOG PICTURE PLAYING CARDS
2011-12-09,84559A,SIM-DC-01,18,113.26,0,2,10,SIM-SUP-05,UNMAPPED,synthetic_demo,3D SHEET OF DOG STICKERS
2011-12-09,84559B,SIM-DC-01,1,21.60,0,0,7,SIM-SUP-07,UNMAPPED,synthetic_demo,3D SHEET OF CAT STICKERS
2011-12-09,84559D,SIM-DC-01,2,38.36,0,0,10,SIM-SUP-08,UNMAPPED,synthetic_demo,3D SHEET OF SEA WORLD STICKERS
2011-12-09,84562A,SIM-DC-01,1,20.13,0,0,10,SIM-SUP-10,UNMAPPED,synthetic_demo,PINK/WHITE RIBBED MELAMINE JUG
2011-12-09,84563A,SIM-DC-01,2,24.33,0,0,7,SIM-SUP-12,UNMAPPED,synthetic_demo,PINK & WHITE BREAKFAST TRAY
2011-12-09,84563B,SIM-DC-01,0,0.00,0,0,3,SIM-SUP-05,UNMAPPED,synthetic_demo,BLUE & WHITE BREAKFAST TRAY
2011-12-09,84568,SIM-DC-01,53,247.23,0,3,3,SIM-SUP-11,UNMAPPED,synthetic_demo,GIRLS ALPHABET IRON ON PATCHES
2011-12-09,84569A,SIM-DC-01,4,21.12,2,0,10,SIM-SUP-02,UNMAPPED,synthetic_demo,PACK 3 IRON ON DOG PATCHES
2011-12-09,84569B,SIM-DC-01,2,40.33,0,0,5,SIM-SUP-12,UNMAPPED,synthetic_demo,PACK 3 FIRE ENGINE/CAR PATCHES
2011-12-09,84569C,SIM-DC-01,2,16.16,0,0,14,SIM-SUP-11,UNMAPPED,synthetic_demo,PACK 4 FLOWER/BUTTERFLY PATCHES
2011-12-09,84569D,SIM-DC-01,2,26.07,0,0,10,SIM-SUP-01,UNMAPPED,synthetic_demo,PACK 6 HEART/ICE-CREAM PATCHES
2011-12-09,84578,SIM-DC-01,1,9.44,0,0,3,SIM-SUP-12,UNMAPPED,synthetic_demo,ELEPHANT TOY WITH BLUE T-SHIRT
2011-12-09,84580,SIM-DC-01,12,250.70,0,2,5,SIM-SUP-04,UNMAPPED,synthetic_demo,MOUSE TOY WITH PINK T-SHIRT
2011-12-09,84581,SIM-DC-01,7,98.72,0,0,7,SIM-SUP-08,UNMAPPED,synthetic_demo,DOG TOY WITH PINK CROCHET SKIRT
2011-12-09,84584,SIM-DC-01,2,40.99,1,0,14,SIM-SUP-06,UNMAPPED,synthetic_demo,PINK GINGHAM CAT WITH SCARF
2011-12-09,84592,SIM-DC-01,3,68.06,0,0,5,SIM-SUP-02,UNMAPPED,synthetic_demo,CROCHET ROSE PURSE WITH SUEDE BACK
2011-12-09,84595E,SIM-DC-01,0,0.00,0,0,10,SIM-SUP-12,UNMAPPED,synthetic_demo,LARGE TORTILLA DESIGN RED BOWL
2011-12-09,84596B,SIM-DC-01,85,1115.97,10,4,5,SIM-SUP-03,UNMAPPED,synthetic_demo,SMALL DOLLY MIX DESIGN ORANGE BOWL
2011-12-09,84596E,SIM-DC-01,1,18.99,0,0,3,SIM-SUP-02,UNMAPPED,synthetic_demo,UNKNOWN
2011-12-09,84596F,SIM-DC-01,300,4228.02,0,41,14,SIM-SUP-12,UNMAPPED,synthetic_demo,SMALL MARSHMALLOWS PINK BOWL
2011-12-09,84596G,SIM-DC-01,74,1206.16,4,4,14,SIM-SUP-04,UNMAPPED,synthetic_demo,SMALL CHOCOLATES PINK BOWL
2011-12-09,84596J,SIM-DC-01,1,13.34,0,0,5,SIM-SUP-05,UNMAPPED,synthetic_demo,MIXED NUTS LIGHT GREEN BOWL
2011-12-09,84596K,SIM-DC-01,2,18.20,0,0,10,SIM-SUP-06,UNMAPPED,synthetic_demo,JELLY BABIES YELLOW SMALL BOWL
2011-12-09,84596L,SIM-DC-01,1,14.23,0,0,5,SIM-SUP-11,UNMAPPED,synthetic_demo,BISCUITS SMALL BOWL LIGHT BLUE
2011-12-09,84597C,SIM-DC-01,1,21.35,0,0,3,SIM-SUP-08,UNMAPPED,synthetic_demo,RETRO PINK BALL ASHTRAY
2011-12-09,84598,SIM-DC-01,15,346.99,0,1,3,SIM-SUP-09,UNMAPPED,synthetic_demo,BOYS ALPHABET IRON ON PATCHES
2011-12-09,84600,SIM-DC-01,3,38.74,0,0,3,SIM-SUP-06,UNMAPPED,synthetic_demo,NEW BAROQUE JEWELLERY BOX
2011-12-09,84609,SIM-DC-01,4,41.24,0,0,5,SIM-SUP-12,UNMAPPED,synthetic_demo,TALL ROCOCO CANDLE HOLDER
2011-12-09,84620,SIM-DC-01,3,52.92,0,0,14,SIM-SUP-07,UNMAPPED,synthetic_demo,BLUE GINGHAM ROSE CUSHION COVER
2011-12-09,84625A,SIM-DC-01,2,18.26,0,0,10,SIM-SUP-12,UNMAPPED,synthetic_demo,PINK NEW BAROQUECANDLESTICK CANDLE
2011-12-09,84625C,SIM-DC-01,0,0.00,0,0,10,SIM-SUP-01,UNMAPPED,synthetic_demo,BLUE NEW BAROQUE CANDLESTICK CANDLE
2011-12-09,84625D,SIM-DC-01,1,18.51,0,0,3,SIM-SUP-10,UNMAPPED,synthetic_demo,WHITE NEWBAROQUE CANDLESTICK CANDLE
2011-12-09,84631,SIM-DC-01,1,7.49,0,0,5,SIM-SUP-12,UNMAPPED,synthetic_demo,FRUIT TREE AND BIRDS WALL PLAQUE
2011-12-09,84637,SIM-DC-01,2,4.59,0,0,7,SIM-SUP-02,UNMAPPED,synthetic_demo,KITCHEN FLOWER POTS WALL PLAQUE
2011-12-09,84638,SIM-DC-01,0,0.00,0,0,5,SIM-SUP-09,UNMAPPED,synthetic_demo,SMALL KITCHEN FLOWER POTS PLAQUE
2011-12-09,84658,SIM-DC-01,3,69.97,0,0,7,SIM-SUP-03,UNMAPPED,synthetic_demo,WHITE STITCHED CUSHION COVER
2011-12-09,84659A,SIM-DC-01,2,32.86,0,0,5,SIM-SUP-10,UNMAPPED,synthetic_demo,WHITE TRAVEL ALARM CLOCK
2011-12-09,84660A,SIM-DC-01,3,27.62,0,0,10,SIM-SUP-12,UNMAPPED,synthetic_demo,WHITE STITCHED WALL CLOCK
2011-12-09,84660B,SIM-DC-01,2,24.80,0,0,7,SIM-SUP-04,UNMAPPED,synthetic_demo,BLACK STITCHED WALL CLOCK
2011-12-09,84660C,SIM-DC-01,1,22.88,0,0,3,SIM-SUP-08,UNMAPPED,synthetic_demo,UNKNOWN
2011-12-09,84661A,SIM-DC-01,6,37.16,0,1,7,SIM-SUP-12,UNMAPPED,synthetic_demo,WHITE SQUARE TABLE CLOCK
2011-12-09,84661B,SIM-DC-01,5,117.20,0,0,7,SIM-SUP-07,UNMAPPED,synthetic_demo,BLACK SQUARE TABLE CLOCK
2011-12-09,84663A,SIM-DC-01,3,39.79,0,0,3,SIM-SUP-02,UNMAPPED,synthetic_demo,UNKNOWN
2011-12-09,84665,SIM-DC-01,2,19.99,0,0,10,SIM-SUP-10,UNMAPPED,synthetic_demo,SQUARE CHERRY BLOSSOM CABINET
2011-12-09,84670,SIM-DC-01,2,15.71,0,0,10,SIM-SUP-04,UNMAPPED,synthetic_demo,UNKNOWN
2011-12-09,84673A,SIM-DC-01,2,42.76,0,0,3,SIM-SUP-06,UNMAPPED,synthetic_demo,PINK FLY SWAT
2011-12-09,84673B,SIM-DC-01,5,22.33,0,0,14,SIM-SUP-07,UNMAPPED,synthetic_demo,BLUE FLY SWAT
2011-12-09,84674,SIM-DC-01,4,20.30,0,0,7,SIM-SUP-08,UNMAPPED,synthetic_demo,FLYING PIG WATERING CAN
2011-12-09,84675,SIM-DC-01,1,16.63,0,0,7,SIM-SUP-03,UNMAPPED,synthetic_demo,FROG KING WATERING CAN
2011-12-09,84676,SIM-DC-01,1,22.43,0,0,7,SIM-SUP-08,UNMAPPED,synthetic_demo,BATH DUCK WATERING CAN
2011-12-09,84678,SIM-DC-01,2,13.25,0,0,14,SIM-SUP-11,UNMAPPED,synthetic_demo,CLASSICAL ROSE SMALL VASE
2011-12-09,84682,SIM-DC-01,1,9.18,0,0,3,SIM-SUP-09,UNMAPPED,synthetic_demo,CLASSICAL ROSE DISH
2011-12-09,84683,SIM-DC-01,2,36.35,1,0,14,SIM-SUP-03,UNMAPPED,synthetic_demo,CLASSICAL ROSE CANDLESTAND
2011-12-09,84684,SIM-DC-01,3,34.90,0,0,10,SIM-SUP-09,UNMAPPED,synthetic_demo,UNKNOWN
2011-12-09,84685,SIM-DC-01,1,15.29,0,0,3,SIM-SUP-08,UNMAPPED,synthetic_demo,BEACH HUT KEY CABINET
2011-12-09,84686,SIM-DC-01,1,20.40,0,0,14,SIM-SUP-06,UNMAPPED,synthetic_demo,UNKNOWN
2011-12-09,84687,SIM-DC-01,3,19.80,0,0,14,SIM-SUP-11,UNMAPPED,synthetic_demo,BEACH HUT SHELF W 3 DRAWERS
2011-12-09,84688,SIM-DC-01,3,44.56,0,0,14,SIM-SUP-10,UNMAPPED,synthetic_demo,BEACH HUT DESIGN BLACKBOARD
2011-12-09,84689,SIM-DC-01,2,10.35,0,0,14,SIM-SUP-12,UNMAPPED,synthetic_demo,S/2 BEACH HUT TREASURE CHESTS
2011-12-09,84691,SIM-DC-01,1,18.53,0,0,5,SIM-SUP-10,UNMAPPED,synthetic_demo,PACK 20 DOLLY PEGS
2011-12-09,84692,SIM-DC-01,436,9275.97,0,25,14,SIM-SUP-06,UNMAPPED,synthetic_demo,BOX OF 24 COCKTAIL PARASOLS
2011-12-09,84707A,SIM-DC-01,8,193.67,0,0,10,SIM-SUP-01,UNMAPPED,synthetic_demo,SILVER JEWELLED MIRROR TRINKET TRAY
2011-12-09,84707B,SIM-DC-01,1,23.89,0,0,5,SIM-SUP-03,UNMAPPED,synthetic_demo,PINK JEWELLED MIRROR TRINKET TRAY
2011-12-09,84708B,SIM-DC-01,4,34.67,0,0,14,SIM-SUP-03,UNMAPPED,synthetic_demo,PINK JEWELLED PHOTO FRAME
2011-12-09,84709B,SIM-DC-01,1,2.60,0,0,7,SIM-SUP-09,UNMAPPED,synthetic_demo,UNKNOWN
2011-12-09,84712B,SIM-DC-01,8,18.19,0,1,14,SIM-SUP-01,UNMAPPED,synthetic_demo,PINK JEWELLED PHOTO FRAME
2011-12-09,84715,SIM-DC-01,2,19.76,0,0,7,SIM-SUP-07,UNMAPPED,synthetic_demo,SET OF 6 ICE CREAM SKITTLES
2011-12-09,84741C,SIM-DC-01,1,4.75,0,0,5,SIM-SUP-07,UNMAPPED,synthetic_demo,CITRUS GARLAND FELT FLOWERS
2011-12-09,84748,SIM-DC-01,3,27.03,0,0,14,SIM-SUP-09,UNMAPPED,synthetic_demo,FOLK FELT HANGING MULTICOL GARLAND
2011-12-09,84750A,SIM-DC-01,0,0.00,0,0,5,SIM-SUP-12,UNMAPPED,synthetic_demo,PINK SMALL GLASS CAKE STAND
2011-12-09,84750B,SIM-DC-01,1,19.71,0,0,7,SIM-SUP-06,UNMAPPED,synthetic_demo,BLACK SMALL GLASS CAKE STAND
2011-12-09,84754,SIM-DC-01,1,5.45,0,0,5,SIM-SUP-02,UNMAPPED,synthetic_demo,S/15 SILVER GLASS BAUBLES IN BAG
2011-12-09,84755,SIM-DC-01,80,323.16,0,8,10,SIM-SUP-11,UNMAPPED,synthetic_demo,COLOUR GLASS T-LIGHT HOLDER HANGING
2011-12-09,84760S,SIM-DC-01,1,7.33,0,0,3,SIM-SUP-09,UNMAPPED,synthetic_demo,UNKNOWN
2011-12-09,84761,SIM-DC-01,2,29.58,0,0,10,SIM-SUP-12,UNMAPPED,synthetic_demo,IVORY HANGING BIRD PLANTER
2011-12-09,84762B,SIM-DC-01,1,24.82,0,0,5,SIM-SUP-08,UNMAPPED,synthetic_demo,PINK PICNIC BARBECUE BUCKET
2011-12-09,84762C,SIM-DC-01,1,2.49,0,0,3,SIM-SUP-05,UNMAPPED,synthetic_demo,GREEN PICNIC BARBECUE BUCKET
2011-12-09,84763,SIM-DC-01,1,13.79,0,0,10,SIM-SUP-10,UNMAPPED,synthetic_demo,ZINC FINISH 15CM PLANTER POTS
2011-12-09,84773,SIM-DC-01,1,7.96,0,0,5,SIM-SUP-03,UNMAPPED,synthetic_demo,UNKNOWN
2011-12-09,84789,SIM-DC-01,2,8.28,0,0,5,SIM-SUP-01,UNMAPPED,synthetic_demo,UNKNOWN
2011-12-09,84791,SIM-DC-01,1,17.53,0,0,3,SIM-SUP-02,UNMAPPED,synthetic_demo,GINGHAM HEART DECORATION
2011-12-09,84792,SIM-DC-01,23,48.94,0,2,3,SIM-SUP-02,UNMAPPED,synthetic_demo,ENCHANTED BIRD COATHANGER 5 HOOK
2011-12-09,84795A,SIM-DC-01,1,12.08,0,0,3,SIM-SUP-06,UNMAPPED,synthetic_demo,UNKNOWN
2011-12-09,84795B,SIM-DC-01,2,31.79,0,0,7,SIM-SUP-11,UNMAPPED,synthetic_demo,SUNSET CHECK HAMMOCK
2011-12-09,84795C,SIM-DC-01,1,12.36,0,0,5,SIM-SUP-06,UNMAPPED,synthetic_demo,UNKNOWN
2011-12-09,84795D,SIM-DC-01,2,45.29,0,0,14,SIM-SUP-12,UNMAPPED,synthetic_demo,UNKNOWN
2011-12-09,84796A,SIM-DC-01,1,9.57,0,0,3,SIM-SUP-08,UNMAPPED,synthetic_demo,PINK HAWAIIAN PICNIC HAMPER FOR 2
2011-12-09,84796B,SIM-DC-01,3,35.75,0,0,10,SIM-SUP-05,UNMAPPED,synthetic_demo,BLUE SAVANNAH PICNIC HAMPER FOR 2
2011-12-09,84800L,SIM-DC-01,1,14.54,0,0,5,SIM-SUP-04,UNMAPPED,synthetic_demo,LARGE WHITE/PINK ROSE ART FLOWER
2011-12-09,84806B,SIM-DC-01,1,9.01,0,0,10,SIM-SUP-11,UNMAPPED,synthetic_demo,WHITE CANDYSTUFT ARTIFICIAL FLOWER
2011-12-09,84813,SIM-DC-01,2,19.89,1,0,5,SIM-SUP-08,UNMAPPED,synthetic_demo,SET OF 4 DIAMOND NAPKIN RINGS
2011-12-09,84815,SIM-DC-01,2,32.90,0,0,10,SIM-SUP-07,UNMAPPED,synthetic_demo,SET OF 3 DANISH ROSE PLANTERS
2011-12-09,84817,SIM-DC-01,6,129.48,3,0,7,SIM-SUP-10,UNMAPPED,synthetic_demo,DANISH ROSE DECORATIVE PLATE
2011-12-09,84818,SIM-DC-01,1,21.28,0,0,5,SIM-SUP-12,UNMAPPED,synthetic_demo,DANISH ROSE PHOTO FRAME
2011-12-09,84819,SIM-DC-01,6,51.03,0,0,7,SIM-SUP-08,UNMAPPED,synthetic_demo,DANISH ROSE ROUND SEWING BOX
2011-12-09,84820,SIM-DC-01,4,52.35,0,0,7,SIM-SUP-08,UNMAPPED,synthetic_demo,DANISH ROSE TRINKET TRAYS
2011-12-09,84821,SIM-DC-01,6,28.99,0,0,5,SIM-SUP-10,UNMAPPED,synthetic_demo,DANISH ROSE DELUXE COASTER
2011-12-09,84826,SIM-DC-01,2,42.48,0,0,3,SIM-SUP-05,UNMAPPED,synthetic_demo,ASSTD DESIGN 3D PAPER STICKERS
2011-12-09,84828,SIM-DC-01,33,532.86,7,4,10,SIM-SUP-12,UNMAPPED,synthetic_demo,JUNGLE POPSICLES ICE LOLLY MOULDS
2011-12-09,84832,SIM-DC-01,60,721.87,0,0,3,SIM-SUP-03,UNMAPPED,synthetic_demo,ZINC WILLIE WINKIE CANDLE STICK
2011-12-09,84836,SIM-DC-01,203,1909.13,0,6,10,SIM-SUP-11,UNMAPPED,synthetic_demo,ZINC METAL HEART DECORATION
2011-12-09,84837,SIM-DC-01,1,21.56,0,0,14,SIM-SUP-07,UNMAPPED,synthetic_demo,UNKNOWN
2011-12-09,84839,SIM-DC-01,3,74.25,0,0,14,SIM-SUP-12,UNMAPPED,synthetic_demo,SWEETHEART KEY CABINET
2011-12-09,84840,SIM-DC-01,1,24.71,0,0,5,SIM-SUP-06,UNMAPPED,synthetic_demo,UNKNOWN
2011-12-09,84842,SIM-DC-01,2,38.87,0,0,7,SIM-SUP-12,UNMAPPED,synthetic_demo,HELLO SAILOR BATHROOM SET
2011-12-09,84843,SIM-DC-01,2,15.92,1,0,14,SIM-SUP-09,UNMAPPED,synthetic_demo,WHITE SOAP RACK WITH 2 BOTTLES
2011-12-09,84846A,SIM-DC-01,0,0.00,0,0,3,SIM-SUP-03,UNMAPPED,synthetic_demo,SCENTED CANDLE IN DIGITALIS TIN
2011-12-09,84847,SIM-DC-01,2,28.14,0,0,7,SIM-SUP-02,UNMAPPED,synthetic_demo,UNKNOWN
2011-12-09,84849A,SIM-DC-01,2,39.48,0,0,10,SIM-SUP-10,UNMAPPED,synthetic_demo,HELLO SAILOR BLUE SOAP HOLDER
2011-12-09,84849B,SIM-DC-01,1,7.56,0,0,3,SIM-SUP-05,UNMAPPED,synthetic_demo,FAIRY SOAP SOAP HOLDER
2011-12-09,84849D,SIM-DC-01,3,25.78,0,0,3,SIM-SUP-05,UNMAPPED,synthetic_demo,HOT BATHS SOAP HOLDER
2011-12-09,84854,SIM-DC-01,1,24.40,0,0,5,SIM-SUP-03,UNMAPPED,synthetic_demo,GIRLY PINK TOOL SET
2011-12-09,84856L,SIM-DC-01,3,22.20,0,0,10,SIM-SUP-11,UNMAPPED,synthetic_demo,LARGE TAHITI BEACH BAG
2011-12-09,84856S,SIM-DC-01,1,5.56,0,0,5,SIM-SUP-05,UNMAPPED,synthetic_demo,SMALL TAHITI BEACH BAG
2011-12-09,84859A,SIM-DC-01,5,38.93,0,0,10,SIM-SUP-10,UNMAPPED,synthetic_demo,SILVER DISCO HANDBAG
2011-12-09,84865,SIM-DC-01,1,14.15,0,0,10,SIM-SUP-07,UNMAPPED,synthetic_demo,NEW BAROQUE BLACK PHOTO ALBUM
2011-12-09,84870B,SIM-DC-01,1,8.79,0,0,10,SIM-SUP-12,UNMAPPED,synthetic_demo,BLUE GEISHA GIRL
2011-12-09,84870C,SIM-DC-01,1,9.53,0,0,5,SIM-SUP-03,UNMAPPED,synthetic_demo,GREEN GEISHA GIRL
2011-12-09,84872A,SIM-DC-01,4,48.13,0,0,14,SIM-SUP-09,UNMAPPED,synthetic_demo,TEATIME FUNKY FLOWER BACKPACK FOR 2
2011-12-09,84874B,SIM-DC-01,1,17.76,0,0,5,SIM-SUP-11,UNMAPPED,synthetic_demo,BLUE TRAVEL FIRST AID KIT
2011-12-09,84876D,SIM-DC-01,2,29.15,0,0,14,SIM-SUP-06,UNMAPPED,synthetic_demo,BLUE HEART COMPACT MIRROR
2011-12-09,84877B,SIM-DC-01,1,11.58,0,0,3,SIM-SUP-08,UNMAPPED,synthetic_demo,GREEN ROUND COMPACT MIRROR
2011-12-09,84877D,SIM-DC-01,0,0.00,0,0,3,SIM-SUP-02,UNMAPPED,synthetic_demo,BLUE ROUND COMPACT MIRROR
2011-12-09,84879,SIM-DC-01,147,2735.46,0,11,10,SIM-SUP-06,UNMAPPED,synthetic_demo,ASSORTED COLOUR BIRD ORNAMENT
2011-12-09,84880,SIM-DC-01,2,31.65,0,0,5,SIM-SUP-01,UNMAPPED,synthetic_demo,WHITE WIRE EGG HOLDER
2011-12-09,84882,SIM-DC-01,3,31.84,0,0,7,SIM-SUP-01,UNMAPPED,synthetic_demo,GREEN WIRE STANDING CANDLE HOLDER
2011-12-09,84884A,SIM-DC-01,4,95.23,0,0,3,SIM-SUP-11,UNMAPPED,synthetic_demo,ANT WHITE WIRE HEART SPIRAL
2011-12-09,84898F,SIM-DC-01,3,73.20,0,0,14,SIM-SUP-04,UNMAPPED,synthetic_demo,YELLOW FLOWERS FELT HANDBAG KIT
2011-12-09,84899F,SIM-DC-01,1,8.61,0,0,3,SIM-SUP-12,UNMAPPED,synthetic_demo,YELLOW PURPLE DAISY FELT PURSE KIT
2011-12-09,84901,SIM-DC-01,3,58.48,0,0,14,SIM-SUP-08,UNMAPPED,synthetic_demo,BLACK FACE LAMB WITH PANTS
2011-12-09,84902,SIM-DC-01,1,15.13,0,0,3,SIM-SUP-08,UNMAPPED,synthetic_demo,PINK KNITTED COW STUFFED TOY
2011-12-09,84905,SIM-DC-01,2,29.92,0,0,10,SIM-SUP-02,UNMAPPED,synthetic_demo,PINK BUTTERFLY CUSHION COVER
2011-12-09,84907,SIM-DC-01,1,4.86,0,0,3,SIM-SUP-01,UNMAPPED,synthetic_demo,PINK YELLOW PATCH CUSHION COVER
2011-12-09,84908A,SIM-DC-01,1,21.64,0,0,5,SIM-SUP-03,UNMAPPED,synthetic_demo,PINK 5 PATCH FLOWER CUSHION COVER
2011-12-09,84908B,SIM-DC-01,1,23.80,0,0,10,SIM-SUP-02,UNMAPPED,synthetic_demo,BLUE 5 PATCH FLOWER CUSHION COVER
2011-12-09,84910A,SIM-DC-01,1,22.95,0,0,3,SIM-SUP-02,UNMAPPED,synthetic_demo,PINK PAISLEY CUSHION COVER
2011-12-09,84912A,SIM-DC-01,2,42.48,1,0,10,SIM-SUP-06,UNMAPPED,synthetic_demo,UNKNOWN
2011-12-09,84912B,SIM-DC-01,13,277.74,0,0,3,SIM-SUP-03,UNMAPPED,synthetic_demo,GREEN ROSE WASHBAG
2011-12-09,84913A,SIM-DC-01,2,26.25,0,0,10,SIM-SUP-11,UNMAPPED,synthetic_demo,SOFT PINK ROSE TOWEL
2011-12-09,84913B,SIM-DC-01,5,86.33,0,1,10,SIM-SUP-06,UNMAPPED,synthetic_demo,MINT GREEN ROSE TOWEL
2011-12-09,84915,SIM-DC-01,1,17.74,0,0,3,SIM-SUP-06,UNMAPPED,synthetic_demo,HAND TOWEL PINK FLOWER AND DAISY
2011-12-09,84916,SIM-DC-01,1,17.03,0,0,5,SIM-SUP-01,UNMAPPED,synthetic_demo,HAND TOWEL PALE BLUE W FLOWERS
2011-12-09,84917,SIM-DC-01,2,37.43,0,0,7,SIM-SUP-02,UNMAPPED,synthetic_demo,UNKNOWN
2011-12-09,84918,SIM-DC-01,1,21.02,0,0,3,SIM-SUP-04,UNMAPPED,synthetic_demo,CREAM CUSHION COVER WITH FLOWERS
2011-12-09,84919,SIM-DC-01,4,72.79,1,0,14,SIM-SUP-09,UNMAPPED,synthetic_demo,BLUE CUSHION COVER WITH FLOWER
2011-12-09,84920,SIM-DC-01,3,65.87,0,0,7,SIM-SUP-10,UNMAPPED,synthetic_demo,PINK FLOWER FABRIC PONY
2011-12-09,84923,SIM-DC-01,15,150.21,0,2,14,SIM-SUP-05,UNMAPPED,synthetic_demo,PINK BUTTERFLY HANDBAG W BOBBLES
2011-12-09,84924A,SIM-DC-01,1,7.42,0,0,10,SIM-SUP-06,UNMAPPED,synthetic_demo,WAKE UP COCKEREL CALENDAR SIGN
2011-12-09,84925F,SIM-DC-01,3,56.09,0,0,14,SIM-SUP-07,UNMAPPED,synthetic_demo,PSYCHEDELIC WALL THERMOMETER
2011-12-09,84926A,SIM-DC-01,9,29.72,0,0,5,SIM-SUP-04,UNMAPPED,synthetic_demo,WAKE UP COCKEREL TILE COASTER
2011-12-09,84926D,SIM-DC-01,1,21.20,0,0,5,SIM-SUP-12,UNMAPPED,synthetic_demo,LA PALMIERA TILE COASTER
2011-12-09,84926E,SIM-DC-01,4,87.31,1,0,3,SIM-SUP-05,UNMAPPED,synthetic_demo,FLOWERS TILE COASTER
2011-12-09,84926F,SIM-DC-01,2,8.95,1,0,5,SIM-SUP-02,UNMAPPED,synthetic_demo,PSYCHEDELIC TILE COASTER
2011-12-09,84927A,SIM-DC-01,2,6.88,0,0,7,SIM-SUP-03,UNMAPPED,synthetic_demo,WAKE UP COCKEREL TILE HOOK
2011-12-09,84927F,SIM-DC-01,22,206.01,0,2,10,SIM-SUP-12,UNMAPPED,synthetic_demo,PSYCHEDELIC TILE HOOK
2011-12-09,84929,SIM-DC-01,18,401.21,0,3,14,SIM-SUP-05,UNMAPPED,synthetic_demo,ASSTD FRUIT+FLOWERS FRIDGE MAGNETS
2011-12-09,84931A,SIM-DC-01,2,11.15,0,0,5,SIM-SUP-04,UNMAPPED,synthetic_demo,PINK SCOTTIE DOG W FLOWER PATTERN
2011-12-09,84931B,SIM-DC-01,2,25.75,0,0,5,SIM-SUP-03,UNMAPPED,synthetic_demo,BLUE SCOTTIE DOG W FLOWER PATTERN
2011-12-09,84932C,SIM-DC-01,1,5.82,0,0,7,SIM-SUP-11,UNMAPPED,synthetic_demo,SMALL ORIENTAL BLUE FOLDING STOOL
2011-12-09,84937,SIM-DC-01,2,48.84,0,0,10,SIM-SUP-07,UNMAPPED,synthetic_demo,UNKNOWN
2011-12-09,84944,SIM-DC-01,2,14.91,0,0,7,SIM-SUP-08,UNMAPPED,synthetic_demo,SET OF 6 KASHMIR FOLKART BAUBLES
2011-12-09,84945,SIM-DC-01,123,2625.42,0,14,5,SIM-SUP-12,UNMAPPED,synthetic_demo,MULTI COLOUR SILVER T-LIGHT HOLDER
2011-12-09,84946,SIM-DC-01,251,1004.97,0,17,7,SIM-SUP-12,UNMAPPED,synthetic_demo,ANTIQUE SILVER T-LIGHT GLASS
2011-12-09,84947,SIM-DC-01,101,1526.15,0,10,3,SIM-SUP-01,UNMAPPED,synthetic_demo,ANTIQUE SILVER TEA GLASS ENGRAVED
2011-12-09,84949,SIM-DC-01,37,690.30,0,4,5,SIM-SUP-10,UNMAPPED,synthetic_demo,SILVER HANGING T-LIGHT HOLDER
2011-12-09,84950,SIM-DC-01,19,234.19,0,1,5,SIM-SUP-10,UNMAPPED,synthetic_demo,ASSORTED COLOUR T-LIGHT HOLDER
2011-12-09,84951A,SIM-DC-01,9,83.27,0,0,14,SIM-SUP-10,UNMAPPED,synthetic_demo,SET OF 4 PISTACHIO LOVEBIRD COASTER
2011-12-09,84951B,SIM-DC-01,4,87.47,0,0,3,SIM-SUP-04,UNMAPPED,synthetic_demo,SET OF 4 BLACK LOVEBIRD COASTERS
2011-12-09,84952A,SIM-DC-01,2,24.57,0,0,5,SIM-SUP-04,UNMAPPED,synthetic_demo,CLEAR LOVE BIRD T-LIGHT HOLDER
2011-12-09,84952B,SIM-DC-01,1,3.46,0,0,7,SIM-SUP-08,UNMAPPED,synthetic_demo,BLACK LOVE BIRD T-LIGHT HOLDER
2011-12-09,84952C,SIM-DC-01,2,45.84,0,0,7,SIM-SUP-05,UNMAPPED,synthetic_demo,MIRROR LOVE BIRD T-LIGHT HOLDER
2011-12-09,84968A,SIM-DC-01,2,7.60,0,0,5,SIM-SUP-02,UNMAPPED,synthetic_demo,SET OF 16 VINTAGE ROSE CUTLERY
2011-12-09,84968B,SIM-DC-01,0,0.00,0,0,7,SIM-SUP-05,UNMAPPED,synthetic_demo,SET OF 16 VINTAGE IVORY CUTLERY
2011-12-09,84968C,SIM-DC-01,2,36.53,0,0,7,SIM-SUP-12,UNMAPPED,synthetic_demo,SET OF 16 VINTAGE PISTACHIO CUTLERY
2011-12-09,84968D,SIM-DC-01,2,42.77,0,0,10,SIM-SUP-12,UNMAPPED,synthetic_demo,SET OF 16 VINTAGE RED CUTLERY
2011-12-09,84968E,SIM-DC-01,3,23.98,0,0,7,SIM-SUP-12,UNMAPPED,synthetic_demo,SET OF 16 VINTAGE BLACK CUTLERY
2011-12-09,84968F,SIM-DC-01,1,18.97,0,0,5,SIM-SUP-05,UNMAPPED,synthetic_demo,SET OF 16 VINTAGE SKY BLUE CUTLERY
2011-12-09,84969,SIM-DC-01,24,429.97,0,1,14,SIM-SUP-02,UNMAPPED,synthetic_demo,BOX OF 6 ASSORTED COLOUR TEASPOONS
2011-12-09,84970L,SIM-DC-01,67,447.93,10,6,5,SIM-SUP-09,UNMAPPED,synthetic_demo,SINGLE HEART ZINC T-LIGHT HOLDER
2011-12-09,84970S,SIM-DC-01,48,980.70,0,6,7,SIM-SUP-06,UNMAPPED,synthetic_demo,HANGING HEART ZINC T-LIGHT HOLDER
2011-12-09,84971L,SIM-DC-01,1,21.92,0,0,3,SIM-SUP-09,UNMAPPED,synthetic_demo,LARGE HEART FLOWERS HOOK
2011-12-09,84971S,SIM-DC-01,16,266.99,0,1,7,SIM-SUP-11,UNMAPPED,synthetic_demo,SMALL HEART FLOWERS HOOK
2011-12-09,84972L,SIM-DC-01,1,5.06,0,0,7,SIM-SUP-12,UNMAPPED,synthetic_demo,GIANT PINK HEART MEMO HOLDER
2011-12-09,84974,SIM-DC-01,1,7.38,0,0,3,SIM-SUP-10,UNMAPPED,synthetic_demo,S/2 ZINC HEART DESIGN PLANTERS
2011-12-09,84975,SIM-DC-01,2,10.40,0,0,10,SIM-SUP-10,UNMAPPED,synthetic_demo,HEART SHAPED MIRROR
2011-12-09,84976,SIM-DC-01,1,18.80,0,0,7,SIM-SUP-04,UNMAPPED,synthetic_demo,RECTANGULAR SHAPED MIRROR
2011-12-09,84977,SIM-DC-01,0,0.00,0,0,10,SIM-SUP-01,UNMAPPED,synthetic_demo,UNKNOWN
2011-12-09,84978,SIM-DC-01,177,2040.71,4,11,7,SIM-SUP-09,UNMAPPED,synthetic_demo,HANGING HEART JAR T-LIGHT HOLDER
2011-12-09,84985A,SIM-DC-01,0,0.00,0,0,3,SIM-SUP-08,UNMAPPED,synthetic_demo,SET OF 72 GREEN PAPER DOILIES
2011-12-09,84986B,SIM-DC-01,2,33.51,0,0,10,SIM-SUP-07,UNMAPPED,synthetic_demo,SET OF 36 SILVER PAPER DOILIES
2011-12-09,84987,SIM-DC-01,88,693.91,8,9,14,SIM-SUP-07,UNMAPPED,synthetic_demo,SET OF 36 TEATIME PAPER DOILIES
2011-12-09,84988,SIM-DC-01,40,966.13,0,0,3,SIM-SUP-12,UNMAPPED,synthetic_demo,SET OF 72 PINK HEART PAPER DOILIES
2011-12-09,84989A,SIM-DC-01,5,102.07,0,1,10,SIM-SUP-09,UNMAPPED,synthetic_demo,75 GREEN FAIRY CAKE CASES
2011-12-09,84989B,SIM-DC-01,1,9.80,0,0,3,SIM-SUP-06,UNMAPPED,synthetic_demo,75 BLACK FAIRY CAKE CASES
2011-12-09,84990,SIM-DC-01,1,18.10,0,0,10,SIM-SUP-05,UNMAPPED,synthetic_demo,UNKNOWN
2011-12-09,84991,SIM-DC-01,219,4992.33,0,17,10,SIM-SUP-07,UNMAPPED,synthetic_demo,60 TEATIME FAIRY CAKE CASES
2011-12-09,84992,SIM-DC-01,136,1631.12,0,9,10,SIM-SUP-05,UNMAPPED,synthetic_demo,72 SWEETHEART FAIRY CAKE CASES
2011-12-09,84993A,SIM-DC-01,4,35.14,0,0,5,SIM-SUP-06,UNMAPPED,synthetic_demo,75 GREEN PETIT FOUR CASES
2011-12-09,84993B,SIM-DC-01,3,72.22,0,0,14,SIM-SUP-06,UNMAPPED,synthetic_demo,75 BLACK PETIT FOUR CASES
2011-12-09,84997A,SIM-DC-01,11,149.07,0,0,3,SIM-SUP-10,UNMAPPED,synthetic_demo,CHILDRENS CUTLERY POLKADOT GREEN
2011-12-09,84997B,SIM-DC-01,128,2952.32,0,4,10,SIM-SUP-03,UNMAPPED,synthetic_demo,CHILDRENS CUTLERY RETROSPOT RED
2011-12-09,84997C,SIM-DC-01,78,1019.51,0,0,14,SIM-SUP-09,UNMAPPED,synthetic_demo,CHILDRENS CUTLERY POLKADOT BLUE
2011-12-09,84997D,SIM-DC-01,17,96.04,0,1,5,SIM-SUP-08,UNMAPPED,synthetic_demo,CHILDRENS CUTLERY POLKADOT PINK
2011-12-09,85006,SIM-DC-01,1,15.47,0,0,3,SIM-SUP-06,UNMAPPED,synthetic_demo,SET 4 NURSERY DES ROUND BOXES
2011-12-09,85008,SIM-DC-01,2,10.15,0,0,10,SIM-SUP-05,UNMAPPED,synthetic_demo,UNKNOWN
2011-12-09,85014A,SIM-DC-01,7,140.40,0,0,5,SIM-SUP-12,UNMAPPED,synthetic_demo,BLACK/BLUE POLKADOT UMBRELLA
2011-12-09,85014B,SIM-DC-01,81,635.38,23,0,14,SIM-SUP-06,UNMAPPED,synthetic_demo,RED RETROSPOT UMBRELLA
2011-12-09,85014C,SIM-DC-01,2,49.17,0,0,7,SIM-SUP-05,UNMAPPED,synthetic_demo,BLUE/BROWN DOTS RUFFLED UMBRELLA
2011-12-09,85014D,SIM-DC-01,2,44.93,0,0,10,SIM-SUP-02,UNMAPPED,synthetic_demo,UNKNOWN
2011-12-09,85015,SIM-DC-01,51,1114.17,5,6,3,SIM-SUP-11,UNMAPPED,synthetic_demo,SET OF 12 VINTAGE POSTCARD SET
2011-12-09,85016,SIM-DC-01,2,5.13,0,0,10,SIM-SUP-03,UNMAPPED,synthetic_demo,SET OF 6 VINTAGE NOTELETS KIT
2011-12-09,85017A,SIM-DC-01,1,6.93,0,0,14,SIM-SUP-11,UNMAPPED,synthetic_demo,ENVELOPE 50 ROMANTIC IMAGES
2011-12-09,85017B,SIM-DC-01,2,10.21,1,0,7,SIM-SUP-03,UNMAPPED,synthetic_demo,ENVELOPE 50 BLOSSOM IMAGES
2011-12-09,85017C,SIM-DC-01,1,7.53,0,0,5,SIM-SUP-07,UNMAPPED,synthetic_demo,adjustment
2011-12-09,85018D,SIM-DC-01,1,11.33,0,0,5,SIM-SUP-04,UNMAPPED,synthetic_demo,YULETIDE IMAGES S/6 PAPER BOXES
2011-12-09,85019A,SIM-DC-01,13,97.41,0,0,14,SIM-SUP-02,UNMAPPED,synthetic_demo,ROMANTIC IMAGES NOTEBOOK SET
2011-12-09,85019B,SIM-DC-01,5,119.85,0,0,3,SIM-SUP-03,UNMAPPED,synthetic_demo,BLOSSOM IMAGES NOTEBOOK SET
2011-12-09,85020,SIM-DC-01,3,29.94,0,0,7,SIM-SUP-12,UNMAPPED,synthetic_demo,ROUND PINK HEART MIRROR
2011-12-09,85023B,SIM-DC-01,2,38.55,0,0,5,SIM-SUP-03,UNMAPPED,synthetic_demo,EAU DE NILE JEWELLED PHOTOFRAME
2011-12-09,85024C,SIM-DC-01,1,19.50,0,0,5,SIM-SUP-08,UNMAPPED,synthetic_demo,PINK SMALL JEWELLED PHOTOFRAME
2011-12-09,85025B,SIM-DC-01,1,11.74,1,0,3,SIM-SUP-10,UNMAPPED,synthetic_demo,EAU DE NILE HEART SHAPE PHOTO FRAME
2011-12-09,85025C,SIM-DC-01,0,0.00,0,0,3,SIM-SUP-06,UNMAPPED,synthetic_demo,PINK HEART SHAPE PHOTO FRAME
2011-12-09,85027L,SIM-DC-01,1,24.76,0,0,5,SIM-SUP-10,UNMAPPED,synthetic_demo,UNKNOWN
2011-12-09,85028S,SIM-DC-01,2,36.82,1,0,14,SIM-SUP-02,UNMAPPED,synthetic_demo,FRENCH CHATEAU SMALL FRUITBOWL
2011-12-09,85031A,SIM-DC-01,1,9.31,0,0,10,SIM-SUP-04,UNMAPPED,synthetic_demo,ROMANTIC IMAGES SCRAP BOOK SET
2011-12-09,85031B,SIM-DC-01,2,6.84,0,0,10,SIM-SUP-03,UNMAPPED,synthetic_demo,BLOSSOM IMAGES SCRAP BOOK SET
2011-12-09,85031C,SIM-DC-01,1,11.12,0,0,5,SIM-SUP-01,UNMAPPED,synthetic_demo,CURIOUS IMAGES SCRAP BOOK SET
2011-12-09,85032A,SIM-DC-01,19,263.09,1,1,3,SIM-SUP-10,UNMAPPED,synthetic_demo,ROMANTIC IMAGES GIFT WRAP SET
2011-12-09,85032B,SIM-DC-01,10,132.68,0,0,10,SIM-SUP-03,UNMAPPED,synthetic_demo,BLOSSOM IMAGES GIFT WRAP SET
2011-12-09,85032C,SIM-DC-01,12,265.01,0,0,7,SIM-SUP-08,UNMAPPED,synthetic_demo,CURIOUS IMAGES GIFT WRAP SET
2011-12-09,85032D,SIM-DC-01,0,0.00,0,0,5,SIM-SUP-06,UNMAPPED,synthetic_demo,YULETIDE IMAGES GIFT WRAP SET
2011-12-09,85033S,SIM-DC-01,1,15.21,0,0,3,SIM-SUP-01,UNMAPPED,synthetic_demo,UNKNOWN
2011-12-09,85034A,SIM-DC-01,4,27.73,0,0,3,SIM-SUP-01,UNMAPPED,synthetic_demo,check
2011-12-09,85034B,SIM-DC-01,166,1959.03,0,3,10,SIM-SUP-05,UNMAPPED,synthetic_demo,3 WHITE CHOC MORRIS BOXED CANDLES
2011-12-09,85034C,SIM-DC-01,67,222.91,58,1,7,SIM-SUP-01,UNMAPPED,synthetic_demo,3 ROSE MORRIS BOXED CANDLES
2011-12-09,85035A,SIM-DC-01,2,15.65,0,0,10,SIM-SUP-06,UNMAPPED,synthetic_demo,GARDENIA 3 WICK MORRIS BOXED CANDLE
2011-12-09,85035B,SIM-DC-01,1,15.50,0,0,3,SIM-SUP-06,UNMAPPED,synthetic_demo,CHOCOLATE 3 WICK MORRIS BOX CANDLE
2011-12-09,85035C,SIM-DC-01,9,103.43,0,0,3,SIM-SUP-03,UNMAPPED,synthetic_demo,ROSE 3 WICK MORRIS BOX CANDLE
2011-12-09,85036A,SIM-DC-01,1,22.46,0,0,5,SIM-SUP-12,UNMAPPED,synthetic_demo,GARDENIA 1 WICK MORRIS BOXED CANDLE
2011-12-09,85036B,SIM-DC-01,7,141.69,0,0,10,SIM-SUP-04,UNMAPPED,synthetic_demo,CHOCOLATE 1 WICK MORRIS BOX CANDLE
2011-12-09,85036C,SIM-DC-01,8,42.74,0,0,3,SIM-SUP-09,UNMAPPED,synthetic_demo,ROSE 1 WICK MORRIS BOXED CANDLE
2011-12-09,85038,SIM-DC-01,32,312.11,0,1,5,SIM-SUP-12,UNMAPPED,synthetic_demo,6 CHOCOLATE LOVE HEART T-LIGHTS
2011-12-09,85039A,SIM-DC-01,20,322.64,0,3,7,SIM-SUP-04,UNMAPPED,synthetic_demo,SET/4 RED MINI ROSE CANDLE IN BOWL
2011-12-09,85039B,SIM-DC-01,35,316.57,0,4,14,SIM-SUP-03,UNMAPPED,synthetic_demo,S/4 IVORY MINI ROSE CANDLE IN BOWL
2011-12-09,85039C,SIM-DC-01,8,166.21,0,0,14,SIM-SUP-09,UNMAPPED,synthetic_demo,S/4 BLACK MINI ROSE CANDLE IN BOWL
2011-12-09,85040A,SIM-DC-01,5,27.04,0,0,7,SIM-SUP-05,UNMAPPED,synthetic_demo,S/4 PINK FLOWER CANDLES IN BOWL
2011-12-09,85040B,SIM-DC-01,1,2.98,0,0,5,SIM-SUP-12,UNMAPPED,synthetic_demo,SET/4 BLUE FLOWER CANDLES IN BOWL
2011-12-09,85041,SIM-DC-01,1,19.69,0,0,7,SIM-SUP-02,UNMAPPED,synthetic_demo,UNKNOWN
2011-12-09,85042,SIM-DC-01,2,45.78,0,0,10,SIM-SUP-01,UNMAPPED,synthetic_demo,ANTIQUE LILY FAIRY LIGHTS
2011-12-09,85044,SIM-DC-01,2,15.77,0,0,10,SIM-SUP-06,UNMAPPED,synthetic_demo,UNKNOWN
2011-12-09,85045,SIM-DC-01,1,11.51,0,0,3,SIM-SUP-10,UNMAPPED,synthetic_demo,UNKNOWN
2011-12-09,85047,SIM-DC-01,2,30.02,0,0,14,SIM-SUP-06,UNMAPPED,synthetic_demo,WHITE BEADED GARLAND STRING 20LIGHT
2011-12-09,85048,SIM-DC-01,50,331.76,0,4,3,SIM-SUP-08,UNMAPPED,synthetic_demo,15CM CHRISTMAS GLASS BALL 20 LIGHTS
2011-12-09,85049A,SIM-DC-01,228,786.14,123,17,14,SIM-SUP-03,UNMAPPED,synthetic_demo,TRADITIONAL CHRISTMAS RIBBONS
2011-12-09,85049B,SIM-DC-01,2,6.40,0,0,10,SIM-SUP-09,UNMAPPED,synthetic_demo,LUSH GREENS RIBBONS
2011-12-09,85049C,SIM-DC-01,31,127.90,0,4,7,SIM-SUP-11,UNMAPPED,synthetic_demo,ROMANTIC PINKS RIBBONS
2011-12-09,85049D,SIM-DC-01,2,8.89,1,0,10,SIM-SUP-02,UNMAPPED,synthetic_demo,UNKNOWN
2011-12-09,85049E,SIM-DC-01,124,629.72,0,10,7,SIM-SUP-10,UNMAPPED,synthetic_demo,SCANDINAVIAN REDS RIBBONS
2011-12-09,85049F,SIM-DC-01,2,14.74,0,0,10,SIM-SUP-12,UNMAPPED,synthetic_demo,BABY BOOM RIBBONS
2011-12-09,85049G,SIM-DC-01,9,78.51,4,1,5,SIM-SUP-07,UNMAPPED,synthetic_demo,CHOCOLATE BOX RIBBONS
2011-12-09,85049H,SIM-DC-01,37,840.46,0,2,7,SIM-SUP-06,UNMAPPED,synthetic_demo,URBAN BLACK RIBBONS
2011-12-09,85053,SIM-DC-01,89,1129.18,0,2,7,SIM-SUP-02,UNMAPPED,synthetic_demo,FRENCH ENAMEL CANDLEHOLDER
2011-12-09,85054,SIM-DC-01,12,131.77,1,1,10,SIM-SUP-05,UNMAPPED,synthetic_demo,FRENCH ENAMEL POT W LID
2011-12-09,85055,SIM-DC-01,1,20.67,0,0,7,SIM-SUP-12,UNMAPPED,synthetic_demo,FRENCH ENAMEL UTENSIL HOLDER
2011-12-09,85059,SIM-DC-01,4,65.32,0,0,3,SIM-SUP-02,UNMAPPED,synthetic_demo,FRENCH ENAMEL WATER BASIN
2011-12-09,85060,SIM-DC-01,1,22.45,0,0,7,SIM-SUP-06,UNMAPPED,synthetic_demo,WOOD FAN WITH FLOWER DESIGN
2011-12-09,85061W,SIM-DC-01,71,990.58,33,4,14,SIM-SUP-12,UNMAPPED,synthetic_demo,WHITE JEWELLED HEART DECORATION
2011-12-09,85062,SIM-DC-01,8,108.96,2,0,3,SIM-SUP-09,UNMAPPED,synthetic_demo,PEARL CRYSTAL PUMPKIN T-LIGHT HLDR
2011-12-09,85063,SIM-DC-01,2,48.42,0,0,14,SIM-SUP-01,UNMAPPED,synthetic_demo,CREAM SWEETHEART MAGAZINE RACK
2011-12-09,85064,SIM-DC-01,3,54.79,0,0,10,SIM-SUP-02,UNMAPPED,synthetic_demo,CREAM SWEETHEART LETTER RACK
2011-12-09,85065,SIM-DC-01,3,67.58,0,0,14,SIM-SUP-05,UNMAPPED,synthetic_demo,UNKNOWN
2011-12-09,85066,SIM-DC-01,66,781.74,0,10,10,SIM-SUP-02,UNMAPPED,synthetic_demo,CREAM SWEETHEART MINI CHEST
2011-12-09,85067,SIM-DC-01,1,23.97,0,0,5,SIM-SUP-08,UNMAPPED,synthetic_demo,CREAM SWEETHEART WALL CABINET
2011-12-09,85068,SIM-DC-01,1,22.25,0,0,10,SIM-SUP-09,UNMAPPED,synthetic_demo,CREAM SWEETHEART SHELF + HOOKS
2011-12-09,85071A,SIM-DC-01,8,72.15,0,1,5,SIM-SUP-12,UNMAPPED,synthetic_demo,BLUE CHARLIE+LOLA PERSONAL DOORSIGN
2011-12-09,85071B,SIM-DC-01,16,145.10,0,0,5,SIM-SUP-08,UNMAPPED,synthetic_demo,RED CHARLIE+LOLA PERSONAL DOORSIGN
2011-12-09,85071C,SIM-DC-01,11,29.92,0,0,14,SIM-SUP-10,UNMAPPED,synthetic_demo,"CHARLIE+LOLA""EXTREMELY BUSY"" SIGN"
2011-12-09,85071D,SIM-DC-01,7,24.18,0,0,3,SIM-SUP-09,UNMAPPED,synthetic_demo,CHARLIE+LOLA MY ROOM DOOR SIGN
2011-12-09,85078,SIM-DC-01,3,7.29,0,0,10,SIM-SUP-03,UNMAPPED,synthetic_demo,SCANDINAVIAN 3 HEARTS NAPKIN RING
2011-12-09,85084,SIM-DC-01,1,10.42,0,0,7,SIM-SUP-07,UNMAPPED,synthetic_demo,HOLLY TOP CHRISTMAS STOCKING
2011-12-09,85086A,SIM-DC-01,0,0.00,0,0,3,SIM-SUP-03,UNMAPPED,synthetic_demo,CANDY SPOT HEART DECORATION
2011-12-09,85087,SIM-DC-01,2,27.62,0,0,14,SIM-SUP-05,UNMAPPED,synthetic_demo,CANDY SPOT CUSHION COVER
2011-12-09,85088,SIM-DC-01,11,196.54,0,0,14,SIM-SUP-02,UNMAPPED,synthetic_demo,CANDY SPOT HAND BAG
2011-12-09,85090,SIM-DC-01,3,6.37,0,0,14,SIM-SUP-01,UNMAPPED,synthetic_demo,CANDY SPOT APRON
2011-12-09,85093,SIM-DC-01,2,36.25,0,0,10,SIM-SUP-03,UNMAPPED,synthetic_demo,CANDY SPOT EGG WARMER HARE
2011-12-09,85094,SIM-DC-01,7,103.21,0,1,3,SIM-SUP-03,UNMAPPED,synthetic_demo,CANDY SPOT EGG WARMER RABBIT
2011-12-09,85095,SIM-DC-01,2,24.37,0,0,5,SIM-SUP-12,UNMAPPED,synthetic_demo,THREE CANVAS LUGGAGE TAGS
2011-12-09,85096,SIM-DC-01,2,16.31,0,0,5,SIM-SUP-09,UNMAPPED,synthetic_demo,HILDA CANDY SPOT RABBIT
2011-12-09,85097B,SIM-DC-01,1,2.21,0,0,5,SIM-SUP-12,UNMAPPED,synthetic_demo,BLUE ROCKING SINGING CANARY
2011-12-09,85098B,SIM-DC-01,1,10.62,0,0,7,SIM-SUP-09,UNMAPPED,synthetic_demo,BLUE FLYING SINGING CANARY
2011-12-09,85099B,SIM-DC-01,318,2366.65,59,9,7,SIM-SUP-02,UNMAPPED,synthetic_demo,JUMBO BAG RED RETROSPOT
2011-12-09,85099C,SIM-DC-01,65,1028.93,0,4,3,SIM-SUP-07,UNMAPPED,synthetic_demo,JUMBO BAG BAROQUE BLACK WHITE
2011-12-09,85099F,SIM-DC-01,79,1929.68,0,7,10,SIM-SUP-02,UNMAPPED,synthetic_demo,JUMBO BAG STRAWBERRY
2011-12-09,85103,SIM-DC-01,1,4.10,0,0,14,SIM-SUP-03,UNMAPPED,synthetic_demo,SILVER T-LIGHT SETTING
2011-12-09,85104,SIM-DC-01,5,10.35,1,0,10,SIM-SUP-05,UNMAPPED,synthetic_demo,SILVER GLASS T-LIGHT SET
2011-12-09,85106,SIM-DC-01,5,118.39,2,0,10,SIM-SUP-10,UNMAPPED,synthetic_demo,CUT GLASS HEXAGON T-LIGHT HOLDER
2011-12-09,85107,SIM-DC-01,44,449.94,0,2,10,SIM-SUP-02,UNMAPPED,synthetic_demo,CUT GLASS T-LIGHT HOLDER OCTAGON
2011-12-09,85111,SIM-DC-01,4,84.29,10,0,14,SIM-SUP-10,UNMAPPED,synthetic_demo,SILVER GLITTER FLOWER VOTIVE HOLDER
2011-12-09,85113,SIM-DC-01,1,10.49,0,0,3,SIM-SUP-08,UNMAPPED,synthetic_demo,UNKNOWN
2011-12-09,85114A,SIM-DC-01,6,121.91,0,0,3,SIM-SUP-11,UNMAPPED,synthetic_demo,BLACK ENCHANTED FOREST PLACEMAT
2011-12-09,85114B,SIM-DC-01,11,113.02,0,1,5,SIM-SUP-07,UNMAPPED,synthetic_demo,IVORY ENCHANTED FOREST PLACEMAT
2011-12-09,85114C,SIM-DC-01,26,558.42,3,0,3,SIM-SUP-08,UNMAPPED,synthetic_demo,RED ENCHANTED FOREST PLACEMAT
2011-12-09,85116,SIM-DC-01,1,15.25,0,0,5,SIM-SUP-10,UNMAPPED,synthetic_demo,BLACK CANDELABRA T-LIGHT HOLDER
2011-12-09,85117,SIM-DC-01,1,10.88,0,0,10,SIM-SUP-10,UNMAPPED,synthetic_demo,NIGHTINGALE COATHOOK WHITE
2011-12-09,85118,SIM-DC-01,1,17.33,0,0,5,SIM-SUP-01,UNMAPPED,synthetic_demo,HEART T-LIGHT HOLDER
2011-12-09,85119,SIM-DC-01,2,18.52,1,0,14,SIM-SUP-08,UNMAPPED,synthetic_demo,WATERING CAN SINGLE HOOK PISTACHIO
2011-12-09,85121B,SIM-DC-01,1,11.25,0,0,7,SIM-SUP-09,UNMAPPED,synthetic_demo,UNKNOWN
2011-12-09,85121C,SIM-DC-01,2,19.66,0,0,5,SIM-SUP-01,UNMAPPED,synthetic_demo,RETRO LAUNDRY TUB PISTACHIO
2011-12-09,85123A,SIM-DC-01,191,1808.23,26,26,3,SIM-SUP-08,UNMAPPED,synthetic_demo,CREAM HANGING HEART T-LIGHT HOLDER
2011-12-09,85124A,SIM-DC-01,3,57.95,0,0,10,SIM-SUP-10,UNMAPPED,synthetic_demo,UNKNOWN
2011-12-09,85124B,SIM-DC-01,2,10.76,0,0,3,SIM-SUP-04,UNMAPPED,synthetic_demo,BLUE JUICY FRUIT PHOTO FRAME
2011-12-09,85124C,SIM-DC-01,3,53.39,0,0,14,SIM-SUP-03,UNMAPPED,synthetic_demo,GREEN JUICY FRUIT PHOTO FRAME
2011-12-09,85125,SIM-DC-01,3,20.90,0,0,7,SIM-SUP-12,UNMAPPED,synthetic_demo,SMALL ROUND CUT GLASS CANDLESTICK
2011-12-09,85126,SIM-DC-01,1,4.84,0,0,10,SIM-SUP-11,UNMAPPED,synthetic_demo,LARGE ROUND CUTGLASS CANDLESTICK
2011-12-09,85127,SIM-DC-01,3,7.40,0,0,10,SIM-SUP-10,UNMAPPED,synthetic_demo,SMALL SQUARE CUT GLASS CANDLESTICK
2011-12-09,85129A,SIM-DC-01,2,21.66,0,0,5,SIM-SUP-12,UNMAPPED,synthetic_demo,UNKNOWN
2011-12-09,85129B,SIM-DC-01,2,23.25,0,0,5,SIM-SUP-12,UNMAPPED,synthetic_demo,BEADED CRYSTAL HEART GREEN SMALL
2011-12-09,85129C,SIM-DC-01,3,37.52,0,0,10,SIM-SUP-09,UNMAPPED,synthetic_demo,BEADED CRYSTAL HEART BLUE SMALL
2011-12-09,85129D,SIM-DC-01,4,91.56,0,1,7,SIM-SUP-11,UNMAPPED,synthetic_demo,BEADED CRYSTAL HEART PINK SMALL
2011-12-09,85130A,SIM-DC-01,1,18.50,0,0,3,SIM-SUP-03,UNMAPPED,synthetic_demo,BEADED PEARL HEART WHITE LARGE
2011-12-09,85130B,SIM-DC-01,2,14.26,0,0,3,SIM-SUP-10,UNMAPPED,synthetic_demo,BEADED CRYSTAL HEART GREEN LARGE
2011-12-09,85130C,SIM-DC-01,2,40.05,0,0,5,SIM-SUP-09,UNMAPPED,synthetic_demo,BEADED CRYSTAL HEART BLUE LARGE
2011-12-09,85130D,SIM-DC-01,1,21.65,0,0,3,SIM-SUP-09,UNMAPPED,synthetic_demo,BEADED CRYSTAL HEART PINK LARGE
2011-12-09,85131A,SIM-DC-01,3,57.19,0,0,10,SIM-SUP-11,UNMAPPED,synthetic_demo,BEADED PEARL HEART WHITE ON STICK
2011-12-09,85131B,SIM-DC-01,8,87.89,0,1,3,SIM-SUP-05,UNMAPPED,synthetic_demo,BEADED CRYSTAL HEART GREEN ON STICK
2011-12-09,85131C,SIM-DC-01,0,0.00,0,0,5,SIM-SUP-10,UNMAPPED,synthetic_demo,BEADED CRYSTAL HEART BLUE ON STICK
2011-12-09,85131D,SIM-DC-01,10,111.91,1,1,14,SIM-SUP-08,UNMAPPED,synthetic_demo,BEADED CRYSTAL HEART PINK ON STICK
2011-12-09,85132A,SIM-DC-01,2,46.38,0,0,7,SIM-SUP-07,UNMAPPED,synthetic_demo,CHARLIE + LOLA BISCUITS TINS
2011-12-09,85132B,SIM-DC-01,1,3.53,0,0,7,SIM-SUP-10,UNMAPPED,synthetic_demo,CHARLIE AND LOLA TABLE TINS
2011-12-09,85132C,SIM-DC-01,1,23.56,0,0,7,SIM-SUP-01,UNMAPPED,synthetic_demo,CHARLIE AND LOLA FIGURES TINS
2011-12-09,85135A,SIM-DC-01,4,34.29,0,0,3,SIM-SUP-08,UNMAPPED,synthetic_demo,YELLOW DRAGONFLY HELICOPTER
2011-12-09,85135B,SIM-DC-01,3,19.58,0,0,7,SIM-SUP-05,UNMAPPED,synthetic_demo,UNKNOWN
2011-12-09,85135C,SIM-DC-01,8,50.77,0,0,5,SIM-SUP-02,UNMAPPED,synthetic_demo,RED DRAGONFLY HELICOPTER
2011-12-09,85136A,SIM-DC-01,1,21.86,0,0,3,SIM-SUP-04,UNMAPPED,synthetic_demo,YELLOW SHARK HELICOPTER
2011-12-09,85136B,SIM-DC-01,4,94.33,1,1,14,SIM-SUP-01,UNMAPPED,synthetic_demo,BLUE SHARK HELICOPTER
2011-12-09,85136C,SIM-DC-01,12,171.70,0,1,10,SIM-SUP-02,UNMAPPED,synthetic_demo,RED SHARK HELICOPTER
2011-12-09,85141,SIM-DC-01,1,8.19,0,0,5,SIM-SUP-02,UNMAPPED,synthetic_demo,UNKNOWN
2011-12-09,85142,SIM-DC-01,0,0.00,0,0,10,SIM-SUP-07,UNMAPPED,synthetic_demo,JARDIN ETCHED GLASS GINGER JAR
2011-12-09,85144,SIM-DC-01,2,45.02,0,0,14,SIM-SUP-10,UNMAPPED,synthetic_demo,JARDIN ETCHED GLASS CHEESE DISH
2011-12-09,85150,SIM-DC-01,76,745.63,0,6,3,SIM-SUP-11,UNMAPPED,synthetic_demo,LADIES & GENTLEMEN METAL SIGN
2011-12-09,85152,SIM-DC-01,12,194.15,0,1,3,SIM-SUP-02,UNMAPPED,synthetic_demo,HAND OVER THE CHOCOLATE SIGN
2011-12-09,85159A,SIM-DC-01,1,9.22,0,0,3,SIM-SUP-06,UNMAPPED,synthetic_demo,"BLACK TEA,COFFEE,SUGAR JARS"
2011-12-09,85159B,SIM-DC-01,6,15.08,5,0,14,SIM-SUP-08,UNMAPPED,synthetic_demo,"WHITE TEA,COFFEE,SUGAR JARS"
2011-12-09,85160A,SIM-DC-01,2,43.43,0,0,7,SIM-SUP-07,UNMAPPED,synthetic_demo,WHITE BIRD GARDEN DESIGN MUG
2011-12-09,85160B,SIM-DC-01,2,17.63,1,0,5,SIM-SUP-10,UNMAPPED,synthetic_demo,BLACK BIRD GARDEN DESIGN MUG
2011-12-09,85163A,SIM-DC-01,2,6.29,0,0,3,SIM-SUP-11,UNMAPPED,synthetic_demo,WHITE BAROQUE WALL CLOCK
2011-12-09,85163B,SIM-DC-01,6,36.98,2,0,14,SIM-SUP-09,UNMAPPED,synthetic_demo,BLACK BAROQUE WALL CLOCK
2011-12-09,85164B,SIM-DC-01,1,17.35,0,0,3,SIM-SUP-12,UNMAPPED,synthetic_demo,BLACK BAROQUE CUCKOO CLOCK
2011-12-09,85165,SIM-DC-01,1,9.01,0,0,14,SIM-SUP-06,UNMAPPED,synthetic_demo,CANDY PINK FRENCH BOUDOIR CLOCK
2011-12-09,85166B,SIM-DC-01,1,2.95,0,0,3,SIM-SUP-02,UNMAPPED,synthetic_demo,BLACK METAL BAROQUE PHOTO FRAME
2011-12-09,85167B,SIM-DC-01,1,8.34,0,0,5,SIM-SUP-06,UNMAPPED,synthetic_demo,BLACK GRAND BAROQUE PHOTO FRAME
2011-12-09,85168B,SIM-DC-01,1,24.16,0,0,5,SIM-SUP-09,UNMAPPED,synthetic_demo,BLACK BAROQUE CARRIAGE CLOCK
2011-12-09,85169A,SIM-DC-01,8,29.39,0,1,14,SIM-SUP-11,UNMAPPED,synthetic_demo,IVORY LOVE BIRD CANDLE
2011-12-09,85169B,SIM-DC-01,4,22.43,0,1,14,SIM-SUP-04,UNMAPPED,synthetic_demo,BLACK LOVE BIRD CANDLE
2011-12-09,85169C,SIM-DC-01,2,34.23,0,0,7,SIM-SUP-06,UNMAPPED,synthetic_demo,EAU DE NIL LOVE BIRD CANDLE
2011-12-09,85169D,SIM-DC-01,4,20.68,0,0,5,SIM-SUP-04,UNMAPPED,synthetic_demo,PINK LOVE BIRD CANDLE
2011-12-09,85170A,SIM-DC-01,1,9.23,1,0,14,SIM-SUP-04,UNMAPPED,synthetic_demo,UNKNOWN
2011-12-09,85170B,SIM-DC-01,2,48.39,0,0,3,SIM-SUP-01,UNMAPPED,synthetic_demo,SET/6 BLACK BIRD T-LIGHT CANDLES
2011-12-09,85170C,SIM-DC-01,7,17.35,0,1,14,SIM-SUP-11,UNMAPPED,synthetic_demo,SET/6 EAU DE NIL BIRD T-LIGHTS
2011-12-09,85170D,SIM-DC-01,8,132.79,0,1,10,SIM-SUP-07,UNMAPPED,synthetic_demo,SET/6 PINK BIRD T-LIGHT CANDLES
2011-12-09,85172,SIM-DC-01,21,205.67,0,3,10,SIM-SUP-09,UNMAPPED,synthetic_demo,HYACINTH BULB T-LIGHT CANDLES
2011-12-09,85173,SIM-DC-01,9,26.77,0,0,10,SIM-SUP-10,UNMAPPED,synthetic_demo,SET/6 FROG PRINCE T-LIGHT CANDLES
2011-12-09,85174,SIM-DC-01,37,567.54,0,5,14,SIM-SUP-06,UNMAPPED,synthetic_demo,S/4 CACTI CANDLES
2011-12-09,85175,SIM-DC-01,31,721.47,6,2,10,SIM-SUP-02,UNMAPPED,synthetic_demo,UNKNOWN
2011-12-09,85176,SIM-DC-01,15,144.58,0,2,3,SIM-SUP-02,UNMAPPED,synthetic_demo,SEWING SUSAN 21 NEEDLE SET
2011-12-09,85177,SIM-DC-01,5,87.18,0,0,14,SIM-SUP-03,UNMAPPED,synthetic_demo,BASKET OF FLOWERS SEWING KIT
2011-12-09,85178,SIM-DC-01,39,936.54,8,5,14,SIM-SUP-06,UNMAPPED,synthetic_demo,VICTORIAN SEWING KIT
2011-12-09,85179A,SIM-DC-01,23,405.16,0,0,10,SIM-SUP-11,UNMAPPED,synthetic_demo,GREEN BITTY LIGHT CHAIN
2011-12-09,85179B,SIM-DC-01,1,21.72,1,0,7,SIM-SUP-07,UNMAPPED,synthetic_demo,WHITE BITTY LIGHT CHAIN
2011-12-09,85180A,SIM-DC-01,2,34.60,0,0,7,SIM-SUP-12,UNMAPPED,synthetic_demo,RED HEARTS LIGHT CHAIN
2011-12-09,85180B,SIM-DC-01,2,18.83,0,0,7,SIM-SUP-08,UNMAPPED,synthetic_demo,PINK HEARTS LIGHT CHAIN
2011-12-09,85183A,SIM-DC-01,6,99.89,0,1,5,SIM-SUP-12,UNMAPPED,synthetic_demo,CHARLIE & LOLA WASTEPAPER BIN BLUE
2011-12-09,85183B,SIM-DC-01,13,50.90,2,1,10,SIM-SUP-12,UNMAPPED,synthetic_demo,CHARLIE & LOLA WASTEPAPER BIN FLORA
2011-12-09,85184C,SIM-DC-01,13,38.67,4,1,10,SIM-SUP-02,UNMAPPED,synthetic_demo,SET 4 VALENTINE DECOUPAGE HEART BOX
2011-12-09,85184D,SIM-DC-01,1,2.26,0,0,7,SIM-SUP-12,UNMAPPED,synthetic_demo,S/4 BLUE ROUND DECOUPAGE BOXES
2011-12-09,85185B,SIM-DC-01,11,196.99,0,0,14,SIM-SUP-02,UNMAPPED,synthetic_demo,PINK HORSE SOCK PUPPET KIT
2011-12-09,85185D,SIM-DC-01,1,4.02,0,0,7,SIM-SUP-08,UNMAPPED,synthetic_demo,UNKNOWN
2011-12-09,85186A,SIM-DC-01,1,3.79,0,0,14,SIM-SUP-01,UNMAPPED,synthetic_demo,EASTER BUNNY GARLAND OF FLOWERS
2011-12-09,85186C,SIM-DC-01,1,7.71,0,0,7,SIM-SUP-02,UNMAPPED,synthetic_demo,BUNNY EGG GARLAND
2011-12-09,85187,SIM-DC-01,1,21.42,1,0,5,SIM-SUP-04,UNMAPPED,synthetic_demo,S/12 MINI RABBIT EASTER
2011-12-09,85188A,SIM-DC-01,2,19.16,0,0,14,SIM-SUP-06,UNMAPPED,synthetic_demo,GREEN METAL SWINGING BUNNY
2011-12-09,85188B,SIM-DC-01,1,12.87,0,0,14,SIM-SUP-08,UNMAPPED,synthetic_demo,PINK METAL SWINGING BUNNY
2011-12-09,85189,SIM-DC-01,1,8.50,0,0,3,SIM-SUP-11,UNMAPPED,synthetic_demo,HANGING BUTTERFLY EGG
2011-12-09,85194L,SIM-DC-01,3,58.58,0,0,10,SIM-SUP-05,UNMAPPED,synthetic_demo,HANGING SPRING FLOWER EGG LARGE
2011-12-09,85194S,SIM-DC-01,24,412.20,4,3,14,SIM-SUP-03,UNMAPPED,synthetic_demo,HANGING SPRING FLOWER EGG SMALL
2011-12-09,85196,SIM-DC-01,1,7.11,0,0,3,SIM-SUP-03,UNMAPPED,synthetic_demo,UNKNOWN
2011-12-09,85197,SIM-DC-01,2,35.25,0,0,7,SIM-SUP-12,UNMAPPED,synthetic_demo,SET OF 12 MINI BUNNIES IN A BUCKET
2011-12-09,85198,SIM-DC-01,2,36.14,0,0,14,SIM-SUP-06,UNMAPPED,synthetic_demo,ASSORTED FARMYARD ANIMALS IN BUCKET
2011-12-09,85199L,SIM-DC-01,4,20.77,0,0,5,SIM-SUP-04,UNMAPPED,synthetic_demo,LARGE HANGING IVORY & RED WOOD BIRD
2011-12-09,85199S,SIM-DC-01,141,2468.02,0,8,10,SIM-SUP-08,UNMAPPED,synthetic_demo,SMALL HANGING IVORY/RED WOOD BIRD
2011-12-09,85200,SIM-DC-01,1,15.22,0,0,5,SIM-SUP-01,UNMAPPED,synthetic_demo,UNKNOWN
2011-12-09,85202,SIM-DC-01,11,96.30,0,1,7,SIM-SUP-01,UNMAPPED,synthetic_demo,HANGING WOOD AND FELT HEART
2011-12-09,85203,SIM-DC-01,22,139.69,0,2,10,SIM-SUP-07,UNMAPPED,synthetic_demo,HANGING WOOD AND FELT BUTTERFLY
2011-12-09,85204,SIM-DC-01,12,270.41,3,1,5,SIM-SUP-07,UNMAPPED,synthetic_demo,HANGING WOOD AND FELT FLOWER
2011-12-09,85205B,SIM-DC-01,1,2.67,0,0,7,SIM-SUP-07,UNMAPPED,synthetic_demo,PINK FELT EASTER RABBIT GARLAND
2011-12-09,85206A,SIM-DC-01,1,9.51,0,0,3,SIM-SUP-10,UNMAPPED,synthetic_demo,UNKNOWN
2011-12-09,85206B,SIM-DC-01,2,22.58,0,0,14,SIM-SUP-10,UNMAPPED,synthetic_demo,PINK FELT EASTER EGG BASKET
2011-12-09,85208,SIM-DC-01,4,89.80,2,0,14,SIM-SUP-06,UNMAPPED,synthetic_demo,SET/12 FUNKY FELT FLOWER PEG IN BAG
2011-12-09,85211,SIM-DC-01,4,50.39,0,0,14,SIM-SUP-10,UNMAPPED,synthetic_demo,UNKNOWN
2011-12-09,85212,SIM-DC-01,2,45.86,1,0,3,SIM-SUP-09,UNMAPPED,synthetic_demo,MINI PAINTED GARDEN DECORATION
2011-12-09,85213,SIM-DC-01,3,58.80,0,0,14,SIM-SUP-12,UNMAPPED,synthetic_demo,MINI ZINC GARDEN DECORATIONS
2011-12-09,85214,SIM-DC-01,1,18.66,0,0,5,SIM-SUP-06,UNMAPPED,synthetic_demo,UNKNOWN
2011-12-09,85215,SIM-DC-01,1,23.91,1,0,10,SIM-SUP-09,UNMAPPED,synthetic_demo,ASSORTED CHEESE FRIDGE MAGNETS
2011-12-09,85216,SIM-DC-01,4,33.96,0,0,14,SIM-SUP-08,UNMAPPED,synthetic_demo,ASSORTED CAKES FRIDGE MAGNETS
2011-12-09,85217,SIM-DC-01,1,12.25,0,0,7,SIM-SUP-10,UNMAPPED,synthetic_demo,UNKNOWN
2011-12-09,85221,SIM-DC-01,3,34.27,0,0,14,SIM-SUP-10,UNMAPPED,synthetic_demo,ASSORTED COLOUR SILK COIN PURSE
2011-12-09,85222,SIM-DC-01,2,6.42,0,0,10,SIM-SUP-04,UNMAPPED,synthetic_demo,UNKNOWN
2011-12-09,85224,SIM-DC-01,2,22.20,0,0,14,SIM-SUP-10,UNMAPPED,synthetic_demo,ASSORTED COLOUR SILK GLASSES CASE
2011-12-09,85226A,SIM-DC-01,1,16.92,0,0,5,SIM-SUP-04,UNMAPPED,synthetic_demo,UNKNOWN
2011-12-09,85226C,SIM-DC-01,2,14.76,0,0,5,SIM-SUP-08,UNMAPPED,synthetic_demo,BLUE PULL BACK RACING CAR
2011-12-09,85227,SIM-DC-01,26,570.69,0,0,7,SIM-SUP-08,UNMAPPED,synthetic_demo,SET OF 6 3D KIT CARDS FOR KIDS
2011-12-09,85230A,SIM-DC-01,4,65.39,0,0,5,SIM-SUP-11,UNMAPPED,synthetic_demo,OPIUM SCENTED VOTIVE CANDLE
2011-12-09,85230B,SIM-DC-01,9,145.18,3,0,3,SIM-SUP-03,UNMAPPED,synthetic_demo,CINNAMON SCENTED VOTIVE CANDLE
2011-12-09,85230E,SIM-DC-01,2,36.46,0,0,7,SIM-SUP-11,UNMAPPED,synthetic_demo,STRAWBRY SCENTED VOTIVE CANDLE
2011-12-09,85230F,SIM-DC-01,1,2.73,0,0,5,SIM-SUP-05,UNMAPPED,synthetic_demo,JASMINE VOTIVE CANDLE
2011-12-09,85230G,SIM-DC-01,3,34.94,0,0,3,SIM-SUP-02,UNMAPPED,synthetic_demo,ORANGE VOTIVE CANDLE
2011-12-09,85231B,SIM-DC-01,27,278.12,0,1,14,SIM-SUP-04,UNMAPPED,synthetic_demo,CINAMMON SET OF 9 T-LIGHTS
2011-12-09,85231E,SIM-DC-01,4,76.33,0,0,14,SIM-SUP-08,UNMAPPED,synthetic_demo,STRAWBERRY SCENTED SET/9 T-LIGHTS
2011-12-09,85231G,SIM-DC-01,1,17.79,0,0,10,SIM-SUP-09,UNMAPPED,synthetic_demo,amazon
2011-12-09,85231L,SIM-DC-01,3,42.82,1,0,10,SIM-SUP-09,UNMAPPED,synthetic_demo,UNKNOWN
2011-12-09,85232A,SIM-DC-01,2,45.73,0,0,14,SIM-SUP-08,UNMAPPED,synthetic_demo,SET/3 POLKADOT STACKING TINS
2011-12-09,85232B,SIM-DC-01,1,21.79,0,0,7,SIM-SUP-02,UNMAPPED,synthetic_demo,UNKNOWN
2011-12-09,85232D,SIM-DC-01,4,35.30,0,0,3,SIM-SUP-02,UNMAPPED,synthetic_demo,SET/3 DECOUPAGE STACKING TINS
2011-12-09,90000D,SIM-DC-01,2,14.01,0,0,7,SIM-SUP-09,UNMAPPED,synthetic_demo,COPPER/OLIVE GREEN FLOWER NECKLACE
2011-12-09,90002D,SIM-DC-01,3,49.88,0,0,14,SIM-SUP-11,UNMAPPED,synthetic_demo,FLOWER BURST SILVER RING CRYSTAL
2011-12-09,90005A,SIM-DC-01,3,60.40,0,0,14,SIM-SUP-12,UNMAPPED,synthetic_demo,JADE GREEN ENAMEL HAIR COMB
2011-12-09,90010B,SIM-DC-01,1,15.93,0,0,7,SIM-SUP-05,UNMAPPED,synthetic_demo,BLACK/WHITE GLASS/SILVER BRACELET
2011-12-09,90010E,SIM-DC-01,1,20.42,1,0,10,SIM-SUP-08,UNMAPPED,synthetic_demo,AMBER GLASS/SILVER BRACELET
2011-12-09,90013A,SIM-DC-01,1,16.31,0,0,3,SIM-SUP-02,UNMAPPED,synthetic_demo,MIDNIGHT BLUE VINTAGE EARRINGS
2011-12-09,90013B,SIM-DC-01,10,95.91,0,1,14,SIM-SUP-08,UNMAPPED,synthetic_demo,BLACK VINTAGE EARRINGS
2011-12-09,90013C,SIM-DC-01,1,9.60,0,0,3,SIM-SUP-09,UNMAPPED,synthetic_demo,GREEN VINTAGE EARRINGS
2011-12-09,90014A,SIM-DC-01,3,12.74,0,0,10,SIM-SUP-10,UNMAPPED,synthetic_demo,SILVER M.O.P. ORBIT NECKLACE
2011-12-09,90018A,SIM-DC-01,5,13.70,1,1,5,SIM-SUP-02,UNMAPPED,synthetic_demo,SILVER M.O.P ORBIT DROP EARRINGS
2011-12-09,90019A,SIM-DC-01,6,57.32,0,0,14,SIM-SUP-01,UNMAPPED,synthetic_demo,SILVER M.O.P ORBIT BRACELET
2011-12-09,90019C,SIM-DC-01,2,32.34,0,0,14,SIM-SUP-05,UNMAPPED,synthetic_demo,SILVER BLACK ORBIT BRACELET
2011-12-09,90040A,SIM-DC-01,1,20.87,1,0,10,SIM-SUP-01,UNMAPPED,synthetic_demo,MURANO STYLE GLASS BRACELET RED
2011-12-09,90040B,SIM-DC-01,3,8.33,0,0,10,SIM-SUP-12,UNMAPPED,synthetic_demo,MURANO STYLE GLASS BRACELET BLACK
2011-12-09,90042A,SIM-DC-01,0,0.00,0,0,3,SIM-SUP-02,UNMAPPED,synthetic_demo,FRESHWATER PEARL BRACELET GOLD
2011-12-09,90059A,SIM-DC-01,2,24.59,0,0,3,SIM-SUP-12,UNMAPPED,synthetic_demo,DIAMANTE HAIR GRIP PACK/2 CRYSTAL
2011-12-09,90059D,SIM-DC-01,1,11.43,0,0,5,SIM-SUP-04,UNMAPPED,synthetic_demo,DIAMANTE HAIR GRIP PACK/2 PERIDOT
2011-12-09,90062,SIM-DC-01,2,26.95,0,0,7,SIM-SUP-02,UNMAPPED,synthetic_demo,CARNIVAL BRACELET
2011-12-09,90070,SIM-DC-01,0,0.00,0,0,5,SIM-SUP-06,UNMAPPED,synthetic_demo,RUBY GLASS CLUSTER BRACELET
2011-12-09,90071,SIM-DC-01,2,49.47,0,0,10,SIM-SUP-04,UNMAPPED,synthetic_demo,RUBY GLASS CLUSTER EARRINGS
2011-12-09,90073,SIM-DC-01,4,44.22,0,0,14,SIM-SUP-02,UNMAPPED,synthetic_demo,VINTAGE ENAMEL & CRYSTAL EARRINGS
2011-12-09,90081C,SIM-DC-01,1,7.45,1,0,5,SIM-SUP-03,UNMAPPED,synthetic_demo,LILY BROOCH OLIVE COLOUR
2011-12-09,90082D,SIM-DC-01,1,6.14,0,0,3,SIM-SUP-09,UNMAPPED,synthetic_demo,DIAMANTE BOW BROOCH BLACK COLOUR
2011-12-09,90086,SIM-DC-01,11,224.75,0,1,10,SIM-SUP-03,UNMAPPED,synthetic_demo,CRYSTAL FROG PHONE CHARM
2011-12-09,90087,SIM-DC-01,7,66.03,1,1,7,SIM-SUP-08,UNMAPPED,synthetic_demo,CRYSTAL SEA HORSE PHONE CHARM
2011-12-09,90094,SIM-DC-01,3,59.07,0,0,10,SIM-SUP-06,UNMAPPED,synthetic_demo,NECKLACE+BRACELET SET FRUIT SALAD
2011-12-09,90096,SIM-DC-01,1,19.51,0,0,7,SIM-SUP-07,UNMAPPED,synthetic_demo,NECKLACE+BRACELET SET BLUE BLOSSOM
2011-12-09,90098,SIM-DC-01,4,39.52,0,0,7,SIM-SUP-12,UNMAPPED,synthetic_demo,NECKLACE+BRACELET PINK BUTTERFLY
2011-12-09,90104,SIM-DC-01,1,7.55,0,0,7,SIM-SUP-11,UNMAPPED,synthetic_demo,UNKNOWN
2011-12-09,90114,SIM-DC-01,9,105.79,0,1,10,SIM-SUP-06,UNMAPPED,synthetic_demo,SUMMER DAISIES BAG CHARM
2011-12-09,90115,SIM-DC-01,1,7.24,0,0,7,SIM-SUP-11,UNMAPPED,synthetic_demo,SUMMER BUTTERFLIES BAG CHARM
2011-12-09,90116,SIM-DC-01,2,28.17,0,0,7,SIM-SUP-09,UNMAPPED,synthetic_demo,FRUIT SALAD BAG CHARM
2011-12-09,90119,SIM-DC-01,13,49.13,0,1,14,SIM-SUP-09,UNMAPPED,synthetic_demo,METALIC LEAVES BAG CHARMS
2011-12-09,90120A,SIM-DC-01,1,10.39,0,0,14,SIM-SUP-11,UNMAPPED,synthetic_demo,PINK MURANO TWIST BRACELET
2011-12-09,90120B,SIM-DC-01,2,16.53,0,0,5,SIM-SUP-03,UNMAPPED,synthetic_demo,BLUE MURANO TWIST BRACELET
2011-12-09,90120C,SIM-DC-01,3,33.33,0,0,7,SIM-SUP-12,UNMAPPED,synthetic_demo,GREEN MURANO TWIST BRACELET
2011-12-09,90120D,SIM-DC-01,2,32.58,0,0,7,SIM-SUP-12,UNMAPPED,synthetic_demo,WHITE MURANO TWIST BRACELET
2011-12-09,90125D,SIM-DC-01,4,34.35,0,0,14,SIM-SUP-06,UNMAPPED,synthetic_demo,PURPLE BERTIE GLASS BEAD BAG CHARM
2011-12-09,90129A,SIM-DC-01,1,20.32,0,0,7,SIM-SUP-12,UNMAPPED,synthetic_demo,PINK GLASS TASSLE BAG CHARM
2011-12-09,90129B,SIM-DC-01,6,118.36,0,0,14,SIM-SUP-07,UNMAPPED,synthetic_demo,TURQUOISE GLASS TASSLE BAG CHARM
2011-12-09,90129C,SIM-DC-01,2,45.52,0,0,10,SIM-SUP-12,UNMAPPED,synthetic_demo,GREEN GLASS TASSLE BAG CHARM
2011-12-09,90129D,SIM-DC-01,3,73.44,1,0,14,SIM-SUP-02,UNMAPPED,synthetic_demo,AMBER GLASS TASSLE BAG CHARM
2011-12-09,90129E,SIM-DC-01,2,40.47,0,0,7,SIM-SUP-11,UNMAPPED,synthetic_demo,PURPLE GLASS TASSLE BAG CHARM
2011-12-09,90129F,SIM-DC-01,1,2.53,0,0,5,SIM-SUP-09,UNMAPPED,synthetic_demo,RED GLASS TASSLE BAG CHARM
2011-12-09,90130B,SIM-DC-01,2,25.43,0,0,5,SIM-SUP-07,UNMAPPED,synthetic_demo,TURQ STONE/CRYSTAL EARRINGS
2011-12-09,90134,SIM-DC-01,4,45.36,0,0,5,SIM-SUP-08,UNMAPPED,synthetic_demo,OLD ROSE COMBO BEAD NECKLACE
2011-12-09,90143,SIM-DC-01,1,22.89,0,0,3,SIM-SUP-11,UNMAPPED,synthetic_demo,SILVER BRACELET W PASTEL FLOWER
2011-12-09,90144,SIM-DC-01,3,64.75,0,0,14,SIM-SUP-12,UNMAPPED,synthetic_demo,SILVER DROP EARRINGS WITH FLOWER
2011-12-09,90145,SIM-DC-01,6,84.99,1,0,14,SIM-SUP-08,UNMAPPED,synthetic_demo,SILVER HOOP EARRINGS WITH FLOWER
2011-12-09,90147,SIM-DC-01,3,46.04,0,0,3,SIM-SUP-02,UNMAPPED,synthetic_demo,CHUNKY SILVER NECKLACE PASTEL FLOWE
2011-12-09,90158,SIM-DC-01,4,47.40,0,0,7,SIM-SUP-09,UNMAPPED,synthetic_demo,ST TROPEZ NECKLACE
2011-12-09,90160C,SIM-DC-01,3,18.05,0,0,5,SIM-SUP-10,UNMAPPED,synthetic_demo,TURQ+RED BOUDICCA LARGE BRACELET
2011-12-09,90161A,SIM-DC-01,1,23.94,0,0,5,SIM-SUP-06,UNMAPPED,synthetic_demo,ANT COPPER RED BOUDICCA BRACELET
2011-12-09,90161B,SIM-DC-01,1,21.55,0,0,3,SIM-SUP-04,UNMAPPED,synthetic_demo,ANT COPPER TURQ BOUDICCA BRACELET
2011-12-09,90161C,SIM-DC-01,3,9.95,4,0,14,SIM-SUP-04,UNMAPPED,synthetic_demo,ANT COPPER LIME BOUDICCA BRACELET
2011-12-09,90161D,SIM-DC-01,3,45.55,1,0,7,SIM-SUP-07,UNMAPPED,synthetic_demo,ANT COPPER PINK BOUDICCA BRACELET
2011-12-09,90164B,SIM-DC-01,3,34.18,0,0,3,SIM-SUP-01,UNMAPPED,synthetic_demo,WHITE ROSEBUD PEARL BRACELET
2011-12-09,90167,SIM-DC-01,1,8.75,0,0,5,SIM-SUP-06,UNMAPPED,synthetic_demo,UNKNOWN
2011-12-09,90170,SIM-DC-01,5,114.82,0,0,7,SIM-SUP-10,UNMAPPED,synthetic_demo,DAISY HAIR BAND
2011-12-09,90173,SIM-DC-01,1,14.09,0,0,10,SIM-SUP-07,UNMAPPED,synthetic_demo,PAIR BUTTERFLY HAIR CLIPS
2011-12-09,90175A,SIM-DC-01,1,6.51,0,0,5,SIM-SUP-12,UNMAPPED,synthetic_demo,WHITE GLASS CHUNKY CHARM BRACELET
2011-12-09,90175D,SIM-DC-01,3,30.81,0,0,5,SIM-SUP-12,UNMAPPED,synthetic_demo,TIGRIS EYE CHUNKY CHARM BRACELET
2011-12-09,90184B,SIM-DC-01,5,87.03,0,0,7,SIM-SUP-12,UNMAPPED,synthetic_demo,AMETHYST CHUNKY BEAD BRACELET W STR
2011-12-09,90184C,SIM-DC-01,1,12.59,0,0,3,SIM-SUP-10,UNMAPPED,synthetic_demo,BLACK CHUNKY BEAD BRACELET W STRAP
2011-12-09,90185D,SIM-DC-01,1,7.72,0,0,7,SIM-SUP-04,UNMAPPED,synthetic_demo,CRYSTAL DIAMANTE EXPANDABLE RING
2011-12-09,90186A,SIM-DC-01,1,10.24,0,0,7,SIM-SUP-11,UNMAPPED,synthetic_demo,AMETHYST HOOP EARRING FLORAL LEAF
2011-12-09,90192,SIM-DC-01,2,22.63,0,0,5,SIM-SUP-02,UNMAPPED,synthetic_demo,JADE DROP EARRINGS W FILIGREE
2011-12-09,90195A,SIM-DC-01,1,7.12,0,0,5,SIM-SUP-04,UNMAPPED,synthetic_demo,PURPLE GEMSTONE BRACELET
2011-12-09,90197B,SIM-DC-01,8,68.70,2,1,14,SIM-SUP-06,UNMAPPED,synthetic_demo,BLACK GLASS BRACELET W HEART CHARMS
2011-12-09,90198A,SIM-DC-01,3,58.44,0,0,3,SIM-SUP-06,UNMAPPED,synthetic_demo,VINTAGE ROSE BEAD BRACELET RASPBERR
2011-12-09,90198B,SIM-DC-01,2,48.20,0,0,3,SIM-SUP-07,UNMAPPED,synthetic_demo,VINTAGE ROSE BEAD BRACELET BLACK
2011-12-09,90200A,SIM-DC-01,6,115.59,3,1,14,SIM-SUP-12,UNMAPPED,synthetic_demo,PURPLE SWEETHEART BRACELET
2011-12-09,90200B,SIM-DC-01,2,26.94,0,0,3,SIM-SUP-11,UNMAPPED,synthetic_demo,BLACK SWEETHEART BRACELET
2011-12-09,90200C,SIM-DC-01,1,20.34,0,0,10,SIM-SUP-05,UNMAPPED,synthetic_demo,BLUE SWEETHEART BRACELET
2011-12-09,90200D,SIM-DC-01,7,136.52,3,0,14,SIM-SUP-04,UNMAPPED,synthetic_demo,PINK SWEETHEART BRACELET
2011-12-09,90200E,SIM-DC-01,3,42.62,0,0,5,SIM-SUP-04,UNMAPPED,synthetic_demo,GREEN SWEETHEART BRACELET
2011-12-09,90201A,SIM-DC-01,1,3.01,0,0,14,SIM-SUP-06,UNMAPPED,synthetic_demo,PURPLE ENAMEL FLOWER RING
2011-12-09,90201B,SIM-DC-01,5,15.39,0,0,14,SIM-SUP-01,UNMAPPED,synthetic_demo,BLACK ENAMEL FLOWER RING
2011-12-09,90201C,SIM-DC-01,2,37.14,1,0,14,SIM-SUP-10,UNMAPPED,synthetic_demo,RED ENAMEL FLOWER RING
2011-12-09,90201D,SIM-DC-01,4,93.85,0,0,14,SIM-SUP-06,UNMAPPED,synthetic_demo,GREEN ENAMEL FLOWER RING
2011-12-09,90203,SIM-DC-01,1,5.56,0,0,3,SIM-SUP-12,UNMAPPED,synthetic_demo,UNKNOWN
2011-12-09,90204,SIM-DC-01,3,58.68,0,0,10,SIM-SUP-03,UNMAPPED,synthetic_demo,PAIR OF ENAMEL BUTTERFLY HAIRCLIP
2011-12-09,90206C,SIM-DC-01,3,30.53,1,0,5,SIM-SUP-01,UNMAPPED,synthetic_demo,CRYSTAL DIAMANTE STAR BROOCH
2011-12-09,90208,SIM-DC-01,4,12.37,0,0,7,SIM-SUP-08,UNMAPPED,synthetic_demo,PAIR OF PINK FLOWER CLUSTER SLIDE
2011-12-09,90209B,SIM-DC-01,3,64.89,0,0,10,SIM-SUP-05,UNMAPPED,synthetic_demo,UNKNOWN
2011-12-09,90209C,SIM-DC-01,3,39.57,0,0,10,SIM-SUP-11,UNMAPPED,synthetic_demo,PINK ENAMEL+GLASS HAIR COMB
2011-12-09,90214A,SIM-DC-01,4,99.44,0,0,5,SIM-SUP-06,UNMAPPED,synthetic_demo,"LETTER ""A"" BLING KEY RING"
2011-12-09,90214B,SIM-DC-01,2,44.79,0,0,10,SIM-SUP-10,UNMAPPED,synthetic_demo,"LETTER ""B"" BLING KEY RING"
2011-12-09,90214C,SIM-DC-01,2,21.40,1,0,5,SIM-SUP-07,UNMAPPED,synthetic_demo,"LETTER ""C"" BLING KEY RING"
2011-12-09,90214D,SIM-DC-01,7,107.62,1,0,10,SIM-SUP-02,UNMAPPED,synthetic_demo,"LETTER ""D"" BLING KEY RING"
2011-12-09,90214E,SIM-DC-01,6,20.94,2,1,14,SIM-SUP-11,UNMAPPED,synthetic_demo,"LETTER ""E"" BLING KEY RING"
2011-12-09,90214G,SIM-DC-01,2,9.17,0,0,3,SIM-SUP-12,UNMAPPED,synthetic_demo,"LETTER ""G"" BLING KEY RING"
2011-12-09,90214H,SIM-DC-01,2,10.34,0,0,10,SIM-SUP-12,UNMAPPED,synthetic_demo,"LETTER ""H"" BLING KEY RING"
2011-12-09,90214J,SIM-DC-01,6,139.30,0,0,10,SIM-SUP-03,UNMAPPED,synthetic_demo,"LETTER ""J"" BLING KEY RING"
2011-12-09,90214K,SIM-DC-01,1,23.64,0,0,5,SIM-SUP-07,UNMAPPED,synthetic_demo,"LETTER ""K"" BLING KEY RING"
2011-12-09,90214L,SIM-DC-01,2,6.05,0,0,7,SIM-SUP-01,UNMAPPED,synthetic_demo,"LETTER ""L"" BLING KEY RING"
2011-12-09,90214M,SIM-DC-01,2,23.64,0,0,10,SIM-SUP-09,UNMAPPED,synthetic_demo,"LETTER ""M"" BLING KEY RING"
2011-12-09,90214N,SIM-DC-01,2,42.83,0,0,5,SIM-SUP-10,UNMAPPED,synthetic_demo,"LETTER ""N"" BLING KEY RING"
2011-12-09,90214P,SIM-DC-01,0,0.00,0,0,7,SIM-SUP-12,UNMAPPED,synthetic_demo,"LETTER ""P"" BLING KEY RING"
2011-12-09,90214R,SIM-DC-01,1,24.03,1,0,5,SIM-SUP-11,UNMAPPED,synthetic_demo,"LETTER ""R"" BLING KEY RING"
2011-12-09,90214S,SIM-DC-01,3,49.17,0,0,3,SIM-SUP-11,UNMAPPED,synthetic_demo,"LETTER ""S"" BLING KEY RING"
2011-12-09,C2,SIM-DC-01,8,84.81,0,1,10,SIM-SUP-07,UNMAPPED,synthetic_demo,CARRIAGE
2011-12-09,DOT,SIM-DC-01,15,216.24,1,0,5,SIM-SUP-02,UNMAPPED,synthetic_demo,DOTCOM POSTAGE
2011-12-09,M,SIM-DC-01,31,394.20,0,1,3,SIM-SUP-12,UNMAPPED,synthetic_demo,Manual
2011-12-09,POST,SIM-DC-01,172,3021.78,0,20,5,SIM-SUP-08,UNMAPPED,synthetic_demo,POSTAGE
